The system is: Linux - 6.8.0-138-generic - x86_64
Compiling the CXX compiler identification source file "CMakeCXXCompilerId.cpp" succeeded.
Compiler: /home/shaashwat/miniconda3/bin/x86_64-conda-linux-gnu-c++ 
Build flags: -fvisibility-inlines-hidden;-fmessage-length=0;-march=x86-64-v2;-mtune=haswell;-ftree-vectorize;-fPIC;-fstack-protector-strong;-fno-plt;-O2;-ffunction-sections;-pipe;-isystem;/home/shaashwat/miniconda3/include;;-I/home/shaashwat/miniconda3/targets/x86_64-linux/include;-I/home/shaashwat/miniconda3/targets/x86_64-linux/include/cccl
Id flags:  

The output was:
0


Compilation of the CXX compiler identification source "CMakeCXXCompilerId.cpp" produced "a.out"

The CXX compiler identification is GNU, found in "/home/shaashwat/Desktop/bernasconi-krylov/build/CMakeFiles/3.22.1/CompilerIdCXX/a.out"

Checking whether the CUDA compiler is NVIDIA using "" matched "nvcc: NVIDIA \(R\) Cuda compiler driver":
nvcc: NVIDIA (R) Cuda compiler driver
Copyright (c) 2005-2026 NVIDIA Corporation
Built on Tue_Jun_09_02:43:40_PM_PDT_2026
Cuda compilation tools, release 13.3, V13.3.73
Build cuda_13.3.r13.3/compiler.38244171_0
Compiling the CUDA compiler identification source file "CMakeCUDACompilerId.cu" succeeded.
Compiler: /home/shaashwat/miniconda3/bin/nvcc 
Build flags: 
Id flags: --keep;--keep-dir;tmp -v

The output was:
0
#$ NVCC_PREPEND_FLAGS=" -ccbin=/home/shaashwat/miniconda3/bin/x86_64-conda-linux-gnu-c++"
#$ _NVVM_BRANCH_=nvvm
#$ _SPACE_= 
#$ _CUDART_=cudart
#$ CUDA_ROOT=/home/shaashwat/miniconda3
#$ _HERE_=/home/shaashwat/miniconda3/bin
#$ _THERE_=/home/shaashwat/miniconda3/bin
#$ _TARGET_SIZE_=
#$ _TARGET_DIR_=
#$ _TARGET_DIR_=targets/x86_64-linux
#$ TOP=/home/shaashwat/miniconda3/bin/../targets/x86_64-linux
#$ CICC_PATH=/home/shaashwat/miniconda3/bin/../targets/x86_64-linux/nvvm/bin
#$ NVVMIR_LIBRARY_DIR=/home/shaashwat/miniconda3/bin/../targets/x86_64-linux/nvvm/libdevice
#$ LD_LIBRARY_PATH=/home/shaashwat/miniconda3/bin/../targets/x86_64-linux/lib:
#$ PATH=/home/shaashwat/miniconda3/bin/../targets/x86_64-linux/bin:/home/shaashwat/miniconda3/bin/../targets/x86_64-linux/nvvm/bin:/home/shaashwat/miniconda3/bin/../targets/x86_64-linux/../../bin:/home/shaashwat/miniconda3/bin/../targets/x86_64-linux/../../nvvm/bin:/home/linuxbrew/.linuxbrew/bin:/home/linuxbrew/.linuxbrew/sbin:/home/shaashwat/.local/bin:/home/linuxbrew/.linuxbrew/bin:/home/linuxbrew/.linuxbrew/sbin:/home/shaashwat/miniconda3/bin:/home/shaashwat/miniconda3/condabin:/home/shaashwat/.local/bin:/usr/local/sbin:/usr/local/bin:/usr/sbin:/usr/bin:/sbin:/bin:/usr/games:/usr/local/games:/snap/bin:/snap/bin:/home/shaashwat/.vscode/extensions/ms-python.debugpy-2026.6.0-linux-x64/bundled/scripts/noConfigScripts
#$ INCLUDES="-I/home/shaashwat/miniconda3/bin/../targets/x86_64-linux/include"  
#$ SYSTEM_INCLUDES="-isystem" "/home/shaashwat/miniconda3/bin/../targets/x86_64-linux/include/cccl"  
#$ LIBRARIES=  "-L/home/shaashwat/miniconda3/bin/../targets/x86_64-linux/lib/stubs" "-L/home/shaashwat/miniconda3/bin/../targets/x86_64-linux/lib"
#$ CUDAFE_FLAGS=
#$ PTXAS_FLAGS=
#$ rm tmp/a_dlink.reg.c
#$ "/home/shaashwat/miniconda3/bin"/x86_64-conda-linux-gnu-c++ -D__CUDA_ARCH_LIST__=750 -E -x c++ -D__CUDACC__ -D__NVCC__  "-I/home/shaashwat/miniconda3/bin/../targets/x86_64-linux/include"   "-isystem" "/home/shaashwat/miniconda3/bin/../targets/x86_64-linux/include/cccl"    -D__CUDACC_VER_MAJOR__=13 -D__CUDACC_VER_MINOR__=3 -D__CUDACC_VER_BUILD__=73 -D__CUDA_API_VER_MAJOR__=13 -D__CUDA_API_VER_MINOR__=3 -D__NVCC_DIAG_PRAGMA_SUPPORT__=1 -D__CUDACC_DEVICE_ATOMIC_BUILTINS__=1 -include "cuda_runtime.h" -m64 "CMakeCUDACompilerId.cu" -o "tmp/CMakeCUDACompilerId.cpp4.ii" 
#$ cudafe++ --c++17 --static-host-stub --device-hidden-visibility --gnu_version=150200 --display_error_number --orig_src_file_name "CMakeCUDACompilerId.cu" --orig_src_path_name "/home/shaashwat/Desktop/bernasconi-krylov/build/CMakeFiles/3.22.1/CompilerIdCUDA/CMakeCUDACompilerId.cu" --allow_managed  --m64 --parse_templates --gen_c_file_name "tmp/CMakeCUDACompilerId.cudafe1.cpp" --stub_file_name "CMakeCUDACompilerId.cudafe1.stub.c" --gen_module_id_file --module_id_file_name "tmp/CMakeCUDACompilerId.module_id" --simt-only "tmp/CMakeCUDACompilerId.cpp4.ii" 
#$ "/home/shaashwat/miniconda3/bin"/x86_64-conda-linux-gnu-c++ -D__CUDA_ARCH__=750 -D__CUDA_ARCH_LIST__=750 -E -x c++  -DCUDA_DOUBLE_MATH_FUNCTIONS -D__CUDACC__ -D__NVCC__  "-I/home/shaashwat/miniconda3/bin/../targets/x86_64-linux/include"   "-isystem" "/home/shaashwat/miniconda3/bin/../targets/x86_64-linux/include/cccl"    -D__CUDACC_VER_MAJOR__=13 -D__CUDACC_VER_MINOR__=3 -D__CUDACC_VER_BUILD__=73 -D__CUDA_API_VER_MAJOR__=13 -D__CUDA_API_VER_MINOR__=3 -D__NVCC_DIAG_PRAGMA_SUPPORT__=1 -D__CUDACC_DEVICE_ATOMIC_BUILTINS__=1 -include "cuda_runtime.h" -m64 "CMakeCUDACompilerId.cu" -o "tmp/CMakeCUDACompilerId.cpp1.ii" 
#$ "$CICC_PATH/cicc" --c++17 --static-host-stub --device-hidden-visibility --gnu_version=150200 --display_error_number --orig_src_file_name "CMakeCUDACompilerId.cu" --orig_src_path_name "/home/shaashwat/Desktop/bernasconi-krylov/build/CMakeFiles/3.22.1/CompilerIdCUDA/CMakeCUDACompilerId.cu" --allow_managed   -arch compute_75 -m64 --no-version-ident -ftz=0 -prec_div=1 -prec_sqrt=1 -fmad=1 --include_file_name "CMakeCUDACompilerId.fatbin.c"  -tused --module_id_file_name "tmp/CMakeCUDACompilerId.module_id" --gen_c_file_name "tmp/CMakeCUDACompilerId.cudafe1.c" --stub_file_name "tmp/CMakeCUDACompilerId.cudafe1.stub.c" --gen_device_file_name "tmp/CMakeCUDACompilerId.cudafe1.gpu"  "tmp/CMakeCUDACompilerId.cpp1.ii" --simt-only -o "tmp/CMakeCUDACompilerId.ptx"
#$ ptxas -arch=sm_75 -m64  "tmp/CMakeCUDACompilerId.ptx"  -o "tmp/CMakeCUDACompilerId.sm_75.cubin" 
#$ fatbinary --create="tmp/CMakeCUDACompilerId.fatbin" -64 --cicc-cmdline="-ftz=0 -prec_div=1 -prec_sqrt=1 -fmad=1 " "--image3=kind=elf,sm=75,file=tmp/CMakeCUDACompilerId.sm_75.cubin" "--image3=kind=ptx,sm=75,file=tmp/CMakeCUDACompilerId.ptx" --embedded-fatbin="tmp/CMakeCUDACompilerId.fatbin.c" 
#$ "/home/shaashwat/miniconda3/bin"/x86_64-conda-linux-gnu-c++ -D__CUDA_ARCH__=750 -D__CUDA_ARCH_LIST__=750 -c -x c++  -DCUDA_DOUBLE_MATH_FUNCTIONS -Wno-psabi "-I/home/shaashwat/miniconda3/bin/../targets/x86_64-linux/include"   "-isystem" "/home/shaashwat/miniconda3/bin/../targets/x86_64-linux/include/cccl"   -m64 "tmp/CMakeCUDACompilerId.cudafe1.cpp" -o "tmp/CMakeCUDACompilerId.o" 
#$ nvlink -m64 --arch=sm_75 --register-link-binaries="tmp/a_dlink.reg.c"    "-L/home/shaashwat/miniconda3/bin/../targets/x86_64-linux/lib/stubs" "-L/home/shaashwat/miniconda3/bin/../targets/x86_64-linux/lib" -cpu-arch=X86_64 "tmp/CMakeCUDACompilerId.o"  -lcudadevrt  -o "tmp/a_dlink.sm_75.cubin" --host-ccbin "/home/shaashwat/miniconda3/bin/x86_64-conda-linux-gnu-c++"
#$ fatbinary --create="tmp/a_dlink.fatbin" -64 --cicc-cmdline="-ftz=0 -prec_div=1 -prec_sqrt=1 -fmad=1 " -link "--image3=kind=elf,sm=75,file=tmp/a_dlink.sm_75.cubin" --embedded-fatbin="tmp/a_dlink.fatbin.c" 
#$ "/home/shaashwat/miniconda3/bin"/x86_64-conda-linux-gnu-c++ -D__CUDA_ARCH_LIST__=750 -c -x c++ -DFATBINFILE="\"tmp/a_dlink.fatbin.c\"" -DREGISTERLINKBINARYFILE="\"tmp/a_dlink.reg.c\""  -I. -D__NV_EXTRA_INITIALIZATION= -D__NV_EXTRA_FINALIZATION= -D__CUDA_INCLUDE_COMPILER_INTERNAL_HEADERS__  -Wno-psabi "-I/home/shaashwat/miniconda3/bin/../targets/x86_64-linux/include"   "-isystem" "/home/shaashwat/miniconda3/bin/../targets/x86_64-linux/include/cccl"    -D__CUDACC_VER_MAJOR__=13 -D__CUDACC_VER_MINOR__=3 -D__CUDACC_VER_BUILD__=73 -D__CUDA_API_VER_MAJOR__=13 -D__CUDA_API_VER_MINOR__=3 -D__NVCC_DIAG_PRAGMA_SUPPORT__=1 -D__CUDACC_DEVICE_ATOMIC_BUILTINS__=1 -m64 "/home/shaashwat/miniconda3/bin/crt/link.stub" -o "tmp/a_dlink.o" 
#$ "/home/shaashwat/miniconda3/bin"/x86_64-conda-linux-gnu-c++ -D__CUDA_ARCH_LIST__=750 -m64 -Wl,--start-group "tmp/a_dlink.o" "tmp/CMakeCUDACompilerId.o"   "-L/home/shaashwat/miniconda3/bin/../targets/x86_64-linux/lib/stubs" "-L/home/shaashwat/miniconda3/bin/../targets/x86_64-linux/lib"  -lcudadevrt  -lcudart_static  -lrt -lpthread  -ldl  -Wl,--end-group -o "a.out" 


Compilation of the CUDA compiler identification source "CMakeCUDACompilerId.cu" produced "a.out"

The CUDA compiler identification is NVIDIA, found in "/home/shaashwat/Desktop/bernasconi-krylov/build/CMakeFiles/3.22.1/CompilerIdCUDA/a.out"

Parsed CUDA nvcc implicit link information from above output:
  found 'PATH=' string: [/home/shaashwat/miniconda3/bin/../targets/x86_64-linux/bin:/home/shaashwat/miniconda3/bin/../targets/x86_64-linux/nvvm/bin:/home/shaashwat/miniconda3/bin/../targets/x86_64-linux/../../bin:/home/shaashwat/miniconda3/bin/../targets/x86_64-linux/../../nvvm/bin:/home/linuxbrew/.linuxbrew/bin:/home/linuxbrew/.linuxbrew/sbin:/home/shaashwat/.local/bin:/home/linuxbrew/.linuxbrew/bin:/home/linuxbrew/.linuxbrew/sbin:/home/shaashwat/miniconda3/bin:/home/shaashwat/miniconda3/condabin:/home/shaashwat/.local/bin:/usr/local/sbin:/usr/local/bin:/usr/sbin:/usr/bin:/sbin:/bin:/usr/games:/usr/local/games:/snap/bin:/snap/bin:/home/shaashwat/.vscode/extensions/ms-python.debugpy-2026.6.0-linux-x64/bundled/scripts/noConfigScripts]
  found 'LIBRARIES=' string: ["-L/home/shaashwat/miniconda3/bin/../targets/x86_64-linux/lib/stubs" "-L/home/shaashwat/miniconda3/bin/../targets/x86_64-linux/lib"]
  considering line: [#$ rm tmp/a_dlink.reg.c]
  considering line: ["/home/shaashwat/miniconda3/bin"/x86_64-conda-linux-gnu-c++ -D__CUDA_ARCH_LIST__=750 -E -x c++ -D__CUDACC__ -D__NVCC__  "-I/home/shaashwat/miniconda3/bin/../targets/x86_64-linux/include"   "-isystem" "/home/shaashwat/miniconda3/bin/../targets/x86_64-linux/include/cccl"    -D__CUDACC_VER_MAJOR__=13 -D__CUDACC_VER_MINOR__=3 -D__CUDACC_VER_BUILD__=73 -D__CUDA_API_VER_MAJOR__=13 -D__CUDA_API_VER_MINOR__=3 -D__NVCC_DIAG_PRAGMA_SUPPORT__=1 -D__CUDACC_DEVICE_ATOMIC_BUILTINS__=1 -include "cuda_runtime.h" -m64 "CMakeCUDACompilerId.cu" -o "tmp/CMakeCUDACompilerId.cpp4.ii" ]
  considering line: [cudafe++ --c++17 --static-host-stub --device-hidden-visibility --gnu_version=150200 --display_error_number --orig_src_file_name "CMakeCUDACompilerId.cu" --orig_src_path_name "/home/shaashwat/Desktop/bernasconi-krylov/build/CMakeFiles/3.22.1/CompilerIdCUDA/CMakeCUDACompilerId.cu" --allow_managed  --m64 --parse_templates --gen_c_file_name "tmp/CMakeCUDACompilerId.cudafe1.cpp" --stub_file_name "CMakeCUDACompilerId.cudafe1.stub.c" --gen_module_id_file --module_id_file_name "tmp/CMakeCUDACompilerId.module_id" --simt-only "tmp/CMakeCUDACompilerId.cpp4.ii" ]
  considering line: ["/home/shaashwat/miniconda3/bin"/x86_64-conda-linux-gnu-c++ -D__CUDA_ARCH__=750 -D__CUDA_ARCH_LIST__=750 -E -x c++  -DCUDA_DOUBLE_MATH_FUNCTIONS -D__CUDACC__ -D__NVCC__  "-I/home/shaashwat/miniconda3/bin/../targets/x86_64-linux/include"   "-isystem" "/home/shaashwat/miniconda3/bin/../targets/x86_64-linux/include/cccl"    -D__CUDACC_VER_MAJOR__=13 -D__CUDACC_VER_MINOR__=3 -D__CUDACC_VER_BUILD__=73 -D__CUDA_API_VER_MAJOR__=13 -D__CUDA_API_VER_MINOR__=3 -D__NVCC_DIAG_PRAGMA_SUPPORT__=1 -D__CUDACC_DEVICE_ATOMIC_BUILTINS__=1 -include "cuda_runtime.h" -m64 "CMakeCUDACompilerId.cu" -o "tmp/CMakeCUDACompilerId.cpp1.ii" ]
  considering line: ["$CICC_PATH/cicc" --c++17 --static-host-stub --device-hidden-visibility --gnu_version=150200 --display_error_number --orig_src_file_name "CMakeCUDACompilerId.cu" --orig_src_path_name "/home/shaashwat/Desktop/bernasconi-krylov/build/CMakeFiles/3.22.1/CompilerIdCUDA/CMakeCUDACompilerId.cu" --allow_managed   -arch compute_75 -m64 --no-version-ident -ftz=0 -prec_div=1 -prec_sqrt=1 -fmad=1 --include_file_name "CMakeCUDACompilerId.fatbin.c"  -tused --module_id_file_name "tmp/CMakeCUDACompilerId.module_id" --gen_c_file_name "tmp/CMakeCUDACompilerId.cudafe1.c" --stub_file_name "tmp/CMakeCUDACompilerId.cudafe1.stub.c" --gen_device_file_name "tmp/CMakeCUDACompilerId.cudafe1.gpu"  "tmp/CMakeCUDACompilerId.cpp1.ii" --simt-only -o "tmp/CMakeCUDACompilerId.ptx"]
  considering line: [ptxas -arch=sm_75 -m64  "tmp/CMakeCUDACompilerId.ptx"  -o "tmp/CMakeCUDACompilerId.sm_75.cubin" ]
  considering line: [fatbinary --create="tmp/CMakeCUDACompilerId.fatbin" -64 --cicc-cmdline="-ftz=0 -prec_div=1 -prec_sqrt=1 -fmad=1 " "--image3=kind=elf,sm=75,file=tmp/CMakeCUDACompilerId.sm_75.cubin" "--image3=kind=ptx,sm=75,file=tmp/CMakeCUDACompilerId.ptx" --embedded-fatbin="tmp/CMakeCUDACompilerId.fatbin.c" ]
  considering line: ["/home/shaashwat/miniconda3/bin"/x86_64-conda-linux-gnu-c++ -D__CUDA_ARCH__=750 -D__CUDA_ARCH_LIST__=750 -c -x c++  -DCUDA_DOUBLE_MATH_FUNCTIONS -Wno-psabi "-I/home/shaashwat/miniconda3/bin/../targets/x86_64-linux/include"   "-isystem" "/home/shaashwat/miniconda3/bin/../targets/x86_64-linux/include/cccl"   -m64 "tmp/CMakeCUDACompilerId.cudafe1.cpp" -o "tmp/CMakeCUDACompilerId.o" ]
  considering line: [nvlink -m64 --arch=sm_75 --register-link-binaries="tmp/a_dlink.reg.c"    "-L/home/shaashwat/miniconda3/bin/../targets/x86_64-linux/lib/stubs" "-L/home/shaashwat/miniconda3/bin/../targets/x86_64-linux/lib" -cpu-arch=X86_64 "tmp/CMakeCUDACompilerId.o"  -lcudadevrt  -o "tmp/a_dlink.sm_75.cubin" --host-ccbin "/home/shaashwat/miniconda3/bin/x86_64-conda-linux-gnu-c++"]
    ignoring nvlink line
  considering line: [fatbinary --create="tmp/a_dlink.fatbin" -64 --cicc-cmdline="-ftz=0 -prec_div=1 -prec_sqrt=1 -fmad=1 " -link "--image3=kind=elf,sm=75,file=tmp/a_dlink.sm_75.cubin" --embedded-fatbin="tmp/a_dlink.fatbin.c" ]
  considering line: ["/home/shaashwat/miniconda3/bin"/x86_64-conda-linux-gnu-c++ -D__CUDA_ARCH_LIST__=750 -c -x c++ -DFATBINFILE="\"tmp/a_dlink.fatbin.c\"" -DREGISTERLINKBINARYFILE="\"tmp/a_dlink.reg.c\""  -I. -D__NV_EXTRA_INITIALIZATION= -D__NV_EXTRA_FINALIZATION= -D__CUDA_INCLUDE_COMPILER_INTERNAL_HEADERS__  -Wno-psabi "-I/home/shaashwat/miniconda3/bin/../targets/x86_64-linux/include"   "-isystem" "/home/shaashwat/miniconda3/bin/../targets/x86_64-linux/include/cccl"    -D__CUDACC_VER_MAJOR__=13 -D__CUDACC_VER_MINOR__=3 -D__CUDACC_VER_BUILD__=73 -D__CUDA_API_VER_MAJOR__=13 -D__CUDA_API_VER_MINOR__=3 -D__NVCC_DIAG_PRAGMA_SUPPORT__=1 -D__CUDACC_DEVICE_ATOMIC_BUILTINS__=1 -m64 "/home/shaashwat/miniconda3/bin/crt/link.stub" -o "tmp/a_dlink.o" ]
  considering line: ["/home/shaashwat/miniconda3/bin"/x86_64-conda-linux-gnu-c++ -D__CUDA_ARCH_LIST__=750 -m64 -Wl,--start-group "tmp/a_dlink.o" "tmp/CMakeCUDACompilerId.o"   "-L/home/shaashwat/miniconda3/bin/../targets/x86_64-linux/lib/stubs" "-L/home/shaashwat/miniconda3/bin/../targets/x86_64-linux/lib"  -lcudadevrt  -lcudart_static  -lrt -lpthread  -ldl  -Wl,--end-group -o "a.out" ]
    extracted link line: ["/home/shaashwat/miniconda3/bin"/x86_64-conda-linux-gnu-c++ -D__CUDA_ARCH_LIST__=750 -m64 -Wl,--start-group "tmp/a_dlink.o" "tmp/CMakeCUDACompilerId.o"   "-L/home/shaashwat/miniconda3/bin/../targets/x86_64-linux/lib/stubs" "-L/home/shaashwat/miniconda3/bin/../targets/x86_64-linux/lib"  -lcudadevrt  -lcudart_static  -lrt -lpthread  -ldl  -Wl,--end-group -o "a.out" ]
  considering line: []
  extracted link launcher absolute path: [/home/shaashwat/miniconda3/bin/x86_64-conda-linux-gnu-c++]

  link line regex: [^( *|.*[/\])(x86_64-conda-linux-gnu-ld|CMAKE_LINK_STARTFILE-NOTFOUND|([^/\]+-)?ld|collect2)[^/\]*( |$)]
  link line: [cuda-fake-ld "/home/shaashwat/miniconda3/bin"/x86_64-conda-linux-gnu-c++ -D__CUDA_ARCH_LIST__=750 -m64 -Wl,--start-group "tmp/a_dlink.o" "tmp/CMakeCUDACompilerId.o"   "-L/home/shaashwat/miniconda3/bin/../targets/x86_64-linux/lib/stubs" "-L/home/shaashwat/miniconda3/bin/../targets/x86_64-linux/lib"  -lcudadevrt  -lcudart_static  -lrt -lpthread  -ldl  -Wl,--end-group -o "a.out" ]
    arg [cuda-fake-ld] ==> ignore
    arg [/home/shaashwat/miniconda3/bin/x86_64-conda-linux-gnu-c++] ==> ignore
    arg [-D__CUDA_ARCH_LIST__=750] ==> ignore
    arg [-m64] ==> ignore
    arg [-Wl,--start-group] ==> ignore
    arg [tmp/a_dlink.o] ==> ignore
    arg [tmp/CMakeCUDACompilerId.o] ==> ignore
    arg [-L/home/shaashwat/miniconda3/bin/../targets/x86_64-linux/lib/stubs] ==> dir [/home/shaashwat/miniconda3/bin/../targets/x86_64-linux/lib/stubs]
    arg [-L/home/shaashwat/miniconda3/bin/../targets/x86_64-linux/lib] ==> dir [/home/shaashwat/miniconda3/bin/../targets/x86_64-linux/lib]
    arg [-lcudadevrt] ==> lib [cudadevrt]
    arg [-lcudart_static] ==> lib [cudart_static]
    arg [-lrt] ==> lib [rt]
    arg [-lpthread] ==> lib [pthread]
    arg [-ldl] ==> lib [dl]
    arg [-Wl,--end-group] ==> ignore
    arg [-o] ==> ignore
    arg [a.out] ==> ignore
  collapse library dir [/home/shaashwat/miniconda3/bin/../targets/x86_64-linux/lib/stubs] ==> [/home/shaashwat/miniconda3/targets/x86_64-linux/lib/stubs]
  collapse library dir [/home/shaashwat/miniconda3/bin/../targets/x86_64-linux/lib] ==> [/home/shaashwat/miniconda3/targets/x86_64-linux/lib]
  implicit libs: [cudadevrt;cudart_static;rt;pthread;dl]
  implicit objs: []
  implicit dirs: [/home/shaashwat/miniconda3/targets/x86_64-linux/lib/stubs;/home/shaashwat/miniconda3/targets/x86_64-linux/lib]
  implicit fwks: []


Parsed CUDA nvcc include information from above output:
  found 'PATH=' string: [/home/shaashwat/miniconda3/bin/../targets/x86_64-linux/bin:/home/shaashwat/miniconda3/bin/../targets/x86_64-linux/nvvm/bin:/home/shaashwat/miniconda3/bin/../targets/x86_64-linux/../../bin:/home/shaashwat/miniconda3/bin/../targets/x86_64-linux/../../nvvm/bin:/home/linuxbrew/.linuxbrew/bin:/home/linuxbrew/.linuxbrew/sbin:/home/shaashwat/.local/bin:/home/linuxbrew/.linuxbrew/bin:/home/linuxbrew/.linuxbrew/sbin:/home/shaashwat/miniconda3/bin:/home/shaashwat/miniconda3/condabin:/home/shaashwat/.local/bin:/usr/local/sbin:/usr/local/bin:/usr/sbin:/usr/bin:/sbin:/bin:/usr/games:/usr/local/games:/snap/bin:/snap/bin:/home/shaashwat/.vscode/extensions/ms-python.debugpy-2026.6.0-linux-x64/bundled/scripts/noConfigScripts]
  found 'LIBRARIES=' string: ["-L/home/shaashwat/miniconda3/bin/../targets/x86_64-linux/lib/stubs" "-L/home/shaashwat/miniconda3/bin/../targets/x86_64-linux/lib"]
  considering line: [#$ rm tmp/a_dlink.reg.c]
  considering line: ["/home/shaashwat/miniconda3/bin"/x86_64-conda-linux-gnu-c++ -D__CUDA_ARCH_LIST__=750 -E -x c++ -D__CUDACC__ -D__NVCC__  "-I/home/shaashwat/miniconda3/bin/../targets/x86_64-linux/include"   "-isystem" "/home/shaashwat/miniconda3/bin/../targets/x86_64-linux/include/cccl"    -D__CUDACC_VER_MAJOR__=13 -D__CUDACC_VER_MINOR__=3 -D__CUDACC_VER_BUILD__=73 -D__CUDA_API_VER_MAJOR__=13 -D__CUDA_API_VER_MINOR__=3 -D__NVCC_DIAG_PRAGMA_SUPPORT__=1 -D__CUDACC_DEVICE_ATOMIC_BUILTINS__=1 -include "cuda_runtime.h" -m64 "CMakeCUDACompilerId.cu" -o "tmp/CMakeCUDACompilerId.cpp4.ii" ]
  considering line: [cudafe++ --c++17 --static-host-stub --device-hidden-visibility --gnu_version=150200 --display_error_number --orig_src_file_name "CMakeCUDACompilerId.cu" --orig_src_path_name "/home/shaashwat/Desktop/bernasconi-krylov/build/CMakeFiles/3.22.1/CompilerIdCUDA/CMakeCUDACompilerId.cu" --allow_managed  --m64 --parse_templates --gen_c_file_name "tmp/CMakeCUDACompilerId.cudafe1.cpp" --stub_file_name "CMakeCUDACompilerId.cudafe1.stub.c" --gen_module_id_file --module_id_file_name "tmp/CMakeCUDACompilerId.module_id" --simt-only "tmp/CMakeCUDACompilerId.cpp4.ii" ]
  considering line: ["/home/shaashwat/miniconda3/bin"/x86_64-conda-linux-gnu-c++ -D__CUDA_ARCH__=750 -D__CUDA_ARCH_LIST__=750 -E -x c++  -DCUDA_DOUBLE_MATH_FUNCTIONS -D__CUDACC__ -D__NVCC__  "-I/home/shaashwat/miniconda3/bin/../targets/x86_64-linux/include"   "-isystem" "/home/shaashwat/miniconda3/bin/../targets/x86_64-linux/include/cccl"    -D__CUDACC_VER_MAJOR__=13 -D__CUDACC_VER_MINOR__=3 -D__CUDACC_VER_BUILD__=73 -D__CUDA_API_VER_MAJOR__=13 -D__CUDA_API_VER_MINOR__=3 -D__NVCC_DIAG_PRAGMA_SUPPORT__=1 -D__CUDACC_DEVICE_ATOMIC_BUILTINS__=1 -include "cuda_runtime.h" -m64 "CMakeCUDACompilerId.cu" -o "tmp/CMakeCUDACompilerId.cpp1.ii" ]
  considering line: ["$CICC_PATH/cicc" --c++17 --static-host-stub --device-hidden-visibility --gnu_version=150200 --display_error_number --orig_src_file_name "CMakeCUDACompilerId.cu" --orig_src_path_name "/home/shaashwat/Desktop/bernasconi-krylov/build/CMakeFiles/3.22.1/CompilerIdCUDA/CMakeCUDACompilerId.cu" --allow_managed   -arch compute_75 -m64 --no-version-ident -ftz=0 -prec_div=1 -prec_sqrt=1 -fmad=1 --include_file_name "CMakeCUDACompilerId.fatbin.c"  -tused --module_id_file_name "tmp/CMakeCUDACompilerId.module_id" --gen_c_file_name "tmp/CMakeCUDACompilerId.cudafe1.c" --stub_file_name "tmp/CMakeCUDACompilerId.cudafe1.stub.c" --gen_device_file_name "tmp/CMakeCUDACompilerId.cudafe1.gpu"  "tmp/CMakeCUDACompilerId.cpp1.ii" --simt-only -o "tmp/CMakeCUDACompilerId.ptx"]
  considering line: [ptxas -arch=sm_75 -m64  "tmp/CMakeCUDACompilerId.ptx"  -o "tmp/CMakeCUDACompilerId.sm_75.cubin" ]
  considering line: [fatbinary --create="tmp/CMakeCUDACompilerId.fatbin" -64 --cicc-cmdline="-ftz=0 -prec_div=1 -prec_sqrt=1 -fmad=1 " "--image3=kind=elf,sm=75,file=tmp/CMakeCUDACompilerId.sm_75.cubin" "--image3=kind=ptx,sm=75,file=tmp/CMakeCUDACompilerId.ptx" --embedded-fatbin="tmp/CMakeCUDACompilerId.fatbin.c" ]
  considering line: ["/home/shaashwat/miniconda3/bin"/x86_64-conda-linux-gnu-c++ -D__CUDA_ARCH__=750 -D__CUDA_ARCH_LIST__=750 -c -x c++  -DCUDA_DOUBLE_MATH_FUNCTIONS -Wno-psabi "-I/home/shaashwat/miniconda3/bin/../targets/x86_64-linux/include"   "-isystem" "/home/shaashwat/miniconda3/bin/../targets/x86_64-linux/include/cccl"   -m64 "tmp/CMakeCUDACompilerId.cudafe1.cpp" -o "tmp/CMakeCUDACompilerId.o" ]
  considering line: [nvlink -m64 --arch=sm_75 --register-link-binaries="tmp/a_dlink.reg.c"    "-L/home/shaashwat/miniconda3/bin/../targets/x86_64-linux/lib/stubs" "-L/home/shaashwat/miniconda3/bin/../targets/x86_64-linux/lib" -cpu-arch=X86_64 "tmp/CMakeCUDACompilerId.o"  -lcudadevrt  -o "tmp/a_dlink.sm_75.cubin" --host-ccbin "/home/shaashwat/miniconda3/bin/x86_64-conda-linux-gnu-c++"]
    ignoring nvlink line
  considering line: [fatbinary --create="tmp/a_dlink.fatbin" -64 --cicc-cmdline="-ftz=0 -prec_div=1 -prec_sqrt=1 -fmad=1 " -link "--image3=kind=elf,sm=75,file=tmp/a_dlink.sm_75.cubin" --embedded-fatbin="tmp/a_dlink.fatbin.c" ]
  considering line: ["/home/shaashwat/miniconda3/bin"/x86_64-conda-linux-gnu-c++ -D__CUDA_ARCH_LIST__=750 -c -x c++ -DFATBINFILE="\"tmp/a_dlink.fatbin.c\"" -DREGISTERLINKBINARYFILE="\"tmp/a_dlink.reg.c\""  -I. -D__NV_EXTRA_INITIALIZATION= -D__NV_EXTRA_FINALIZATION= -D__CUDA_INCLUDE_COMPILER_INTERNAL_HEADERS__  -Wno-psabi "-I/home/shaashwat/miniconda3/bin/../targets/x86_64-linux/include"   "-isystem" "/home/shaashwat/miniconda3/bin/../targets/x86_64-linux/include/cccl"    -D__CUDACC_VER_MAJOR__=13 -D__CUDACC_VER_MINOR__=3 -D__CUDACC_VER_BUILD__=73 -D__CUDA_API_VER_MAJOR__=13 -D__CUDA_API_VER_MINOR__=3 -D__NVCC_DIAG_PRAGMA_SUPPORT__=1 -D__CUDACC_DEVICE_ATOMIC_BUILTINS__=1 -m64 "/home/shaashwat/miniconda3/bin/crt/link.stub" -o "tmp/a_dlink.o" ]
  considering line: ["/home/shaashwat/miniconda3/bin"/x86_64-conda-linux-gnu-c++ -D__CUDA_ARCH_LIST__=750 -m64 -Wl,--start-group "tmp/a_dlink.o" "tmp/CMakeCUDACompilerId.o"   "-L/home/shaashwat/miniconda3/bin/../targets/x86_64-linux/lib/stubs" "-L/home/shaashwat/miniconda3/bin/../targets/x86_64-linux/lib"  -lcudadevrt  -lcudart_static  -lrt -lpthread  -ldl  -Wl,--end-group -o "a.out" ]
    extracted link line: ["/home/shaashwat/miniconda3/bin"/x86_64-conda-linux-gnu-c++ -D__CUDA_ARCH_LIST__=750 -m64 -Wl,--start-group "tmp/a_dlink.o" "tmp/CMakeCUDACompilerId.o"   "-L/home/shaashwat/miniconda3/bin/../targets/x86_64-linux/lib/stubs" "-L/home/shaashwat/miniconda3/bin/../targets/x86_64-linux/lib"  -lcudadevrt  -lcudart_static  -lrt -lpthread  -ldl  -Wl,--end-group -o "a.out" ]
  considering line: []
  extracted link launcher absolute path: [/home/shaashwat/miniconda3/bin/x86_64-conda-linux-gnu-c++]
  found 'INCLUDES=' string: ["-I/home/shaashwat/miniconda3/bin/../targets/x86_64-linux/include"  ]

  link line regex: [^( *|.*[/\])(x86_64-conda-linux-gnu-ld|CMAKE_LINK_STARTFILE-NOTFOUND|([^/\]+-)?ld|collect2)[^/\]*( |$)]
  link line: [cuda-fake-ld "/home/shaashwat/miniconda3/bin"/x86_64-conda-linux-gnu-c++ -D__CUDA_ARCH_LIST__=750 -m64 -Wl,--start-group "tmp/a_dlink.o" "tmp/CMakeCUDACompilerId.o"   "-L/home/shaashwat/miniconda3/bin/../targets/x86_64-linux/lib/stubs" "-L/home/shaashwat/miniconda3/bin/../targets/x86_64-linux/lib"  -lcudadevrt  -lcudart_static  -lrt -lpthread  -ldl  -Wl,--end-group -o "a.out" ]
    arg [cuda-fake-ld] ==> ignore
    arg [/home/shaashwat/miniconda3/bin/x86_64-conda-linux-gnu-c++] ==> ignore
    arg [-D__CUDA_ARCH_LIST__=750] ==> ignore
    arg [-m64] ==> ignore
    arg [-Wl,--start-group] ==> ignore
    arg [tmp/a_dlink.o] ==> ignore
    arg [tmp/CMakeCUDACompilerId.o] ==> ignore
    arg [-L/home/shaashwat/miniconda3/bin/../targets/x86_64-linux/lib/stubs] ==> dir [/home/shaashwat/miniconda3/bin/../targets/x86_64-linux/lib/stubs]
    arg [-L/home/shaashwat/miniconda3/bin/../targets/x86_64-linux/lib] ==> dir [/home/shaashwat/miniconda3/bin/../targets/x86_64-linux/lib]
    arg [-lcudadevrt] ==> lib [cudadevrt]
    arg [-lcudart_static] ==> lib [cudart_static]
    arg [-lrt] ==> lib [rt]
    arg [-lpthread] ==> lib [pthread]
    arg [-ldl] ==> lib [dl]
    arg [-Wl,--end-group] ==> ignore
    arg [-o] ==> ignore
    arg [a.out] ==> ignore
  collapse library dir [/home/shaashwat/miniconda3/bin/../targets/x86_64-linux/lib/stubs] ==> [/home/shaashwat/miniconda3/targets/x86_64-linux/lib/stubs]
  collapse library dir [/home/shaashwat/miniconda3/bin/../targets/x86_64-linux/lib] ==> [/home/shaashwat/miniconda3/targets/x86_64-linux/lib]
  implicit libs: [cudadevrt;cudart_static;rt;pthread;dl]
  implicit objs: []
  implicit dirs: [/home/shaashwat/miniconda3/targets/x86_64-linux/lib/stubs;/home/shaashwat/miniconda3/targets/x86_64-linux/lib]
  implicit fwks: []


Detecting CXX compiler ABI info compiled with the following output:
Change Dir: /home/shaashwat/Desktop/bernasconi-krylov/build/CMakeFiles/CMakeTmp

Run Build Command(s):/usr/bin/gmake -f Makefile cmTC_921ad/fast && /usr/bin/gmake  -f CMakeFiles/cmTC_921ad.dir/build.make CMakeFiles/cmTC_921ad.dir/build
gmake[1]: Entering directory '/home/shaashwat/Desktop/bernasconi-krylov/build/CMakeFiles/CMakeTmp'
Building CXX object CMakeFiles/cmTC_921ad.dir/CMakeCXXCompilerABI.cpp.o
/home/shaashwat/miniconda3/bin/x86_64-conda-linux-gnu-c++   -fvisibility-inlines-hidden -fmessage-length=0 -march=x86-64-v2 -mtune=haswell -ftree-vectorize -fPIC -fstack-protector-strong -fno-plt -O2 -ffunction-sections -pipe -isystem /home/shaashwat/miniconda3/include  -I/home/shaashwat/miniconda3/targets/x86_64-linux/include -I/home/shaashwat/miniconda3/targets/x86_64-linux/include/cccl    -v -o CMakeFiles/cmTC_921ad.dir/CMakeCXXCompilerABI.cpp.o -c /usr/share/cmake-3.22/Modules/CMakeCXXCompilerABI.cpp
Reading specs from /home/shaashwat/miniconda3/bin/../lib/gcc/x86_64-conda-linux-gnu/15.2.0/specs
Reading specs from /home/shaashwat/miniconda3/bin/../lib/gcc/x86_64-conda-linux-gnu/15.2.0/conda.specs
COLLECT_GCC=/home/shaashwat/miniconda3/bin/x86_64-conda-linux-gnu-c++
Target: x86_64-conda-linux-gnu
Configured with: ../configure --prefix=/home/task_177920891980694/croot/gcc_compilers_1779209350299/_h_env_placehold_placehold_placehold_placehold_placehold_placehold_placehold_placehold_placehold_placehold_placehold_placehold_placehold_placehold_placehold_placehold_placehold_placehold_placeho --with-slibdir=/home/task_177920891980694/croot/gcc_compilers_1779209350299/_h_env_placehold_placehold_placehold_placehold_placehold_placehold_placehold_placehold_placehold_placehold_placehold_placehold_placehold_placehold_placehold_placehold_placehold_placehold_placeho/lib --libdir=/home/task_177920891980694/croot/gcc_compilers_1779209350299/_h_env_placehold_placehold_placehold_placehold_placehold_placehold_placehold_placehold_placehold_placehold_placehold_placehold_placehold_placehold_placehold_placehold_placehold_placehold_placeho/lib --mandir=/home/task_177920891980694/croot/gcc_compilers_1779209350299/_h_env_placehold_placehold_placehold_placehold_placehold_placehold_placehold_placehold_placehold_placehold_placehold_placehold_placehold_placehold_placehold_placehold_placehold_placehold_placeho/man --build=x86_64-conda-linux-gnu --host=x86_64-conda-linux-gnu --target=x86_64-conda-linux-gnu --enable-languages=c,c++,fortran,objc,obj-c++ --enable-__cxa_atexit --disable-libmudflap --enable-libgomp --disable-libssp --enable-libquadmath --enable-libquadmath-support --enable-lto --enable-target-optspace --enable-plugin --enable-gold --disable-nls --disable-multilib --enable-long-long --with-sysroot=/home/task_177920891980694/croot/gcc_compilers_1779209350299/_h_env_placehold_placehold_placehold_placehold_placehold_placehold_placehold_placehold_placehold_placehold_placehold_placehold_placehold_placehold_placehold_placehold_placehold_placehold_placeho/x86_64-conda-linux-gnu/sysroot --with-build-sysroot=/home/task_177920891980694/croot/gcc_compilers_1779209350299/work/cf-compilers/x86_64-conda-linux-gnu/sysroot --with-native-system-header-dir=/usr/include --with-gxx-include-dir=/home/task_177920891980694/croot/gcc_compilers_1779209350299/_h_env_placehold_placehold_placehold_placehold_placehold_placehold_placehold_placehold_placehold_placehold_placehold_placehold_placehold_placehold_placehold_placehold_placehold_placehold_placeho/lib/gcc/x86_64-conda-linux-gnu/15.2.0/include/c++ --enable-libsanitizer --enable-default-pie --enable-threads=posix
Thread model: posix
Supported LTO compression algorithms: zlib
gcc version 15.2.0 (GCC) 
COLLECT_GCC_OPTIONS='-fvisibility-inlines-hidden' '-fmessage-length=0' '-march=x86-64-v2' '-mtune=haswell' '-ftree-vectorize' '-fPIC' '-fstack-protector-strong' '-fno-plt' '-O2' '-ffunction-sections' '-pipe' '-isystem' '/home/shaashwat/miniconda3/include' '-I' '/home/shaashwat/miniconda3/targets/x86_64-linux/include' '-I' '/home/shaashwat/miniconda3/targets/x86_64-linux/include/cccl' '-v' '-o' 'CMakeFiles/cmTC_921ad.dir/CMakeCXXCompilerABI.cpp.o' '-c' '-shared-libgcc' '-dumpdir' 'CMakeFiles/cmTC_921ad.dir/'
 /home/shaashwat/miniconda3/bin/../libexec/gcc/x86_64-conda-linux-gnu/15.2.0/cc1plus -quiet -v -I /home/shaashwat/miniconda3/targets/x86_64-linux/include -I /home/shaashwat/miniconda3/targets/x86_64-linux/include/cccl -iprefix /home/shaashwat/miniconda3/bin/../lib/gcc/x86_64-conda-linux-gnu/15.2.0/ -isysroot /home/shaashwat/miniconda3/bin/../x86_64-conda-linux-gnu/sysroot -D_GNU_SOURCE -isystem /home/shaashwat/miniconda3/include /usr/share/cmake-3.22/Modules/CMakeCXXCompilerABI.cpp -quiet -dumpdir CMakeFiles/cmTC_921ad.dir/ -dumpbase CMakeCXXCompilerABI.cpp.cpp -dumpbase-ext .cpp -march=x86-64-v2 -mtune=haswell -O2 -version -fvisibility-inlines-hidden -fmessage-length=0 -ftree-vectorize -fPIC -fstack-protector-strong -fno-plt -ffunction-sections -idirafter /home/shaashwat/miniconda3/include -o - |
 /home/shaashwat/miniconda3/bin/../lib/gcc/x86_64-conda-linux-gnu/15.2.0/../../../../x86_64-conda-linux-gnu/bin/as -v -I /home/shaashwat/miniconda3/targets/x86_64-linux/include -I /home/shaashwat/miniconda3/targets/x86_64-linux/include/cccl --64 -o CMakeFiles/cmTC_921ad.dir/CMakeCXXCompilerABI.cpp.o
GNU assembler version 2.44 (x86_64-conda-linux-gnu) using BFD version (GNU Binutils) 2.44
GNU C++17 (GCC) version 15.2.0 (x86_64-conda-linux-gnu)
	compiled by GNU C version 15.2.0, GMP version 6.2.1, MPFR version 4.1.0, MPC version 1.2.1, isl version isl-0.24-GMP

GGC heuristics: --param ggc-min-expand=100 --param ggc-min-heapsize=131072
ignoring nonexistent directory "/home/shaashwat/miniconda3/bin/../lib/gcc/x86_64-conda-linux-gnu/15.2.0/../../../../x86_64-conda-linux-gnu/include"
ignoring duplicate directory "/home/shaashwat/miniconda3/bin/../lib/gcc/../../lib/gcc/x86_64-conda-linux-gnu/15.2.0/include/c++"
ignoring duplicate directory "/home/shaashwat/miniconda3/bin/../lib/gcc/../../lib/gcc/x86_64-conda-linux-gnu/15.2.0/include/c++/x86_64-conda-linux-gnu"
ignoring duplicate directory "/home/shaashwat/miniconda3/bin/../lib/gcc/../../lib/gcc/x86_64-conda-linux-gnu/15.2.0/include/c++/backward"
ignoring duplicate directory "/home/shaashwat/miniconda3/bin/../lib/gcc/../../lib/gcc/x86_64-conda-linux-gnu/15.2.0/include"
ignoring nonexistent directory "/home/shaashwat/miniconda3/bin/../x86_64-conda-linux-gnu/sysroot/usr/local/include"
ignoring duplicate directory "/home/shaashwat/miniconda3/bin/../lib/gcc/../../lib/gcc/x86_64-conda-linux-gnu/15.2.0/include-fixed"
ignoring nonexistent directory "/home/shaashwat/miniconda3/bin/../lib/gcc/../../lib/gcc/x86_64-conda-linux-gnu/15.2.0/../../../../x86_64-conda-linux-gnu/include"
ignoring duplicate directory "/home/shaashwat/miniconda3/include"
#include "..." search starts here:
#include <...> search starts here:
 /home/shaashwat/miniconda3/targets/x86_64-linux/include
 /home/shaashwat/miniconda3/targets/x86_64-linux/include/cccl
 /home/shaashwat/miniconda3/include
 /home/shaashwat/miniconda3/bin/../lib/gcc/x86_64-conda-linux-gnu/15.2.0/include/c++
 /home/shaashwat/miniconda3/bin/../lib/gcc/x86_64-conda-linux-gnu/15.2.0/include/c++/x86_64-conda-linux-gnu
 /home/shaashwat/miniconda3/bin/../lib/gcc/x86_64-conda-linux-gnu/15.2.0/include/c++/backward
 /home/shaashwat/miniconda3/bin/../lib/gcc/x86_64-conda-linux-gnu/15.2.0/include
 /home/shaashwat/miniconda3/bin/../lib/gcc/x86_64-conda-linux-gnu/15.2.0/include-fixed
 /home/shaashwat/miniconda3/bin/../x86_64-conda-linux-gnu/sysroot/usr/include
End of search list.
Compiler executable checksum: fd798a7312aa9d5d420e3b730d0de8f5
COMPILER_PATH=/home/shaashwat/miniconda3/bin/../libexec/gcc/x86_64-conda-linux-gnu/15.2.0/:/home/shaashwat/miniconda3/bin/../libexec/gcc/:/home/shaashwat/miniconda3/bin/../lib/gcc/x86_64-conda-linux-gnu/15.2.0/../../../../x86_64-conda-linux-gnu/bin/
LIBRARY_PATH=/home/shaashwat/miniconda3/bin/../lib/gcc/x86_64-conda-linux-gnu/15.2.0/:/home/shaashwat/miniconda3/bin/../lib/gcc/:/home/shaashwat/miniconda3/bin/../lib/gcc/x86_64-conda-linux-gnu/15.2.0/../../../../x86_64-conda-linux-gnu/lib/../lib/:/home/shaashwat/miniconda3/bin/../lib/gcc/x86_64-conda-linux-gnu/15.2.0/../../../../lib/:/home/shaashwat/miniconda3/bin/../x86_64-conda-linux-gnu/sysroot/lib/../lib/:/home/shaashwat/miniconda3/bin/../x86_64-conda-linux-gnu/sysroot/usr/lib/../lib/:/home/shaashwat/miniconda3/bin/../lib/gcc/x86_64-conda-linux-gnu/15.2.0/../../../../x86_64-conda-linux-gnu/lib/:/home/shaashwat/miniconda3/bin/../lib/gcc/x86_64-conda-linux-gnu/15.2.0/../../../:/home/shaashwat/miniconda3/bin/../x86_64-conda-linux-gnu/sysroot/lib/:/home/shaashwat/miniconda3/bin/../x86_64-conda-linux-gnu/sysroot/usr/lib/
COLLECT_GCC_OPTIONS='-fvisibility-inlines-hidden' '-fmessage-length=0' '-march=x86-64-v2' '-mtune=haswell' '-ftree-vectorize' '-fPIC' '-fstack-protector-strong' '-fno-plt' '-O2' '-ffunction-sections' '-pipe' '-isystem' '/home/shaashwat/miniconda3/include' '-I' '/home/shaashwat/miniconda3/targets/x86_64-linux/include' '-I' '/home/shaashwat/miniconda3/targets/x86_64-linux/include/cccl' '-v' '-o' 'CMakeFiles/cmTC_921ad.dir/CMakeCXXCompilerABI.cpp.o' '-c' '-shared-libgcc' '-dumpdir' 'CMakeFiles/cmTC_921ad.dir/CMakeCXXCompilerABI.cpp.'
Linking CXX executable cmTC_921ad
/usr/bin/cmake -E cmake_link_script CMakeFiles/cmTC_921ad.dir/link.txt --verbose=1
/home/shaashwat/miniconda3/bin/x86_64-conda-linux-gnu-c++ -fvisibility-inlines-hidden -fmessage-length=0 -march=x86-64-v2 -mtune=haswell -ftree-vectorize -fPIC -fstack-protector-strong -fno-plt -O2 -ffunction-sections -pipe -isystem /home/shaashwat/miniconda3/include  -I/home/shaashwat/miniconda3/targets/x86_64-linux/include -I/home/shaashwat/miniconda3/targets/x86_64-linux/include/cccl  -Wl,-O2 -Wl,--sort-common -Wl,--as-needed -Wl,-z,relro -Wl,-z,now -Wl,--disable-new-dtags -Wl,--gc-sections -Wl,-rpath,/home/shaashwat/miniconda3/lib -Wl,-rpath-link,/home/shaashwat/miniconda3/lib -L/home/shaashwat/miniconda3/lib  -L/home/shaashwat/miniconda3/targets/x86_64-linux/lib -L/home/shaashwat/miniconda3/targets/x86_64-linux/lib/stubs -v CMakeFiles/cmTC_921ad.dir/CMakeCXXCompilerABI.cpp.o -o cmTC_921ad 
Reading specs from /home/shaashwat/miniconda3/bin/../lib/gcc/x86_64-conda-linux-gnu/15.2.0/specs
Reading specs from /home/shaashwat/miniconda3/bin/../lib/gcc/x86_64-conda-linux-gnu/15.2.0/conda.specs
COLLECT_GCC=/home/shaashwat/miniconda3/bin/x86_64-conda-linux-gnu-c++
COLLECT_LTO_WRAPPER=/home/shaashwat/miniconda3/bin/../libexec/gcc/x86_64-conda-linux-gnu/15.2.0/lto-wrapper
Target: x86_64-conda-linux-gnu
Configured with: ../configure --prefix=/home/task_177920891980694/croot/gcc_compilers_1779209350299/_h_env_placehold_placehold_placehold_placehold_placehold_placehold_placehold_placehold_placehold_placehold_placehold_placehold_placehold_placehold_placehold_placehold_placehold_placehold_placeho --with-slibdir=/home/task_177920891980694/croot/gcc_compilers_1779209350299/_h_env_placehold_placehold_placehold_placehold_placehold_placehold_placehold_placehold_placehold_placehold_placehold_placehold_placehold_placehold_placehold_placehold_placehold_placehold_placeho/lib --libdir=/home/task_177920891980694/croot/gcc_compilers_1779209350299/_h_env_placehold_placehold_placehold_placehold_placehold_placehold_placehold_placehold_placehold_placehold_placehold_placehold_placehold_placehold_placehold_placehold_placehold_placehold_placeho/lib --mandir=/home/task_177920891980694/croot/gcc_compilers_1779209350299/_h_env_placehold_placehold_placehold_placehold_placehold_placehold_placehold_placehold_placehold_placehold_placehold_placehold_placehold_placehold_placehold_placehold_placehold_placehold_placeho/man --build=x86_64-conda-linux-gnu --host=x86_64-conda-linux-gnu --target=x86_64-conda-linux-gnu --enable-languages=c,c++,fortran,objc,obj-c++ --enable-__cxa_atexit --disable-libmudflap --enable-libgomp --disable-libssp --enable-libquadmath --enable-libquadmath-support --enable-lto --enable-target-optspace --enable-plugin --enable-gold --disable-nls --disable-multilib --enable-long-long --with-sysroot=/home/task_177920891980694/croot/gcc_compilers_1779209350299/_h_env_placehold_placehold_placehold_placehold_placehold_placehold_placehold_placehold_placehold_placehold_placehold_placehold_placehold_placehold_placehold_placehold_placehold_placehold_placeho/x86_64-conda-linux-gnu/sysroot --with-build-sysroot=/home/task_177920891980694/croot/gcc_compilers_1779209350299/work/cf-compilers/x86_64-conda-linux-gnu/sysroot --with-native-system-header-dir=/usr/include --with-gxx-include-dir=/home/task_177920891980694/croot/gcc_compilers_1779209350299/_h_env_placehold_placehold_placehold_placehold_placehold_placehold_placehold_placehold_placehold_placehold_placehold_placehold_placehold_placehold_placehold_placehold_placehold_placehold_placeho/lib/gcc/x86_64-conda-linux-gnu/15.2.0/include/c++ --enable-libsanitizer --enable-default-pie --enable-threads=posix
Thread model: posix
Supported LTO compression algorithms: zlib
gcc version 15.2.0 (GCC) 
COMPILER_PATH=/home/shaashwat/miniconda3/bin/../libexec/gcc/x86_64-conda-linux-gnu/15.2.0/:/home/shaashwat/miniconda3/bin/../libexec/gcc/:/home/shaashwat/miniconda3/bin/../lib/gcc/x86_64-conda-linux-gnu/15.2.0/../../../../x86_64-conda-linux-gnu/bin/
LIBRARY_PATH=/home/shaashwat/miniconda3/bin/../lib/gcc/x86_64-conda-linux-gnu/15.2.0/:/home/shaashwat/miniconda3/bin/../lib/gcc/:/home/shaashwat/miniconda3/bin/../lib/gcc/x86_64-conda-linux-gnu/15.2.0/../../../../x86_64-conda-linux-gnu/lib/../lib/:/home/shaashwat/miniconda3/bin/../lib/gcc/x86_64-conda-linux-gnu/15.2.0/../../../../lib/:/home/shaashwat/miniconda3/bin/../x86_64-conda-linux-gnu/sysroot/lib/../lib/:/home/shaashwat/miniconda3/bin/../x86_64-conda-linux-gnu/sysroot/usr/lib/../lib/:/home/shaashwat/miniconda3/bin/../lib/gcc/x86_64-conda-linux-gnu/15.2.0/../../../../x86_64-conda-linux-gnu/lib/:/home/shaashwat/miniconda3/bin/../lib/gcc/x86_64-conda-linux-gnu/15.2.0/../../../:/home/shaashwat/miniconda3/bin/../x86_64-conda-linux-gnu/sysroot/lib/:/home/shaashwat/miniconda3/bin/../x86_64-conda-linux-gnu/sysroot/usr/lib/
COLLECT_GCC_OPTIONS='-fvisibility-inlines-hidden' '-fmessage-length=0' '-march=x86-64-v2' '-mtune=haswell' '-ftree-vectorize' '-fPIC' '-fstack-protector-strong' '-fno-plt' '-O2' '-ffunction-sections' '-pipe' '-isystem' '/home/shaashwat/miniconda3/include' '-I' '/home/shaashwat/miniconda3/targets/x86_64-linux/include' '-I' '/home/shaashwat/miniconda3/targets/x86_64-linux/include/cccl' '-L/home/shaashwat/miniconda3/lib' '-L/home/shaashwat/miniconda3/targets/x86_64-linux/lib' '-L/home/shaashwat/miniconda3/targets/x86_64-linux/lib/stubs' '-v' '-o' 'cmTC_921ad' '-shared-libgcc' '-dumpdir' 'cmTC_921ad.'
 /home/shaashwat/miniconda3/bin/../libexec/gcc/x86_64-conda-linux-gnu/15.2.0/collect2 -disable-new-dtags -plugin /home/shaashwat/miniconda3/bin/../libexec/gcc/x86_64-conda-linux-gnu/15.2.0/liblto_plugin.so -plugin-opt=/home/shaashwat/miniconda3/bin/../libexec/gcc/x86_64-conda-linux-gnu/15.2.0/lto-wrapper -plugin-opt=-fresolution=/tmp/cc2IZ4Gr.res -plugin-opt=-pass-through=-lgcc_s -plugin-opt=-pass-through=-lgcc -plugin-opt=-pass-through=-lc -plugin-opt=-pass-through=-lgcc_s -plugin-opt=-pass-through=-lgcc --sysroot=/home/shaashwat/miniconda3/bin/../x86_64-conda-linux-gnu/sysroot --eh-frame-hdr -m elf_x86_64 -dynamic-linker /lib64/ld-linux-x86-64.so.2 -pie -o cmTC_921ad /home/shaashwat/miniconda3/bin/../x86_64-conda-linux-gnu/sysroot/usr/lib/../lib/Scrt1.o /home/shaashwat/miniconda3/bin/../x86_64-conda-linux-gnu/sysroot/usr/lib/../lib/crti.o /home/shaashwat/miniconda3/bin/../lib/gcc/x86_64-conda-linux-gnu/15.2.0/crtbeginS.o -L/home/shaashwat/miniconda3/lib -L/home/shaashwat/miniconda3/targets/x86_64-linux/lib -L/home/shaashwat/miniconda3/targets/x86_64-linux/lib/stubs -L/home/shaashwat/miniconda3/bin/../lib/gcc/x86_64-conda-linux-gnu/15.2.0 -L/home/shaashwat/miniconda3/bin/../lib/gcc -L/home/shaashwat/miniconda3/bin/../lib/gcc/x86_64-conda-linux-gnu/15.2.0/../../../../x86_64-conda-linux-gnu/lib/../lib -L/home/shaashwat/miniconda3/bin/../lib/gcc/x86_64-conda-linux-gnu/15.2.0/../../../../lib -L/home/shaashwat/miniconda3/bin/../x86_64-conda-linux-gnu/sysroot/lib/../lib -L/home/shaashwat/miniconda3/bin/../x86_64-conda-linux-gnu/sysroot/usr/lib/../lib -L/home/shaashwat/miniconda3/bin/../lib/gcc/x86_64-conda-linux-gnu/15.2.0/../../../../x86_64-conda-linux-gnu/lib -L/home/shaashwat/miniconda3/bin/../lib/gcc/x86_64-conda-linux-gnu/15.2.0/../../.. -L/home/shaashwat/miniconda3/bin/../x86_64-conda-linux-gnu/sysroot/lib -L/home/shaashwat/miniconda3/bin/../x86_64-conda-linux-gnu/sysroot/usr/lib -O2 --sort-common --as-needed -z relro -z now --disable-new-dtags --gc-sections -rpath /home/shaashwat/miniconda3/lib -rpath-link /home/shaashwat/miniconda3/lib CMakeFiles/cmTC_921ad.dir/CMakeCXXCompilerABI.cpp.o -lstdc++ -lm -lgcc_s -lgcc -lc -lgcc_s -lgcc /home/shaashwat/miniconda3/bin/../lib/gcc/x86_64-conda-linux-gnu/15.2.0/crtendS.o /home/shaashwat/miniconda3/bin/../x86_64-conda-linux-gnu/sysroot/usr/lib/../lib/crtn.o -rpath /home/shaashwat/miniconda3/lib -rpath-link /home/shaashwat/miniconda3/lib -L /home/shaashwat/miniconda3/lib/stubs -L /home/shaashwat/miniconda3/lib
COLLECT_GCC_OPTIONS='-fvisibility-inlines-hidden' '-fmessage-length=0' '-march=x86-64-v2' '-mtune=haswell' '-ftree-vectorize' '-fPIC' '-fstack-protector-strong' '-fno-plt' '-O2' '-ffunction-sections' '-pipe' '-isystem' '/home/shaashwat/miniconda3/include' '-I' '/home/shaashwat/miniconda3/targets/x86_64-linux/include' '-I' '/home/shaashwat/miniconda3/targets/x86_64-linux/include/cccl' '-L/home/shaashwat/miniconda3/lib' '-L/home/shaashwat/miniconda3/targets/x86_64-linux/lib' '-L/home/shaashwat/miniconda3/targets/x86_64-linux/lib/stubs' '-v' '-o' 'cmTC_921ad' '-shared-libgcc' '-dumpdir' 'cmTC_921ad.'
gmake[1]: Leaving directory '/home/shaashwat/Desktop/bernasconi-krylov/build/CMakeFiles/CMakeTmp'



Parsed CXX implicit include dir info from above output: rv=done
  found start of include info
  found start of implicit include info
    add: [/home/shaashwat/miniconda3/targets/x86_64-linux/include]
    add: [/home/shaashwat/miniconda3/targets/x86_64-linux/include/cccl]
    add: [/home/shaashwat/miniconda3/include]
    add: [/home/shaashwat/miniconda3/bin/../lib/gcc/x86_64-conda-linux-gnu/15.2.0/include/c++]
    add: [/home/shaashwat/miniconda3/bin/../lib/gcc/x86_64-conda-linux-gnu/15.2.0/include/c++/x86_64-conda-linux-gnu]
    add: [/home/shaashwat/miniconda3/bin/../lib/gcc/x86_64-conda-linux-gnu/15.2.0/include/c++/backward]
    add: [/home/shaashwat/miniconda3/bin/../lib/gcc/x86_64-conda-linux-gnu/15.2.0/include]
    add: [/home/shaashwat/miniconda3/bin/../lib/gcc/x86_64-conda-linux-gnu/15.2.0/include-fixed]
    add: [/home/shaashwat/miniconda3/bin/../x86_64-conda-linux-gnu/sysroot/usr/include]
  end of search list found
  collapse include dir [/home/shaashwat/miniconda3/targets/x86_64-linux/include] ==> [/home/shaashwat/miniconda3/targets/x86_64-linux/include]
  collapse include dir [/home/shaashwat/miniconda3/targets/x86_64-linux/include/cccl] ==> [/home/shaashwat/miniconda3/targets/x86_64-linux/include/cccl]
  collapse include dir [/home/shaashwat/miniconda3/include] ==> [/home/shaashwat/miniconda3/include]
  collapse include dir [/home/shaashwat/miniconda3/bin/../lib/gcc/x86_64-conda-linux-gnu/15.2.0/include/c++] ==> [/home/shaashwat/miniconda3/lib/gcc/x86_64-conda-linux-gnu/15.2.0/include/c++]
  collapse include dir [/home/shaashwat/miniconda3/bin/../lib/gcc/x86_64-conda-linux-gnu/15.2.0/include/c++/x86_64-conda-linux-gnu] ==> [/home/shaashwat/miniconda3/lib/gcc/x86_64-conda-linux-gnu/15.2.0/include/c++/x86_64-conda-linux-gnu]
  collapse include dir [/home/shaashwat/miniconda3/bin/../lib/gcc/x86_64-conda-linux-gnu/15.2.0/include/c++/backward] ==> [/home/shaashwat/miniconda3/lib/gcc/x86_64-conda-linux-gnu/15.2.0/include/c++/backward]
  collapse include dir [/home/shaashwat/miniconda3/bin/../lib/gcc/x86_64-conda-linux-gnu/15.2.0/include] ==> [/home/shaashwat/miniconda3/lib/gcc/x86_64-conda-linux-gnu/15.2.0/include]
  collapse include dir [/home/shaashwat/miniconda3/bin/../lib/gcc/x86_64-conda-linux-gnu/15.2.0/include-fixed] ==> [/home/shaashwat/miniconda3/lib/gcc/x86_64-conda-linux-gnu/15.2.0/include-fixed]
  collapse include dir [/home/shaashwat/miniconda3/bin/../x86_64-conda-linux-gnu/sysroot/usr/include] ==> [/home/shaashwat/miniconda3/x86_64-conda-linux-gnu/sysroot/usr/include]
  implicit include dirs: [/home/shaashwat/miniconda3/targets/x86_64-linux/include;/home/shaashwat/miniconda3/targets/x86_64-linux/include/cccl;/home/shaashwat/miniconda3/include;/home/shaashwat/miniconda3/lib/gcc/x86_64-conda-linux-gnu/15.2.0/include/c++;/home/shaashwat/miniconda3/lib/gcc/x86_64-conda-linux-gnu/15.2.0/include/c++/x86_64-conda-linux-gnu;/home/shaashwat/miniconda3/lib/gcc/x86_64-conda-linux-gnu/15.2.0/include/c++/backward;/home/shaashwat/miniconda3/lib/gcc/x86_64-conda-linux-gnu/15.2.0/include;/home/shaashwat/miniconda3/lib/gcc/x86_64-conda-linux-gnu/15.2.0/include-fixed;/home/shaashwat/miniconda3/x86_64-conda-linux-gnu/sysroot/usr/include]


Parsed CXX implicit link information from above output:
  link line regex: [^( *|.*[/\])(x86_64-conda-linux-gnu-ld|CMAKE_LINK_STARTFILE-NOTFOUND|([^/\]+-)?ld|collect2)[^/\]*( |$)]
  ignore line: [Change Dir: /home/shaashwat/Desktop/bernasconi-krylov/build/CMakeFiles/CMakeTmp]
  ignore line: []
  ignore line: [Run Build Command(s):/usr/bin/gmake -f Makefile cmTC_921ad/fast && /usr/bin/gmake  -f CMakeFiles/cmTC_921ad.dir/build.make CMakeFiles/cmTC_921ad.dir/build]
  ignore line: [gmake[1]: Entering directory '/home/shaashwat/Desktop/bernasconi-krylov/build/CMakeFiles/CMakeTmp']
  ignore line: [Building CXX object CMakeFiles/cmTC_921ad.dir/CMakeCXXCompilerABI.cpp.o]
  ignore line: [/home/shaashwat/miniconda3/bin/x86_64-conda-linux-gnu-c++   -fvisibility-inlines-hidden -fmessage-length=0 -march=x86-64-v2 -mtune=haswell -ftree-vectorize -fPIC -fstack-protector-strong -fno-plt -O2 -ffunction-sections -pipe -isystem /home/shaashwat/miniconda3/include  -I/home/shaashwat/miniconda3/targets/x86_64-linux/include -I/home/shaashwat/miniconda3/targets/x86_64-linux/include/cccl    -v -o CMakeFiles/cmTC_921ad.dir/CMakeCXXCompilerABI.cpp.o -c /usr/share/cmake-3.22/Modules/CMakeCXXCompilerABI.cpp]
  ignore line: [Reading specs from /home/shaashwat/miniconda3/bin/../lib/gcc/x86_64-conda-linux-gnu/15.2.0/specs]
  ignore line: [Reading specs from /home/shaashwat/miniconda3/bin/../lib/gcc/x86_64-conda-linux-gnu/15.2.0/conda.specs]
  ignore line: [COLLECT_GCC=/home/shaashwat/miniconda3/bin/x86_64-conda-linux-gnu-c++]
  ignore line: [Target: x86_64-conda-linux-gnu]
  ignore line: [Configured with: ../configure --prefix=/home/task_177920891980694/croot/gcc_compilers_1779209350299/_h_env_placehold_placehold_placehold_placehold_placehold_placehold_placehold_placehold_placehold_placehold_placehold_placehold_placehold_placehold_placehold_placehold_placehold_placehold_placeho --with-slibdir=/home/task_177920891980694/croot/gcc_compilers_1779209350299/_h_env_placehold_placehold_placehold_placehold_placehold_placehold_placehold_placehold_placehold_placehold_placehold_placehold_placehold_placehold_placehold_placehold_placehold_placehold_placeho/lib --libdir=/home/task_177920891980694/croot/gcc_compilers_1779209350299/_h_env_placehold_placehold_placehold_placehold_placehold_placehold_placehold_placehold_placehold_placehold_placehold_placehold_placehold_placehold_placehold_placehold_placehold_placehold_placeho/lib --mandir=/home/task_177920891980694/croot/gcc_compilers_1779209350299/_h_env_placehold_placehold_placehold_placehold_placehold_placehold_placehold_placehold_placehold_placehold_placehold_placehold_placehold_placehold_placehold_placehold_placehold_placehold_placeho/man --build=x86_64-conda-linux-gnu --host=x86_64-conda-linux-gnu --target=x86_64-conda-linux-gnu --enable-languages=c c++ fortran objc obj-c++ --enable-__cxa_atexit --disable-libmudflap --enable-libgomp --disable-libssp --enable-libquadmath --enable-libquadmath-support --enable-lto --enable-target-optspace --enable-plugin --enable-gold --disable-nls --disable-multilib --enable-long-long --with-sysroot=/home/task_177920891980694/croot/gcc_compilers_1779209350299/_h_env_placehold_placehold_placehold_placehold_placehold_placehold_placehold_placehold_placehold_placehold_placehold_placehold_placehold_placehold_placehold_placehold_placehold_placehold_placeho/x86_64-conda-linux-gnu/sysroot --with-build-sysroot=/home/task_177920891980694/croot/gcc_compilers_1779209350299/work/cf-compilers/x86_64-conda-linux-gnu/sysroot --with-native-system-header-dir=/usr/include --with-gxx-include-dir=/home/task_177920891980694/croot/gcc_compilers_1779209350299/_h_env_placehold_placehold_placehold_placehold_placehold_placehold_placehold_placehold_placehold_placehold_placehold_placehold_placehold_placehold_placehold_placehold_placehold_placehold_placeho/lib/gcc/x86_64-conda-linux-gnu/15.2.0/include/c++ --enable-libsanitizer --enable-default-pie --enable-threads=posix]
  ignore line: [Thread model: posix]
  ignore line: [Supported LTO compression algorithms: zlib]
  ignore line: [gcc version 15.2.0 (GCC) ]
  ignore line: [COLLECT_GCC_OPTIONS='-fvisibility-inlines-hidden' '-fmessage-length=0' '-march=x86-64-v2' '-mtune=haswell' '-ftree-vectorize' '-fPIC' '-fstack-protector-strong' '-fno-plt' '-O2' '-ffunction-sections' '-pipe' '-isystem' '/home/shaashwat/miniconda3/include' '-I' '/home/shaashwat/miniconda3/targets/x86_64-linux/include' '-I' '/home/shaashwat/miniconda3/targets/x86_64-linux/include/cccl' '-v' '-o' 'CMakeFiles/cmTC_921ad.dir/CMakeCXXCompilerABI.cpp.o' '-c' '-shared-libgcc' '-dumpdir' 'CMakeFiles/cmTC_921ad.dir/']
  ignore line: [ /home/shaashwat/miniconda3/bin/../libexec/gcc/x86_64-conda-linux-gnu/15.2.0/cc1plus -quiet -v -I /home/shaashwat/miniconda3/targets/x86_64-linux/include -I /home/shaashwat/miniconda3/targets/x86_64-linux/include/cccl -iprefix /home/shaashwat/miniconda3/bin/../lib/gcc/x86_64-conda-linux-gnu/15.2.0/ -isysroot /home/shaashwat/miniconda3/bin/../x86_64-conda-linux-gnu/sysroot -D_GNU_SOURCE -isystem /home/shaashwat/miniconda3/include /usr/share/cmake-3.22/Modules/CMakeCXXCompilerABI.cpp -quiet -dumpdir CMakeFiles/cmTC_921ad.dir/ -dumpbase CMakeCXXCompilerABI.cpp.cpp -dumpbase-ext .cpp -march=x86-64-v2 -mtune=haswell -O2 -version -fvisibility-inlines-hidden -fmessage-length=0 -ftree-vectorize -fPIC -fstack-protector-strong -fno-plt -ffunction-sections -idirafter /home/shaashwat/miniconda3/include -o - |]
  ignore line: [ /home/shaashwat/miniconda3/bin/../lib/gcc/x86_64-conda-linux-gnu/15.2.0/../../../../x86_64-conda-linux-gnu/bin/as -v -I /home/shaashwat/miniconda3/targets/x86_64-linux/include -I /home/shaashwat/miniconda3/targets/x86_64-linux/include/cccl --64 -o CMakeFiles/cmTC_921ad.dir/CMakeCXXCompilerABI.cpp.o]
  ignore line: [GNU assembler version 2.44 (x86_64-conda-linux-gnu) using BFD version (GNU Binutils) 2.44]
  ignore line: [GNU C++17 (GCC) version 15.2.0 (x86_64-conda-linux-gnu)]
  ignore line: [	compiled by GNU C version 15.2.0  GMP version 6.2.1  MPFR version 4.1.0  MPC version 1.2.1  isl version isl-0.24-GMP]
  ignore line: []
  ignore line: [GGC heuristics: --param ggc-min-expand=100 --param ggc-min-heapsize=131072]
  ignore line: [ignoring nonexistent directory "/home/shaashwat/miniconda3/bin/../lib/gcc/x86_64-conda-linux-gnu/15.2.0/../../../../x86_64-conda-linux-gnu/include"]
  ignore line: [ignoring duplicate directory "/home/shaashwat/miniconda3/bin/../lib/gcc/../../lib/gcc/x86_64-conda-linux-gnu/15.2.0/include/c++"]
  ignore line: [ignoring duplicate directory "/home/shaashwat/miniconda3/bin/../lib/gcc/../../lib/gcc/x86_64-conda-linux-gnu/15.2.0/include/c++/x86_64-conda-linux-gnu"]
  ignore line: [ignoring duplicate directory "/home/shaashwat/miniconda3/bin/../lib/gcc/../../lib/gcc/x86_64-conda-linux-gnu/15.2.0/include/c++/backward"]
  ignore line: [ignoring duplicate directory "/home/shaashwat/miniconda3/bin/../lib/gcc/../../lib/gcc/x86_64-conda-linux-gnu/15.2.0/include"]
  ignore line: [ignoring nonexistent directory "/home/shaashwat/miniconda3/bin/../x86_64-conda-linux-gnu/sysroot/usr/local/include"]
  ignore line: [ignoring duplicate directory "/home/shaashwat/miniconda3/bin/../lib/gcc/../../lib/gcc/x86_64-conda-linux-gnu/15.2.0/include-fixed"]
  ignore line: [ignoring nonexistent directory "/home/shaashwat/miniconda3/bin/../lib/gcc/../../lib/gcc/x86_64-conda-linux-gnu/15.2.0/../../../../x86_64-conda-linux-gnu/include"]
  ignore line: [ignoring duplicate directory "/home/shaashwat/miniconda3/include"]
  ignore line: [#include "..." search starts here:]
  ignore line: [#include <...> search starts here:]
  ignore line: [ /home/shaashwat/miniconda3/targets/x86_64-linux/include]
  ignore line: [ /home/shaashwat/miniconda3/targets/x86_64-linux/include/cccl]
  ignore line: [ /home/shaashwat/miniconda3/include]
  ignore line: [ /home/shaashwat/miniconda3/bin/../lib/gcc/x86_64-conda-linux-gnu/15.2.0/include/c++]
  ignore line: [ /home/shaashwat/miniconda3/bin/../lib/gcc/x86_64-conda-linux-gnu/15.2.0/include/c++/x86_64-conda-linux-gnu]
  ignore line: [ /home/shaashwat/miniconda3/bin/../lib/gcc/x86_64-conda-linux-gnu/15.2.0/include/c++/backward]
  ignore line: [ /home/shaashwat/miniconda3/bin/../lib/gcc/x86_64-conda-linux-gnu/15.2.0/include]
  ignore line: [ /home/shaashwat/miniconda3/bin/../lib/gcc/x86_64-conda-linux-gnu/15.2.0/include-fixed]
  ignore line: [ /home/shaashwat/miniconda3/bin/../x86_64-conda-linux-gnu/sysroot/usr/include]
  ignore line: [End of search list.]
  ignore line: [Compiler executable checksum: fd798a7312aa9d5d420e3b730d0de8f5]
  ignore line: [COMPILER_PATH=/home/shaashwat/miniconda3/bin/../libexec/gcc/x86_64-conda-linux-gnu/15.2.0/:/home/shaashwat/miniconda3/bin/../libexec/gcc/:/home/shaashwat/miniconda3/bin/../lib/gcc/x86_64-conda-linux-gnu/15.2.0/../../../../x86_64-conda-linux-gnu/bin/]
  ignore line: [LIBRARY_PATH=/home/shaashwat/miniconda3/bin/../lib/gcc/x86_64-conda-linux-gnu/15.2.0/:/home/shaashwat/miniconda3/bin/../lib/gcc/:/home/shaashwat/miniconda3/bin/../lib/gcc/x86_64-conda-linux-gnu/15.2.0/../../../../x86_64-conda-linux-gnu/lib/../lib/:/home/shaashwat/miniconda3/bin/../lib/gcc/x86_64-conda-linux-gnu/15.2.0/../../../../lib/:/home/shaashwat/miniconda3/bin/../x86_64-conda-linux-gnu/sysroot/lib/../lib/:/home/shaashwat/miniconda3/bin/../x86_64-conda-linux-gnu/sysroot/usr/lib/../lib/:/home/shaashwat/miniconda3/bin/../lib/gcc/x86_64-conda-linux-gnu/15.2.0/../../../../x86_64-conda-linux-gnu/lib/:/home/shaashwat/miniconda3/bin/../lib/gcc/x86_64-conda-linux-gnu/15.2.0/../../../:/home/shaashwat/miniconda3/bin/../x86_64-conda-linux-gnu/sysroot/lib/:/home/shaashwat/miniconda3/bin/../x86_64-conda-linux-gnu/sysroot/usr/lib/]
  ignore line: [COLLECT_GCC_OPTIONS='-fvisibility-inlines-hidden' '-fmessage-length=0' '-march=x86-64-v2' '-mtune=haswell' '-ftree-vectorize' '-fPIC' '-fstack-protector-strong' '-fno-plt' '-O2' '-ffunction-sections' '-pipe' '-isystem' '/home/shaashwat/miniconda3/include' '-I' '/home/shaashwat/miniconda3/targets/x86_64-linux/include' '-I' '/home/shaashwat/miniconda3/targets/x86_64-linux/include/cccl' '-v' '-o' 'CMakeFiles/cmTC_921ad.dir/CMakeCXXCompilerABI.cpp.o' '-c' '-shared-libgcc' '-dumpdir' 'CMakeFiles/cmTC_921ad.dir/CMakeCXXCompilerABI.cpp.']
  ignore line: [Linking CXX executable cmTC_921ad]
  ignore line: [/usr/bin/cmake -E cmake_link_script CMakeFiles/cmTC_921ad.dir/link.txt --verbose=1]
  ignore line: [/home/shaashwat/miniconda3/bin/x86_64-conda-linux-gnu-c++ -fvisibility-inlines-hidden -fmessage-length=0 -march=x86-64-v2 -mtune=haswell -ftree-vectorize -fPIC -fstack-protector-strong -fno-plt -O2 -ffunction-sections -pipe -isystem /home/shaashwat/miniconda3/include  -I/home/shaashwat/miniconda3/targets/x86_64-linux/include -I/home/shaashwat/miniconda3/targets/x86_64-linux/include/cccl  -Wl -O2 -Wl --sort-common -Wl --as-needed -Wl -z relro -Wl -z now -Wl --disable-new-dtags -Wl --gc-sections -Wl -rpath /home/shaashwat/miniconda3/lib -Wl -rpath-link /home/shaashwat/miniconda3/lib -L/home/shaashwat/miniconda3/lib  -L/home/shaashwat/miniconda3/targets/x86_64-linux/lib -L/home/shaashwat/miniconda3/targets/x86_64-linux/lib/stubs -v CMakeFiles/cmTC_921ad.dir/CMakeCXXCompilerABI.cpp.o -o cmTC_921ad ]
  ignore line: [Reading specs from /home/shaashwat/miniconda3/bin/../lib/gcc/x86_64-conda-linux-gnu/15.2.0/specs]
  ignore line: [Reading specs from /home/shaashwat/miniconda3/bin/../lib/gcc/x86_64-conda-linux-gnu/15.2.0/conda.specs]
  ignore line: [COLLECT_GCC=/home/shaashwat/miniconda3/bin/x86_64-conda-linux-gnu-c++]
  ignore line: [COLLECT_LTO_WRAPPER=/home/shaashwat/miniconda3/bin/../libexec/gcc/x86_64-conda-linux-gnu/15.2.0/lto-wrapper]
  ignore line: [Target: x86_64-conda-linux-gnu]
  ignore line: [Configured with: ../configure --prefix=/home/task_177920891980694/croot/gcc_compilers_1779209350299/_h_env_placehold_placehold_placehold_placehold_placehold_placehold_placehold_placehold_placehold_placehold_placehold_placehold_placehold_placehold_placehold_placehold_placehold_placehold_placeho --with-slibdir=/home/task_177920891980694/croot/gcc_compilers_1779209350299/_h_env_placehold_placehold_placehold_placehold_placehold_placehold_placehold_placehold_placehold_placehold_placehold_placehold_placehold_placehold_placehold_placehold_placehold_placehold_placeho/lib --libdir=/home/task_177920891980694/croot/gcc_compilers_1779209350299/_h_env_placehold_placehold_placehold_placehold_placehold_placehold_placehold_placehold_placehold_placehold_placehold_placehold_placehold_placehold_placehold_placehold_placehold_placehold_placeho/lib --mandir=/home/task_177920891980694/croot/gcc_compilers_1779209350299/_h_env_placehold_placehold_placehold_placehold_placehold_placehold_placehold_placehold_placehold_placehold_placehold_placehold_placehold_placehold_placehold_placehold_placehold_placehold_placeho/man --build=x86_64-conda-linux-gnu --host=x86_64-conda-linux-gnu --target=x86_64-conda-linux-gnu --enable-languages=c c++ fortran objc obj-c++ --enable-__cxa_atexit --disable-libmudflap --enable-libgomp --disable-libssp --enable-libquadmath --enable-libquadmath-support --enable-lto --enable-target-optspace --enable-plugin --enable-gold --disable-nls --disable-multilib --enable-long-long --with-sysroot=/home/task_177920891980694/croot/gcc_compilers_1779209350299/_h_env_placehold_placehold_placehold_placehold_placehold_placehold_placehold_placehold_placehold_placehold_placehold_placehold_placehold_placehold_placehold_placehold_placehold_placehold_placeho/x86_64-conda-linux-gnu/sysroot --with-build-sysroot=/home/task_177920891980694/croot/gcc_compilers_1779209350299/work/cf-compilers/x86_64-conda-linux-gnu/sysroot --with-native-system-header-dir=/usr/include --with-gxx-include-dir=/home/task_177920891980694/croot/gcc_compilers_1779209350299/_h_env_placehold_placehold_placehold_placehold_placehold_placehold_placehold_placehold_placehold_placehold_placehold_placehold_placehold_placehold_placehold_placehold_placehold_placehold_placeho/lib/gcc/x86_64-conda-linux-gnu/15.2.0/include/c++ --enable-libsanitizer --enable-default-pie --enable-threads=posix]
  ignore line: [Thread model: posix]
  ignore line: [Supported LTO compression algorithms: zlib]
  ignore line: [gcc version 15.2.0 (GCC) ]
  ignore line: [COMPILER_PATH=/home/shaashwat/miniconda3/bin/../libexec/gcc/x86_64-conda-linux-gnu/15.2.0/:/home/shaashwat/miniconda3/bin/../libexec/gcc/:/home/shaashwat/miniconda3/bin/../lib/gcc/x86_64-conda-linux-gnu/15.2.0/../../../../x86_64-conda-linux-gnu/bin/]
  ignore line: [LIBRARY_PATH=/home/shaashwat/miniconda3/bin/../lib/gcc/x86_64-conda-linux-gnu/15.2.0/:/home/shaashwat/miniconda3/bin/../lib/gcc/:/home/shaashwat/miniconda3/bin/../lib/gcc/x86_64-conda-linux-gnu/15.2.0/../../../../x86_64-conda-linux-gnu/lib/../lib/:/home/shaashwat/miniconda3/bin/../lib/gcc/x86_64-conda-linux-gnu/15.2.0/../../../../lib/:/home/shaashwat/miniconda3/bin/../x86_64-conda-linux-gnu/sysroot/lib/../lib/:/home/shaashwat/miniconda3/bin/../x86_64-conda-linux-gnu/sysroot/usr/lib/../lib/:/home/shaashwat/miniconda3/bin/../lib/gcc/x86_64-conda-linux-gnu/15.2.0/../../../../x86_64-conda-linux-gnu/lib/:/home/shaashwat/miniconda3/bin/../lib/gcc/x86_64-conda-linux-gnu/15.2.0/../../../:/home/shaashwat/miniconda3/bin/../x86_64-conda-linux-gnu/sysroot/lib/:/home/shaashwat/miniconda3/bin/../x86_64-conda-linux-gnu/sysroot/usr/lib/]
  ignore line: [COLLECT_GCC_OPTIONS='-fvisibility-inlines-hidden' '-fmessage-length=0' '-march=x86-64-v2' '-mtune=haswell' '-ftree-vectorize' '-fPIC' '-fstack-protector-strong' '-fno-plt' '-O2' '-ffunction-sections' '-pipe' '-isystem' '/home/shaashwat/miniconda3/include' '-I' '/home/shaashwat/miniconda3/targets/x86_64-linux/include' '-I' '/home/shaashwat/miniconda3/targets/x86_64-linux/include/cccl' '-L/home/shaashwat/miniconda3/lib' '-L/home/shaashwat/miniconda3/targets/x86_64-linux/lib' '-L/home/shaashwat/miniconda3/targets/x86_64-linux/lib/stubs' '-v' '-o' 'cmTC_921ad' '-shared-libgcc' '-dumpdir' 'cmTC_921ad.']
  link line: [ /home/shaashwat/miniconda3/bin/../libexec/gcc/x86_64-conda-linux-gnu/15.2.0/collect2 -disable-new-dtags -plugin /home/shaashwat/miniconda3/bin/../libexec/gcc/x86_64-conda-linux-gnu/15.2.0/liblto_plugin.so -plugin-opt=/home/shaashwat/miniconda3/bin/../libexec/gcc/x86_64-conda-linux-gnu/15.2.0/lto-wrapper -plugin-opt=-fresolution=/tmp/cc2IZ4Gr.res -plugin-opt=-pass-through=-lgcc_s -plugin-opt=-pass-through=-lgcc -plugin-opt=-pass-through=-lc -plugin-opt=-pass-through=-lgcc_s -plugin-opt=-pass-through=-lgcc --sysroot=/home/shaashwat/miniconda3/bin/../x86_64-conda-linux-gnu/sysroot --eh-frame-hdr -m elf_x86_64 -dynamic-linker /lib64/ld-linux-x86-64.so.2 -pie -o cmTC_921ad /home/shaashwat/miniconda3/bin/../x86_64-conda-linux-gnu/sysroot/usr/lib/../lib/Scrt1.o /home/shaashwat/miniconda3/bin/../x86_64-conda-linux-gnu/sysroot/usr/lib/../lib/crti.o /home/shaashwat/miniconda3/bin/../lib/gcc/x86_64-conda-linux-gnu/15.2.0/crtbeginS.o -L/home/shaashwat/miniconda3/lib -L/home/shaashwat/miniconda3/targets/x86_64-linux/lib -L/home/shaashwat/miniconda3/targets/x86_64-linux/lib/stubs -L/home/shaashwat/miniconda3/bin/../lib/gcc/x86_64-conda-linux-gnu/15.2.0 -L/home/shaashwat/miniconda3/bin/../lib/gcc -L/home/shaashwat/miniconda3/bin/../lib/gcc/x86_64-conda-linux-gnu/15.2.0/../../../../x86_64-conda-linux-gnu/lib/../lib -L/home/shaashwat/miniconda3/bin/../lib/gcc/x86_64-conda-linux-gnu/15.2.0/../../../../lib -L/home/shaashwat/miniconda3/bin/../x86_64-conda-linux-gnu/sysroot/lib/../lib -L/home/shaashwat/miniconda3/bin/../x86_64-conda-linux-gnu/sysroot/usr/lib/../lib -L/home/shaashwat/miniconda3/bin/../lib/gcc/x86_64-conda-linux-gnu/15.2.0/../../../../x86_64-conda-linux-gnu/lib -L/home/shaashwat/miniconda3/bin/../lib/gcc/x86_64-conda-linux-gnu/15.2.0/../../.. -L/home/shaashwat/miniconda3/bin/../x86_64-conda-linux-gnu/sysroot/lib -L/home/shaashwat/miniconda3/bin/../x86_64-conda-linux-gnu/sysroot/usr/lib -O2 --sort-common --as-needed -z relro -z now --disable-new-dtags --gc-sections -rpath /home/shaashwat/miniconda3/lib -rpath-link /home/shaashwat/miniconda3/lib CMakeFiles/cmTC_921ad.dir/CMakeCXXCompilerABI.cpp.o -lstdc++ -lm -lgcc_s -lgcc -lc -lgcc_s -lgcc /home/shaashwat/miniconda3/bin/../lib/gcc/x86_64-conda-linux-gnu/15.2.0/crtendS.o /home/shaashwat/miniconda3/bin/../x86_64-conda-linux-gnu/sysroot/usr/lib/../lib/crtn.o -rpath /home/shaashwat/miniconda3/lib -rpath-link /home/shaashwat/miniconda3/lib -L /home/shaashwat/miniconda3/lib/stubs -L /home/shaashwat/miniconda3/lib]
    arg [/home/shaashwat/miniconda3/bin/../libexec/gcc/x86_64-conda-linux-gnu/15.2.0/collect2] ==> ignore
    arg [-disable-new-dtags] ==> ignore
    arg [-plugin] ==> ignore
    arg [/home/shaashwat/miniconda3/bin/../libexec/gcc/x86_64-conda-linux-gnu/15.2.0/liblto_plugin.so] ==> ignore
    arg [-plugin-opt=/home/shaashwat/miniconda3/bin/../libexec/gcc/x86_64-conda-linux-gnu/15.2.0/lto-wrapper] ==> ignore
    arg [-plugin-opt=-fresolution=/tmp/cc2IZ4Gr.res] ==> ignore
    arg [-plugin-opt=-pass-through=-lgcc_s] ==> ignore
    arg [-plugin-opt=-pass-through=-lgcc] ==> ignore
    arg [-plugin-opt=-pass-through=-lc] ==> ignore
    arg [-plugin-opt=-pass-through=-lgcc_s] ==> ignore
    arg [-plugin-opt=-pass-through=-lgcc] ==> ignore
    arg [--sysroot=/home/shaashwat/miniconda3/bin/../x86_64-conda-linux-gnu/sysroot] ==> ignore
    arg [--eh-frame-hdr] ==> ignore
    arg [-m] ==> ignore
    arg [elf_x86_64] ==> ignore
    arg [-dynamic-linker] ==> ignore
    arg [/lib64/ld-linux-x86-64.so.2] ==> ignore
    arg [-pie] ==> ignore
    arg [-o] ==> ignore
    arg [cmTC_921ad] ==> ignore
    arg [/home/shaashwat/miniconda3/bin/../x86_64-conda-linux-gnu/sysroot/usr/lib/../lib/Scrt1.o] ==> obj [/home/shaashwat/miniconda3/bin/../x86_64-conda-linux-gnu/sysroot/usr/lib/../lib/Scrt1.o]
    arg [/home/shaashwat/miniconda3/bin/../x86_64-conda-linux-gnu/sysroot/usr/lib/../lib/crti.o] ==> obj [/home/shaashwat/miniconda3/bin/../x86_64-conda-linux-gnu/sysroot/usr/lib/../lib/crti.o]
    arg [/home/shaashwat/miniconda3/bin/../lib/gcc/x86_64-conda-linux-gnu/15.2.0/crtbeginS.o] ==> obj [/home/shaashwat/miniconda3/bin/../lib/gcc/x86_64-conda-linux-gnu/15.2.0/crtbeginS.o]
    arg [-L/home/shaashwat/miniconda3/lib] ==> dir [/home/shaashwat/miniconda3/lib]
    arg [-L/home/shaashwat/miniconda3/targets/x86_64-linux/lib] ==> dir [/home/shaashwat/miniconda3/targets/x86_64-linux/lib]
    arg [-L/home/shaashwat/miniconda3/targets/x86_64-linux/lib/stubs] ==> dir [/home/shaashwat/miniconda3/targets/x86_64-linux/lib/stubs]
    arg [-L/home/shaashwat/miniconda3/bin/../lib/gcc/x86_64-conda-linux-gnu/15.2.0] ==> dir [/home/shaashwat/miniconda3/bin/../lib/gcc/x86_64-conda-linux-gnu/15.2.0]
    arg [-L/home/shaashwat/miniconda3/bin/../lib/gcc] ==> dir [/home/shaashwat/miniconda3/bin/../lib/gcc]
    arg [-L/home/shaashwat/miniconda3/bin/../lib/gcc/x86_64-conda-linux-gnu/15.2.0/../../../../x86_64-conda-linux-gnu/lib/../lib] ==> dir [/home/shaashwat/miniconda3/bin/../lib/gcc/x86_64-conda-linux-gnu/15.2.0/../../../../x86_64-conda-linux-gnu/lib/../lib]
    arg [-L/home/shaashwat/miniconda3/bin/../lib/gcc/x86_64-conda-linux-gnu/15.2.0/../../../../lib] ==> dir [/home/shaashwat/miniconda3/bin/../lib/gcc/x86_64-conda-linux-gnu/15.2.0/../../../../lib]
    arg [-L/home/shaashwat/miniconda3/bin/../x86_64-conda-linux-gnu/sysroot/lib/../lib] ==> dir [/home/shaashwat/miniconda3/bin/../x86_64-conda-linux-gnu/sysroot/lib/../lib]
    arg [-L/home/shaashwat/miniconda3/bin/../x86_64-conda-linux-gnu/sysroot/usr/lib/../lib] ==> dir [/home/shaashwat/miniconda3/bin/../x86_64-conda-linux-gnu/sysroot/usr/lib/../lib]
    arg [-L/home/shaashwat/miniconda3/bin/../lib/gcc/x86_64-conda-linux-gnu/15.2.0/../../../../x86_64-conda-linux-gnu/lib] ==> dir [/home/shaashwat/miniconda3/bin/../lib/gcc/x86_64-conda-linux-gnu/15.2.0/../../../../x86_64-conda-linux-gnu/lib]
    arg [-L/home/shaashwat/miniconda3/bin/../lib/gcc/x86_64-conda-linux-gnu/15.2.0/../../..] ==> dir [/home/shaashwat/miniconda3/bin/../lib/gcc/x86_64-conda-linux-gnu/15.2.0/../../..]
    arg [-L/home/shaashwat/miniconda3/bin/../x86_64-conda-linux-gnu/sysroot/lib] ==> dir [/home/shaashwat/miniconda3/bin/../x86_64-conda-linux-gnu/sysroot/lib]
    arg [-L/home/shaashwat/miniconda3/bin/../x86_64-conda-linux-gnu/sysroot/usr/lib] ==> dir [/home/shaashwat/miniconda3/bin/../x86_64-conda-linux-gnu/sysroot/usr/lib]
    arg [-O2] ==> ignore
    arg [--sort-common] ==> ignore
    arg [--as-needed] ==> ignore
    arg [-zrelro] ==> ignore
    arg [-znow] ==> ignore
    arg [--disable-new-dtags] ==> ignore
    arg [--gc-sections] ==> ignore
    arg [-rpath] ==> ignore
    arg [/home/shaashwat/miniconda3/lib] ==> ignore
    arg [-rpath-link] ==> ignore
    arg [/home/shaashwat/miniconda3/lib] ==> ignore
    arg [CMakeFiles/cmTC_921ad.dir/CMakeCXXCompilerABI.cpp.o] ==> ignore
    arg [-lstdc++] ==> lib [stdc++]
    arg [-lm] ==> lib [m]
    arg [-lgcc_s] ==> lib [gcc_s]
    arg [-lgcc] ==> lib [gcc]
    arg [-lc] ==> lib [c]
    arg [-lgcc_s] ==> lib [gcc_s]
    arg [-lgcc] ==> lib [gcc]
    arg [/home/shaashwat/miniconda3/bin/../lib/gcc/x86_64-conda-linux-gnu/15.2.0/crtendS.o] ==> obj [/home/shaashwat/miniconda3/bin/../lib/gcc/x86_64-conda-linux-gnu/15.2.0/crtendS.o]
    arg [/home/shaashwat/miniconda3/bin/../x86_64-conda-linux-gnu/sysroot/usr/lib/../lib/crtn.o] ==> obj [/home/shaashwat/miniconda3/bin/../x86_64-conda-linux-gnu/sysroot/usr/lib/../lib/crtn.o]
    arg [-rpath] ==> ignore
    arg [/home/shaashwat/miniconda3/lib] ==> ignore
    arg [-rpath-link] ==> ignore
    arg [/home/shaashwat/miniconda3/lib] ==> ignore
    arg [-L/home/shaashwat/miniconda3/lib/stubs] ==> dir [/home/shaashwat/miniconda3/lib/stubs]
    arg [-L/home/shaashwat/miniconda3/lib] ==> dir [/home/shaashwat/miniconda3/lib]
  collapse obj [/home/shaashwat/miniconda3/bin/../x86_64-conda-linux-gnu/sysroot/usr/lib/../lib/Scrt1.o] ==> [/home/shaashwat/miniconda3/x86_64-conda-linux-gnu/sysroot/usr/lib/Scrt1.o]
  collapse obj [/home/shaashwat/miniconda3/bin/../x86_64-conda-linux-gnu/sysroot/usr/lib/../lib/crti.o] ==> [/home/shaashwat/miniconda3/x86_64-conda-linux-gnu/sysroot/usr/lib/crti.o]
  collapse obj [/home/shaashwat/miniconda3/bin/../lib/gcc/x86_64-conda-linux-gnu/15.2.0/crtbeginS.o] ==> [/home/shaashwat/miniconda3/lib/gcc/x86_64-conda-linux-gnu/15.2.0/crtbeginS.o]
  collapse obj [/home/shaashwat/miniconda3/bin/../lib/gcc/x86_64-conda-linux-gnu/15.2.0/crtendS.o] ==> [/home/shaashwat/miniconda3/lib/gcc/x86_64-conda-linux-gnu/15.2.0/crtendS.o]
  collapse obj [/home/shaashwat/miniconda3/bin/../x86_64-conda-linux-gnu/sysroot/usr/lib/../lib/crtn.o] ==> [/home/shaashwat/miniconda3/x86_64-conda-linux-gnu/sysroot/usr/lib/crtn.o]
  collapse library dir [/home/shaashwat/miniconda3/lib] ==> [/home/shaashwat/miniconda3/lib]
  collapse library dir [/home/shaashwat/miniconda3/targets/x86_64-linux/lib] ==> [/home/shaashwat/miniconda3/targets/x86_64-linux/lib]
  collapse library dir [/home/shaashwat/miniconda3/targets/x86_64-linux/lib/stubs] ==> [/home/shaashwat/miniconda3/targets/x86_64-linux/lib/stubs]
  collapse library dir [/home/shaashwat/miniconda3/bin/../lib/gcc/x86_64-conda-linux-gnu/15.2.0] ==> [/home/shaashwat/miniconda3/lib/gcc/x86_64-conda-linux-gnu/15.2.0]
  collapse library dir [/home/shaashwat/miniconda3/bin/../lib/gcc] ==> [/home/shaashwat/miniconda3/lib/gcc]
  collapse library dir [/home/shaashwat/miniconda3/bin/../lib/gcc/x86_64-conda-linux-gnu/15.2.0/../../../../x86_64-conda-linux-gnu/lib/../lib] ==> [/home/shaashwat/miniconda3/x86_64-conda-linux-gnu/lib]
  collapse library dir [/home/shaashwat/miniconda3/bin/../lib/gcc/x86_64-conda-linux-gnu/15.2.0/../../../../lib] ==> [/home/shaashwat/miniconda3/lib]
  collapse library dir [/home/shaashwat/miniconda3/bin/../x86_64-conda-linux-gnu/sysroot/lib/../lib] ==> [/home/shaashwat/miniconda3/x86_64-conda-linux-gnu/sysroot/lib]
  collapse library dir [/home/shaashwat/miniconda3/bin/../x86_64-conda-linux-gnu/sysroot/usr/lib/../lib] ==> [/home/shaashwat/miniconda3/x86_64-conda-linux-gnu/sysroot/usr/lib]
  collapse library dir [/home/shaashwat/miniconda3/bin/../lib/gcc/x86_64-conda-linux-gnu/15.2.0/../../../../x86_64-conda-linux-gnu/lib] ==> [/home/shaashwat/miniconda3/x86_64-conda-linux-gnu/lib]
  collapse library dir [/home/shaashwat/miniconda3/bin/../lib/gcc/x86_64-conda-linux-gnu/15.2.0/../../..] ==> [/home/shaashwat/miniconda3/lib]
  collapse library dir [/home/shaashwat/miniconda3/bin/../x86_64-conda-linux-gnu/sysroot/lib] ==> [/home/shaashwat/miniconda3/x86_64-conda-linux-gnu/sysroot/lib]
  collapse library dir [/home/shaashwat/miniconda3/bin/../x86_64-conda-linux-gnu/sysroot/usr/lib] ==> [/home/shaashwat/miniconda3/x86_64-conda-linux-gnu/sysroot/usr/lib]
  collapse library dir [/home/shaashwat/miniconda3/lib/stubs] ==> [/home/shaashwat/miniconda3/lib/stubs]
  collapse library dir [/home/shaashwat/miniconda3/lib] ==> [/home/shaashwat/miniconda3/lib]
  implicit libs: [stdc++;m;gcc_s;gcc;c;gcc_s;gcc]
  implicit objs: [/home/shaashwat/miniconda3/x86_64-conda-linux-gnu/sysroot/usr/lib/Scrt1.o;/home/shaashwat/miniconda3/x86_64-conda-linux-gnu/sysroot/usr/lib/crti.o;/home/shaashwat/miniconda3/lib/gcc/x86_64-conda-linux-gnu/15.2.0/crtbeginS.o;/home/shaashwat/miniconda3/lib/gcc/x86_64-conda-linux-gnu/15.2.0/crtendS.o;/home/shaashwat/miniconda3/x86_64-conda-linux-gnu/sysroot/usr/lib/crtn.o]
  implicit dirs: [/home/shaashwat/miniconda3/lib;/home/shaashwat/miniconda3/targets/x86_64-linux/lib;/home/shaashwat/miniconda3/targets/x86_64-linux/lib/stubs;/home/shaashwat/miniconda3/lib/gcc/x86_64-conda-linux-gnu/15.2.0;/home/shaashwat/miniconda3/lib/gcc;/home/shaashwat/miniconda3/x86_64-conda-linux-gnu/lib;/home/shaashwat/miniconda3/x86_64-conda-linux-gnu/sysroot/lib;/home/shaashwat/miniconda3/x86_64-conda-linux-gnu/sysroot/usr/lib;/home/shaashwat/miniconda3/lib/stubs]
  implicit fwks: []


Detecting CUDA compiler ABI info compiled with the following output:
Change Dir: /home/shaashwat/Desktop/bernasconi-krylov/build/CMakeFiles/CMakeTmp

Run Build Command(s):/usr/bin/gmake -f Makefile cmTC_a1ad9/fast && /usr/bin/gmake  -f CMakeFiles/cmTC_a1ad9.dir/build.make CMakeFiles/cmTC_a1ad9.dir/build
gmake[1]: Entering directory '/home/shaashwat/Desktop/bernasconi-krylov/build/CMakeFiles/CMakeTmp'
Building CUDA object CMakeFiles/cmTC_a1ad9.dir/CMakeCUDACompilerABI.cu.o
/home/shaashwat/miniconda3/bin/nvcc -forward-unknown-to-host-compiler   --generate-code=arch=compute_75,code=[compute_75,sm_75]   -Xcompiler=-v -MD -MT CMakeFiles/cmTC_a1ad9.dir/CMakeCUDACompilerABI.cu.o -MF CMakeFiles/cmTC_a1ad9.dir/CMakeCUDACompilerABI.cu.o.d -x cu -c /usr/share/cmake-3.22/Modules/CMakeCUDACompilerABI.cu -o CMakeFiles/cmTC_a1ad9.dir/CMakeCUDACompilerABI.cu.o
Reading specs from /home/shaashwat/miniconda3/bin/../lib/gcc/x86_64-conda-linux-gnu/15.2.0/specs
Reading specs from /home/shaashwat/miniconda3/bin/../lib/gcc/x86_64-conda-linux-gnu/15.2.0/conda.specs
COLLECT_GCC=/home/shaashwat/miniconda3/bin/x86_64-conda-linux-gnu-c++
Target: x86_64-conda-linux-gnu
Configured with: ../configure --prefix=/home/task_177920891980694/croot/gcc_compilers_1779209350299/_h_env_placehold_placehold_placehold_placehold_placehold_placehold_placehold_placehold_placehold_placehold_placehold_placehold_placehold_placehold_placehold_placehold_placehold_placehold_placeho --with-slibdir=/home/task_177920891980694/croot/gcc_compilers_1779209350299/_h_env_placehold_placehold_placehold_placehold_placehold_placehold_placehold_placehold_placehold_placehold_placehold_placehold_placehold_placehold_placehold_placehold_placehold_placehold_placeho/lib --libdir=/home/task_177920891980694/croot/gcc_compilers_1779209350299/_h_env_placehold_placehold_placehold_placehold_placehold_placehold_placehold_placehold_placehold_placehold_placehold_placehold_placehold_placehold_placehold_placehold_placehold_placehold_placeho/lib --mandir=/home/task_177920891980694/croot/gcc_compilers_1779209350299/_h_env_placehold_placehold_placehold_placehold_placehold_placehold_placehold_placehold_placehold_placehold_placehold_placehold_placehold_placehold_placehold_placehold_placehold_placehold_placeho/man --build=x86_64-conda-linux-gnu --host=x86_64-conda-linux-gnu --target=x86_64-conda-linux-gnu --enable-languages=c,c++,fortran,objc,obj-c++ --enable-__cxa_atexit --disable-libmudflap --enable-libgomp --disable-libssp --enable-libquadmath --enable-libquadmath-support --enable-lto --enable-target-optspace --enable-plugin --enable-gold --disable-nls --disable-multilib --enable-long-long --with-sysroot=/home/task_177920891980694/croot/gcc_compilers_1779209350299/_h_env_placehold_placehold_placehold_placehold_placehold_placehold_placehold_placehold_placehold_placehold_placehold_placehold_placehold_placehold_placehold_placehold_placehold_placehold_placeho/x86_64-conda-linux-gnu/sysroot --with-build-sysroot=/home/task_177920891980694/croot/gcc_compilers_1779209350299/work/cf-compilers/x86_64-conda-linux-gnu/sysroot --with-native-system-header-dir=/usr/include --with-gxx-include-dir=/home/task_177920891980694/croot/gcc_compilers_1779209350299/_h_env_placehold_placehold_placehold_placehold_placehold_placehold_placehold_placehold_placehold_placehold_placehold_placehold_placehold_placehold_placehold_placehold_placehold_placehold_placeho/lib/gcc/x86_64-conda-linux-gnu/15.2.0/include/c++ --enable-libsanitizer --enable-default-pie --enable-threads=posix
Thread model: posix
Supported LTO compression algorithms: zlib
gcc version 15.2.0 (GCC) 
COLLECT_GCC_OPTIONS='-D' '__CUDA_ARCH__=750' '-D' '__CUDA_ARCH_LIST__=750' '-E' '-D' 'CUDA_DOUBLE_MATH_FUNCTIONS' '-D' '__CUDACC__' '-D' '__NVCC__' '-v' '-I' '/home/shaashwat/miniconda3/bin/../targets/x86_64-linux/include' '-isystem' '/home/shaashwat/miniconda3/bin/../targets/x86_64-linux/include/cccl' '-D' '__CUDACC_VER_MAJOR__=13' '-D' '__CUDACC_VER_MINOR__=3' '-D' '__CUDACC_VER_BUILD__=73' '-D' '__CUDA_API_VER_MAJOR__=13' '-D' '__CUDA_API_VER_MINOR__=3' '-D' '__NVCC_DIAG_PRAGMA_SUPPORT__=1' '-D' '__CUDACC_DEVICE_ATOMIC_BUILTINS__=1' '-include' 'cuda_runtime.h' '-m64' '-o' '/tmp/tmpxft_00036660_00000000-7_CMakeCUDACompilerABI.cpp1.ii' '-shared-libgcc' '-mtune=generic' '-march=x86-64' '-dumpdir' '/tmp/'
 /home/shaashwat/miniconda3/bin/../libexec/gcc/x86_64-conda-linux-gnu/15.2.0/cc1plus -E -quiet -v -I /home/shaashwat/miniconda3/bin/../targets/x86_64-linux/include -iprefix /home/shaashwat/miniconda3/bin/../lib/gcc/x86_64-conda-linux-gnu/15.2.0/ -isysroot /home/shaashwat/miniconda3/bin/../x86_64-conda-linux-gnu/sysroot -D_GNU_SOURCE -D __CUDA_ARCH__=750 -D __CUDA_ARCH_LIST__=750 -D CUDA_DOUBLE_MATH_FUNCTIONS -D __CUDACC__ -D __NVCC__ -D __CUDACC_VER_MAJOR__=13 -D __CUDACC_VER_MINOR__=3 -D __CUDACC_VER_BUILD__=73 -D __CUDA_API_VER_MAJOR__=13 -D __CUDA_API_VER_MINOR__=3 -D __NVCC_DIAG_PRAGMA_SUPPORT__=1 -D __CUDACC_DEVICE_ATOMIC_BUILTINS__=1 -isystem /home/shaashwat/miniconda3/bin/../targets/x86_64-linux/include/cccl -include cuda_runtime.h /usr/share/cmake-3.22/Modules/CMakeCUDACompilerABI.cu -o /tmp/tmpxft_00036660_00000000-7_CMakeCUDACompilerABI.cpp1.ii -m64 -mtune=generic -march=x86-64 -idirafter /home/shaashwat/miniconda3/include -dumpdir /tmp/ -dumpbase tmpxft_00036660_00000000-7_CMakeCUDACompilerABI.cpp1.cu -dumpbase-ext .cu
ignoring nonexistent directory "/home/shaashwat/miniconda3/bin/../lib/gcc/x86_64-conda-linux-gnu/15.2.0/../../../../x86_64-conda-linux-gnu/include"
ignoring duplicate directory "/home/shaashwat/miniconda3/bin/../lib/gcc/../../lib/gcc/x86_64-conda-linux-gnu/15.2.0/include/c++"
ignoring duplicate directory "/home/shaashwat/miniconda3/bin/../lib/gcc/../../lib/gcc/x86_64-conda-linux-gnu/15.2.0/include/c++/x86_64-conda-linux-gnu"
ignoring duplicate directory "/home/shaashwat/miniconda3/bin/../lib/gcc/../../lib/gcc/x86_64-conda-linux-gnu/15.2.0/include/c++/backward"
ignoring duplicate directory "/home/shaashwat/miniconda3/bin/../lib/gcc/../../lib/gcc/x86_64-conda-linux-gnu/15.2.0/include"
ignoring nonexistent directory "/home/shaashwat/miniconda3/bin/../x86_64-conda-linux-gnu/sysroot/usr/local/include"
ignoring duplicate directory "/home/shaashwat/miniconda3/bin/../lib/gcc/../../lib/gcc/x86_64-conda-linux-gnu/15.2.0/include-fixed"
ignoring nonexistent directory "/home/shaashwat/miniconda3/bin/../lib/gcc/../../lib/gcc/x86_64-conda-linux-gnu/15.2.0/../../../../x86_64-conda-linux-gnu/include"
#include "..." search starts here:
#include <...> search starts here:
 /home/shaashwat/miniconda3/bin/../targets/x86_64-linux/include
 /home/shaashwat/miniconda3/bin/../targets/x86_64-linux/include/cccl
 /home/shaashwat/miniconda3/bin/../lib/gcc/x86_64-conda-linux-gnu/15.2.0/include/c++
 /home/shaashwat/miniconda3/bin/../lib/gcc/x86_64-conda-linux-gnu/15.2.0/include/c++/x86_64-conda-linux-gnu
 /home/shaashwat/miniconda3/bin/../lib/gcc/x86_64-conda-linux-gnu/15.2.0/include/c++/backward
 /home/shaashwat/miniconda3/bin/../lib/gcc/x86_64-conda-linux-gnu/15.2.0/include
 /home/shaashwat/miniconda3/bin/../lib/gcc/x86_64-conda-linux-gnu/15.2.0/include-fixed
 /home/shaashwat/miniconda3/bin/../x86_64-conda-linux-gnu/sysroot/usr/include
 /home/shaashwat/miniconda3/include
End of search list.
COMPILER_PATH=/home/shaashwat/miniconda3/bin/../libexec/gcc/x86_64-conda-linux-gnu/15.2.0/:/home/shaashwat/miniconda3/bin/../libexec/gcc/:/home/shaashwat/miniconda3/bin/../lib/gcc/x86_64-conda-linux-gnu/15.2.0/../../../../x86_64-conda-linux-gnu/bin/
LIBRARY_PATH=/home/shaashwat/miniconda3/bin/../lib/gcc/x86_64-conda-linux-gnu/15.2.0/:/home/shaashwat/miniconda3/bin/../lib/gcc/:/home/shaashwat/miniconda3/bin/../lib/gcc/x86_64-conda-linux-gnu/15.2.0/../../../../x86_64-conda-linux-gnu/lib/../lib/:/home/shaashwat/miniconda3/bin/../lib/gcc/x86_64-conda-linux-gnu/15.2.0/../../../../lib/:/home/shaashwat/miniconda3/bin/../x86_64-conda-linux-gnu/sysroot/lib/../lib/:/home/shaashwat/miniconda3/bin/../x86_64-conda-linux-gnu/sysroot/usr/lib/../lib/:/home/shaashwat/miniconda3/bin/../lib/gcc/x86_64-conda-linux-gnu/15.2.0/../../../../x86_64-conda-linux-gnu/lib/:/home/shaashwat/miniconda3/bin/../lib/gcc/x86_64-conda-linux-gnu/15.2.0/../../../:/home/shaashwat/miniconda3/bin/../x86_64-conda-linux-gnu/sysroot/lib/:/home/shaashwat/miniconda3/bin/../x86_64-conda-linux-gnu/sysroot/usr/lib/
COLLECT_GCC_OPTIONS='-D' '__CUDA_ARCH__=750' '-D' '__CUDA_ARCH_LIST__=750' '-E' '-D' 'CUDA_DOUBLE_MATH_FUNCTIONS' '-D' '__CUDACC__' '-D' '__NVCC__' '-v' '-I' '/home/shaashwat/miniconda3/bin/../targets/x86_64-linux/include' '-isystem' '/home/shaashwat/miniconda3/bin/../targets/x86_64-linux/include/cccl' '-D' '__CUDACC_VER_MAJOR__=13' '-D' '__CUDACC_VER_MINOR__=3' '-D' '__CUDACC_VER_BUILD__=73' '-D' '__CUDA_API_VER_MAJOR__=13' '-D' '__CUDA_API_VER_MINOR__=3' '-D' '__NVCC_DIAG_PRAGMA_SUPPORT__=1' '-D' '__CUDACC_DEVICE_ATOMIC_BUILTINS__=1' '-include' 'cuda_runtime.h' '-m64' '-o' '/tmp/tmpxft_00036660_00000000-7_CMakeCUDACompilerABI.cpp1.ii' '-shared-libgcc' '-mtune=generic' '-march=x86-64' '-dumpdir' '/tmp/tmpxft_00036660_00000000-7_CMakeCUDACompilerABI.cpp1.'
Reading specs from /home/shaashwat/miniconda3/bin/../lib/gcc/x86_64-conda-linux-gnu/15.2.0/specs
Reading specs from /home/shaashwat/miniconda3/bin/../lib/gcc/x86_64-conda-linux-gnu/15.2.0/conda.specs
COLLECT_GCC=/home/shaashwat/miniconda3/bin/x86_64-conda-linux-gnu-c++
Target: x86_64-conda-linux-gnu
Configured with: ../configure --prefix=/home/task_177920891980694/croot/gcc_compilers_1779209350299/_h_env_placehold_placehold_placehold_placehold_placehold_placehold_placehold_placehold_placehold_placehold_placehold_placehold_placehold_placehold_placehold_placehold_placehold_placehold_placeho --with-slibdir=/home/task_177920891980694/croot/gcc_compilers_1779209350299/_h_env_placehold_placehold_placehold_placehold_placehold_placehold_placehold_placehold_placehold_placehold_placehold_placehold_placehold_placehold_placehold_placehold_placehold_placehold_placeho/lib --libdir=/home/task_177920891980694/croot/gcc_compilers_1779209350299/_h_env_placehold_placehold_placehold_placehold_placehold_placehold_placehold_placehold_placehold_placehold_placehold_placehold_placehold_placehold_placehold_placehold_placehold_placehold_placeho/lib --mandir=/home/task_177920891980694/croot/gcc_compilers_1779209350299/_h_env_placehold_placehold_placehold_placehold_placehold_placehold_placehold_placehold_placehold_placehold_placehold_placehold_placehold_placehold_placehold_placehold_placehold_placehold_placeho/man --build=x86_64-conda-linux-gnu --host=x86_64-conda-linux-gnu --target=x86_64-conda-linux-gnu --enable-languages=c,c++,fortran,objc,obj-c++ --enable-__cxa_atexit --disable-libmudflap --enable-libgomp --disable-libssp --enable-libquadmath --enable-libquadmath-support --enable-lto --enable-target-optspace --enable-plugin --enable-gold --disable-nls --disable-multilib --enable-long-long --with-sysroot=/home/task_177920891980694/croot/gcc_compilers_1779209350299/_h_env_placehold_placehold_placehold_placehold_placehold_placehold_placehold_placehold_placehold_placehold_placehold_placehold_placehold_placehold_placehold_placehold_placehold_placehold_placeho/x86_64-conda-linux-gnu/sysroot --with-build-sysroot=/home/task_177920891980694/croot/gcc_compilers_1779209350299/work/cf-compilers/x86_64-conda-linux-gnu/sysroot --with-native-system-header-dir=/usr/include --with-gxx-include-dir=/home/task_177920891980694/croot/gcc_compilers_1779209350299/_h_env_placehold_placehold_placehold_placehold_placehold_placehold_placehold_placehold_placehold_placehold_placehold_placehold_placehold_placehold_placehold_placehold_placehold_placehold_placeho/lib/gcc/x86_64-conda-linux-gnu/15.2.0/include/c++ --enable-libsanitizer --enable-default-pie --enable-threads=posix
Thread model: posix
Supported LTO compression algorithms: zlib
gcc version 15.2.0 (GCC) 
COLLECT_GCC_OPTIONS='-D' '__CUDA_ARCH_LIST__=750' '-E' '-D' '__CUDACC__' '-D' '__NVCC__' '-v' '-I' '/home/shaashwat/miniconda3/bin/../targets/x86_64-linux/include' '-isystem' '/home/shaashwat/miniconda3/bin/../targets/x86_64-linux/include/cccl' '-D' '__CUDACC_VER_MAJOR__=13' '-D' '__CUDACC_VER_MINOR__=3' '-D' '__CUDACC_VER_BUILD__=73' '-D' '__CUDA_API_VER_MAJOR__=13' '-D' '__CUDA_API_VER_MINOR__=3' '-D' '__NVCC_DIAG_PRAGMA_SUPPORT__=1' '-D' '__CUDACC_DEVICE_ATOMIC_BUILTINS__=1' '-include' 'cuda_runtime.h' '-m64' '-o' '/tmp/tmpxft_00036660_00000000-5_CMakeCUDACompilerABI.cpp4.ii' '-shared-libgcc' '-mtune=generic' '-march=x86-64' '-dumpdir' '/tmp/'
 /home/shaashwat/miniconda3/bin/../libexec/gcc/x86_64-conda-linux-gnu/15.2.0/cc1plus -E -quiet -v -I /home/shaashwat/miniconda3/bin/../targets/x86_64-linux/include -iprefix /home/shaashwat/miniconda3/bin/../lib/gcc/x86_64-conda-linux-gnu/15.2.0/ -isysroot /home/shaashwat/miniconda3/bin/../x86_64-conda-linux-gnu/sysroot -D_GNU_SOURCE -D __CUDA_ARCH_LIST__=750 -D __CUDACC__ -D __NVCC__ -D __CUDACC_VER_MAJOR__=13 -D __CUDACC_VER_MINOR__=3 -D __CUDACC_VER_BUILD__=73 -D __CUDA_API_VER_MAJOR__=13 -D __CUDA_API_VER_MINOR__=3 -D __NVCC_DIAG_PRAGMA_SUPPORT__=1 -D __CUDACC_DEVICE_ATOMIC_BUILTINS__=1 -isystem /home/shaashwat/miniconda3/bin/../targets/x86_64-linux/include/cccl -include cuda_runtime.h /usr/share/cmake-3.22/Modules/CMakeCUDACompilerABI.cu -o /tmp/tmpxft_00036660_00000000-5_CMakeCUDACompilerABI.cpp4.ii -m64 -mtune=generic -march=x86-64 -idirafter /home/shaashwat/miniconda3/include -dumpdir /tmp/ -dumpbase tmpxft_00036660_00000000-5_CMakeCUDACompilerABI.cpp4.cu -dumpbase-ext .cu
ignoring nonexistent directory "/home/shaashwat/miniconda3/bin/../lib/gcc/x86_64-conda-linux-gnu/15.2.0/../../../../x86_64-conda-linux-gnu/include"
ignoring duplicate directory "/home/shaashwat/miniconda3/bin/../lib/gcc/../../lib/gcc/x86_64-conda-linux-gnu/15.2.0/include/c++"
ignoring duplicate directory "/home/shaashwat/miniconda3/bin/../lib/gcc/../../lib/gcc/x86_64-conda-linux-gnu/15.2.0/include/c++/x86_64-conda-linux-gnu"
ignoring duplicate directory "/home/shaashwat/miniconda3/bin/../lib/gcc/../../lib/gcc/x86_64-conda-linux-gnu/15.2.0/include/c++/backward"
ignoring duplicate directory "/home/shaashwat/miniconda3/bin/../lib/gcc/../../lib/gcc/x86_64-conda-linux-gnu/15.2.0/include"
ignoring nonexistent directory "/home/shaashwat/miniconda3/bin/../x86_64-conda-linux-gnu/sysroot/usr/local/include"
ignoring duplicate directory "/home/shaashwat/miniconda3/bin/../lib/gcc/../../lib/gcc/x86_64-conda-linux-gnu/15.2.0/include-fixed"
ignoring nonexistent directory "/home/shaashwat/miniconda3/bin/../lib/gcc/../../lib/gcc/x86_64-conda-linux-gnu/15.2.0/../../../../x86_64-conda-linux-gnu/include"
#include "..." search starts here:
#include <...> search starts here:
 /home/shaashwat/miniconda3/bin/../targets/x86_64-linux/include
 /home/shaashwat/miniconda3/bin/../targets/x86_64-linux/include/cccl
 /home/shaashwat/miniconda3/bin/../lib/gcc/x86_64-conda-linux-gnu/15.2.0/include/c++
 /home/shaashwat/miniconda3/bin/../lib/gcc/x86_64-conda-linux-gnu/15.2.0/include/c++/x86_64-conda-linux-gnu
 /home/shaashwat/miniconda3/bin/../lib/gcc/x86_64-conda-linux-gnu/15.2.0/include/c++/backward
 /home/shaashwat/miniconda3/bin/../lib/gcc/x86_64-conda-linux-gnu/15.2.0/include
 /home/shaashwat/miniconda3/bin/../lib/gcc/x86_64-conda-linux-gnu/15.2.0/include-fixed
 /home/shaashwat/miniconda3/bin/../x86_64-conda-linux-gnu/sysroot/usr/include
 /home/shaashwat/miniconda3/include
End of search list.
COMPILER_PATH=/home/shaashwat/miniconda3/bin/../libexec/gcc/x86_64-conda-linux-gnu/15.2.0/:/home/shaashwat/miniconda3/bin/../libexec/gcc/:/home/shaashwat/miniconda3/bin/../lib/gcc/x86_64-conda-linux-gnu/15.2.0/../../../../x86_64-conda-linux-gnu/bin/
LIBRARY_PATH=/home/shaashwat/miniconda3/bin/../lib/gcc/x86_64-conda-linux-gnu/15.2.0/:/home/shaashwat/miniconda3/bin/../lib/gcc/:/home/shaashwat/miniconda3/bin/../lib/gcc/x86_64-conda-linux-gnu/15.2.0/../../../../x86_64-conda-linux-gnu/lib/../lib/:/home/shaashwat/miniconda3/bin/../lib/gcc/x86_64-conda-linux-gnu/15.2.0/../../../../lib/:/home/shaashwat/miniconda3/bin/../x86_64-conda-linux-gnu/sysroot/lib/../lib/:/home/shaashwat/miniconda3/bin/../x86_64-conda-linux-gnu/sysroot/usr/lib/../lib/:/home/shaashwat/miniconda3/bin/../lib/gcc/x86_64-conda-linux-gnu/15.2.0/../../../../x86_64-conda-linux-gnu/lib/:/home/shaashwat/miniconda3/bin/../lib/gcc/x86_64-conda-linux-gnu/15.2.0/../../../:/home/shaashwat/miniconda3/bin/../x86_64-conda-linux-gnu/sysroot/lib/:/home/shaashwat/miniconda3/bin/../x86_64-conda-linux-gnu/sysroot/usr/lib/
COLLECT_GCC_OPTIONS='-D' '__CUDA_ARCH_LIST__=750' '-E' '-D' '__CUDACC__' '-D' '__NVCC__' '-v' '-I' '/home/shaashwat/miniconda3/bin/../targets/x86_64-linux/include' '-isystem' '/home/shaashwat/miniconda3/bin/../targets/x86_64-linux/include/cccl' '-D' '__CUDACC_VER_MAJOR__=13' '-D' '__CUDACC_VER_MINOR__=3' '-D' '__CUDACC_VER_BUILD__=73' '-D' '__CUDA_API_VER_MAJOR__=13' '-D' '__CUDA_API_VER_MINOR__=3' '-D' '__NVCC_DIAG_PRAGMA_SUPPORT__=1' '-D' '__CUDACC_DEVICE_ATOMIC_BUILTINS__=1' '-include' 'cuda_runtime.h' '-m64' '-o' '/tmp/tmpxft_00036660_00000000-5_CMakeCUDACompilerABI.cpp4.ii' '-shared-libgcc' '-mtune=generic' '-march=x86-64' '-dumpdir' '/tmp/tmpxft_00036660_00000000-5_CMakeCUDACompilerABI.cpp4.'
Reading specs from /home/shaashwat/miniconda3/bin/../lib/gcc/x86_64-conda-linux-gnu/15.2.0/specs
Reading specs from /home/shaashwat/miniconda3/bin/../lib/gcc/x86_64-conda-linux-gnu/15.2.0/conda.specs
COLLECT_GCC=/home/shaashwat/miniconda3/bin/x86_64-conda-linux-gnu-c++
Target: x86_64-conda-linux-gnu
Configured with: ../configure --prefix=/home/task_177920891980694/croot/gcc_compilers_1779209350299/_h_env_placehold_placehold_placehold_placehold_placehold_placehold_placehold_placehold_placehold_placehold_placehold_placehold_placehold_placehold_placehold_placehold_placehold_placehold_placeho --with-slibdir=/home/task_177920891980694/croot/gcc_compilers_1779209350299/_h_env_placehold_placehold_placehold_placehold_placehold_placehold_placehold_placehold_placehold_placehold_placehold_placehold_placehold_placehold_placehold_placehold_placehold_placehold_placeho/lib --libdir=/home/task_177920891980694/croot/gcc_compilers_1779209350299/_h_env_placehold_placehold_placehold_placehold_placehold_placehold_placehold_placehold_placehold_placehold_placehold_placehold_placehold_placehold_placehold_placehold_placehold_placehold_placeho/lib --mandir=/home/task_177920891980694/croot/gcc_compilers_1779209350299/_h_env_placehold_placehold_placehold_placehold_placehold_placehold_placehold_placehold_placehold_placehold_placehold_placehold_placehold_placehold_placehold_placehold_placehold_placehold_placeho/man --build=x86_64-conda-linux-gnu --host=x86_64-conda-linux-gnu --target=x86_64-conda-linux-gnu --enable-languages=c,c++,fortran,objc,obj-c++ --enable-__cxa_atexit --disable-libmudflap --enable-libgomp --disable-libssp --enable-libquadmath --enable-libquadmath-support --enable-lto --enable-target-optspace --enable-plugin --enable-gold --disable-nls --disable-multilib --enable-long-long --with-sysroot=/home/task_177920891980694/croot/gcc_compilers_1779209350299/_h_env_placehold_placehold_placehold_placehold_placehold_placehold_placehold_placehold_placehold_placehold_placehold_placehold_placehold_placehold_placehold_placehold_placehold_placehold_placeho/x86_64-conda-linux-gnu/sysroot --with-build-sysroot=/home/task_177920891980694/croot/gcc_compilers_1779209350299/work/cf-compilers/x86_64-conda-linux-gnu/sysroot --with-native-system-header-dir=/usr/include --with-gxx-include-dir=/home/task_177920891980694/croot/gcc_compilers_1779209350299/_h_env_placehold_placehold_placehold_placehold_placehold_placehold_placehold_placehold_placehold_placehold_placehold_placehold_placehold_placehold_placehold_placehold_placehold_placehold_placeho/lib/gcc/x86_64-conda-linux-gnu/15.2.0/include/c++ --enable-libsanitizer --enable-default-pie --enable-threads=posix
Thread model: posix
Supported LTO compression algorithms: zlib
gcc version 15.2.0 (GCC) 
COLLECT_GCC_OPTIONS='-D' '__CUDA_ARCH__=750' '-D' '__CUDA_ARCH_LIST__=750' '-c' '-D' 'CUDA_DOUBLE_MATH_FUNCTIONS' '-v' '-Wno-psabi' '-I' '/home/shaashwat/miniconda3/bin/../targets/x86_64-linux/include' '-isystem' '/home/shaashwat/miniconda3/bin/../targets/x86_64-linux/include/cccl' '-m64' '-o' 'CMakeFiles/cmTC_a1ad9.dir/CMakeCUDACompilerABI.cu.o' '-shared-libgcc' '-mtune=generic' '-march=x86-64' '-dumpdir' 'CMakeFiles/cmTC_a1ad9.dir/'
 /home/shaashwat/miniconda3/bin/../libexec/gcc/x86_64-conda-linux-gnu/15.2.0/cc1plus -quiet -v -I /home/shaashwat/miniconda3/bin/../targets/x86_64-linux/include -iprefix /home/shaashwat/miniconda3/bin/../lib/gcc/x86_64-conda-linux-gnu/15.2.0/ -isysroot /home/shaashwat/miniconda3/bin/../x86_64-conda-linux-gnu/sysroot -D_GNU_SOURCE -D __CUDA_ARCH__=750 -D __CUDA_ARCH_LIST__=750 -D CUDA_DOUBLE_MATH_FUNCTIONS -isystem /home/shaashwat/miniconda3/bin/../targets/x86_64-linux/include/cccl /tmp/tmpxft_00036660_00000000-6_CMakeCUDACompilerABI.cudafe1.cpp -quiet -dumpdir CMakeFiles/cmTC_a1ad9.dir/ -dumpbase CMakeCUDACompilerABI.cu.cpp -dumpbase-ext .cpp -m64 -mtune=generic -march=x86-64 -Wno-psabi -version -idirafter /home/shaashwat/miniconda3/include -o /tmp/ccW6zYOF.s
GNU C++17 (GCC) version 15.2.0 (x86_64-conda-linux-gnu)
	compiled by GNU C version 15.2.0, GMP version 6.2.1, MPFR version 4.1.0, MPC version 1.2.1, isl version isl-0.24-GMP

GGC heuristics: --param ggc-min-expand=100 --param ggc-min-heapsize=131072
ignoring nonexistent directory "/home/shaashwat/miniconda3/bin/../lib/gcc/x86_64-conda-linux-gnu/15.2.0/../../../../x86_64-conda-linux-gnu/include"
ignoring duplicate directory "/home/shaashwat/miniconda3/bin/../lib/gcc/../../lib/gcc/x86_64-conda-linux-gnu/15.2.0/include/c++"
ignoring duplicate directory "/home/shaashwat/miniconda3/bin/../lib/gcc/../../lib/gcc/x86_64-conda-linux-gnu/15.2.0/include/c++/x86_64-conda-linux-gnu"
ignoring duplicate directory "/home/shaashwat/miniconda3/bin/../lib/gcc/../../lib/gcc/x86_64-conda-linux-gnu/15.2.0/include/c++/backward"
ignoring duplicate directory "/home/shaashwat/miniconda3/bin/../lib/gcc/../../lib/gcc/x86_64-conda-linux-gnu/15.2.0/include"
ignoring nonexistent directory "/home/shaashwat/miniconda3/bin/../x86_64-conda-linux-gnu/sysroot/usr/local/include"
ignoring duplicate directory "/home/shaashwat/miniconda3/bin/../lib/gcc/../../lib/gcc/x86_64-conda-linux-gnu/15.2.0/include-fixed"
ignoring nonexistent directory "/home/shaashwat/miniconda3/bin/../lib/gcc/../../lib/gcc/x86_64-conda-linux-gnu/15.2.0/../../../../x86_64-conda-linux-gnu/include"
#include "..." search starts here:
#include <...> search starts here:
 /home/shaashwat/miniconda3/bin/../targets/x86_64-linux/include
 /home/shaashwat/miniconda3/bin/../targets/x86_64-linux/include/cccl
 /home/shaashwat/miniconda3/bin/../lib/gcc/x86_64-conda-linux-gnu/15.2.0/include/c++
 /home/shaashwat/miniconda3/bin/../lib/gcc/x86_64-conda-linux-gnu/15.2.0/include/c++/x86_64-conda-linux-gnu
 /home/shaashwat/miniconda3/bin/../lib/gcc/x86_64-conda-linux-gnu/15.2.0/include/c++/backward
 /home/shaashwat/miniconda3/bin/../lib/gcc/x86_64-conda-linux-gnu/15.2.0/include
 /home/shaashwat/miniconda3/bin/../lib/gcc/x86_64-conda-linux-gnu/15.2.0/include-fixed
 /home/shaashwat/miniconda3/bin/../x86_64-conda-linux-gnu/sysroot/usr/include
 /home/shaashwat/miniconda3/include
End of search list.
Compiler executable checksum: fd798a7312aa9d5d420e3b730d0de8f5
COLLECT_GCC_OPTIONS='-D' '__CUDA_ARCH__=750' '-D' '__CUDA_ARCH_LIST__=750' '-c' '-D' 'CUDA_DOUBLE_MATH_FUNCTIONS' '-v' '-Wno-psabi' '-I' '/home/shaashwat/miniconda3/bin/../targets/x86_64-linux/include' '-isystem' '/home/shaashwat/miniconda3/bin/../targets/x86_64-linux/include/cccl' '-m64' '-o' 'CMakeFiles/cmTC_a1ad9.dir/CMakeCUDACompilerABI.cu.o' '-shared-libgcc' '-mtune=generic' '-march=x86-64' '-dumpdir' 'CMakeFiles/cmTC_a1ad9.dir/'
 /home/shaashwat/miniconda3/bin/../lib/gcc/x86_64-conda-linux-gnu/15.2.0/../../../../x86_64-conda-linux-gnu/bin/as -v -I /home/shaashwat/miniconda3/bin/../targets/x86_64-linux/include --64 -o CMakeFiles/cmTC_a1ad9.dir/CMakeCUDACompilerABI.cu.o /tmp/ccW6zYOF.s
GNU assembler version 2.44 (x86_64-conda-linux-gnu) using BFD version (GNU Binutils) 2.44
COMPILER_PATH=/home/shaashwat/miniconda3/bin/../libexec/gcc/x86_64-conda-linux-gnu/15.2.0/:/home/shaashwat/miniconda3/bin/../libexec/gcc/:/home/shaashwat/miniconda3/bin/../lib/gcc/x86_64-conda-linux-gnu/15.2.0/../../../../x86_64-conda-linux-gnu/bin/
LIBRARY_PATH=/home/shaashwat/miniconda3/bin/../lib/gcc/x86_64-conda-linux-gnu/15.2.0/:/home/shaashwat/miniconda3/bin/../lib/gcc/:/home/shaashwat/miniconda3/bin/../lib/gcc/x86_64-conda-linux-gnu/15.2.0/../../../../x86_64-conda-linux-gnu/lib/../lib/:/home/shaashwat/miniconda3/bin/../lib/gcc/x86_64-conda-linux-gnu/15.2.0/../../../../lib/:/home/shaashwat/miniconda3/bin/../x86_64-conda-linux-gnu/sysroot/lib/../lib/:/home/shaashwat/miniconda3/bin/../x86_64-conda-linux-gnu/sysroot/usr/lib/../lib/:/home/shaashwat/miniconda3/bin/../lib/gcc/x86_64-conda-linux-gnu/15.2.0/../../../../x86_64-conda-linux-gnu/lib/:/home/shaashwat/miniconda3/bin/../lib/gcc/x86_64-conda-linux-gnu/15.2.0/../../../:/home/shaashwat/miniconda3/bin/../x86_64-conda-linux-gnu/sysroot/lib/:/home/shaashwat/miniconda3/bin/../x86_64-conda-linux-gnu/sysroot/usr/lib/
COLLECT_GCC_OPTIONS='-D' '__CUDA_ARCH__=750' '-D' '__CUDA_ARCH_LIST__=750' '-c' '-D' 'CUDA_DOUBLE_MATH_FUNCTIONS' '-v' '-Wno-psabi' '-I' '/home/shaashwat/miniconda3/bin/../targets/x86_64-linux/include' '-isystem' '/home/shaashwat/miniconda3/bin/../targets/x86_64-linux/include/cccl' '-m64' '-o' 'CMakeFiles/cmTC_a1ad9.dir/CMakeCUDACompilerABI.cu.o' '-shared-libgcc' '-mtune=generic' '-march=x86-64' '-dumpdir' 'CMakeFiles/cmTC_a1ad9.dir/CMakeCUDACompilerABI.cu.'
Linking CUDA executable cmTC_a1ad9
/usr/bin/cmake -E cmake_link_script CMakeFiles/cmTC_a1ad9.dir/link.txt --verbose=1
/home/shaashwat/miniconda3/bin/x86_64-conda-linux-gnu-c++ -Wl,-O2 -Wl,--sort-common -Wl,--as-needed -Wl,-z,relro -Wl,-z,now -Wl,--disable-new-dtags -Wl,--gc-sections -Wl,-rpath,/home/shaashwat/miniconda3/lib -Wl,-rpath-link,/home/shaashwat/miniconda3/lib -L/home/shaashwat/miniconda3/lib  -L/home/shaashwat/miniconda3/targets/x86_64-linux/lib -L/home/shaashwat/miniconda3/targets/x86_64-linux/lib/stubs -v CMakeFiles/cmTC_a1ad9.dir/CMakeCUDACompilerABI.cu.o -o cmTC_a1ad9  -lcudadevrt -lcudart_static -lrt -lpthread -ldl  -L"/home/shaashwat/miniconda3/targets/x86_64-linux/lib/stubs" -L"/home/shaashwat/miniconda3/targets/x86_64-linux/lib"
Reading specs from /home/shaashwat/miniconda3/bin/../lib/gcc/x86_64-conda-linux-gnu/15.2.0/specs
Reading specs from /home/shaashwat/miniconda3/bin/../lib/gcc/x86_64-conda-linux-gnu/15.2.0/conda.specs
COLLECT_GCC=/home/shaashwat/miniconda3/bin/x86_64-conda-linux-gnu-c++
COLLECT_LTO_WRAPPER=/home/shaashwat/miniconda3/bin/../libexec/gcc/x86_64-conda-linux-gnu/15.2.0/lto-wrapper
Target: x86_64-conda-linux-gnu
Configured with: ../configure --prefix=/home/task_177920891980694/croot/gcc_compilers_1779209350299/_h_env_placehold_placehold_placehold_placehold_placehold_placehold_placehold_placehold_placehold_placehold_placehold_placehold_placehold_placehold_placehold_placehold_placehold_placehold_placeho --with-slibdir=/home/task_177920891980694/croot/gcc_compilers_1779209350299/_h_env_placehold_placehold_placehold_placehold_placehold_placehold_placehold_placehold_placehold_placehold_placehold_placehold_placehold_placehold_placehold_placehold_placehold_placehold_placeho/lib --libdir=/home/task_177920891980694/croot/gcc_compilers_1779209350299/_h_env_placehold_placehold_placehold_placehold_placehold_placehold_placehold_placehold_placehold_placehold_placehold_placehold_placehold_placehold_placehold_placehold_placehold_placehold_placeho/lib --mandir=/home/task_177920891980694/croot/gcc_compilers_1779209350299/_h_env_placehold_placehold_placehold_placehold_placehold_placehold_placehold_placehold_placehold_placehold_placehold_placehold_placehold_placehold_placehold_placehold_placehold_placehold_placeho/man --build=x86_64-conda-linux-gnu --host=x86_64-conda-linux-gnu --target=x86_64-conda-linux-gnu --enable-languages=c,c++,fortran,objc,obj-c++ --enable-__cxa_atexit --disable-libmudflap --enable-libgomp --disable-libssp --enable-libquadmath --enable-libquadmath-support --enable-lto --enable-target-optspace --enable-plugin --enable-gold --disable-nls --disable-multilib --enable-long-long --with-sysroot=/home/task_177920891980694/croot/gcc_compilers_1779209350299/_h_env_placehold_placehold_placehold_placehold_placehold_placehold_placehold_placehold_placehold_placehold_placehold_placehold_placehold_placehold_placehold_placehold_placehold_placehold_placeho/x86_64-conda-linux-gnu/sysroot --with-build-sysroot=/home/task_177920891980694/croot/gcc_compilers_1779209350299/work/cf-compilers/x86_64-conda-linux-gnu/sysroot --with-native-system-header-dir=/usr/include --with-gxx-include-dir=/home/task_177920891980694/croot/gcc_compilers_1779209350299/_h_env_placehold_placehold_placehold_placehold_placehold_placehold_placehold_placehold_placehold_placehold_placehold_placehold_placehold_placehold_placehold_placehold_placehold_placehold_placeho/lib/gcc/x86_64-conda-linux-gnu/15.2.0/include/c++ --enable-libsanitizer --enable-default-pie --enable-threads=posix
Thread model: posix
Supported LTO compression algorithms: zlib
gcc version 15.2.0 (GCC) 
COMPILER_PATH=/home/shaashwat/miniconda3/bin/../libexec/gcc/x86_64-conda-linux-gnu/15.2.0/:/home/shaashwat/miniconda3/bin/../libexec/gcc/:/home/shaashwat/miniconda3/bin/../lib/gcc/x86_64-conda-linux-gnu/15.2.0/../../../../x86_64-conda-linux-gnu/bin/
LIBRARY_PATH=/home/shaashwat/miniconda3/bin/../lib/gcc/x86_64-conda-linux-gnu/15.2.0/:/home/shaashwat/miniconda3/bin/../lib/gcc/:/home/shaashwat/miniconda3/bin/../lib/gcc/x86_64-conda-linux-gnu/15.2.0/../../../../x86_64-conda-linux-gnu/lib/../lib/:/home/shaashwat/miniconda3/bin/../lib/gcc/x86_64-conda-linux-gnu/15.2.0/../../../../lib/:/home/shaashwat/miniconda3/bin/../x86_64-conda-linux-gnu/sysroot/lib/../lib/:/home/shaashwat/miniconda3/bin/../x86_64-conda-linux-gnu/sysroot/usr/lib/../lib/:/home/shaashwat/miniconda3/bin/../lib/gcc/x86_64-conda-linux-gnu/15.2.0/../../../../x86_64-conda-linux-gnu/lib/:/home/shaashwat/miniconda3/bin/../lib/gcc/x86_64-conda-linux-gnu/15.2.0/../../../:/home/shaashwat/miniconda3/bin/../x86_64-conda-linux-gnu/sysroot/lib/:/home/shaashwat/miniconda3/bin/../x86_64-conda-linux-gnu/sysroot/usr/lib/
COLLECT_GCC_OPTIONS='-L/home/shaashwat/miniconda3/lib' '-L/home/shaashwat/miniconda3/targets/x86_64-linux/lib' '-L/home/shaashwat/miniconda3/targets/x86_64-linux/lib/stubs' '-v' '-o' 'cmTC_a1ad9' '-L/home/shaashwat/miniconda3/targets/x86_64-linux/lib/stubs' '-L/home/shaashwat/miniconda3/targets/x86_64-linux/lib' '-shared-libgcc' '-mtune=generic' '-march=x86-64' '-dumpdir' 'cmTC_a1ad9.'
 /home/shaashwat/miniconda3/bin/../libexec/gcc/x86_64-conda-linux-gnu/15.2.0/collect2 -disable-new-dtags -plugin /home/shaashwat/miniconda3/bin/../libexec/gcc/x86_64-conda-linux-gnu/15.2.0/liblto_plugin.so -plugin-opt=/home/shaashwat/miniconda3/bin/../libexec/gcc/x86_64-conda-linux-gnu/15.2.0/lto-wrapper -plugin-opt=-fresolution=/tmp/cc7rhUms.res -plugin-opt=-pass-through=-lgcc_s -plugin-opt=-pass-through=-lgcc -plugin-opt=-pass-through=-lc -plugin-opt=-pass-through=-lgcc_s -plugin-opt=-pass-through=-lgcc --sysroot=/home/shaashwat/miniconda3/bin/../x86_64-conda-linux-gnu/sysroot --eh-frame-hdr -m elf_x86_64 -dynamic-linker /lib64/ld-linux-x86-64.so.2 -pie -o cmTC_a1ad9 /home/shaashwat/miniconda3/bin/../x86_64-conda-linux-gnu/sysroot/usr/lib/../lib/Scrt1.o /home/shaashwat/miniconda3/bin/../x86_64-conda-linux-gnu/sysroot/usr/lib/../lib/crti.o /home/shaashwat/miniconda3/bin/../lib/gcc/x86_64-conda-linux-gnu/15.2.0/crtbeginS.o -L/home/shaashwat/miniconda3/lib -L/home/shaashwat/miniconda3/targets/x86_64-linux/lib -L/home/shaashwat/miniconda3/targets/x86_64-linux/lib/stubs -L/home/shaashwat/miniconda3/targets/x86_64-linux/lib/stubs -L/home/shaashwat/miniconda3/targets/x86_64-linux/lib -L/home/shaashwat/miniconda3/bin/../lib/gcc/x86_64-conda-linux-gnu/15.2.0 -L/home/shaashwat/miniconda3/bin/../lib/gcc -L/home/shaashwat/miniconda3/bin/../lib/gcc/x86_64-conda-linux-gnu/15.2.0/../../../../x86_64-conda-linux-gnu/lib/../lib -L/home/shaashwat/miniconda3/bin/../lib/gcc/x86_64-conda-linux-gnu/15.2.0/../../../../lib -L/home/shaashwat/miniconda3/bin/../x86_64-conda-linux-gnu/sysroot/lib/../lib -L/home/shaashwat/miniconda3/bin/../x86_64-conda-linux-gnu/sysroot/usr/lib/../lib -L/home/shaashwat/miniconda3/bin/../lib/gcc/x86_64-conda-linux-gnu/15.2.0/../../../../x86_64-conda-linux-gnu/lib -L/home/shaashwat/miniconda3/bin/../lib/gcc/x86_64-conda-linux-gnu/15.2.0/../../.. -L/home/shaashwat/miniconda3/bin/../x86_64-conda-linux-gnu/sysroot/lib -L/home/shaashwat/miniconda3/bin/../x86_64-conda-linux-gnu/sysroot/usr/lib -O2 --sort-common --as-needed -z relro -z now --disable-new-dtags --gc-sections -rpath /home/shaashwat/miniconda3/lib -rpath-link /home/shaashwat/miniconda3/lib CMakeFiles/cmTC_a1ad9.dir/CMakeCUDACompilerABI.cu.o -lcudadevrt -lcudart_static -lrt -lpthread -ldl -lstdc++ -lm -lgcc_s -lgcc -lc -lgcc_s -lgcc /home/shaashwat/miniconda3/bin/../lib/gcc/x86_64-conda-linux-gnu/15.2.0/crtendS.o /home/shaashwat/miniconda3/bin/../x86_64-conda-linux-gnu/sysroot/usr/lib/../lib/crtn.o -rpath /home/shaashwat/miniconda3/lib -rpath-link /home/shaashwat/miniconda3/lib -L /home/shaashwat/miniconda3/lib/stubs -L /home/shaashwat/miniconda3/lib
COLLECT_GCC_OPTIONS='-L/home/shaashwat/miniconda3/lib' '-L/home/shaashwat/miniconda3/targets/x86_64-linux/lib' '-L/home/shaashwat/miniconda3/targets/x86_64-linux/lib/stubs' '-v' '-o' 'cmTC_a1ad9' '-L/home/shaashwat/miniconda3/targets/x86_64-linux/lib/stubs' '-L/home/shaashwat/miniconda3/targets/x86_64-linux/lib' '-shared-libgcc' '-mtune=generic' '-march=x86-64' '-dumpdir' 'cmTC_a1ad9.'
gmake[1]: Leaving directory '/home/shaashwat/Desktop/bernasconi-krylov/build/CMakeFiles/CMakeTmp'



Parsed CUDA implicit include dir info from above output: rv=done
  found start of include info
  found start of implicit include info
    add: [/home/shaashwat/miniconda3/bin/../targets/x86_64-linux/include]
    add: [/home/shaashwat/miniconda3/bin/../targets/x86_64-linux/include/cccl]
    add: [/home/shaashwat/miniconda3/bin/../lib/gcc/x86_64-conda-linux-gnu/15.2.0/include/c++]
    add: [/home/shaashwat/miniconda3/bin/../lib/gcc/x86_64-conda-linux-gnu/15.2.0/include/c++/x86_64-conda-linux-gnu]
    add: [/home/shaashwat/miniconda3/bin/../lib/gcc/x86_64-conda-linux-gnu/15.2.0/include/c++/backward]
    add: [/home/shaashwat/miniconda3/bin/../lib/gcc/x86_64-conda-linux-gnu/15.2.0/include]
    add: [/home/shaashwat/miniconda3/bin/../lib/gcc/x86_64-conda-linux-gnu/15.2.0/include-fixed]
    add: [/home/shaashwat/miniconda3/bin/../x86_64-conda-linux-gnu/sysroot/usr/include]
    add: [/home/shaashwat/miniconda3/include]
  end of search list found
  collapse include dir [/home/shaashwat/miniconda3/bin/../targets/x86_64-linux/include] ==> [/home/shaashwat/miniconda3/targets/x86_64-linux/include]
  collapse include dir [/home/shaashwat/miniconda3/bin/../targets/x86_64-linux/include/cccl] ==> [/home/shaashwat/miniconda3/targets/x86_64-linux/include/cccl]
  collapse include dir [/home/shaashwat/miniconda3/bin/../lib/gcc/x86_64-conda-linux-gnu/15.2.0/include/c++] ==> [/home/shaashwat/miniconda3/lib/gcc/x86_64-conda-linux-gnu/15.2.0/include/c++]
  collapse include dir [/home/shaashwat/miniconda3/bin/../lib/gcc/x86_64-conda-linux-gnu/15.2.0/include/c++/x86_64-conda-linux-gnu] ==> [/home/shaashwat/miniconda3/lib/gcc/x86_64-conda-linux-gnu/15.2.0/include/c++/x86_64-conda-linux-gnu]
  collapse include dir [/home/shaashwat/miniconda3/bin/../lib/gcc/x86_64-conda-linux-gnu/15.2.0/include/c++/backward] ==> [/home/shaashwat/miniconda3/lib/gcc/x86_64-conda-linux-gnu/15.2.0/include/c++/backward]
  collapse include dir [/home/shaashwat/miniconda3/bin/../lib/gcc/x86_64-conda-linux-gnu/15.2.0/include] ==> [/home/shaashwat/miniconda3/lib/gcc/x86_64-conda-linux-gnu/15.2.0/include]
  collapse include dir [/home/shaashwat/miniconda3/bin/../lib/gcc/x86_64-conda-linux-gnu/15.2.0/include-fixed] ==> [/home/shaashwat/miniconda3/lib/gcc/x86_64-conda-linux-gnu/15.2.0/include-fixed]
  collapse include dir [/home/shaashwat/miniconda3/bin/../x86_64-conda-linux-gnu/sysroot/usr/include] ==> [/home/shaashwat/miniconda3/x86_64-conda-linux-gnu/sysroot/usr/include]
  collapse include dir [/home/shaashwat/miniconda3/include] ==> [/home/shaashwat/miniconda3/include]
  implicit include dirs: [/home/shaashwat/miniconda3/targets/x86_64-linux/include;/home/shaashwat/miniconda3/targets/x86_64-linux/include/cccl;/home/shaashwat/miniconda3/lib/gcc/x86_64-conda-linux-gnu/15.2.0/include/c++;/home/shaashwat/miniconda3/lib/gcc/x86_64-conda-linux-gnu/15.2.0/include/c++/x86_64-conda-linux-gnu;/home/shaashwat/miniconda3/lib/gcc/x86_64-conda-linux-gnu/15.2.0/include/c++/backward;/home/shaashwat/miniconda3/lib/gcc/x86_64-conda-linux-gnu/15.2.0/include;/home/shaashwat/miniconda3/lib/gcc/x86_64-conda-linux-gnu/15.2.0/include-fixed;/home/shaashwat/miniconda3/x86_64-conda-linux-gnu/sysroot/usr/include;/home/shaashwat/miniconda3/include]


Parsed CUDA implicit link information from above output:
  link line regex: [^( *|.*[/\])(x86_64-conda-linux-gnu-ld|CMAKE_LINK_STARTFILE-NOTFOUND|([^/\]+-)?ld|collect2)[^/\]*( |$)]
  ignore line: [Change Dir: /home/shaashwat/Desktop/bernasconi-krylov/build/CMakeFiles/CMakeTmp]
  ignore line: []
  ignore line: [Run Build Command(s):/usr/bin/gmake -f Makefile cmTC_a1ad9/fast && /usr/bin/gmake  -f CMakeFiles/cmTC_a1ad9.dir/build.make CMakeFiles/cmTC_a1ad9.dir/build]
  ignore line: [gmake[1]: Entering directory '/home/shaashwat/Desktop/bernasconi-krylov/build/CMakeFiles/CMakeTmp']
  ignore line: [Building CUDA object CMakeFiles/cmTC_a1ad9.dir/CMakeCUDACompilerABI.cu.o]
  ignore line: [/home/shaashwat/miniconda3/bin/nvcc -forward-unknown-to-host-compiler   --generate-code=arch=compute_75 code=[compute_75 sm_75]   -Xcompiler=-v -MD -MT CMakeFiles/cmTC_a1ad9.dir/CMakeCUDACompilerABI.cu.o -MF CMakeFiles/cmTC_a1ad9.dir/CMakeCUDACompilerABI.cu.o.d -x cu -c /usr/share/cmake-3.22/Modules/CMakeCUDACompilerABI.cu -o CMakeFiles/cmTC_a1ad9.dir/CMakeCUDACompilerABI.cu.o]
  ignore line: [Reading specs from /home/shaashwat/miniconda3/bin/../lib/gcc/x86_64-conda-linux-gnu/15.2.0/specs]
  ignore line: [Reading specs from /home/shaashwat/miniconda3/bin/../lib/gcc/x86_64-conda-linux-gnu/15.2.0/conda.specs]
  ignore line: [COLLECT_GCC=/home/shaashwat/miniconda3/bin/x86_64-conda-linux-gnu-c++]
  ignore line: [Target: x86_64-conda-linux-gnu]
  ignore line: [Configured with: ../configure --prefix=/home/task_177920891980694/croot/gcc_compilers_1779209350299/_h_env_placehold_placehold_placehold_placehold_placehold_placehold_placehold_placehold_placehold_placehold_placehold_placehold_placehold_placehold_placehold_placehold_placehold_placehold_placeho --with-slibdir=/home/task_177920891980694/croot/gcc_compilers_1779209350299/_h_env_placehold_placehold_placehold_placehold_placehold_placehold_placehold_placehold_placehold_placehold_placehold_placehold_placehold_placehold_placehold_placehold_placehold_placehold_placeho/lib --libdir=/home/task_177920891980694/croot/gcc_compilers_1779209350299/_h_env_placehold_placehold_placehold_placehold_placehold_placehold_placehold_placehold_placehold_placehold_placehold_placehold_placehold_placehold_placehold_placehold_placehold_placehold_placeho/lib --mandir=/home/task_177920891980694/croot/gcc_compilers_1779209350299/_h_env_placehold_placehold_placehold_placehold_placehold_placehold_placehold_placehold_placehold_placehold_placehold_placehold_placehold_placehold_placehold_placehold_placehold_placehold_placeho/man --build=x86_64-conda-linux-gnu --host=x86_64-conda-linux-gnu --target=x86_64-conda-linux-gnu --enable-languages=c c++ fortran objc obj-c++ --enable-__cxa_atexit --disable-libmudflap --enable-libgomp --disable-libssp --enable-libquadmath --enable-libquadmath-support --enable-lto --enable-target-optspace --enable-plugin --enable-gold --disable-nls --disable-multilib --enable-long-long --with-sysroot=/home/task_177920891980694/croot/gcc_compilers_1779209350299/_h_env_placehold_placehold_placehold_placehold_placehold_placehold_placehold_placehold_placehold_placehold_placehold_placehold_placehold_placehold_placehold_placehold_placehold_placehold_placeho/x86_64-conda-linux-gnu/sysroot --with-build-sysroot=/home/task_177920891980694/croot/gcc_compilers_1779209350299/work/cf-compilers/x86_64-conda-linux-gnu/sysroot --with-native-system-header-dir=/usr/include --with-gxx-include-dir=/home/task_177920891980694/croot/gcc_compilers_1779209350299/_h_env_placehold_placehold_placehold_placehold_placehold_placehold_placehold_placehold_placehold_placehold_placehold_placehold_placehold_placehold_placehold_placehold_placehold_placehold_placeho/lib/gcc/x86_64-conda-linux-gnu/15.2.0/include/c++ --enable-libsanitizer --enable-default-pie --enable-threads=posix]
  ignore line: [Thread model: posix]
  ignore line: [Supported LTO compression algorithms: zlib]
  ignore line: [gcc version 15.2.0 (GCC) ]
  ignore line: [COLLECT_GCC_OPTIONS='-D' '__CUDA_ARCH__=750' '-D' '__CUDA_ARCH_LIST__=750' '-E' '-D' 'CUDA_DOUBLE_MATH_FUNCTIONS' '-D' '__CUDACC__' '-D' '__NVCC__' '-v' '-I' '/home/shaashwat/miniconda3/bin/../targets/x86_64-linux/include' '-isystem' '/home/shaashwat/miniconda3/bin/../targets/x86_64-linux/include/cccl' '-D' '__CUDACC_VER_MAJOR__=13' '-D' '__CUDACC_VER_MINOR__=3' '-D' '__CUDACC_VER_BUILD__=73' '-D' '__CUDA_API_VER_MAJOR__=13' '-D' '__CUDA_API_VER_MINOR__=3' '-D' '__NVCC_DIAG_PRAGMA_SUPPORT__=1' '-D' '__CUDACC_DEVICE_ATOMIC_BUILTINS__=1' '-include' 'cuda_runtime.h' '-m64' '-o' '/tmp/tmpxft_00036660_00000000-7_CMakeCUDACompilerABI.cpp1.ii' '-shared-libgcc' '-mtune=generic' '-march=x86-64' '-dumpdir' '/tmp/']
  ignore line: [ /home/shaashwat/miniconda3/bin/../libexec/gcc/x86_64-conda-linux-gnu/15.2.0/cc1plus -E -quiet -v -I /home/shaashwat/miniconda3/bin/../targets/x86_64-linux/include -iprefix /home/shaashwat/miniconda3/bin/../lib/gcc/x86_64-conda-linux-gnu/15.2.0/ -isysroot /home/shaashwat/miniconda3/bin/../x86_64-conda-linux-gnu/sysroot -D_GNU_SOURCE -D __CUDA_ARCH__=750 -D __CUDA_ARCH_LIST__=750 -D CUDA_DOUBLE_MATH_FUNCTIONS -D __CUDACC__ -D __NVCC__ -D __CUDACC_VER_MAJOR__=13 -D __CUDACC_VER_MINOR__=3 -D __CUDACC_VER_BUILD__=73 -D __CUDA_API_VER_MAJOR__=13 -D __CUDA_API_VER_MINOR__=3 -D __NVCC_DIAG_PRAGMA_SUPPORT__=1 -D __CUDACC_DEVICE_ATOMIC_BUILTINS__=1 -isystem /home/shaashwat/miniconda3/bin/../targets/x86_64-linux/include/cccl -include cuda_runtime.h /usr/share/cmake-3.22/Modules/CMakeCUDACompilerABI.cu -o /tmp/tmpxft_00036660_00000000-7_CMakeCUDACompilerABI.cpp1.ii -m64 -mtune=generic -march=x86-64 -idirafter /home/shaashwat/miniconda3/include -dumpdir /tmp/ -dumpbase tmpxft_00036660_00000000-7_CMakeCUDACompilerABI.cpp1.cu -dumpbase-ext .cu]
  ignore line: [ignoring nonexistent directory "/home/shaashwat/miniconda3/bin/../lib/gcc/x86_64-conda-linux-gnu/15.2.0/../../../../x86_64-conda-linux-gnu/include"]
  ignore line: [ignoring duplicate directory "/home/shaashwat/miniconda3/bin/../lib/gcc/../../lib/gcc/x86_64-conda-linux-gnu/15.2.0/include/c++"]
  ignore line: [ignoring duplicate directory "/home/shaashwat/miniconda3/bin/../lib/gcc/../../lib/gcc/x86_64-conda-linux-gnu/15.2.0/include/c++/x86_64-conda-linux-gnu"]
  ignore line: [ignoring duplicate directory "/home/shaashwat/miniconda3/bin/../lib/gcc/../../lib/gcc/x86_64-conda-linux-gnu/15.2.0/include/c++/backward"]
  ignore line: [ignoring duplicate directory "/home/shaashwat/miniconda3/bin/../lib/gcc/../../lib/gcc/x86_64-conda-linux-gnu/15.2.0/include"]
  ignore line: [ignoring nonexistent directory "/home/shaashwat/miniconda3/bin/../x86_64-conda-linux-gnu/sysroot/usr/local/include"]
  ignore line: [ignoring duplicate directory "/home/shaashwat/miniconda3/bin/../lib/gcc/../../lib/gcc/x86_64-conda-linux-gnu/15.2.0/include-fixed"]
  ignore line: [ignoring nonexistent directory "/home/shaashwat/miniconda3/bin/../lib/gcc/../../lib/gcc/x86_64-conda-linux-gnu/15.2.0/../../../../x86_64-conda-linux-gnu/include"]
  ignore line: [#include "..." search starts here:]
  ignore line: [#include <...> search starts here:]
  ignore line: [ /home/shaashwat/miniconda3/bin/../targets/x86_64-linux/include]
  ignore line: [ /home/shaashwat/miniconda3/bin/../targets/x86_64-linux/include/cccl]
  ignore line: [ /home/shaashwat/miniconda3/bin/../lib/gcc/x86_64-conda-linux-gnu/15.2.0/include/c++]
  ignore line: [ /home/shaashwat/miniconda3/bin/../lib/gcc/x86_64-conda-linux-gnu/15.2.0/include/c++/x86_64-conda-linux-gnu]
  ignore line: [ /home/shaashwat/miniconda3/bin/../lib/gcc/x86_64-conda-linux-gnu/15.2.0/include/c++/backward]
  ignore line: [ /home/shaashwat/miniconda3/bin/../lib/gcc/x86_64-conda-linux-gnu/15.2.0/include]
  ignore line: [ /home/shaashwat/miniconda3/bin/../lib/gcc/x86_64-conda-linux-gnu/15.2.0/include-fixed]
  ignore line: [ /home/shaashwat/miniconda3/bin/../x86_64-conda-linux-gnu/sysroot/usr/include]
  ignore line: [ /home/shaashwat/miniconda3/include]
  ignore line: [End of search list.]
  ignore line: [COMPILER_PATH=/home/shaashwat/miniconda3/bin/../libexec/gcc/x86_64-conda-linux-gnu/15.2.0/:/home/shaashwat/miniconda3/bin/../libexec/gcc/:/home/shaashwat/miniconda3/bin/../lib/gcc/x86_64-conda-linux-gnu/15.2.0/../../../../x86_64-conda-linux-gnu/bin/]
  ignore line: [LIBRARY_PATH=/home/shaashwat/miniconda3/bin/../lib/gcc/x86_64-conda-linux-gnu/15.2.0/:/home/shaashwat/miniconda3/bin/../lib/gcc/:/home/shaashwat/miniconda3/bin/../lib/gcc/x86_64-conda-linux-gnu/15.2.0/../../../../x86_64-conda-linux-gnu/lib/../lib/:/home/shaashwat/miniconda3/bin/../lib/gcc/x86_64-conda-linux-gnu/15.2.0/../../../../lib/:/home/shaashwat/miniconda3/bin/../x86_64-conda-linux-gnu/sysroot/lib/../lib/:/home/shaashwat/miniconda3/bin/../x86_64-conda-linux-gnu/sysroot/usr/lib/../lib/:/home/shaashwat/miniconda3/bin/../lib/gcc/x86_64-conda-linux-gnu/15.2.0/../../../../x86_64-conda-linux-gnu/lib/:/home/shaashwat/miniconda3/bin/../lib/gcc/x86_64-conda-linux-gnu/15.2.0/../../../:/home/shaashwat/miniconda3/bin/../x86_64-conda-linux-gnu/sysroot/lib/:/home/shaashwat/miniconda3/bin/../x86_64-conda-linux-gnu/sysroot/usr/lib/]
  ignore line: [COLLECT_GCC_OPTIONS='-D' '__CUDA_ARCH__=750' '-D' '__CUDA_ARCH_LIST__=750' '-E' '-D' 'CUDA_DOUBLE_MATH_FUNCTIONS' '-D' '__CUDACC__' '-D' '__NVCC__' '-v' '-I' '/home/shaashwat/miniconda3/bin/../targets/x86_64-linux/include' '-isystem' '/home/shaashwat/miniconda3/bin/../targets/x86_64-linux/include/cccl' '-D' '__CUDACC_VER_MAJOR__=13' '-D' '__CUDACC_VER_MINOR__=3' '-D' '__CUDACC_VER_BUILD__=73' '-D' '__CUDA_API_VER_MAJOR__=13' '-D' '__CUDA_API_VER_MINOR__=3' '-D' '__NVCC_DIAG_PRAGMA_SUPPORT__=1' '-D' '__CUDACC_DEVICE_ATOMIC_BUILTINS__=1' '-include' 'cuda_runtime.h' '-m64' '-o' '/tmp/tmpxft_00036660_00000000-7_CMakeCUDACompilerABI.cpp1.ii' '-shared-libgcc' '-mtune=generic' '-march=x86-64' '-dumpdir' '/tmp/tmpxft_00036660_00000000-7_CMakeCUDACompilerABI.cpp1.']
  ignore line: [Reading specs from /home/shaashwat/miniconda3/bin/../lib/gcc/x86_64-conda-linux-gnu/15.2.0/specs]
  ignore line: [Reading specs from /home/shaashwat/miniconda3/bin/../lib/gcc/x86_64-conda-linux-gnu/15.2.0/conda.specs]
  ignore line: [COLLECT_GCC=/home/shaashwat/miniconda3/bin/x86_64-conda-linux-gnu-c++]
  ignore line: [Target: x86_64-conda-linux-gnu]
  ignore line: [Configured with: ../configure --prefix=/home/task_177920891980694/croot/gcc_compilers_1779209350299/_h_env_placehold_placehold_placehold_placehold_placehold_placehold_placehold_placehold_placehold_placehold_placehold_placehold_placehold_placehold_placehold_placehold_placehold_placehold_placeho --with-slibdir=/home/task_177920891980694/croot/gcc_compilers_1779209350299/_h_env_placehold_placehold_placehold_placehold_placehold_placehold_placehold_placehold_placehold_placehold_placehold_placehold_placehold_placehold_placehold_placehold_placehold_placehold_placeho/lib --libdir=/home/task_177920891980694/croot/gcc_compilers_1779209350299/_h_env_placehold_placehold_placehold_placehold_placehold_placehold_placehold_placehold_placehold_placehold_placehold_placehold_placehold_placehold_placehold_placehold_placehold_placehold_placeho/lib --mandir=/home/task_177920891980694/croot/gcc_compilers_1779209350299/_h_env_placehold_placehold_placehold_placehold_placehold_placehold_placehold_placehold_placehold_placehold_placehold_placehold_placehold_placehold_placehold_placehold_placehold_placehold_placeho/man --build=x86_64-conda-linux-gnu --host=x86_64-conda-linux-gnu --target=x86_64-conda-linux-gnu --enable-languages=c c++ fortran objc obj-c++ --enable-__cxa_atexit --disable-libmudflap --enable-libgomp --disable-libssp --enable-libquadmath --enable-libquadmath-support --enable-lto --enable-target-optspace --enable-plugin --enable-gold --disable-nls --disable-multilib --enable-long-long --with-sysroot=/home/task_177920891980694/croot/gcc_compilers_1779209350299/_h_env_placehold_placehold_placehold_placehold_placehold_placehold_placehold_placehold_placehold_placehold_placehold_placehold_placehold_placehold_placehold_placehold_placehold_placehold_placeho/x86_64-conda-linux-gnu/sysroot --with-build-sysroot=/home/task_177920891980694/croot/gcc_compilers_1779209350299/work/cf-compilers/x86_64-conda-linux-gnu/sysroot --with-native-system-header-dir=/usr/include --with-gxx-include-dir=/home/task_177920891980694/croot/gcc_compilers_1779209350299/_h_env_placehold_placehold_placehold_placehold_placehold_placehold_placehold_placehold_placehold_placehold_placehold_placehold_placehold_placehold_placehold_placehold_placehold_placehold_placeho/lib/gcc/x86_64-conda-linux-gnu/15.2.0/include/c++ --enable-libsanitizer --enable-default-pie --enable-threads=posix]
  ignore line: [Thread model: posix]
  ignore line: [Supported LTO compression algorithms: zlib]
  ignore line: [gcc version 15.2.0 (GCC) ]
  ignore line: [COLLECT_GCC_OPTIONS='-D' '__CUDA_ARCH_LIST__=750' '-E' '-D' '__CUDACC__' '-D' '__NVCC__' '-v' '-I' '/home/shaashwat/miniconda3/bin/../targets/x86_64-linux/include' '-isystem' '/home/shaashwat/miniconda3/bin/../targets/x86_64-linux/include/cccl' '-D' '__CUDACC_VER_MAJOR__=13' '-D' '__CUDACC_VER_MINOR__=3' '-D' '__CUDACC_VER_BUILD__=73' '-D' '__CUDA_API_VER_MAJOR__=13' '-D' '__CUDA_API_VER_MINOR__=3' '-D' '__NVCC_DIAG_PRAGMA_SUPPORT__=1' '-D' '__CUDACC_DEVICE_ATOMIC_BUILTINS__=1' '-include' 'cuda_runtime.h' '-m64' '-o' '/tmp/tmpxft_00036660_00000000-5_CMakeCUDACompilerABI.cpp4.ii' '-shared-libgcc' '-mtune=generic' '-march=x86-64' '-dumpdir' '/tmp/']
  ignore line: [ /home/shaashwat/miniconda3/bin/../libexec/gcc/x86_64-conda-linux-gnu/15.2.0/cc1plus -E -quiet -v -I /home/shaashwat/miniconda3/bin/../targets/x86_64-linux/include -iprefix /home/shaashwat/miniconda3/bin/../lib/gcc/x86_64-conda-linux-gnu/15.2.0/ -isysroot /home/shaashwat/miniconda3/bin/../x86_64-conda-linux-gnu/sysroot -D_GNU_SOURCE -D __CUDA_ARCH_LIST__=750 -D __CUDACC__ -D __NVCC__ -D __CUDACC_VER_MAJOR__=13 -D __CUDACC_VER_MINOR__=3 -D __CUDACC_VER_BUILD__=73 -D __CUDA_API_VER_MAJOR__=13 -D __CUDA_API_VER_MINOR__=3 -D __NVCC_DIAG_PRAGMA_SUPPORT__=1 -D __CUDACC_DEVICE_ATOMIC_BUILTINS__=1 -isystem /home/shaashwat/miniconda3/bin/../targets/x86_64-linux/include/cccl -include cuda_runtime.h /usr/share/cmake-3.22/Modules/CMakeCUDACompilerABI.cu -o /tmp/tmpxft_00036660_00000000-5_CMakeCUDACompilerABI.cpp4.ii -m64 -mtune=generic -march=x86-64 -idirafter /home/shaashwat/miniconda3/include -dumpdir /tmp/ -dumpbase tmpxft_00036660_00000000-5_CMakeCUDACompilerABI.cpp4.cu -dumpbase-ext .cu]
  ignore line: [ignoring nonexistent directory "/home/shaashwat/miniconda3/bin/../lib/gcc/x86_64-conda-linux-gnu/15.2.0/../../../../x86_64-conda-linux-gnu/include"]
  ignore line: [ignoring duplicate directory "/home/shaashwat/miniconda3/bin/../lib/gcc/../../lib/gcc/x86_64-conda-linux-gnu/15.2.0/include/c++"]
  ignore line: [ignoring duplicate directory "/home/shaashwat/miniconda3/bin/../lib/gcc/../../lib/gcc/x86_64-conda-linux-gnu/15.2.0/include/c++/x86_64-conda-linux-gnu"]
  ignore line: [ignoring duplicate directory "/home/shaashwat/miniconda3/bin/../lib/gcc/../../lib/gcc/x86_64-conda-linux-gnu/15.2.0/include/c++/backward"]
  ignore line: [ignoring duplicate directory "/home/shaashwat/miniconda3/bin/../lib/gcc/../../lib/gcc/x86_64-conda-linux-gnu/15.2.0/include"]
  ignore line: [ignoring nonexistent directory "/home/shaashwat/miniconda3/bin/../x86_64-conda-linux-gnu/sysroot/usr/local/include"]
  ignore line: [ignoring duplicate directory "/home/shaashwat/miniconda3/bin/../lib/gcc/../../lib/gcc/x86_64-conda-linux-gnu/15.2.0/include-fixed"]
  ignore line: [ignoring nonexistent directory "/home/shaashwat/miniconda3/bin/../lib/gcc/../../lib/gcc/x86_64-conda-linux-gnu/15.2.0/../../../../x86_64-conda-linux-gnu/include"]
  ignore line: [#include "..." search starts here:]
  ignore line: [#include <...> search starts here:]
  ignore line: [ /home/shaashwat/miniconda3/bin/../targets/x86_64-linux/include]
  ignore line: [ /home/shaashwat/miniconda3/bin/../targets/x86_64-linux/include/cccl]
  ignore line: [ /home/shaashwat/miniconda3/bin/../lib/gcc/x86_64-conda-linux-gnu/15.2.0/include/c++]
  ignore line: [ /home/shaashwat/miniconda3/bin/../lib/gcc/x86_64-conda-linux-gnu/15.2.0/include/c++/x86_64-conda-linux-gnu]
  ignore line: [ /home/shaashwat/miniconda3/bin/../lib/gcc/x86_64-conda-linux-gnu/15.2.0/include/c++/backward]
  ignore line: [ /home/shaashwat/miniconda3/bin/../lib/gcc/x86_64-conda-linux-gnu/15.2.0/include]
  ignore line: [ /home/shaashwat/miniconda3/bin/../lib/gcc/x86_64-conda-linux-gnu/15.2.0/include-fixed]
  ignore line: [ /home/shaashwat/miniconda3/bin/../x86_64-conda-linux-gnu/sysroot/usr/include]
  ignore line: [ /home/shaashwat/miniconda3/include]
  ignore line: [End of search list.]
  ignore line: [COMPILER_PATH=/home/shaashwat/miniconda3/bin/../libexec/gcc/x86_64-conda-linux-gnu/15.2.0/:/home/shaashwat/miniconda3/bin/../libexec/gcc/:/home/shaashwat/miniconda3/bin/../lib/gcc/x86_64-conda-linux-gnu/15.2.0/../../../../x86_64-conda-linux-gnu/bin/]
  ignore line: [LIBRARY_PATH=/home/shaashwat/miniconda3/bin/../lib/gcc/x86_64-conda-linux-gnu/15.2.0/:/home/shaashwat/miniconda3/bin/../lib/gcc/:/home/shaashwat/miniconda3/bin/../lib/gcc/x86_64-conda-linux-gnu/15.2.0/../../../../x86_64-conda-linux-gnu/lib/../lib/:/home/shaashwat/miniconda3/bin/../lib/gcc/x86_64-conda-linux-gnu/15.2.0/../../../../lib/:/home/shaashwat/miniconda3/bin/../x86_64-conda-linux-gnu/sysroot/lib/../lib/:/home/shaashwat/miniconda3/bin/../x86_64-conda-linux-gnu/sysroot/usr/lib/../lib/:/home/shaashwat/miniconda3/bin/../lib/gcc/x86_64-conda-linux-gnu/15.2.0/../../../../x86_64-conda-linux-gnu/lib/:/home/shaashwat/miniconda3/bin/../lib/gcc/x86_64-conda-linux-gnu/15.2.0/../../../:/home/shaashwat/miniconda3/bin/../x86_64-conda-linux-gnu/sysroot/lib/:/home/shaashwat/miniconda3/bin/../x86_64-conda-linux-gnu/sysroot/usr/lib/]
  ignore line: [COLLECT_GCC_OPTIONS='-D' '__CUDA_ARCH_LIST__=750' '-E' '-D' '__CUDACC__' '-D' '__NVCC__' '-v' '-I' '/home/shaashwat/miniconda3/bin/../targets/x86_64-linux/include' '-isystem' '/home/shaashwat/miniconda3/bin/../targets/x86_64-linux/include/cccl' '-D' '__CUDACC_VER_MAJOR__=13' '-D' '__CUDACC_VER_MINOR__=3' '-D' '__CUDACC_VER_BUILD__=73' '-D' '__CUDA_API_VER_MAJOR__=13' '-D' '__CUDA_API_VER_MINOR__=3' '-D' '__NVCC_DIAG_PRAGMA_SUPPORT__=1' '-D' '__CUDACC_DEVICE_ATOMIC_BUILTINS__=1' '-include' 'cuda_runtime.h' '-m64' '-o' '/tmp/tmpxft_00036660_00000000-5_CMakeCUDACompilerABI.cpp4.ii' '-shared-libgcc' '-mtune=generic' '-march=x86-64' '-dumpdir' '/tmp/tmpxft_00036660_00000000-5_CMakeCUDACompilerABI.cpp4.']
  ignore line: [Reading specs from /home/shaashwat/miniconda3/bin/../lib/gcc/x86_64-conda-linux-gnu/15.2.0/specs]
  ignore line: [Reading specs from /home/shaashwat/miniconda3/bin/../lib/gcc/x86_64-conda-linux-gnu/15.2.0/conda.specs]
  ignore line: [COLLECT_GCC=/home/shaashwat/miniconda3/bin/x86_64-conda-linux-gnu-c++]
  ignore line: [Target: x86_64-conda-linux-gnu]
  ignore line: [Configured with: ../configure --prefix=/home/task_177920891980694/croot/gcc_compilers_1779209350299/_h_env_placehold_placehold_placehold_placehold_placehold_placehold_placehold_placehold_placehold_placehold_placehold_placehold_placehold_placehold_placehold_placehold_placehold_placehold_placeho --with-slibdir=/home/task_177920891980694/croot/gcc_compilers_1779209350299/_h_env_placehold_placehold_placehold_placehold_placehold_placehold_placehold_placehold_placehold_placehold_placehold_placehold_placehold_placehold_placehold_placehold_placehold_placehold_placeho/lib --libdir=/home/task_177920891980694/croot/gcc_compilers_1779209350299/_h_env_placehold_placehold_placehold_placehold_placehold_placehold_placehold_placehold_placehold_placehold_placehold_placehold_placehold_placehold_placehold_placehold_placehold_placehold_placeho/lib --mandir=/home/task_177920891980694/croot/gcc_compilers_1779209350299/_h_env_placehold_placehold_placehold_placehold_placehold_placehold_placehold_placehold_placehold_placehold_placehold_placehold_placehold_placehold_placehold_placehold_placehold_placehold_placeho/man --build=x86_64-conda-linux-gnu --host=x86_64-conda-linux-gnu --target=x86_64-conda-linux-gnu --enable-languages=c c++ fortran objc obj-c++ --enable-__cxa_atexit --disable-libmudflap --enable-libgomp --disable-libssp --enable-libquadmath --enable-libquadmath-support --enable-lto --enable-target-optspace --enable-plugin --enable-gold --disable-nls --disable-multilib --enable-long-long --with-sysroot=/home/task_177920891980694/croot/gcc_compilers_1779209350299/_h_env_placehold_placehold_placehold_placehold_placehold_placehold_placehold_placehold_placehold_placehold_placehold_placehold_placehold_placehold_placehold_placehold_placehold_placehold_placeho/x86_64-conda-linux-gnu/sysroot --with-build-sysroot=/home/task_177920891980694/croot/gcc_compilers_1779209350299/work/cf-compilers/x86_64-conda-linux-gnu/sysroot --with-native-system-header-dir=/usr/include --with-gxx-include-dir=/home/task_177920891980694/croot/gcc_compilers_1779209350299/_h_env_placehold_placehold_placehold_placehold_placehold_placehold_placehold_placehold_placehold_placehold_placehold_placehold_placehold_placehold_placehold_placehold_placehold_placehold_placeho/lib/gcc/x86_64-conda-linux-gnu/15.2.0/include/c++ --enable-libsanitizer --enable-default-pie --enable-threads=posix]
  ignore line: [Thread model: posix]
  ignore line: [Supported LTO compression algorithms: zlib]
  ignore line: [gcc version 15.2.0 (GCC) ]
  ignore line: [COLLECT_GCC_OPTIONS='-D' '__CUDA_ARCH__=750' '-D' '__CUDA_ARCH_LIST__=750' '-c' '-D' 'CUDA_DOUBLE_MATH_FUNCTIONS' '-v' '-Wno-psabi' '-I' '/home/shaashwat/miniconda3/bin/../targets/x86_64-linux/include' '-isystem' '/home/shaashwat/miniconda3/bin/../targets/x86_64-linux/include/cccl' '-m64' '-o' 'CMakeFiles/cmTC_a1ad9.dir/CMakeCUDACompilerABI.cu.o' '-shared-libgcc' '-mtune=generic' '-march=x86-64' '-dumpdir' 'CMakeFiles/cmTC_a1ad9.dir/']
  ignore line: [ /home/shaashwat/miniconda3/bin/../libexec/gcc/x86_64-conda-linux-gnu/15.2.0/cc1plus -quiet -v -I /home/shaashwat/miniconda3/bin/../targets/x86_64-linux/include -iprefix /home/shaashwat/miniconda3/bin/../lib/gcc/x86_64-conda-linux-gnu/15.2.0/ -isysroot /home/shaashwat/miniconda3/bin/../x86_64-conda-linux-gnu/sysroot -D_GNU_SOURCE -D __CUDA_ARCH__=750 -D __CUDA_ARCH_LIST__=750 -D CUDA_DOUBLE_MATH_FUNCTIONS -isystem /home/shaashwat/miniconda3/bin/../targets/x86_64-linux/include/cccl /tmp/tmpxft_00036660_00000000-6_CMakeCUDACompilerABI.cudafe1.cpp -quiet -dumpdir CMakeFiles/cmTC_a1ad9.dir/ -dumpbase CMakeCUDACompilerABI.cu.cpp -dumpbase-ext .cpp -m64 -mtune=generic -march=x86-64 -Wno-psabi -version -idirafter /home/shaashwat/miniconda3/include -o /tmp/ccW6zYOF.s]
  ignore line: [GNU C++17 (GCC) version 15.2.0 (x86_64-conda-linux-gnu)]
  ignore line: [	compiled by GNU C version 15.2.0  GMP version 6.2.1  MPFR version 4.1.0  MPC version 1.2.1  isl version isl-0.24-GMP]
  ignore line: []
  ignore line: [GGC heuristics: --param ggc-min-expand=100 --param ggc-min-heapsize=131072]
  ignore line: [ignoring nonexistent directory "/home/shaashwat/miniconda3/bin/../lib/gcc/x86_64-conda-linux-gnu/15.2.0/../../../../x86_64-conda-linux-gnu/include"]
  ignore line: [ignoring duplicate directory "/home/shaashwat/miniconda3/bin/../lib/gcc/../../lib/gcc/x86_64-conda-linux-gnu/15.2.0/include/c++"]
  ignore line: [ignoring duplicate directory "/home/shaashwat/miniconda3/bin/../lib/gcc/../../lib/gcc/x86_64-conda-linux-gnu/15.2.0/include/c++/x86_64-conda-linux-gnu"]
  ignore line: [ignoring duplicate directory "/home/shaashwat/miniconda3/bin/../lib/gcc/../../lib/gcc/x86_64-conda-linux-gnu/15.2.0/include/c++/backward"]
  ignore line: [ignoring duplicate directory "/home/shaashwat/miniconda3/bin/../lib/gcc/../../lib/gcc/x86_64-conda-linux-gnu/15.2.0/include"]
  ignore line: [ignoring nonexistent directory "/home/shaashwat/miniconda3/bin/../x86_64-conda-linux-gnu/sysroot/usr/local/include"]
  ignore line: [ignoring duplicate directory "/home/shaashwat/miniconda3/bin/../lib/gcc/../../lib/gcc/x86_64-conda-linux-gnu/15.2.0/include-fixed"]
  ignore line: [ignoring nonexistent directory "/home/shaashwat/miniconda3/bin/../lib/gcc/../../lib/gcc/x86_64-conda-linux-gnu/15.2.0/../../../../x86_64-conda-linux-gnu/include"]
  ignore line: [#include "..." search starts here:]
  ignore line: [#include <...> search starts here:]
  ignore line: [ /home/shaashwat/miniconda3/bin/../targets/x86_64-linux/include]
  ignore line: [ /home/shaashwat/miniconda3/bin/../targets/x86_64-linux/include/cccl]
  ignore line: [ /home/shaashwat/miniconda3/bin/../lib/gcc/x86_64-conda-linux-gnu/15.2.0/include/c++]
  ignore line: [ /home/shaashwat/miniconda3/bin/../lib/gcc/x86_64-conda-linux-gnu/15.2.0/include/c++/x86_64-conda-linux-gnu]
  ignore line: [ /home/shaashwat/miniconda3/bin/../lib/gcc/x86_64-conda-linux-gnu/15.2.0/include/c++/backward]
  ignore line: [ /home/shaashwat/miniconda3/bin/../lib/gcc/x86_64-conda-linux-gnu/15.2.0/include]
  ignore line: [ /home/shaashwat/miniconda3/bin/../lib/gcc/x86_64-conda-linux-gnu/15.2.0/include-fixed]
  ignore line: [ /home/shaashwat/miniconda3/bin/../x86_64-conda-linux-gnu/sysroot/usr/include]
  ignore line: [ /home/shaashwat/miniconda3/include]
  ignore line: [End of search list.]
  ignore line: [Compiler executable checksum: fd798a7312aa9d5d420e3b730d0de8f5]
  ignore line: [COLLECT_GCC_OPTIONS='-D' '__CUDA_ARCH__=750' '-D' '__CUDA_ARCH_LIST__=750' '-c' '-D' 'CUDA_DOUBLE_MATH_FUNCTIONS' '-v' '-Wno-psabi' '-I' '/home/shaashwat/miniconda3/bin/../targets/x86_64-linux/include' '-isystem' '/home/shaashwat/miniconda3/bin/../targets/x86_64-linux/include/cccl' '-m64' '-o' 'CMakeFiles/cmTC_a1ad9.dir/CMakeCUDACompilerABI.cu.o' '-shared-libgcc' '-mtune=generic' '-march=x86-64' '-dumpdir' 'CMakeFiles/cmTC_a1ad9.dir/']
  ignore line: [ /home/shaashwat/miniconda3/bin/../lib/gcc/x86_64-conda-linux-gnu/15.2.0/../../../../x86_64-conda-linux-gnu/bin/as -v -I /home/shaashwat/miniconda3/bin/../targets/x86_64-linux/include --64 -o CMakeFiles/cmTC_a1ad9.dir/CMakeCUDACompilerABI.cu.o /tmp/ccW6zYOF.s]
  ignore line: [GNU assembler version 2.44 (x86_64-conda-linux-gnu) using BFD version (GNU Binutils) 2.44]
  ignore line: [COMPILER_PATH=/home/shaashwat/miniconda3/bin/../libexec/gcc/x86_64-conda-linux-gnu/15.2.0/:/home/shaashwat/miniconda3/bin/../libexec/gcc/:/home/shaashwat/miniconda3/bin/../lib/gcc/x86_64-conda-linux-gnu/15.2.0/../../../../x86_64-conda-linux-gnu/bin/]
  ignore line: [LIBRARY_PATH=/home/shaashwat/miniconda3/bin/../lib/gcc/x86_64-conda-linux-gnu/15.2.0/:/home/shaashwat/miniconda3/bin/../lib/gcc/:/home/shaashwat/miniconda3/bin/../lib/gcc/x86_64-conda-linux-gnu/15.2.0/../../../../x86_64-conda-linux-gnu/lib/../lib/:/home/shaashwat/miniconda3/bin/../lib/gcc/x86_64-conda-linux-gnu/15.2.0/../../../../lib/:/home/shaashwat/miniconda3/bin/../x86_64-conda-linux-gnu/sysroot/lib/../lib/:/home/shaashwat/miniconda3/bin/../x86_64-conda-linux-gnu/sysroot/usr/lib/../lib/:/home/shaashwat/miniconda3/bin/../lib/gcc/x86_64-conda-linux-gnu/15.2.0/../../../../x86_64-conda-linux-gnu/lib/:/home/shaashwat/miniconda3/bin/../lib/gcc/x86_64-conda-linux-gnu/15.2.0/../../../:/home/shaashwat/miniconda3/bin/../x86_64-conda-linux-gnu/sysroot/lib/:/home/shaashwat/miniconda3/bin/../x86_64-conda-linux-gnu/sysroot/usr/lib/]
  ignore line: [COLLECT_GCC_OPTIONS='-D' '__CUDA_ARCH__=750' '-D' '__CUDA_ARCH_LIST__=750' '-c' '-D' 'CUDA_DOUBLE_MATH_FUNCTIONS' '-v' '-Wno-psabi' '-I' '/home/shaashwat/miniconda3/bin/../targets/x86_64-linux/include' '-isystem' '/home/shaashwat/miniconda3/bin/../targets/x86_64-linux/include/cccl' '-m64' '-o' 'CMakeFiles/cmTC_a1ad9.dir/CMakeCUDACompilerABI.cu.o' '-shared-libgcc' '-mtune=generic' '-march=x86-64' '-dumpdir' 'CMakeFiles/cmTC_a1ad9.dir/CMakeCUDACompilerABI.cu.']
  ignore line: [Linking CUDA executable cmTC_a1ad9]
  ignore line: [/usr/bin/cmake -E cmake_link_script CMakeFiles/cmTC_a1ad9.dir/link.txt --verbose=1]
  ignore line: [/home/shaashwat/miniconda3/bin/x86_64-conda-linux-gnu-c++ -Wl,-O2 -Wl,--sort-common -Wl,--as-needed -Wl,-z,relro -Wl,-z,now -Wl,--disable-new-dtags -Wl,--gc-sections -Wl,-rpath,/home/shaashwat/miniconda3/lib -Wl,-rpath-link,/home/shaashwat/miniconda3/lib -L/home/shaashwat/miniconda3/lib  -L/home/shaashwat/miniconda3/targets/x86_64-linux/lib -L/home/shaashwat/miniconda3/targets/x86_64-linux/lib/stubs -v CMakeFiles/cmTC_a1ad9.dir/CMakeCUDACompilerABI.cu.o -o cmTC_a1ad9  -lcudadevrt -lcudart_static -lrt -lpthread -ldl  -L"/home/shaashwat/miniconda3/targets/x86_64-linux/lib/stubs" -L"/home/shaashwat/miniconda3/targets/x86_64-linux/lib"]
  ignore line: [Reading specs from /home/shaashwat/miniconda3/bin/../lib/gcc/x86_64-conda-linux-gnu/15.2.0/specs]
  ignore line: [Reading specs from /home/shaashwat/miniconda3/bin/../lib/gcc/x86_64-conda-linux-gnu/15.2.0/conda.specs]
  ignore line: [COLLECT_GCC=/home/shaashwat/miniconda3/bin/x86_64-conda-linux-gnu-c++]
  ignore line: [COLLECT_LTO_WRAPPER=/home/shaashwat/miniconda3/bin/../libexec/gcc/x86_64-conda-linux-gnu/15.2.0/lto-wrapper]
  ignore line: [Target: x86_64-conda-linux-gnu]
  ignore line: [Configured with: ../configure --prefix=/home/task_177920891980694/croot/gcc_compilers_1779209350299/_h_env_placehold_placehold_placehold_placehold_placehold_placehold_placehold_placehold_placehold_placehold_placehold_placehold_placehold_placehold_placehold_placehold_placehold_placehold_placeho --with-slibdir=/home/task_177920891980694/croot/gcc_compilers_1779209350299/_h_env_placehold_placehold_placehold_placehold_placehold_placehold_placehold_placehold_placehold_placehold_placehold_placehold_placehold_placehold_placehold_placehold_placehold_placehold_placeho/lib --libdir=/home/task_177920891980694/croot/gcc_compilers_1779209350299/_h_env_placehold_placehold_placehold_placehold_placehold_placehold_placehold_placehold_placehold_placehold_placehold_placehold_placehold_placehold_placehold_placehold_placehold_placehold_placeho/lib --mandir=/home/task_177920891980694/croot/gcc_compilers_1779209350299/_h_env_placehold_placehold_placehold_placehold_placehold_placehold_placehold_placehold_placehold_placehold_placehold_placehold_placehold_placehold_placehold_placehold_placehold_placehold_placeho/man --build=x86_64-conda-linux-gnu --host=x86_64-conda-linux-gnu --target=x86_64-conda-linux-gnu --enable-languages=c c++ fortran objc obj-c++ --enable-__cxa_atexit --disable-libmudflap --enable-libgomp --disable-libssp --enable-libquadmath --enable-libquadmath-support --enable-lto --enable-target-optspace --enable-plugin --enable-gold --disable-nls --disable-multilib --enable-long-long --with-sysroot=/home/task_177920891980694/croot/gcc_compilers_1779209350299/_h_env_placehold_placehold_placehold_placehold_placehold_placehold_placehold_placehold_placehold_placehold_placehold_placehold_placehold_placehold_placehold_placehold_placehold_placehold_placeho/x86_64-conda-linux-gnu/sysroot --with-build-sysroot=/home/task_177920891980694/croot/gcc_compilers_1779209350299/work/cf-compilers/x86_64-conda-linux-gnu/sysroot --with-native-system-header-dir=/usr/include --with-gxx-include-dir=/home/task_177920891980694/croot/gcc_compilers_1779209350299/_h_env_placehold_placehold_placehold_placehold_placehold_placehold_placehold_placehold_placehold_placehold_placehold_placehold_placehold_placehold_placehold_placehold_placehold_placehold_placeho/lib/gcc/x86_64-conda-linux-gnu/15.2.0/include/c++ --enable-libsanitizer --enable-default-pie --enable-threads=posix]
  ignore line: [Thread model: posix]
  ignore line: [Supported LTO compression algorithms: zlib]
  ignore line: [gcc version 15.2.0 (GCC) ]
  ignore line: [COMPILER_PATH=/home/shaashwat/miniconda3/bin/../libexec/gcc/x86_64-conda-linux-gnu/15.2.0/:/home/shaashwat/miniconda3/bin/../libexec/gcc/:/home/shaashwat/miniconda3/bin/../lib/gcc/x86_64-conda-linux-gnu/15.2.0/../../../../x86_64-conda-linux-gnu/bin/]
  ignore line: [LIBRARY_PATH=/home/shaashwat/miniconda3/bin/../lib/gcc/x86_64-conda-linux-gnu/15.2.0/:/home/shaashwat/miniconda3/bin/../lib/gcc/:/home/shaashwat/miniconda3/bin/../lib/gcc/x86_64-conda-linux-gnu/15.2.0/../../../../x86_64-conda-linux-gnu/lib/../lib/:/home/shaashwat/miniconda3/bin/../lib/gcc/x86_64-conda-linux-gnu/15.2.0/../../../../lib/:/home/shaashwat/miniconda3/bin/../x86_64-conda-linux-gnu/sysroot/lib/../lib/:/home/shaashwat/miniconda3/bin/../x86_64-conda-linux-gnu/sysroot/usr/lib/../lib/:/home/shaashwat/miniconda3/bin/../lib/gcc/x86_64-conda-linux-gnu/15.2.0/../../../../x86_64-conda-linux-gnu/lib/:/home/shaashwat/miniconda3/bin/../lib/gcc/x86_64-conda-linux-gnu/15.2.0/../../../:/home/shaashwat/miniconda3/bin/../x86_64-conda-linux-gnu/sysroot/lib/:/home/shaashwat/miniconda3/bin/../x86_64-conda-linux-gnu/sysroot/usr/lib/]
  ignore line: [COLLECT_GCC_OPTIONS='-L/home/shaashwat/miniconda3/lib' '-L/home/shaashwat/miniconda3/targets/x86_64-linux/lib' '-L/home/shaashwat/miniconda3/targets/x86_64-linux/lib/stubs' '-v' '-o' 'cmTC_a1ad9' '-L/home/shaashwat/miniconda3/targets/x86_64-linux/lib/stubs' '-L/home/shaashwat/miniconda3/targets/x86_64-linux/lib' '-shared-libgcc' '-mtune=generic' '-march=x86-64' '-dumpdir' 'cmTC_a1ad9.']
  link line: [ /home/shaashwat/miniconda3/bin/../libexec/gcc/x86_64-conda-linux-gnu/15.2.0/collect2 -disable-new-dtags -plugin /home/shaashwat/miniconda3/bin/../libexec/gcc/x86_64-conda-linux-gnu/15.2.0/liblto_plugin.so -plugin-opt=/home/shaashwat/miniconda3/bin/../libexec/gcc/x86_64-conda-linux-gnu/15.2.0/lto-wrapper -plugin-opt=-fresolution=/tmp/cc7rhUms.res -plugin-opt=-pass-through=-lgcc_s -plugin-opt=-pass-through=-lgcc -plugin-opt=-pass-through=-lc -plugin-opt=-pass-through=-lgcc_s -plugin-opt=-pass-through=-lgcc --sysroot=/home/shaashwat/miniconda3/bin/../x86_64-conda-linux-gnu/sysroot --eh-frame-hdr -m elf_x86_64 -dynamic-linker /lib64/ld-linux-x86-64.so.2 -pie -o cmTC_a1ad9 /home/shaashwat/miniconda3/bin/../x86_64-conda-linux-gnu/sysroot/usr/lib/../lib/Scrt1.o /home/shaashwat/miniconda3/bin/../x86_64-conda-linux-gnu/sysroot/usr/lib/../lib/crti.o /home/shaashwat/miniconda3/bin/../lib/gcc/x86_64-conda-linux-gnu/15.2.0/crtbeginS.o -L/home/shaashwat/miniconda3/lib -L/home/shaashwat/miniconda3/targets/x86_64-linux/lib -L/home/shaashwat/miniconda3/targets/x86_64-linux/lib/stubs -L/home/shaashwat/miniconda3/targets/x86_64-linux/lib/stubs -L/home/shaashwat/miniconda3/targets/x86_64-linux/lib -L/home/shaashwat/miniconda3/bin/../lib/gcc/x86_64-conda-linux-gnu/15.2.0 -L/home/shaashwat/miniconda3/bin/../lib/gcc -L/home/shaashwat/miniconda3/bin/../lib/gcc/x86_64-conda-linux-gnu/15.2.0/../../../../x86_64-conda-linux-gnu/lib/../lib -L/home/shaashwat/miniconda3/bin/../lib/gcc/x86_64-conda-linux-gnu/15.2.0/../../../../lib -L/home/shaashwat/miniconda3/bin/../x86_64-conda-linux-gnu/sysroot/lib/../lib -L/home/shaashwat/miniconda3/bin/../x86_64-conda-linux-gnu/sysroot/usr/lib/../lib -L/home/shaashwat/miniconda3/bin/../lib/gcc/x86_64-conda-linux-gnu/15.2.0/../../../../x86_64-conda-linux-gnu/lib -L/home/shaashwat/miniconda3/bin/../lib/gcc/x86_64-conda-linux-gnu/15.2.0/../../.. -L/home/shaashwat/miniconda3/bin/../x86_64-conda-linux-gnu/sysroot/lib -L/home/shaashwat/miniconda3/bin/../x86_64-conda-linux-gnu/sysroot/usr/lib -O2 --sort-common --as-needed -z relro -z now --disable-new-dtags --gc-sections -rpath /home/shaashwat/miniconda3/lib -rpath-link /home/shaashwat/miniconda3/lib CMakeFiles/cmTC_a1ad9.dir/CMakeCUDACompilerABI.cu.o -lcudadevrt -lcudart_static -lrt -lpthread -ldl -lstdc++ -lm -lgcc_s -lgcc -lc -lgcc_s -lgcc /home/shaashwat/miniconda3/bin/../lib/gcc/x86_64-conda-linux-gnu/15.2.0/crtendS.o /home/shaashwat/miniconda3/bin/../x86_64-conda-linux-gnu/sysroot/usr/lib/../lib/crtn.o -rpath /home/shaashwat/miniconda3/lib -rpath-link /home/shaashwat/miniconda3/lib -L /home/shaashwat/miniconda3/lib/stubs -L /home/shaashwat/miniconda3/lib]
    arg [/home/shaashwat/miniconda3/bin/../libexec/gcc/x86_64-conda-linux-gnu/15.2.0/collect2] ==> ignore
    arg [-disable-new-dtags] ==> ignore
    arg [-plugin] ==> ignore
    arg [/home/shaashwat/miniconda3/bin/../libexec/gcc/x86_64-conda-linux-gnu/15.2.0/liblto_plugin.so] ==> ignore
    arg [-plugin-opt=/home/shaashwat/miniconda3/bin/../libexec/gcc/x86_64-conda-linux-gnu/15.2.0/lto-wrapper] ==> ignore
    arg [-plugin-opt=-fresolution=/tmp/cc7rhUms.res] ==> ignore
    arg [-plugin-opt=-pass-through=-lgcc_s] ==> ignore
    arg [-plugin-opt=-pass-through=-lgcc] ==> ignore
    arg [-plugin-opt=-pass-through=-lc] ==> ignore
    arg [-plugin-opt=-pass-through=-lgcc_s] ==> ignore
    arg [-plugin-opt=-pass-through=-lgcc] ==> ignore
    arg [--sysroot=/home/shaashwat/miniconda3/bin/../x86_64-conda-linux-gnu/sysroot] ==> ignore
    arg [--eh-frame-hdr] ==> ignore
    arg [-m] ==> ignore
    arg [elf_x86_64] ==> ignore
    arg [-dynamic-linker] ==> ignore
    arg [/lib64/ld-linux-x86-64.so.2] ==> ignore
    arg [-pie] ==> ignore
    arg [-o] ==> ignore
    arg [cmTC_a1ad9] ==> ignore
    arg [/home/shaashwat/miniconda3/bin/../x86_64-conda-linux-gnu/sysroot/usr/lib/../lib/Scrt1.o] ==> obj [/home/shaashwat/miniconda3/bin/../x86_64-conda-linux-gnu/sysroot/usr/lib/../lib/Scrt1.o]
    arg [/home/shaashwat/miniconda3/bin/../x86_64-conda-linux-gnu/sysroot/usr/lib/../lib/crti.o] ==> obj [/home/shaashwat/miniconda3/bin/../x86_64-conda-linux-gnu/sysroot/usr/lib/../lib/crti.o]
    arg [/home/shaashwat/miniconda3/bin/../lib/gcc/x86_64-conda-linux-gnu/15.2.0/crtbeginS.o] ==> obj [/home/shaashwat/miniconda3/bin/../lib/gcc/x86_64-conda-linux-gnu/15.2.0/crtbeginS.o]
    arg [-L/home/shaashwat/miniconda3/lib] ==> dir [/home/shaashwat/miniconda3/lib]
    arg [-L/home/shaashwat/miniconda3/targets/x86_64-linux/lib] ==> dir [/home/shaashwat/miniconda3/targets/x86_64-linux/lib]
    arg [-L/home/shaashwat/miniconda3/targets/x86_64-linux/lib/stubs] ==> dir [/home/shaashwat/miniconda3/targets/x86_64-linux/lib/stubs]
    arg [-L/home/shaashwat/miniconda3/targets/x86_64-linux/lib/stubs] ==> dir [/home/shaashwat/miniconda3/targets/x86_64-linux/lib/stubs]
    arg [-L/home/shaashwat/miniconda3/targets/x86_64-linux/lib] ==> dir [/home/shaashwat/miniconda3/targets/x86_64-linux/lib]
    arg [-L/home/shaashwat/miniconda3/bin/../lib/gcc/x86_64-conda-linux-gnu/15.2.0] ==> dir [/home/shaashwat/miniconda3/bin/../lib/gcc/x86_64-conda-linux-gnu/15.2.0]
    arg [-L/home/shaashwat/miniconda3/bin/../lib/gcc] ==> dir [/home/shaashwat/miniconda3/bin/../lib/gcc]
    arg [-L/home/shaashwat/miniconda3/bin/../lib/gcc/x86_64-conda-linux-gnu/15.2.0/../../../../x86_64-conda-linux-gnu/lib/../lib] ==> dir [/home/shaashwat/miniconda3/bin/../lib/gcc/x86_64-conda-linux-gnu/15.2.0/../../../../x86_64-conda-linux-gnu/lib/../lib]
    arg [-L/home/shaashwat/miniconda3/bin/../lib/gcc/x86_64-conda-linux-gnu/15.2.0/../../../../lib] ==> dir [/home/shaashwat/miniconda3/bin/../lib/gcc/x86_64-conda-linux-gnu/15.2.0/../../../../lib]
    arg [-L/home/shaashwat/miniconda3/bin/../x86_64-conda-linux-gnu/sysroot/lib/../lib] ==> dir [/home/shaashwat/miniconda3/bin/../x86_64-conda-linux-gnu/sysroot/lib/../lib]
    arg [-L/home/shaashwat/miniconda3/bin/../x86_64-conda-linux-gnu/sysroot/usr/lib/../lib] ==> dir [/home/shaashwat/miniconda3/bin/../x86_64-conda-linux-gnu/sysroot/usr/lib/../lib]
    arg [-L/home/shaashwat/miniconda3/bin/../lib/gcc/x86_64-conda-linux-gnu/15.2.0/../../../../x86_64-conda-linux-gnu/lib] ==> dir [/home/shaashwat/miniconda3/bin/../lib/gcc/x86_64-conda-linux-gnu/15.2.0/../../../../x86_64-conda-linux-gnu/lib]
    arg [-L/home/shaashwat/miniconda3/bin/../lib/gcc/x86_64-conda-linux-gnu/15.2.0/../../..] ==> dir [/home/shaashwat/miniconda3/bin/../lib/gcc/x86_64-conda-linux-gnu/15.2.0/../../..]
    arg [-L/home/shaashwat/miniconda3/bin/../x86_64-conda-linux-gnu/sysroot/lib] ==> dir [/home/shaashwat/miniconda3/bin/../x86_64-conda-linux-gnu/sysroot/lib]
    arg [-L/home/shaashwat/miniconda3/bin/../x86_64-conda-linux-gnu/sysroot/usr/lib] ==> dir [/home/shaashwat/miniconda3/bin/../x86_64-conda-linux-gnu/sysroot/usr/lib]
    arg [-O2] ==> ignore
    arg [--sort-common] ==> ignore
    arg [--as-needed] ==> ignore
    arg [-zrelro] ==> ignore
    arg [-znow] ==> ignore
    arg [--disable-new-dtags] ==> ignore
    arg [--gc-sections] ==> ignore
    arg [-rpath] ==> ignore
    arg [/home/shaashwat/miniconda3/lib] ==> ignore
    arg [-rpath-link] ==> ignore
    arg [/home/shaashwat/miniconda3/lib] ==> ignore
    arg [CMakeFiles/cmTC_a1ad9.dir/CMakeCUDACompilerABI.cu.o] ==> ignore
    arg [-lcudadevrt] ==> lib [cudadevrt]
    arg [-lcudart_static] ==> lib [cudart_static]
    arg [-lrt] ==> lib [rt]
    arg [-lpthread] ==> lib [pthread]
    arg [-ldl] ==> lib [dl]
    arg [-lstdc++] ==> lib [stdc++]
    arg [-lm] ==> lib [m]
    arg [-lgcc_s] ==> lib [gcc_s]
    arg [-lgcc] ==> lib [gcc]
    arg [-lc] ==> lib [c]
    arg [-lgcc_s] ==> lib [gcc_s]
    arg [-lgcc] ==> lib [gcc]
    arg [/home/shaashwat/miniconda3/bin/../lib/gcc/x86_64-conda-linux-gnu/15.2.0/crtendS.o] ==> obj [/home/shaashwat/miniconda3/bin/../lib/gcc/x86_64-conda-linux-gnu/15.2.0/crtendS.o]
    arg [/home/shaashwat/miniconda3/bin/../x86_64-conda-linux-gnu/sysroot/usr/lib/../lib/crtn.o] ==> obj [/home/shaashwat/miniconda3/bin/../x86_64-conda-linux-gnu/sysroot/usr/lib/../lib/crtn.o]
    arg [-rpath] ==> ignore
    arg [/home/shaashwat/miniconda3/lib] ==> ignore
    arg [-rpath-link] ==> ignore
    arg [/home/shaashwat/miniconda3/lib] ==> ignore
    arg [-L/home/shaashwat/miniconda3/lib/stubs] ==> dir [/home/shaashwat/miniconda3/lib/stubs]
    arg [-L/home/shaashwat/miniconda3/lib] ==> dir [/home/shaashwat/miniconda3/lib]
  collapse obj [/home/shaashwat/miniconda3/bin/../x86_64-conda-linux-gnu/sysroot/usr/lib/../lib/Scrt1.o] ==> [/home/shaashwat/miniconda3/x86_64-conda-linux-gnu/sysroot/usr/lib/Scrt1.o]
  collapse obj [/home/shaashwat/miniconda3/bin/../x86_64-conda-linux-gnu/sysroot/usr/lib/../lib/crti.o] ==> [/home/shaashwat/miniconda3/x86_64-conda-linux-gnu/sysroot/usr/lib/crti.o]
  collapse obj [/home/shaashwat/miniconda3/bin/../lib/gcc/x86_64-conda-linux-gnu/15.2.0/crtbeginS.o] ==> [/home/shaashwat/miniconda3/lib/gcc/x86_64-conda-linux-gnu/15.2.0/crtbeginS.o]
  collapse obj [/home/shaashwat/miniconda3/bin/../lib/gcc/x86_64-conda-linux-gnu/15.2.0/crtendS.o] ==> [/home/shaashwat/miniconda3/lib/gcc/x86_64-conda-linux-gnu/15.2.0/crtendS.o]
  collapse obj [/home/shaashwat/miniconda3/bin/../x86_64-conda-linux-gnu/sysroot/usr/lib/../lib/crtn.o] ==> [/home/shaashwat/miniconda3/x86_64-conda-linux-gnu/sysroot/usr/lib/crtn.o]
  collapse library dir [/home/shaashwat/miniconda3/lib] ==> [/home/shaashwat/miniconda3/lib]
  collapse library dir [/home/shaashwat/miniconda3/targets/x86_64-linux/lib] ==> [/home/shaashwat/miniconda3/targets/x86_64-linux/lib]
  collapse library dir [/home/shaashwat/miniconda3/targets/x86_64-linux/lib/stubs] ==> [/home/shaashwat/miniconda3/targets/x86_64-linux/lib/stubs]
  collapse library dir [/home/shaashwat/miniconda3/targets/x86_64-linux/lib/stubs] ==> [/home/shaashwat/miniconda3/targets/x86_64-linux/lib/stubs]
  collapse library dir [/home/shaashwat/miniconda3/targets/x86_64-linux/lib] ==> [/home/shaashwat/miniconda3/targets/x86_64-linux/lib]
  collapse library dir [/home/shaashwat/miniconda3/bin/../lib/gcc/x86_64-conda-linux-gnu/15.2.0] ==> [/home/shaashwat/miniconda3/lib/gcc/x86_64-conda-linux-gnu/15.2.0]
  collapse library dir [/home/shaashwat/miniconda3/bin/../lib/gcc] ==> [/home/shaashwat/miniconda3/lib/gcc]
  collapse library dir [/home/shaashwat/miniconda3/bin/../lib/gcc/x86_64-conda-linux-gnu/15.2.0/../../../../x86_64-conda-linux-gnu/lib/../lib] ==> [/home/shaashwat/miniconda3/x86_64-conda-linux-gnu/lib]
  collapse library dir [/home/shaashwat/miniconda3/bin/../lib/gcc/x86_64-conda-linux-gnu/15.2.0/../../../../lib] ==> [/home/shaashwat/miniconda3/lib]
  collapse library dir [/home/shaashwat/miniconda3/bin/../x86_64-conda-linux-gnu/sysroot/lib/../lib] ==> [/home/shaashwat/miniconda3/x86_64-conda-linux-gnu/sysroot/lib]
  collapse library dir [/home/shaashwat/miniconda3/bin/../x86_64-conda-linux-gnu/sysroot/usr/lib/../lib] ==> [/home/shaashwat/miniconda3/x86_64-conda-linux-gnu/sysroot/usr/lib]
  collapse library dir [/home/shaashwat/miniconda3/bin/../lib/gcc/x86_64-conda-linux-gnu/15.2.0/../../../../x86_64-conda-linux-gnu/lib] ==> [/home/shaashwat/miniconda3/x86_64-conda-linux-gnu/lib]
  collapse library dir [/home/shaashwat/miniconda3/bin/../lib/gcc/x86_64-conda-linux-gnu/15.2.0/../../..] ==> [/home/shaashwat/miniconda3/lib]
  collapse library dir [/home/shaashwat/miniconda3/bin/../x86_64-conda-linux-gnu/sysroot/lib] ==> [/home/shaashwat/miniconda3/x86_64-conda-linux-gnu/sysroot/lib]
  collapse library dir [/home/shaashwat/miniconda3/bin/../x86_64-conda-linux-gnu/sysroot/usr/lib] ==> [/home/shaashwat/miniconda3/x86_64-conda-linux-gnu/sysroot/usr/lib]
  collapse library dir [/home/shaashwat/miniconda3/lib/stubs] ==> [/home/shaashwat/miniconda3/lib/stubs]
  collapse library dir [/home/shaashwat/miniconda3/lib] ==> [/home/shaashwat/miniconda3/lib]
  implicit libs: [cudadevrt;cudart_static;rt;pthread;dl;stdc++;m;gcc_s;gcc;c;gcc_s;gcc]
  implicit objs: [/home/shaashwat/miniconda3/x86_64-conda-linux-gnu/sysroot/usr/lib/Scrt1.o;/home/shaashwat/miniconda3/x86_64-conda-linux-gnu/sysroot/usr/lib/crti.o;/home/shaashwat/miniconda3/lib/gcc/x86_64-conda-linux-gnu/15.2.0/crtbeginS.o;/home/shaashwat/miniconda3/lib/gcc/x86_64-conda-linux-gnu/15.2.0/crtendS.o;/home/shaashwat/miniconda3/x86_64-conda-linux-gnu/sysroot/usr/lib/crtn.o]
  implicit dirs: [/home/shaashwat/miniconda3/lib;/home/shaashwat/miniconda3/targets/x86_64-linux/lib;/home/shaashwat/miniconda3/targets/x86_64-linux/lib/stubs;/home/shaashwat/miniconda3/lib/gcc/x86_64-conda-linux-gnu/15.2.0;/home/shaashwat/miniconda3/lib/gcc;/home/shaashwat/miniconda3/x86_64-conda-linux-gnu/lib;/home/shaashwat/miniconda3/x86_64-conda-linux-gnu/sysroot/lib;/home/shaashwat/miniconda3/x86_64-conda-linux-gnu/sysroot/usr/lib;/home/shaashwat/miniconda3/lib/stubs]
  implicit fwks: []


