Sequence,C1,C2,C3,C4,C5,C6,C7,C8,C9,C10,C11,E(s)
0,11,10,9,8,7,6,5,4,3,2,1,506
1,9,8,7,6,5,4,3,2,1,0,-1,286
2,7,8,7,6,5,4,3,2,1,0,1,254
3,9,6,5,4,3,2,1,0,-1,-2,-1,178
4,7,6,7,6,5,4,3,2,1,2,1,230
5,5,8,5,4,3,2,1,0,-1,0,-1,146
6,7,4,5,4,3,2,1,0,-1,0,1,122
7,9,6,3,2,1,0,-1,-2,-3,-2,-1,150
8,7,6,5,6,5,4,3,2,3,2,1,214
9,5,4,7,4,3,2,1,0,1,0,-1,122
10,3,8,3,4,3,2,1,0,1,0,1,114
11,5,6,5,2,1,0,-1,-2,-1,-2,-1,102
12,7,2,3,4,3,2,1,0,1,2,1,98
13,5,4,5,2,1,0,-1,-2,-1,0,-1,78
14,7,4,1,2,1,0,-1,-2,-1,0,1,78
15,9,6,3,0,-1,-2,-3,-4,-3,-2,-1,170
16,7,6,5,4,5,4,3,4,3,2,1,206
17,5,4,3,6,3,2,1,2,1,0,-1,106
18,3,4,7,2,3,2,1,2,1,0,1,98
19,5,2,5,4,1,0,-1,0,-1,-2,-1,78
20,3,6,3,2,3,2,1,2,1,2,1,82
21,1,8,1,4,1,0,-1,0,-1,0,-1,86
22,3,4,5,0,1,0,-1,0,-1,0,1,54
23,5,6,3,2,-1,-2,-3,-2,-3,-2,-1,106
24,7,2,1,2,3,2,1,2,3,2,1,90
25,5,0,3,4,1,0,-1,0,1,0,-1,54
26,3,4,3,0,1,0,-1,0,1,0,1,38
27,5,2,5,2,-1,-2,-3,-2,-1,-2,-1,82
28,7,2,-1,0,1,0,-1,0,1,2,1,62
29,5,4,1,2,-1,-2,-3,-2,-1,0,-1,66
30,7,4,1,-2,-1,-2,-3,-2,-1,0,1,90
31,9,6,3,0,-3,-4,-5,-4,-3,-2,-1,206
32,7,6,5,4,3,4,5,4,3,2,1,206
33,5,4,3,2,5,2,3,2,1,0,-1,98
34,3,4,3,6,1,2,3,2,1,0,1,90
35,5,2,1,4,3,0,1,0,-1,-2,-1,62
36,3,2,7,2,1,2,3,2,1,2,1,90
37,1,4,5,0,3,0,1,0,-1,0,-1,54
38,3,0,5,4,-1,0,1,0,-1,0,1,54
39,5,2,3,2,1,-2,-1,-2,-3,-2,-1,66
40,3,6,1,2,1,2,3,2,3,2,1,82
41,1,4,3,0,3,0,1,0,1,0,-1,38
42,-1,8,-1,4,-1,0,1,0,1,0,1,86
43,1,6,1,2,1,-2,-1,-2,-1,-2,-1,58
44,3,2,3,0,-1,0,1,0,1,2,1,30
45,1,4,5,-2,1,-2,-1,-2,-1,0,-1,58
46,3,4,1,2,-3,-2,-1,-2,-1,0,1,50
47,5,6,3,0,-1,-4,-3,-4,-3,-2,-1,126
48,7,2,1,0,1,2,3,4,3,2,1,98
49,5,0,-1,2,3,0,1,2,1,0,-1,46
50,3,0,3,2,-1,0,1,2,1,0,1,30
51,5,-2,1,4,1,-2,-1,0,-1,-2,-1,58
52,3,2,3,-2,-1,0,1,2,1,2,1,38
53,1,4,1,0,1,-2,-1,0,-1,0,-1,26
54,3,0,5,0,-3,-2,-1,0,-1,0,1,50
55,5,2,3,2,-1,-4,-3,-2,-3,-2,-1,86
56,7,2,-3,-2,-1,0,1,2,3,2,1,86
57,5,0,-1,0,1,-2,-1,0,1,0,-1,34
58,3,4,-1,0,-3,-2,-1,0,1,0,1,42
59,5,2,1,2,-1,-4,-3,-2,-1,-2,-1,70
60,7,2,-1,-4,-3,-2,-1,0,1,2,1,90
61,5,4,1,-2,-1,-4,-3,-2,-1,0,-1,78
62,7,4,1,-2,-5,-4,-3,-2,-1,0,1,126
63,9,6,3,0,-3,-6,-5,-4,-3,-2,-1,226
64,7,6,5,4,3,4,5,4,3,2,1,206
65,5,4,3,2,1,6,3,2,1,0,-1,106
66,3,4,3,2,5,2,3,2,1,0,1,82
67,5,2,1,0,3,4,1,0,-1,-2,-1,62
68,3,2,3,6,1,2,3,2,1,2,1,82
69,1,4,1,4,-1,4,1,0,-1,0,-1,54
70,3,0,1,4,3,0,1,0,-1,0,1,38
71,5,2,-1,2,1,2,-1,-2,-3,-2,-1,58
72,3,2,5,2,1,2,3,2,3,2,1,74
73,1,0,7,0,-1,4,1,0,1,0,-1,70
74,-1,4,3,0,3,0,1,0,1,0,1,38
75,1,2,5,-2,1,2,-1,-2,-1,-2,-1,50
76,3,-2,3,4,-1,0,1,0,1,2,1,46
77,1,0,5,2,-3,2,-1,-2,-1,0,-1,50
78,3,0,1,2,1,-2,-1,-2,-1,0,1,26
79,5,2,3,0,-1,0,-3,-4,-3,-2,-1,78
80,3,6,1,0,1,2,3,4,3,2,1,90
81,1,4,-1,2,-1,4,1,2,1,0,-1,46
82,-1,4,3,-2,3,0,1,2,1,0,1,46
83,1,2,1,0,1,2,-1,0,-1,-2,-1,18
84,-1,6,-1,2,-1,0,1,2,1,2,1,54
85,-3,8,-3,4,-3,2,-1,0,-1,0,-1,114
86,-1,4,1,0,1,-2,-1,0,-1,0,1,26
87,1,6,-1,2,-1,0,-3,-2,-3,-2,-1,70
88,3,2,1,-2,-1,0,1,2,3,2,1,38
89,1,0,3,0,-3,2,-1,0,1,0,-1,26
90,-1,4,3,-4,1,-2,-1,0,1,0,1,50
91,1,2,5,-2,-1,0,-3,-2,-1,-2,-1,54
92,3,2,-1,0,-3,-2,-1,0,1,2,1,34
93,1,4,1,2,-5,0,-3,-2,-1,0,-1,62
94,3,4,1,-2,-1,-4,-3,-2,-1,0,1,62
95,5,6,3,0,-3,-2,-5,-4,-3,-2,-1,138
96,7,2,1,0,-1,2,5,4,3,2,1,114
97,5,0,-1,-2,1,4,3,2,1,0,-1,62
98,3,0,-1,2,1,0,3,2,1,0,1,30
99,5,-2,-3,0,3,2,1,0,-1,-2,-1,58
100,3,-2,3,2,-3,0,3,2,1,2,1,54
101,1,0,1,0,-1,2,1,0,-1,0,-1,10
102,3,-4,1,4,-1,-2,1,0,-1,0,1,50
103,5,-2,-1,2,1,0,-1,-2,-3,-2,-1,54
104,3,2,1,-2,-3,0,3,2,3,2,1,54
105,1,0,3,-4,-1,2,1,0,1,0,-1,34
106,-1,4,-1,0,-1,-2,1,0,1,0,1,26
107,1,2,1,-2,1,0,-1,-2,-1,-2,-1,22
108,3,-2,3,0,-5,-2,1,0,1,2,1,58
109,1,0,5,-2,-3,0,-1,-2,-1,0,-1,46
110,3,0,1,2,-3,-4,-1,-2,-1,0,1,46
111,5,2,3,0,-1,-2,-3,-4,-3,-2,-1,82
112,7,2,-3,-4,-3,0,3,4,3,2,1,126
113,5,0,-5,-2,-1,2,1,2,1,0,-1,66
114,3,0,-1,-2,-1,-2,1,2,1,0,1,26
115,5,-2,-3,0,1,0,-1,0,-1,-2,-1,46
116,3,2,-1,-2,-5,-2,1,2,1,2,1,58
117,1,4,-3,0,-3,0,-1,0,-1,0,-1,38
118,3,0,1,0,-3,-4,-1,0,-1,0,1,38
119,5,2,-1,2,-1,-2,-3,-2,-3,-2,-1,66
120,7,2,-3,-6,-5,-2,1,2,3,2,1,146
121,5,0,-1,-4,-3,0,-1,0,1,0,-1,54
122,3,4,-1,-4,-3,-4,-1,0,1,0,1,70
123,5,2,1,-2,-1,-2,-3,-2,-1,-2,-1,58
124,7,2,-1,-4,-7,-4,-1,0,1,2,1,142
125,5,4,1,-2,-5,-2,-3,-2,-1,0,-1,90
126,7,4,1,-2,-5,-6,-3,-2,-1,0,1,146
127,9,6,3,0,-3,-4,-5,-4,-3,-2,-1,206
128,7,6,5,4,5,4,3,4,3,2,1,206
129,5,4,3,2,3,2,5,2,1,0,-1,98
130,3,4,3,2,3,6,1,2,1,0,1,90
131,5,2,1,0,1,4,3,0,-1,-2,-1,62
132,3,2,3,2,7,2,1,2,1,2,1,90
133,1,4,1,0,5,0,3,0,-1,0,-1,54
134,3,0,1,0,5,4,-1,0,-1,0,1,54
135,5,2,-1,-2,3,2,1,-2,-3,-2,-1,66
136,3,2,1,6,3,2,1,2,3,2,1,82
137,1,0,3,4,1,0,3,0,1,0,-1,38
138,-1,4,-1,4,1,4,-1,0,1,0,1,54
139,1,2,1,2,-1,2,1,-2,-1,-2,-1,26
140,3,-2,-1,4,5,0,-1,0,1,2,1,62
141,1,0,1,2,3,-2,1,-2,-1,0,-1,26
142,3,0,-3,2,3,2,-3,-2,-1,0,1,50
143,5,2,-1,0,1,0,-1,-4,-3,-2,-1,62
144,3,2,5,0,3,2,1,4,3,2,1,82
145,1,0,3,2,1,0,3,2,1,0,-1,30
146,-1,0,7,-2,1,4,-1,2,1,0,1,78
147,1,-2,5,0,-1,2,1,0,-1,-2,-1,42
148,-1,2,3,-2,5,0,-1,2,1,2,1,54
149,-3,4,1,0,3,-2,1,0,-1,0,-1,42
150,-1,0,5,-4,3,2,-3,0,-1,0,1,66
151,1,2,3,-2,1,0,-1,-2,-3,-2,-1,38
152,3,-2,1,2,1,0,-1,2,3,2,1,38
153,1,-4,3,4,-1,-2,1,0,1,0,-1,50
154,-1,0,3,0,-1,2,-3,0,1,0,1,26
155,1,-2,5,2,-3,0,-1,-2,-1,-2,-1,54
156,3,-2,-1,0,3,-2,-3,0,1,2,1,42
157,1,0,1,2,1,-4,-1,-2,-1,0,-1,30
158,3,0,1,-2,1,0,-5,-2,-1,0,1,46
159,5,2,3,0,-1,-2,-3,-4,-3,-2,-1,82
160,3,6,1,0,1,2,3,4,3,2,1,90
161,1,4,-1,-2,3,0,5,2,1,0,-1,62
162,-1,4,-1,2,-1,4,1,2,1,0,1,46
163,1,2,-3,0,1,2,3,0,-1,-2,-1,34
164,-1,2,3,-2,3,0,1,2,1,2,1,38
165,-3,4,1,-4,5,-2,3,0,-1,0,-1,82
166,-1,0,1,0,1,2,-1,0,-1,0,1,10
167,1,2,-1,-2,3,0,1,-2,-3,-2,-1,38
168,-1,6,-3,2,-1,0,1,2,3,2,1,70
169,-3,4,-1,0,1,-2,3,0,1,0,-1,42
170,-5,8,-5,4,-3,2,-1,0,1,0,1,146
171,-3,6,-3,2,-1,0,1,-2,-1,-2,-1,70
172,-1,2,-1,0,1,-2,-1,0,1,2,1,18
173,-3,4,1,-2,3,-4,1,-2,-1,0,-1,62
174,-1,4,-3,2,-1,0,-3,-2,-1,0,1,46
175,1,6,-1,0,1,-2,-1,-4,-3,-2,-1,74
176,3,2,1,-4,-1,0,1,4,3,2,1,62
177,1,0,-1,-2,1,-2,3,2,1,0,-1,26
178,-1,0,3,-2,-3,2,-1,2,1,0,1,34
179,1,-2,1,0,-1,0,1,0,-1,-2,-1,14
180,-1,2,3,-6,1,-2,-1,2,1,2,1,66
181,-3,4,1,-4,3,-4,1,0,-1,0,-1,70
182,-1,0,5,-4,-1,0,-3,0,-1,0,1,54
183,1,2,3,-2,1,-2,-1,-2,-3,-2,-1,42
184,3,2,-3,-2,-3,-2,-1,2,3,2,1,58
185,1,0,-1,0,-1,-4,1,0,1,0,-1,22
186,-1,4,-1,0,-5,0,-3,0,1,0,1,54
187,1,2,1,2,-3,-2,-1,-2,-1,-2,-1,34
188,3,2,-1,-4,-1,-4,-3,0,1,2,1,62
189,1,4,1,-2,1,-6,-1,-2,-1,0,-1,66
190,3,4,1,-2,-3,-2,-5,-2,-1,0,1,74
191,5,6,3,0,-1,-4,-3,-4,-3,-2,-1,126
192,7,2,1,0,1,2,3,4,3,2,1,98
193,5,0,-1,-2,-1,4,5,2,1,0,-1,78
194,3,0,-1,-2,3,4,1,2,1,0,1,46
195,5,-2,-3,-4,1,6,3,0,-1,-2,-1,106
196,3,-2,-1,2,3,0,1,2,1,2,1,38
197,1,0,-3,0,1,2,3,0,-1,0,-1,26
198,3,-4,-3,0,5,2,-1,0,-1,0,1,66
199,5,-2,-5,-2,3,4,1,-2,-3,-2,-1,102
200,3,-2,1,2,-1,0,1,2,3,2,1,38
201,1,-4,3,0,-3,2,3,0,1,0,-1,50
202,-1,0,-1,0,1,2,-1,0,1,0,1,10
203,1,-2,1,-2,-1,4,1,-2,-1,-2,-1,38
204,3,-6,-1,4,1,-2,-1,0,1,2,1,74
205,1,-4,1,2,-1,0,1,-2,-1,0,-1,30
206,3,-4,-3,2,3,0,-3,-2,-1,0,1,62
207,5,-2,-1,0,1,2,-1,-4,-3,-2,-1,66
208,3,2,1,-4,-1,0,1,4,3,2,1,62
209,1,0,-1,-2,-3,2,3,2,1,0,-1,34
210,-1,0,3,-6,1,2,-1,2,1,0,1,58
211,1,-2,1,-4,-1,4,1,0,-1,-2,-1,46
212,-1,2,-1,-2,1,-2,-1,2,1,2,1,26
213,-3,4,-3,0,-1,0,1,0,-1,0,-1,38
214,-1,0,1,-4,3,0,-3,0,-1,0,1,38
215,1,2,-1,-2,1,2,-1,-2,-3,-2,-1,34
216,3,-2,1,-2,-3,-2,-1,2,3,2,1,50
217,1,-4,3,0,-5,0,1,0,1,0,-1,54
218,-1,0,3,-4,-1,0,-3,0,1,0,1,38
219,1,-2,5,-2,-3,2,-1,-2,-1,-2,-1,58
220,3,-2,-1,0,-1,-4,-3,0,1,2,1,46
221,1,0,1,2,-3,-2,-1,-2,-1,0,-1,26
222,3,0,1,-2,1,-2,-5,-2,-1,0,1,50
223,5,2,3,0,-1,0,-3,-4,-3,-2,-1,78
224,7,2,-3,-4,-3,0,3,4,3,2,1,126
225,5,0,-5,-6,-1,2,5,2,1,0,-1,122
226,3,0,-5,-2,-1,2,1,2,1,0,1,50
227,5,-2,-7,-4,1,4,3,0,-1,-2,-1,126
228,3,-2,-1,-2,-1,-2,1,2,1,2,1,34
229,1,0,-3,-4,1,0,3,0,-1,0,-1,38
230,3,-4,-3,0,1,0,-1,0,-1,0,1,38
231,5,-2,-5,-2,3,2,1,-2,-3,-2,-1,90
232,3,2,-3,-2,-5,-2,1,2,3,2,1,74
233,1,0,-1,-4,-3,0,3,0,1,0,-1,38
234,-1,4,-5,0,-3,0,-1,0,1,0,1,54
235,1,2,-3,-2,-1,2,1,-2,-1,-2,-1,34
236,3,-2,-1,0,-3,-4,-1,0,1,2,1,46
237,1,0,1,-2,-1,-2,1,-2,-1,0,-1,18
238,3,0,-3,2,-1,-2,-3,-2,-1,0,1,42
239,5,2,-1,0,1,0,-1,-4,-3,-2,-1,62
240,7,2,-3,-8,-5,-2,1,4,3,2,1,186
241,5,0,-5,-6,-3,0,3,2,1,0,-1,110
242,3,0,-1,-6,-3,0,-1,2,1,0,1,62
243,5,-2,-3,-4,-1,2,1,0,-1,-2,-1,66
244,3,2,-1,-6,-3,-4,-1,2,1,2,1,86
245,1,4,-3,-4,-1,-2,1,0,-1,0,-1,50
246,3,0,1,-4,-1,-2,-3,0,-1,0,1,42
247,5,2,-1,-2,1,0,-1,-2,-3,-2,-1,54
248,7,2,-3,-6,-7,-4,-1,2,3,2,1,182
249,5,0,-1,-4,-5,-2,1,0,1,0,-1,74
250,3,4,-1,-4,-5,-2,-3,0,1,0,1,82
251,5,2,1,-2,-3,0,-1,-2,-1,-2,-1,54
252,7,2,-1,-4,-5,-6,-3,0,1,2,1,146
253,5,4,1,-2,-3,-4,-1,-2,-1,0,-1,78
254,7,4,1,-2,-3,-4,-5,-2,-1,0,1,126
255,9,6,3,0,-1,-2,-3,-4,-3,-2,-1,170
256,7,6,5,6,5,4,3,2,3,2,1,214
257,5,4,3,4,3,2,1,4,1,0,-1,98
258,3,4,3,4,3,2,5,0,1,0,1,90
259,5,2,1,2,1,0,3,2,-1,-2,-1,54
260,3,2,3,4,3,6,1,0,1,2,1,90
261,1,4,1,2,1,4,-1,2,-1,0,-1,46
262,3,0,1,2,1,4,3,-2,-1,0,1,46
263,5,2,-1,0,-1,2,1,0,-3,-2,-1,50
264,3,2,1,4,7,2,1,0,3,2,1,98
265,1,0,3,2,5,0,-1,2,1,0,-1,46
266,-1,4,-1,2,5,0,3,-2,1,0,1,62
267,1,2,1,0,3,-2,1,0,-1,-2,-1,26
268,3,-2,-1,2,5,4,-1,-2,1,2,1,70
269,1,0,1,0,3,2,-3,0,-1,0,-1,26
270,3,0,-3,0,3,2,1,-4,-1,0,1,50
271,5,2,-1,-2,1,0,-1,-2,-3,-2,-1,54
272,3,2,1,6,3,2,1,2,3,2,1,82
273,1,0,-1,8,1,0,-1,4,1,0,-1,86
274,-1,0,3,4,1,0,3,0,1,0,1,38
275,1,-2,1,6,-1,-2,1,2,-1,-2,-1,58
276,-1,2,-1,4,1,4,-1,0,1,2,1,46
277,-3,4,-3,6,-1,2,-3,2,-1,0,-1,90
278,-1,0,1,2,-1,2,1,-2,-1,0,1,18
279,1,2,-1,4,-3,0,-1,0,-3,-2,-1,46
280,3,-2,-3,4,5,0,-1,0,3,2,1,78
281,1,-4,-1,6,3,-2,-3,2,1,0,-1,82
282,-1,0,-1,2,3,-2,1,-2,1,0,1,26
283,1,-2,1,4,1,-4,-1,0,-1,-2,-1,46
284,3,-2,-5,2,3,2,-3,-2,1,2,1,74
285,1,0,-3,4,1,0,-5,0,-1,0,-1,54
286,3,0,-3,0,1,0,-1,-4,-1,0,1,38
287,5,2,-1,2,-1,-2,-3,-2,-3,-2,-1,66
288,3,2,5,2,1,2,3,2,3,2,1,74
289,1,0,3,0,3,0,1,4,1,0,-1,38
290,-1,0,3,4,-1,0,5,0,1,0,1,54
291,1,-2,1,2,1,-2,3,2,-1,-2,-1,34
292,-1,-2,7,0,-1,4,1,0,1,2,1,78
293,-3,0,5,-2,1,2,-1,2,-1,0,-1,50
294,-1,-4,5,2,-3,2,3,-2,-1,0,1,74
295,1,-2,3,0,-1,0,1,0,-3,-2,-1,30
296,-1,2,1,0,3,0,1,0,3,2,1,30
297,-3,0,3,-2,5,-2,-1,2,1,0,-1,58
298,-5,4,-1,2,1,-2,3,-2,1,0,1,66
299,-3,2,1,0,3,-4,1,0,-1,-2,-1,46
300,-1,-2,3,-2,1,2,-1,-2,1,2,1,34
301,-3,0,5,-4,3,0,-3,0,-1,0,-1,70
302,-1,0,1,0,-1,0,1,-4,-1,0,1,22
303,1,2,3,-2,1,-2,-1,-2,-3,-2,-1,42
304,3,-2,1,2,-1,0,1,2,3,2,1,38
305,1,-4,-1,4,1,-2,-1,4,1,0,-1,58
306,-1,-4,3,4,-3,-2,3,0,1,0,1,66
307,1,-6,1,6,-1,-4,1,2,-1,-2,-1,102
308,-1,-2,3,0,-3,2,-1,0,1,2,1,34
309,-3,0,1,2,-1,0,-3,2,-1,0,-1,30
310,-1,-4,5,2,-5,0,1,-2,-1,0,1,78
311,1,-2,3,4,-3,-2,-1,0,-3,-2,-1,58
312,3,-2,-3,0,1,-2,-1,0,3,2,1,42
313,1,-4,-1,2,3,-4,-3,2,1,0,-1,62
314,-1,0,-1,2,-1,-4,1,-2,1,0,1,30
315,1,-2,1,4,1,-6,-1,0,-1,-2,-1,66
316,3,-2,-1,-2,-1,0,-3,-2,1,2,1,38
317,1,0,1,0,1,-2,-5,0,-1,0,-1,34
318,3,0,1,0,-3,-2,-1,-4,-1,0,1,42
319,5,2,3,2,-1,-4,-3,-2,-3,-2,-1,86
320,3,6,1,2,1,2,3,2,3,2,1,82
321,1,4,-1,0,-1,4,1,4,1,0,-1,54
322,-1,4,-1,0,3,0,5,0,1,0,1,54
323,1,2,-3,-2,1,2,3,2,-1,-2,-1,42
324,-1,2,-1,4,-1,4,1,0,1,2,1,46
325,-3,4,-3,2,-3,6,-1,2,-1,0,-1,90
326,-1,0,-3,2,1,2,3,-2,-1,0,1,34
327,1,2,-5,0,-1,4,1,0,-3,-2,-1,62
328,-1,2,1,0,3,0,1,0,3,2,1,30
329,-3,0,3,-2,1,2,-1,2,1,0,-1,34
330,-5,4,-1,-2,5,-2,3,-2,1,0,1,90
331,-3,2,1,-4,3,0,1,0,-1,-2,-1,46
332,-1,-2,-1,2,1,2,-1,-2,1,2,1,26
333,-3,0,1,0,-1,4,-3,0,-1,0,-1,38
334,-1,0,-3,0,3,0,1,-4,-1,0,1,38
335,1,2,-1,-2,1,2,-1,-2,-3,-2,-1,34
336,-1,6,-3,2,-1,0,1,2,3,2,1,70
337,-3,4,-5,4,-3,2,-1,4,1,0,-1,98
338,-5,4,-1,0,1,-2,3,0,1,0,1,58
339,-3,2,-3,2,-1,0,1,2,-1,-2,-1,38
340,-5,6,-5,4,-3,2,-1,0,1,2,1,122
341,-7,8,-7,6,-5,4,-3,2,-1,0,-1,254
342,-5,4,-3,2,-1,0,1,-2,-1,0,1,62
343,-3,6,-5,4,-3,2,-1,0,-3,-2,-1,114
344,-1,2,-3,0,1,-2,-1,0,3,2,1,34
345,-3,0,-1,2,-1,0,-3,2,1,0,-1,30
346,-5,4,-1,-2,3,-4,1,-2,1,0,1,78
347,-3,2,1,0,1,-2,-1,0,-1,-2,-1,26
348,-1,2,-5,2,-1,0,-3,-2,1,2,1,54
349,-3,4,-3,4,-3,2,-5,0,-1,0,-1,90
350,-1,4,-3,0,1,-2,-1,-4,-1,0,1,50
351,1,6,-1,2,-1,0,-3,-2,-3,-2,-1,70
352,3,2,1,-2,-3,0,3,2,3,2,1,54
353,1,0,-1,-4,-1,2,1,4,1,0,-1,42
354,-1,0,-1,0,-1,-2,5,0,1,0,1,34
355,1,-2,-3,-2,1,0,3,2,-1,-2,-1,38
356,-1,-2,3,0,-5,2,1,0,1,2,1,50
357,-3,0,1,-2,-3,4,-1,2,-1,0,-1,46
358,-1,-4,1,2,-3,0,3,-2,-1,0,1,46
359,1,-2,-1,0,-1,2,1,0,-3,-2,-1,26
360,-1,2,1,-4,-1,-2,1,0,3,2,1,42
361,-3,0,3,-6,1,0,-1,2,1,0,-1,62
362,-5,4,-1,-2,1,-4,3,-2,1,0,1,78
363,-3,2,1,-4,3,-2,1,0,-1,-2,-1,50
364,-1,-2,3,-2,-3,0,-1,-2,1,2,1,38
365,-3,0,5,-4,-1,2,-3,0,-1,0,-1,66
366,-1,0,1,0,-1,-2,1,-4,-1,0,1,26
367,1,2,3,-2,1,0,-1,-2,-3,-2,-1,38
368,3,2,-3,-2,-5,-2,1,2,3,2,1,74
369,1,0,-5,0,-3,0,-1,4,1,0,-1,54
370,-1,0,-1,0,-3,-4,3,0,1,0,1,38
371,1,-2,-3,2,-1,-2,1,2,-1,-2,-1,34
372,-1,2,-1,0,-7,0,-1,0,1,2,1,62
373,-3,4,-3,2,-5,2,-3,2,-1,0,-1,82
374,-1,0,1,2,-5,-2,1,-2,-1,0,1,42
375,1,2,-1,4,-3,0,-1,0,-3,-2,-1,46
376,3,2,-3,-4,-3,-4,-1,0,3,2,1,78
377,1,0,-1,-2,-1,-2,-3,2,1,0,-1,26
378,-1,4,-1,-2,-1,-6,1,-2,1,0,1,66
379,1,2,1,0,1,-4,-1,0,-1,-2,-1,30
380,3,2,-1,-2,-5,-2,-3,-2,1,2,1,66
381,1,4,1,0,-3,0,-5,0,-1,0,-1,54
382,3,4,1,0,-3,-4,-1,-4,-1,0,1,70
383,5,6,3,2,-1,-2,-3,-2,-3,-2,-1,106
384,7,2,1,2,3,2,1,2,3,2,1,90
385,5,0,-1,0,1,0,3,4,1,0,-1,54
386,3,0,-1,0,1,4,3,0,1,0,1,38
387,5,-2,-3,-2,-1,2,5,2,-1,-2,-1,82
388,3,-2,-1,0,5,4,-1,0,1,2,1,62
389,1,0,-3,-2,3,2,1,2,-1,0,-1,34
390,3,-4,-3,-2,3,6,1,-2,-1,0,1,90
391,5,-2,-5,-4,1,4,3,0,-3,-2,-1,110
392,3,-2,-3,4,5,0,-1,0,3,2,1,78
393,1,-4,-1,2,3,-2,1,2,1,0,-1,42
394,-1,0,-5,2,3,2,1,-2,1,0,1,50
395,1,-2,-3,0,1,0,3,0,-1,-2,-1,30
396,3,-6,-5,2,7,2,-3,-2,1,2,1,146
397,1,-4,-3,0,5,0,-1,0,-1,0,-1,54
398,3,-4,-7,0,5,4,-1,-4,-1,0,1,134
399,5,-2,-5,-2,3,2,1,-2,-3,-2,-1,90
400,3,-2,1,2,1,0,-1,2,3,2,1,38
401,1,-4,-1,4,-1,-2,1,4,1,0,-1,58
402,-1,-4,3,0,-1,2,1,0,1,0,1,34
403,1,-6,1,2,-3,0,3,2,-1,-2,-1,70
404,-1,-2,-1,0,3,2,-3,0,1,2,1,34
405,-3,0,-3,2,1,0,-1,2,-1,0,-1,30
406,-1,-4,1,-2,1,4,-1,-2,-1,0,1,46
407,1,-2,-1,0,-1,2,1,0,-3,-2,-1,26
408,3,-6,-3,4,3,-2,-3,0,3,2,1,106
409,1,-8,-1,6,1,-4,-1,2,1,0,-1,126
410,-1,-4,-1,2,1,0,-1,-2,1,0,1,30
411,1,-6,1,4,-1,-2,1,0,-1,-2,-1,66
412,3,-6,-5,2,5,0,-5,-2,1,2,1,134
413,1,-4,-3,4,3,-2,-3,0,-1,0,-1,66
414,3,-4,-3,0,3,2,-3,-4,-1,0,1,74
415,5,-2,-1,2,1,0,-1,-2,-3,-2,-1,54
416,3,2,1,-2,-1,0,1,2,3,2,1,38
417,1,0,-1,-4,1,-2,3,4,1,0,-1,50
418,-1,0,-1,0,-3,2,3,0,1,0,1,26
419,1,-2,-3,-2,-1,0,5,2,-1,-2,-1,54
420,-1,-2,3,-4,1,2,-1,0,1,2,1,42
421,-3,0,1,-6,3,0,1,2,-1,0,-1,62
422,-1,-4,1,-2,-1,4,1,-2,-1,0,1,46
423,1,-2,-1,-4,1,2,3,0,-3,-2,-1,50
424,-1,2,-3,0,1,-2,-1,0,3,2,1,34
425,-3,0,-1,-2,3,-4,1,2,1,0,-1,46
426,-5,4,-5,2,-1,0,1,-2,1,0,1,78
427,-3,2,-3,0,1,-2,3,0,-1,-2,-1,42
428,-1,-2,-1,-2,3,0,-3,-2,1,2,1,38
429,-3,0,1,-4,5,-2,-1,0,-1,0,-1,58
430,-1,0,-3,0,1,2,-1,-4,-1,0,1,34
431,1,2,-1,-2,3,0,1,-2,-3,-2,-1,38
432,3,-2,1,-2,-3,-2,-1,2,3,2,1,50
433,1,-4,-1,0,-1,-4,1,4,1,0,-1,54
434,-1,-4,3,0,-5,0,1,0,1,0,1,54
435,1,-6,1,2,-3,-2,3,2,-1,-2,-1,74
436,-1,-2,3,-4,-1,0,-3,0,1,2,1,46
437,-3,0,1,-2,1,-2,-1,2,-1,0,-1,26
438,-1,-4,5,-2,-3,2,-1,-2,-1,0,1,66
439,1,-2,3,0,-1,0,1,0,-3,-2,-1,30
440,3,-2,-3,0,-1,-4,-3,0,3,2,1,62
441,1,-4,-1,2,1,-6,-1,2,1,0,-1,66
442,-1,0,-1,2,-3,-2,-1,-2,1,0,1,26
443,1,-2,1,4,-1,-4,1,0,-1,-2,-1,46
444,3,-2,-1,-2,1,-2,-5,-2,1,2,1,58
445,1,0,1,0,3,-4,-3,0,-1,0,-1,38
446,3,0,1,0,-1,0,-3,-4,-1,0,1,38
447,5,2,3,2,1,-2,-1,-2,-3,-2,-1,66
448,7,2,-3,-2,-1,0,1,2,3,2,1,86
449,5,0,-5,-4,-3,2,3,4,1,0,-1,106
450,3,0,-5,-4,1,2,3,0,1,0,1,66
451,5,-2,-7,-6,-1,4,5,2,-1,-2,-1,166
452,3,-2,-5,0,1,2,-1,0,1,2,1,50
453,1,0,-7,-2,-1,4,1,2,-1,0,-1,78
454,3,-4,-7,-2,3,4,1,-2,-1,0,1,110
455,5,-2,-9,-4,1,6,3,0,-3,-2,-1,186
456,3,-2,-3,0,1,-2,-1,0,3,2,1,42
457,1,-4,-1,-2,-1,0,1,2,1,0,-1,30
458,-1,0,-5,-2,3,0,1,-2,1,0,1,46
459,1,-2,-3,-4,1,2,3,0,-1,-2,-1,50
460,3,-6,-5,2,3,0,-3,-2,1,2,1,102
461,1,-4,-3,0,1,2,-1,0,-1,0,-1,34
462,3,-4,-7,0,5,2,-1,-4,-1,0,1,122
463,5,-2,-5,-2,3,4,1,-2,-3,-2,-1,102
464,3,2,-3,-2,-3,-2,-1,2,3,2,1,58
465,1,0,-5,0,-5,0,1,4,1,0,-1,70
466,-1,0,-1,-4,-1,0,1,0,1,0,1,22
467,1,-2,-3,-2,-3,2,3,2,-1,-2,-1,50
468,-1,2,-5,0,-1,0,-3,0,1,2,1,46
469,-3,4,-7,2,-3,2,-1,2,-1,0,-1,98
470,-1,0,-3,-2,1,2,-1,-2,-1,0,1,26
471,1,2,-5,0,-1,4,1,0,-3,-2,-1,62
472,3,-2,-3,0,-1,-4,-3,0,3,2,1,62
473,1,-4,-1,2,-3,-2,-1,2,1,0,-1,42
474,-1,0,-1,-2,1,-2,-1,-2,1,0,1,18
475,1,-2,1,0,-1,0,1,0,-1,-2,-1,14
476,3,-2,-5,2,1,-2,-5,-2,1,2,1,82
477,1,0,-3,4,-1,0,-3,0,-1,0,-1,38
478,3,0,-3,0,3,0,-3,-4,-1,0,1,54
479,5,2,-1,2,1,2,-1,-2,-3,-2,-1,58
480,7,2,-3,-6,-5,-2,1,2,3,2,1,146
481,5,0,-5,-8,-3,0,3,4,1,0,-1,150
482,3,0,-5,-4,-3,0,3,0,1,0,1,70
483,5,-2,-7,-6,-1,2,5,2,-1,-2,-1,154
484,3,-2,-1,-4,-3,0,-1,0,1,2,1,46
485,1,0,-3,-6,-1,2,1,2,-1,0,-1,58
486,3,-4,-3,-2,-1,2,1,-2,-1,0,1,50
487,5,-2,-5,-4,1,4,3,0,-3,-2,-1,110
488,3,2,-3,-4,-3,-4,-1,0,3,2,1,78
489,1,0,-1,-6,-1,-2,1,2,1,0,-1,50
490,-1,4,-5,-2,-1,-2,1,-2,1,0,1,58
491,1,2,-3,-4,1,0,3,0,-1,-2,-1,46
492,3,-2,-1,-2,-1,-2,-3,-2,1,2,1,42
493,1,0,1,-4,1,0,-1,0,-1,0,-1,22
494,3,0,-3,0,1,0,-1,-4,-1,0,1,38
495,5,2,-1,-2,3,2,1,-2,-3,-2,-1,66
496,7,2,-3,-6,-7,-4,-1,2,3,2,1,182
497,5,0,-5,-4,-5,-2,1,4,1,0,-1,114
498,3,0,-1,-4,-5,-2,1,0,1,0,1,58
499,5,-2,-3,-2,-3,0,3,2,-1,-2,-1,70
500,3,2,-1,-4,-5,-2,-3,0,1,2,1,74
501,1,4,-3,-2,-3,0,-1,2,-1,0,-1,46
502,3,0,1,-2,-3,0,-1,-2,-1,0,1,30
503,5,2,-1,0,-1,2,1,0,-3,-2,-1,50
504,7,2,-3,-4,-5,-6,-3,0,3,2,1,162
505,5,0,-1,-2,-3,-4,-1,2,1,0,-1,62
506,3,4,-1,-2,-3,-4,-1,-2,1,0,1,62
507,5,2,1,0,-1,-2,1,0,-1,-2,-1,42
508,7,2,-1,-2,-3,-4,-5,-2,1,2,1,118
509,5,4,1,0,-1,-2,-3,0,-1,0,-1,58
510,7,4,1,0,-1,-2,-3,-4,-1,0,1,98
511,9,6,3,2,1,0,-1,-2,-3,-2,-1,150
512,7,6,7,6,5,4,3,2,1,2,1,230
513,5,4,5,4,3,2,1,0,3,0,-1,106
514,3,4,5,4,3,2,1,4,-1,0,1,98
515,5,2,3,2,1,0,-1,2,1,-2,-1,54
516,3,2,5,4,3,2,5,0,-1,2,1,98
517,1,4,3,2,1,0,3,-2,1,0,-1,46
518,3,0,3,2,1,0,3,2,-3,0,1,46
519,5,2,1,0,-1,-2,1,0,-1,-2,-1,42
520,3,2,3,4,3,6,1,0,1,2,1,90
521,1,0,5,2,1,4,-1,-2,3,0,-1,62
522,-1,4,1,2,1,4,-1,2,-1,0,1,46
523,1,2,3,0,-1,2,-3,0,1,-2,-1,34
524,3,-2,1,2,1,4,3,-2,-1,2,1,54
525,1,0,3,0,-1,2,1,-4,1,0,-1,34
526,3,0,-1,0,-1,2,1,0,-3,0,1,26
527,5,2,1,-2,-3,0,-1,-2,-1,-2,-1,54
528,3,2,3,2,7,2,1,2,1,2,1,90
529,1,0,1,4,5,0,-1,0,3,0,-1,54
530,-1,0,5,0,5,0,-1,4,-1,0,1,70
531,1,-2,3,2,3,-2,-3,2,1,-2,-1,50
532,-1,2,1,0,5,0,3,0,-1,2,1,46
533,-3,4,-1,2,3,-2,1,-2,1,0,-1,50
534,-1,0,3,-2,3,-2,1,2,-3,0,1,42
535,1,2,1,0,1,-4,-1,0,-1,-2,-1,30
536,3,-2,-1,0,5,4,-1,0,1,2,1,62
537,1,-4,1,2,3,2,-3,-2,3,0,-1,58
538,-1,0,1,-2,3,2,-3,2,-1,0,1,34
539,1,-2,3,0,1,0,-5,0,1,-2,-1,46
540,3,-2,-3,-2,3,2,1,-2,-1,2,1,50
541,1,0,-1,0,1,0,-1,-4,1,0,-1,22
542,3,0,-1,-4,1,0,-1,0,-3,0,1,38
543,5,2,1,-2,-1,-2,-3,-2,-1,-2,-1,58
544,3,2,3,6,1,2,3,2,1,2,1,82
545,1,0,1,4,3,0,1,0,3,0,-1,38
546,-1,0,1,8,-1,0,1,4,-1,0,1,86
547,1,-2,-1,6,1,-2,-1,2,1,-2,-1,58
548,-1,-2,5,4,-1,0,5,0,-1,2,1,78
549,-3,0,3,2,1,-2,3,-2,1,0,-1,42
550,-1,-4,3,6,-3,-2,3,2,-3,0,1,98
551,1,-2,1,4,-1,-4,1,0,-1,-2,-1,46
552,-1,2,-1,4,-1,4,1,0,1,2,1,46
553,-3,0,1,2,1,2,-1,-2,3,0,-1,34
554,-5,4,-3,6,-3,2,-1,2,-1,0,1,106
555,-3,2,-1,4,-1,0,-3,0,1,-2,-1,46
556,-1,-2,1,2,-3,2,3,-2,-1,2,1,42
557,-3,0,3,0,-1,0,1,-4,1,0,-1,38
558,-1,0,-1,4,-5,0,1,0,-3,0,1,54
559,1,2,1,2,-3,-2,-1,-2,-1,-2,-1,34
560,3,-2,-1,2,3,0,1,2,1,2,1,38
561,1,-4,-3,4,5,-2,-1,0,3,0,-1,82
562,-1,-4,1,4,1,-2,-1,4,-1,0,1,58
563,1,-6,-1,6,3,-4,-3,2,1,-2,-1,118
564,-1,-2,1,0,1,-2,3,0,-1,2,1,26
565,-3,0,-1,2,3,-4,1,-2,1,0,-1,46
566,-1,-4,3,2,-1,-4,1,2,-3,0,1,62
567,1,-2,1,4,1,-6,-1,0,-1,-2,-1,66
568,3,-2,-5,0,1,2,-1,0,1,2,1,50
569,1,-4,-3,2,3,0,-3,-2,3,0,-1,62
570,-1,0,-3,2,-1,0,-3,2,-1,0,1,30
571,1,-2,-1,4,1,-2,-5,0,1,-2,-1,58
572,3,-2,-3,-2,-1,0,1,-2,-1,2,1,38
573,1,0,-1,0,1,-2,-1,-4,1,0,-1,26
574,3,0,-1,0,-3,-2,-1,0,-3,0,1,34
575,5,2,1,2,-1,-4,-3,-2,-1,-2,-1,70
576,3,2,7,2,1,2,3,2,1,2,1,90
577,1,0,5,0,-1,4,1,0,3,0,-1,54
578,-1,0,5,0,3,0,1,4,-1,0,1,54
579,1,-2,3,-2,1,2,-1,2,1,-2,-1,34
580,-1,-2,5,4,-1,0,5,0,-1,2,1,78
581,-3,0,3,2,-3,2,3,-2,1,0,-1,50
582,-1,-4,3,2,1,-2,3,2,-3,0,1,58
583,1,-2,1,0,-1,0,1,0,-1,-2,-1,14
584,-1,-2,7,0,-1,4,1,0,1,2,1,78
585,-3,-4,9,-2,-3,6,-1,-2,3,0,-1,170
586,-5,0,5,-2,1,2,-1,2,-1,0,1,66
587,-3,-2,7,-4,-1,4,-3,0,1,-2,-1,110
588,-1,-6,5,2,-3,2,3,-2,-1,2,1,98
589,-3,-4,7,0,-5,4,1,-4,1,0,-1,134
590,-1,-4,3,0,-1,0,1,0,-3,0,1,38
591,1,-2,5,-2,-3,2,-1,-2,-1,-2,-1,58
592,-1,2,3,-2,3,0,1,2,1,2,1,38
593,-3,0,1,0,1,2,-1,0,3,0,-1,26
594,-5,0,5,-4,5,-2,-1,4,-1,0,1,114
595,-3,-2,3,-2,3,0,-3,2,1,-2,-1,54
596,-5,2,1,0,1,-2,3,0,-1,2,1,50
597,-7,4,-1,2,-1,0,1,-2,1,0,-1,78
598,-5,0,3,-2,3,-4,1,2,-3,0,1,78
599,-3,2,1,0,1,-2,-1,0,-1,-2,-1,26
600,-1,-2,3,-4,1,2,-1,0,1,2,1,42
601,-3,-4,5,-2,-1,4,-3,-2,3,0,-1,94
602,-5,0,5,-6,3,0,-3,2,-1,0,1,110
603,-3,-2,7,-4,1,2,-5,0,1,-2,-1,114
604,-1,-2,1,-2,-1,0,1,-2,-1,2,1,22
605,-3,0,3,0,-3,2,-1,-4,1,0,-1,50
606,-1,0,3,-4,1,-2,-1,0,-3,0,1,42
607,1,2,5,-2,-1,0,-3,-2,-1,-2,-1,54
608,3,-2,3,2,-3,0,3,2,1,2,1,54
609,1,-4,1,0,-1,2,1,0,3,0,-1,34
610,-1,-4,1,4,-1,-2,1,4,-1,0,1,58
611,1,-6,-1,2,1,0,-1,2,1,-2,-1,54
612,-1,-6,5,4,-5,-2,5,0,-1,2,1,138
613,-3,-4,3,2,-3,0,3,-2,1,0,-1,62
614,-1,-8,3,6,-3,-4,3,2,-3,0,1,158
615,1,-6,1,4,-1,-2,1,0,-1,-2,-1,66
616,-1,-2,3,0,-5,2,1,0,1,2,1,50
617,-3,-4,5,-2,-3,4,-1,-2,3,0,-1,94
618,-5,0,1,2,-3,0,-1,2,-1,0,1,46
619,-3,-2,3,0,-1,2,-3,0,1,-2,-1,42
620,-1,-6,5,2,-7,0,3,-2,-1,2,1,134
621,-3,-4,7,0,-5,2,1,-4,1,0,-1,122
622,-1,-4,3,4,-5,-2,1,0,-3,0,1,82
623,1,-2,5,2,-3,0,-1,-2,-1,-2,-1,54
624,3,-2,-1,-2,-1,-2,1,2,1,2,1,34
625,1,-4,-3,0,1,0,-1,0,3,0,-1,38
626,-1,-4,1,0,1,-4,-1,4,-1,0,1,54
627,1,-6,-1,2,3,-2,-3,2,1,-2,-1,74
628,-1,-2,1,0,-3,-4,3,0,-1,2,1,46
629,-3,0,-1,2,-1,-2,1,-2,1,0,-1,26
630,-1,-4,3,2,-1,-6,1,2,-3,0,1,82
631,1,-2,1,4,1,-4,-1,0,-1,-2,-1,46
632,3,-2,-1,-4,-3,0,-1,0,1,2,1,46
633,1,-4,1,-2,-1,2,-3,-2,3,0,-1,50
634,-1,0,1,-2,-1,-2,-3,2,-1,0,1,26
635,1,-2,3,0,1,0,-5,0,1,-2,-1,46
636,3,-2,1,-2,-5,-2,1,-2,-1,2,1,58
637,1,0,3,0,-3,0,-1,-4,1,0,-1,38
638,3,0,3,0,-3,-4,-1,0,-3,0,1,54
639,5,2,5,2,-1,-2,-3,-2,-1,-2,-1,82
640,3,6,3,2,3,2,1,2,1,2,1,82
641,1,4,1,0,1,0,3,0,3,0,-1,38
642,-1,4,1,0,1,4,-1,4,-1,0,1,54
643,1,2,-1,-2,-1,2,1,2,1,-2,-1,26
644,-1,2,1,0,5,0,3,0,-1,2,1,46
645,-3,4,-1,-2,3,-2,5,-2,1,0,-1,74
646,-1,0,-1,-2,3,2,1,2,-3,0,1,34
647,1,2,-3,-4,1,0,3,0,-1,-2,-1,46
648,-1,2,-1,4,1,4,-1,0,1,2,1,46
649,-3,0,1,2,-1,2,1,-2,3,0,-1,34
650,-5,4,-3,2,-1,6,-3,2,-1,0,1,106
651,-3,2,-1,0,-3,4,-1,0,1,-2,-1,46
652,-1,-2,-3,2,3,2,1,-2,-1,2,1,42
653,-3,0,-1,0,1,0,3,-4,1,0,-1,38
654,-1,0,-5,0,1,4,-1,0,-3,0,1,54
655,1,2,-3,-2,-1,2,1,-2,-1,-2,-1,34
656,-1,2,3,-2,5,0,-1,2,1,2,1,54
657,-3,0,1,0,3,-2,1,0,3,0,-1,34
658,-5,0,5,-4,3,2,-3,4,-1,0,1,106
659,-3,-2,3,-2,1,0,-1,2,1,-2,-1,38
660,-5,2,1,-4,7,-2,1,0,-1,2,1,106
661,-7,4,-1,-2,5,-4,3,-2,1,0,-1,126
662,-5,0,3,-6,5,0,-1,2,-3,0,1,110
663,-3,2,1,-4,3,-2,1,0,-1,-2,-1,50
664,-1,-2,-1,0,3,2,-3,0,1,2,1,34
665,-3,-4,1,2,1,0,-1,-2,3,0,-1,46
666,-5,0,1,-2,1,4,-5,2,-1,0,1,78
667,-3,-2,3,0,-1,2,-3,0,1,-2,-1,42
668,-1,-2,-3,-2,5,0,-1,-2,-1,2,1,54
669,-3,0,-1,0,3,-2,1,-4,1,0,-1,42
670,-1,0,-1,-4,3,2,-3,0,-3,0,1,50
671,1,2,1,-2,1,0,-1,-2,-1,-2,-1,22
672,-1,6,-1,2,-1,0,1,2,1,2,1,54
673,-3,4,-3,0,1,-2,3,0,3,0,-1,58
674,-5,4,-3,4,-3,2,-1,4,-1,0,1,98
675,-3,2,-5,2,-1,0,1,2,1,-2,-1,54
676,-5,2,1,0,1,-2,3,0,-1,2,1,50
677,-7,4,-1,-2,3,-4,5,-2,1,0,-1,126
678,-5,0,-1,2,-1,0,1,2,-3,0,1,46
679,-3,2,-3,0,1,-2,3,0,-1,-2,-1,42
680,-5,6,-5,4,-3,2,-1,0,1,2,1,122
681,-7,4,-3,2,-1,0,1,-2,3,0,-1,94
682,-9,8,-7,6,-5,4,-3,2,-1,0,1,286
683,-7,6,-5,4,-3,2,-1,0,1,-2,-1,146
684,-5,2,-3,2,-1,0,1,-2,-1,2,1,54
685,-7,4,-1,0,1,-2,3,-4,1,0,-1,98
686,-5,4,-5,4,-3,2,-1,0,-3,0,1,106
687,-3,6,-3,2,-1,0,1,-2,-1,-2,-1,70
688,-1,2,-1,-2,1,-2,-1,2,1,2,1,26
689,-3,0,-3,0,3,-4,1,0,3,0,-1,54
690,-5,0,1,0,-1,0,-3,4,-1,0,1,54
691,-3,-2,-1,2,1,-2,-1,2,1,-2,-1,34
692,-5,2,1,-4,3,-4,1,0,-1,2,1,78
693,-7,4,-1,-2,5,-6,3,-2,1,0,-1,146
694,-5,0,3,-2,1,-2,-1,2,-3,0,1,58
695,-3,2,1,0,3,-4,1,0,-1,-2,-1,46
696,-1,2,-5,0,-1,0,-3,0,1,2,1,46
697,-3,0,-3,2,1,-2,-1,-2,3,0,-1,42
698,-5,4,-3,2,-3,2,-5,2,-1,0,1,98
699,-3,2,-1,4,-1,0,-3,0,1,-2,-1,46
700,-1,2,-3,-2,1,-2,-1,-2,-1,2,1,34
701,-3,4,-1,0,3,-4,1,-4,1,0,-1,70
702,-1,4,-1,0,-1,0,-3,0,-3,0,1,38
703,1,6,1,2,1,-2,-1,-2,-1,-2,-1,58
704,3,2,3,-2,-1,0,1,2,1,2,1,38
705,1,0,1,-4,-3,2,3,0,3,0,-1,50
706,-1,0,1,-4,1,2,-1,4,-1,0,1,42
707,1,-2,-1,-6,-1,4,1,2,1,-2,-1,70
708,-1,-2,1,0,1,-2,3,0,-1,2,1,26
709,-3,0,-1,-2,-1,0,5,-2,1,0,-1,46
710,-1,-4,-1,-2,3,0,1,2,-3,0,1,46
711,1,-2,-3,-4,1,2,3,0,-1,-2,-1,50
712,-1,-2,3,0,-3,2,-1,0,1,2,1,34
713,-3,-4,5,-2,-5,4,1,-2,3,0,-1,110
714,-5,0,1,-2,-1,4,-3,2,-1,0,1,62
715,-3,-2,3,-4,-3,6,-1,0,1,-2,-1,90
716,-1,-6,1,2,-1,0,1,-2,-1,2,1,54
717,-3,-4,3,0,-3,2,3,-4,1,0,-1,74
718,-1,-4,-1,0,1,2,-1,0,-3,0,1,34
719,1,-2,1,-2,-1,4,1,-2,-1,-2,-1,38
720,-1,2,3,-6,1,-2,-1,2,1,2,1,66
721,-3,0,1,-4,-1,0,1,0,3,0,-1,38
722,-5,0,5,-8,3,0,-3,4,-1,0,1,150
723,-3,-2,3,-6,1,2,-1,2,1,-2,-1,74
724,-5,2,1,-4,3,-4,1,0,-1,2,1,78
725,-7,4,-1,-2,1,-2,3,-2,1,0,-1,90
726,-5,0,3,-6,5,-2,-1,2,-3,0,1,114
727,-3,2,1,-4,3,0,1,0,-1,-2,-1,46
728,-1,-2,3,-4,-1,0,-3,0,1,2,1,46
729,-3,-4,5,-2,-3,2,-1,-2,3,0,-1,82
730,-5,0,5,-6,1,2,-5,2,-1,0,1,122
731,-3,-2,7,-4,-1,4,-3,0,1,-2,-1,110
732,-1,-2,1,-2,1,-2,-1,-2,-1,2,1,26
733,-3,0,3,0,-1,0,1,-4,1,0,-1,38
734,-1,0,3,-4,3,0,-3,0,-3,0,1,54
735,1,2,5,-2,1,2,-1,-2,-1,-2,-1,50
736,3,2,-1,-2,-5,-2,1,2,1,2,1,58
737,1,0,-3,-4,-3,0,3,0,3,0,-1,54
738,-1,0,-3,0,-3,0,-1,4,-1,0,1,38
739,1,-2,-5,-2,-1,2,1,2,1,-2,-1,50
740,-1,-2,1,0,-3,-4,3,0,-1,2,1,46
741,-3,0,-1,-2,-1,-2,5,-2,1,0,-1,50
742,-1,-4,-1,2,-1,-2,1,2,-3,0,1,42
743,1,-2,-3,0,1,0,3,0,-1,-2,-1,30
744,-1,2,-1,0,-7,0,-1,0,1,2,1,62
745,-3,0,1,-2,-5,2,1,-2,3,0,-1,58
746,-5,4,-3,2,-5,2,-3,2,-1,0,1,98
747,-3,2,-1,0,-3,4,-1,0,1,-2,-1,46
748,-1,-2,1,2,-5,-2,1,-2,-1,2,1,50
749,-3,0,3,0,-3,0,3,-4,1,0,-1,54
750,-1,0,-1,4,-3,0,-1,0,-3,0,1,38
751,1,2,1,2,-1,2,1,-2,-1,-2,-1,26
752,3,2,-1,-6,-3,-4,-1,2,1,2,1,86
753,1,0,-3,-4,-1,-2,1,0,3,0,-1,42
754,-1,0,1,-4,-1,-2,-3,4,-1,0,1,50
755,1,-2,-1,-2,1,0,-1,2,1,-2,-1,22
756,-1,2,1,-4,-1,-6,1,0,-1,2,1,66
757,-3,4,-1,-2,1,-4,3,-2,1,0,-1,62
758,-1,0,3,-2,1,-4,-1,2,-3,0,1,46
759,1,2,1,0,3,-2,1,0,-1,-2,-1,26
760,3,2,-1,-4,-5,-2,-3,0,1,2,1,74
761,1,0,1,-2,-3,0,-1,-2,3,0,-1,30
762,-1,4,1,-2,-3,0,-5,2,-1,0,1,62
763,1,2,3,0,-1,2,-3,0,1,-2,-1,34
764,3,2,1,-2,-3,-4,-1,-2,-1,2,1,54
765,1,4,3,0,-1,-2,1,-4,1,0,-1,50
766,3,4,3,0,-1,-2,-3,0,-3,0,1,58
767,5,6,5,2,1,0,-1,-2,-1,-2,-1,102
768,7,2,3,4,3,2,1,0,1,2,1,98
769,5,0,1,2,1,0,-1,2,3,0,-1,46
770,3,0,1,2,1,0,3,2,-1,0,1,30
771,5,-2,-1,0,-1,-2,1,4,1,-2,-1,58
772,3,-2,1,2,1,4,3,-2,-1,2,1,54
773,1,0,-1,0,-1,2,1,0,1,0,-1,10
774,3,-4,-1,0,-1,2,5,0,-3,0,1,66
775,5,-2,-3,-2,-3,0,3,2,-1,-2,-1,70
776,3,-2,-1,2,5,4,-1,-2,1,2,1,70
777,1,-4,1,0,3,2,-3,0,3,0,-1,50
778,-1,0,-3,0,3,2,1,0,-1,0,1,26
779,1,-2,-1,-2,1,0,-1,2,1,-2,-1,22
780,3,-6,-3,0,3,6,1,-4,-1,2,1,122
781,1,-4,-1,-2,1,4,-1,-2,1,0,-1,46
782,3,-4,-5,-2,1,4,3,-2,-3,0,1,94
783,5,-2,-3,-4,-1,2,1,0,-1,-2,-1,66
784,3,-2,-1,4,5,0,-1,0,1,2,1,62
785,1,-4,-3,6,3,-2,-3,2,3,0,-1,98
786,-1,-4,1,2,3,-2,1,2,-1,0,1,42
787,1,-6,-1,4,1,-4,-1,4,1,-2,-1,94
788,-1,-2,-3,2,3,2,1,-2,-1,2,1,42
789,-3,0,-5,4,1,0,-1,0,1,0,-1,54
790,-1,-4,-1,0,1,0,3,0,-3,0,1,38
791,1,-2,-3,2,-1,-2,1,2,-1,-2,-1,34
792,3,-6,-5,2,7,2,-3,-2,1,2,1,146
793,1,-8,-3,4,5,0,-5,0,3,0,-1,150
794,-1,-4,-3,0,5,0,-1,0,-1,0,1,54
795,1,-6,-1,2,3,-2,-3,2,1,-2,-1,74
796,3,-6,-7,0,5,4,-1,-4,-1,2,1,158
797,1,-4,-5,2,3,2,-3,-2,1,0,-1,74
798,3,-4,-5,-2,3,2,1,-2,-3,0,1,82
799,5,-2,-3,0,1,0,-1,0,-1,-2,-1,46
800,3,-2,3,4,-1,0,1,0,1,2,1,46
801,1,-4,1,2,1,-2,-1,2,3,0,-1,42
802,-1,-4,1,6,-3,-2,3,2,-1,0,1,82
803,1,-6,-1,4,-1,-4,1,4,1,-2,-1,94
804,-1,-6,5,2,-3,2,3,-2,-1,2,1,98
805,-3,-4,3,0,-1,0,1,0,1,0,-1,38
806,-1,-8,3,4,-5,0,5,0,-3,0,1,150
807,1,-6,1,2,-3,-2,3,2,-1,-2,-1,74
808,-1,-2,-1,2,1,2,-1,-2,1,2,1,26
809,-3,-4,1,0,3,0,-3,0,3,0,-1,54
810,-5,0,-3,4,-1,0,1,0,-1,0,1,54
811,-3,-2,-1,2,1,-2,-1,2,1,-2,-1,34
812,-1,-6,1,0,-1,4,1,-4,-1,2,1,78
813,-3,-4,3,-2,1,2,-1,-2,1,0,-1,50
814,-1,-4,-1,2,-3,2,3,-2,-3,0,1,58
815,1,-2,1,0,-1,0,1,0,-1,-2,-1,14
816,3,-6,-1,4,1,-2,-1,0,1,2,1,74
817,1,-8,-3,6,3,-4,-3,2,3,0,-1,158
818,-1,-8,1,6,-1,-4,1,2,-1,0,1,126
819,1,-10,-1,8,1,-6,-1,4,1,-2,-1,226
820,-1,-6,1,2,-1,0,1,-2,-1,2,1,54
821,-3,-4,-1,4,1,-2,-1,0,1,0,-1,50
822,-1,-8,3,4,-3,-2,3,0,-3,0,1,122
823,1,-6,1,6,-1,-4,1,2,-1,-2,-1,102
824,3,-6,-5,2,3,0,-3,-2,1,2,1,102
825,1,-8,-3,4,5,-2,-5,0,3,0,-1,154
826,-1,-4,-3,4,1,-2,-1,0,-1,0,1,50
827,1,-6,-1,6,3,-4,-3,2,1,-2,-1,118
828,3,-6,-3,0,1,2,-1,-4,-1,2,1,82
829,1,-4,-1,2,3,0,-3,-2,1,0,-1,46
830,3,-4,-1,2,-1,0,1,-2,-3,0,1,46
831,5,-2,1,4,1,-2,-1,0,-1,-2,-1,58
832,3,2,3,0,-1,0,1,0,1,2,1,30
833,1,0,1,-2,-3,2,-1,2,3,0,-1,34
834,-1,0,1,-2,1,-2,3,2,-1,0,1,26
835,1,-2,-1,-4,-1,0,1,4,1,-2,-1,46
836,-1,-2,1,2,-3,2,3,-2,-1,2,1,42
837,-3,0,-1,0,-5,4,1,0,1,0,-1,54
838,-1,-4,-1,0,-1,0,5,0,-3,0,1,54
839,1,-2,-3,-2,-3,2,3,2,-1,-2,-1,50
840,-1,-2,3,-2,1,2,-1,-2,1,2,1,34
841,-3,-4,5,-4,-1,4,-3,0,3,0,-1,102
842,-5,0,1,-4,3,0,1,0,-1,0,1,54
843,-3,-2,3,-6,1,2,-1,2,1,-2,-1,74
844,-1,-6,1,0,-1,4,1,-4,-1,2,1,78
845,-3,-4,3,-2,-3,6,-1,-2,1,0,-1,90
846,-1,-4,-1,-2,1,2,3,-2,-3,0,1,50
847,1,-2,1,-4,-1,4,1,0,-1,-2,-1,46
848,-1,2,-1,0,1,-2,-1,0,1,2,1,18
849,-3,0,-3,2,-1,0,-3,2,3,0,-1,46
850,-5,0,1,-2,3,-4,1,2,-1,0,1,62
851,-3,-2,-1,0,1,-2,-1,4,1,-2,-1,42
852,-5,2,-3,2,-1,0,1,-2,-1,2,1,54
853,-7,4,-5,4,-3,2,-1,0,1,0,-1,122
854,-5,0,-1,0,1,-2,3,0,-3,0,1,50
855,-3,2,-3,2,-1,0,1,2,-1,-2,-1,38
856,-1,-2,-1,-2,3,0,-3,-2,1,2,1,38
857,-3,-4,1,0,1,2,-5,0,3,0,-1,66
858,-5,0,1,-4,5,-2,-1,0,-1,0,1,74
859,-3,-2,3,-2,3,0,-3,2,1,-2,-1,54
860,-1,-2,-3,0,1,2,-1,-4,-1,2,1,42
861,-3,0,-1,2,-1,4,-3,-2,1,0,-1,46
862,-1,0,-1,-2,3,0,1,-2,-3,0,1,30
863,1,2,1,0,1,2,-1,0,-1,-2,-1,18
864,3,-2,3,0,-5,-2,1,0,1,2,1,58
865,1,-4,1,-2,-3,0,-1,2,3,0,-1,46
866,-1,-4,1,2,-3,-4,3,2,-1,0,1,62
867,1,-6,-1,0,-1,-2,1,4,1,-2,-1,66
868,-1,-6,5,2,-7,0,3,-2,-1,2,1,134
869,-3,-4,3,0,-5,2,1,0,1,0,-1,66
870,-1,-8,3,4,-5,-2,5,0,-3,0,1,154
871,1,-6,1,2,-3,0,3,2,-1,-2,-1,70
872,-1,-2,3,-2,-3,0,-1,-2,1,2,1,38
873,-3,-4,5,-4,-1,2,-3,0,3,0,-1,90
874,-5,0,1,0,-1,-2,1,0,-1,0,1,34
875,-3,-2,3,-2,1,0,-1,2,1,-2,-1,38
876,-1,-6,5,0,-5,2,1,-4,-1,2,1,114
877,-3,-4,7,-2,-3,4,-1,-2,1,0,-1,110
878,-1,-4,3,2,-3,0,3,-2,-3,0,1,62
879,1,-2,5,0,-1,2,1,0,-1,-2,-1,42
880,3,-2,-1,0,-3,-4,-1,0,1,2,1,46
881,1,-4,-3,2,-1,-2,-3,2,3,0,-1,58
882,-1,-4,1,2,-1,-6,1,2,-1,0,1,66
883,1,-6,-1,4,1,-4,-1,4,1,-2,-1,94
884,-1,-2,1,2,-5,-2,1,-2,-1,2,1,50
885,-3,0,-1,4,-3,0,-1,0,1,0,-1,38
886,-1,-4,3,4,-3,-4,3,0,-3,0,1,86
887,1,-2,1,6,-1,-2,1,2,-1,-2,-1,58
888,3,-2,-1,-2,-1,-2,-3,-2,1,2,1,42
889,1,-4,1,0,1,0,-5,0,3,0,-1,54
890,-1,0,1,0,1,-4,-1,0,-1,0,1,22
891,1,-2,3,2,3,-2,-3,2,1,-2,-1,50
892,3,-2,1,0,-3,0,-1,-4,-1,2,1,46
893,1,0,3,2,-1,2,-3,-2,1,0,-1,34
894,3,0,3,2,-1,-2,1,-2,-3,0,1,42
895,5,2,5,4,1,0,-1,0,-1,-2,-1,78
896,7,2,-1,0,1,0,-1,0,1,2,1,62
897,5,0,-3,-2,-1,-2,1,2,3,0,-1,58
898,3,0,-3,-2,-1,2,1,2,-1,0,1,34
899,5,-2,-5,-4,-3,0,3,4,1,-2,-1,110
900,3,-2,-3,-2,3,2,1,-2,-1,2,1,50
901,1,0,-5,-4,1,0,3,0,1,0,-1,54
902,3,-4,-5,-4,1,4,3,0,-3,0,1,102
903,5,-2,-7,-6,-1,2,5,2,-1,-2,-1,154
904,3,-2,-5,2,3,2,-3,-2,1,2,1,74
905,1,-4,-3,0,1,0,-1,0,3,0,-1,38
906,-1,0,-7,0,1,4,-1,0,-1,0,1,70
907,1,-2,-5,-2,-1,2,1,2,1,-2,-1,50
908,3,-6,-7,0,5,4,-1,-4,-1,2,1,158
909,1,-4,-5,-2,3,2,1,-2,1,0,-1,66
910,3,-4,-9,-2,3,6,1,-2,-3,0,1,170
911,5,-2,-7,-4,1,4,3,0,-1,-2,-1,126
912,3,-2,-1,0,3,-2,-3,0,1,2,1,42
913,1,-4,-3,2,1,-4,-1,2,3,0,-1,62
914,-1,-4,1,-2,1,0,-1,2,-1,0,1,30
915,1,-6,-1,0,-1,-2,1,4,1,-2,-1,66
916,-1,-2,-3,-2,5,0,-1,-2,-1,2,1,54
917,-3,0,-5,0,3,-2,1,0,1,0,-1,50
918,-1,-4,-1,-4,3,2,1,0,-3,0,1,58
919,1,-2,-3,-2,1,0,3,2,-1,-2,-1,38
920,3,-6,-5,2,5,0,-5,-2,1,2,1,134
921,1,-8,-3,4,3,-2,-3,0,3,0,-1,122
922,-1,-4,-3,0,3,2,-3,0,-1,0,1,50
923,1,-6,-1,2,1,0,-1,2,1,-2,-1,54
924,3,-6,-7,0,7,2,-3,-4,-1,2,1,178
925,1,-4,-5,2,5,0,-1,-2,1,0,-1,78
926,3,-4,-5,-2,5,4,-1,-2,-3,0,1,110
927,5,-2,-3,0,3,2,1,0,-1,-2,-1,58
928,3,2,-1,0,-3,-2,-1,0,1,2,1,34
929,1,0,-3,-2,-1,-4,1,2,3,0,-1,46
930,-1,0,-3,2,-5,0,1,2,-1,0,1,46
931,1,-2,-5,0,-3,-2,3,4,1,-2,-1,74
932,-1,-2,1,-2,-1,0,1,-2,-1,2,1,22
933,-3,0,-1,-4,1,-2,3,0,1,0,-1,42
934,-1,-4,-1,0,-3,2,3,0,-3,0,1,50
935,1,-2,-3,-2,-1,0,5,2,-1,-2,-1,54
936,-1,2,-5,2,-1,0,-3,-2,1,2,1,54
937,-3,0,-3,0,1,-2,-1,0,3,0,-1,34
938,-5,4,-7,4,-3,2,-1,0,-1,0,1,122
939,-3,2,-5,2,-1,0,1,2,1,-2,-1,54
940,-1,-2,-3,0,1,2,-1,-4,-1,2,1,42
941,-3,0,-1,-2,3,0,1,-2,1,0,-1,30
942,-1,0,-5,2,-1,4,1,-2,-3,0,1,62
943,1,2,-3,0,1,2,3,0,-1,-2,-1,34
944,3,-2,-1,0,-1,-4,-3,0,1,2,1,46
945,1,-4,-3,2,1,-6,-1,2,3,0,-1,82
946,-1,-4,1,2,-3,-2,-1,2,-1,0,1,42
947,1,-6,-1,4,-1,-4,1,4,1,-2,-1,94
948,-1,-2,1,-2,1,-2,-1,-2,-1,2,1,26
949,-3,0,-1,0,3,-4,1,0,1,0,-1,38
950,-1,-4,3,0,-1,0,1,0,-3,0,1,38
951,1,-2,1,2,1,-2,3,2,-1,-2,-1,34
952,3,-2,-5,2,1,-2,-5,-2,1,2,1,82
953,1,-4,-3,4,3,-4,-3,0,3,0,-1,86
954,-1,0,-3,4,-1,0,-3,0,-1,0,1,38
955,1,-2,-1,6,1,-2,-1,2,1,-2,-1,58
956,3,-2,-3,0,3,0,-3,-4,-1,2,1,62
957,1,0,-1,2,5,-2,-1,-2,1,0,-1,42
958,3,0,-1,2,1,2,-1,-2,-3,0,1,34
959,5,2,1,4,3,0,1,0,-1,-2,-1,62
960,7,2,-1,-4,-3,-2,-1,0,1,2,1,90
961,5,0,-3,-6,-5,0,1,2,3,0,-1,110
962,3,0,-3,-6,-1,0,1,2,-1,0,1,62
963,5,-2,-5,-8,-3,2,3,4,1,-2,-1,162
964,3,-2,-3,-2,-1,0,1,-2,-1,2,1,38
965,1,0,-5,-4,-3,2,3,0,1,0,-1,66
966,3,-4,-5,-4,1,2,3,0,-3,0,1,90
967,5,-2,-7,-6,-1,4,5,2,-1,-2,-1,166
968,3,-2,-1,-2,-1,0,-3,-2,1,2,1,38
969,1,-4,1,-4,-3,2,-1,0,3,0,-1,58
970,-1,0,-3,-4,1,2,-1,0,-1,0,1,34
971,1,-2,-1,-6,-1,4,1,2,1,-2,-1,70
972,3,-6,-3,0,1,2,-1,-4,-1,2,1,82
973,1,-4,-1,-2,-1,4,1,-2,1,0,-1,46
974,3,-4,-5,-2,3,4,1,-2,-3,0,1,94
975,5,-2,-3,-4,1,6,3,0,-1,-2,-1,106
976,3,2,-1,-4,-1,-4,-3,0,1,2,1,62
977,1,0,-3,-2,-3,-2,-1,2,3,0,-1,42
978,-1,0,1,-6,1,-2,-1,2,-1,0,1,50
979,1,-2,-1,-4,-1,0,1,4,1,-2,-1,46
980,-1,2,-3,-2,1,-2,-1,-2,-1,2,1,34
981,-3,4,-5,0,-1,0,1,0,1,0,-1,54
982,-1,0,-1,-4,3,0,1,0,-3,0,1,38
983,1,2,-3,-2,1,2,3,2,-1,-2,-1,42
984,3,-2,-1,-2,1,-2,-5,-2,1,2,1,58
985,1,-4,1,0,-1,0,-3,0,3,0,-1,38
986,-1,0,1,-4,3,0,-3,0,-1,0,1,38
987,1,-2,3,-2,1,2,-1,2,1,-2,-1,34
988,3,-2,-3,0,3,0,-3,-4,-1,2,1,62
989,1,0,-1,2,1,2,-1,-2,1,0,-1,18
990,3,0,-1,-2,5,2,-1,-2,-3,0,1,58
991,5,2,1,0,3,4,1,0,-1,-2,-1,62
992,7,2,-1,-4,-7,-4,-1,0,1,2,1,142
993,5,0,-3,-6,-5,-2,1,2,3,0,-1,114
994,3,0,-3,-2,-5,-2,1,2,-1,0,1,58
995,5,-2,-5,-4,-3,0,3,4,1,-2,-1,110
996,3,-2,1,-2,-5,-2,1,-2,-1,2,1,58
997,1,0,-1,-4,-3,0,3,0,1,0,-1,38
998,3,-4,-1,0,-3,0,3,0,-3,0,1,54
999,5,-2,-3,-2,-1,2,5,2,-1,-2,-1,82
1000,3,2,-1,-2,-5,-2,-3,-2,1,2,1,66
1001,1,0,1,-4,-3,0,-1,0,3,0,-1,38
1002,-1,4,-3,0,-3,0,-1,0,-1,0,1,38
1003,1,2,-1,-2,-1,2,1,2,1,-2,-1,26
1004,3,-2,1,0,-3,0,-1,-4,-1,2,1,46
1005,1,0,3,-2,-1,2,1,-2,1,0,-1,26
1006,3,0,-1,2,-1,2,1,-2,-3,0,1,34
1007,5,2,1,0,1,4,3,0,-1,-2,-1,62
1008,7,2,-1,-4,-5,-6,-3,0,1,2,1,146
1009,5,0,-3,-2,-3,-4,-1,2,3,0,-1,78
1010,3,0,1,-2,-3,-4,-1,2,-1,0,1,46
1011,5,-2,-1,0,-1,-2,1,4,1,-2,-1,58
1012,3,2,1,-2,-3,-4,-1,-2,-1,2,1,54
1013,1,4,-1,0,-1,-2,1,0,1,0,-1,26
1014,3,0,3,0,-1,-2,1,0,-3,0,1,34
1015,5,2,1,2,1,0,3,2,-1,-2,-1,54
1016,7,2,-1,-2,-3,-4,-5,-2,1,2,1,118
1017,5,0,1,0,-1,-2,-3,0,3,0,-1,50
1018,3,4,1,0,-1,-2,-3,0,-1,0,1,42
1019,5,2,3,2,1,0,-1,2,1,-2,-1,54
1020,7,2,1,0,-1,-2,-3,-4,-1,2,1,90
1021,5,4,3,2,1,0,-1,-2,1,0,-1,62
1022,7,4,3,2,1,0,-1,-2,-3,0,1,94
1023,9,6,5,4,3,2,1,0,-1,-2,-1,178
1024,7,8,7,6,5,4,3,2,1,0,1,254
1025,5,6,5,4,3,2,1,0,-1,2,-1,122
1026,3,6,5,4,3,2,1,0,3,-2,1,114
1027,5,4,3,2,1,0,-1,-2,1,0,-1,62
1028,3,4,5,4,3,2,1,4,-1,0,1,98
1029,1,6,3,2,1,0,-1,2,-3,2,-1,70
1030,3,2,3,2,1,0,-1,2,1,-2,1,38
1031,5,4,1,0,-1,-2,-3,0,-1,0,-1,58
1032,3,4,3,4,3,2,5,0,1,0,1,90
1033,1,2,5,2,1,0,3,-2,-1,2,-1,54
1034,-1,6,1,2,1,0,3,-2,3,-2,1,70
1035,1,4,3,0,-1,-2,1,-4,1,0,-1,50
1036,3,0,1,2,1,0,3,2,-1,0,1,30
1037,1,2,3,0,-1,-2,1,0,-3,2,-1,34
1038,3,2,-1,0,-1,-2,1,0,1,-2,1,26
1039,5,4,1,-2,-3,-4,-1,-2,-1,0,-1,78
1040,3,4,3,2,3,6,1,2,1,0,1,90
1041,1,2,1,4,1,4,-1,0,-1,2,-1,46
1042,-1,2,5,0,1,4,-1,0,3,-2,1,62
1043,1,0,3,2,-1,2,-3,-2,1,0,-1,34
1044,-1,4,1,0,1,4,-1,4,-1,0,1,54
1045,-3,6,-1,2,-1,2,-3,2,-3,2,-1,82
1046,-1,2,3,-2,-1,2,-3,2,1,-2,1,42
1047,1,4,1,0,-3,0,-5,0,-1,0,-1,54
1048,3,0,-1,0,1,4,3,0,1,0,1,38
1049,1,-2,1,2,-1,2,1,-2,-1,2,-1,26
1050,-1,2,1,-2,-1,2,1,-2,3,-2,1,34
1051,1,0,3,0,-3,0,-1,-4,1,0,-1,38
1052,3,0,-3,-2,-1,2,1,2,-1,0,1,34
1053,1,2,-1,0,-3,0,-1,0,-3,2,-1,30
1054,3,2,-1,-4,-3,0,-1,0,1,-2,1,46
1055,5,4,1,-2,-5,-2,-3,-2,-1,0,-1,90
1056,3,4,3,2,5,2,3,2,1,0,1,82
1057,1,2,1,0,7,0,1,0,-1,2,-1,62
1058,-1,2,1,4,3,0,1,0,3,-2,1,46
1059,1,0,-1,2,5,-2,-1,-2,1,0,-1,42
1060,-1,0,5,0,3,0,1,4,-1,0,1,54
1061,-3,2,3,-2,5,-2,-1,2,-3,2,-1,74
1062,-1,-2,3,2,1,-2,-1,2,1,-2,1,34
1063,1,0,1,0,3,-4,-3,0,-1,0,-1,38
1064,-1,4,-1,0,3,0,5,0,1,0,1,54
1065,-3,2,1,-2,5,-2,3,-2,-1,2,-1,66
1066,-5,6,-3,2,1,-2,3,-2,3,-2,1,106
1067,-3,4,-1,0,3,-4,1,-4,1,0,-1,70
1068,-1,0,1,-2,1,-2,3,2,-1,0,1,26
1069,-3,2,3,-4,3,-4,1,0,-3,2,-1,78
1070,-1,2,-1,0,-1,-4,1,0,1,-2,1,30
1071,1,4,1,-2,1,-6,-1,-2,-1,0,-1,66
1072,3,0,-1,-2,3,4,1,2,1,0,1,46
1073,1,-2,-3,0,5,2,-1,0,-1,2,-1,50
1074,-1,-2,1,0,1,2,-1,0,3,-2,1,26
1075,1,-4,-1,2,3,0,-3,-2,1,0,-1,46
1076,-1,0,1,-4,1,2,-1,4,-1,0,1,42
1077,-3,2,-1,-2,3,0,-3,2,-3,2,-1,54
1078,-1,-2,3,-2,-1,0,-3,2,1,-2,1,38
1079,1,0,1,0,1,-2,-5,0,-1,0,-1,34
1080,3,0,-5,-4,1,2,3,0,1,0,1,66
1081,1,-2,-3,-2,3,0,1,-2,-1,2,-1,38
1082,-1,2,-3,-2,-1,0,1,-2,3,-2,1,38
1083,1,0,-1,0,1,-2,-1,-4,1,0,-1,26
1084,3,0,-3,-6,-1,0,1,2,-1,0,1,62
1085,1,2,-1,-4,1,-2,-1,0,-3,2,-1,42
1086,3,2,-1,-4,-3,-2,-1,0,1,-2,1,50
1087,5,4,1,-2,-1,-4,-3,-2,-1,0,-1,78
1088,3,4,3,6,1,2,3,2,1,0,1,90
1089,1,2,1,4,-1,4,1,0,-1,2,-1,46
1090,-1,2,1,4,3,0,1,0,3,-2,1,46
1091,1,0,-1,2,1,2,-1,-2,1,0,-1,18
1092,-1,0,1,8,-1,0,1,4,-1,0,1,86
1093,-3,2,-1,6,-3,2,-1,2,-3,2,-1,82
1094,-1,-2,-1,6,1,-2,-1,2,1,-2,1,58
1095,1,0,-3,4,-1,0,-3,0,-1,0,-1,38
1096,-1,0,3,4,-1,0,5,0,1,0,1,54
1097,-3,-2,5,2,-3,2,3,-2,-1,2,-1,74
1098,-5,2,1,2,1,-2,3,-2,3,-2,1,66
1099,-3,0,3,0,-1,0,1,-4,1,0,-1,38
1100,-1,-4,1,6,-3,-2,3,2,-1,0,1,82
1101,-3,-2,3,4,-5,0,1,0,-3,2,-1,78
1102,-1,-2,-1,4,-1,-4,1,0,1,-2,1,46
1103,1,0,1,2,-3,-2,-1,-2,-1,0,-1,26
1104,-1,4,-1,2,-1,4,1,2,1,0,1,46
1105,-3,2,-3,4,-3,6,-1,0,-1,2,-1,90
1106,-5,2,1,0,1,2,-1,0,3,-2,1,50
1107,-3,0,-1,2,-1,4,-3,-2,1,0,-1,46
1108,-5,4,-3,4,-3,2,-1,4,-1,0,1,98
1109,-7,6,-5,6,-5,4,-3,2,-3,2,-1,214
1110,-5,2,-1,2,-1,0,-3,2,1,-2,1,54
1111,-3,4,-3,4,-3,2,-5,0,-1,0,-1,90
1112,-1,0,-1,0,-3,2,3,0,1,0,1,26
1113,-3,-2,1,2,-5,4,1,-2,-1,2,-1,70
1114,-5,2,1,-2,-1,0,1,-2,3,-2,1,54
1115,-3,0,3,0,-3,2,-1,-4,1,0,-1,50
1116,-1,0,-3,2,-5,0,1,2,-1,0,1,46
1117,-3,2,-1,4,-7,2,-1,0,-3,2,-1,98
1118,-1,2,-1,0,-3,-2,-1,0,1,-2,1,26
1119,1,4,1,2,-5,0,-3,-2,-1,0,-1,62
1120,3,0,-1,2,1,0,3,2,1,0,1,30
1121,1,-2,-3,0,3,2,1,0,-1,2,-1,34
1122,-1,-2,-3,4,3,-2,1,0,3,-2,1,58
1123,1,-4,-5,2,5,0,-1,-2,1,0,-1,78
1124,-1,-4,1,4,-1,-2,1,4,-1,0,1,58
1125,-3,-2,-1,2,1,0,-1,2,-3,2,-1,38
1126,-1,-6,-1,6,1,-4,-1,2,1,-2,1,102
1127,1,-4,-3,4,3,-2,-3,0,-1,0,-1,66
1128,-1,0,-1,0,-1,-2,5,0,1,0,1,34
1129,-3,-2,1,-2,1,0,3,-2,-1,2,-1,38
1130,-5,2,-3,2,1,-4,3,-2,3,-2,1,86
1131,-3,0,-1,0,3,-2,1,-4,1,0,-1,42
1132,-1,-4,1,2,-3,-4,3,2,-1,0,1,62
1133,-3,-2,3,0,-1,-2,1,0,-3,2,-1,42
1134,-1,-2,-1,4,-1,-6,1,0,1,-2,1,66
1135,1,0,1,2,1,-4,-1,-2,-1,0,-1,30
1136,3,0,-5,-2,-1,2,1,2,1,0,1,50
1137,1,-2,-7,0,1,4,-1,0,-1,2,-1,78
1138,-1,-2,-3,0,1,0,-1,0,3,-2,1,30
1139,1,-4,-5,2,3,2,-3,-2,1,0,-1,74
1140,-1,0,-3,0,-3,0,-1,4,-1,0,1,38
1141,-3,2,-5,2,-1,2,-3,2,-3,2,-1,74
1142,-1,-2,-1,2,-1,-2,-3,2,1,-2,1,34
1143,1,0,-3,4,1,0,-5,0,-1,0,-1,54
1144,3,0,-5,-4,-3,0,3,0,1,0,1,70
1145,1,-2,-3,-2,-1,2,1,-2,-1,2,-1,34
1146,-1,2,-3,-2,-1,-2,1,-2,3,-2,1,42
1147,1,0,-1,0,1,0,-1,-4,1,0,-1,22
1148,3,0,-3,-2,-5,-2,1,2,-1,0,1,58
1149,1,2,-1,0,-3,0,-1,0,-3,2,-1,30
1150,3,2,-1,0,-3,-4,-1,0,1,-2,1,46
1151,5,4,1,2,-1,-2,-3,-2,-1,0,-1,66
1152,3,4,7,2,3,2,1,2,1,0,1,98
1153,1,2,5,0,1,0,3,0,-1,2,-1,46
1154,-1,2,5,0,1,4,-1,0,3,-2,1,62
1155,1,0,3,-2,-1,2,1,-2,1,0,-1,26
1156,-1,0,5,0,5,0,-1,4,-1,0,1,70
1157,-3,2,3,-2,3,-2,1,2,-3,2,-1,58
1158,-1,-2,3,-2,3,2,-3,2,1,-2,1,50
1159,1,0,1,-4,1,0,-1,0,-1,0,-1,22
1160,-1,0,3,4,1,0,3,0,1,0,1,38
1161,-3,-2,5,2,-1,-2,5,-2,-1,2,-1,82
1162,-5,2,1,2,-1,2,1,-2,3,-2,1,58
1163,-3,0,3,0,-3,0,3,-4,1,0,-1,54
1164,-1,-4,1,2,3,-2,1,2,-1,0,1,42
1165,-3,-2,3,0,1,-4,3,0,-3,2,-1,62
1166,-1,-2,-1,0,1,0,-1,0,1,-2,1,14
1167,1,0,1,-2,-1,-2,1,-2,-1,0,-1,18
1168,-1,0,7,-2,1,4,-1,2,1,0,1,78
1169,-3,-2,5,0,-1,2,1,0,-1,2,-1,50
1170,-5,-2,9,-4,-1,6,-3,0,3,-2,1,186
1171,-3,-4,7,-2,-3,4,-1,-2,1,0,-1,110
1172,-5,0,5,-4,3,2,-3,4,-1,0,1,106
1173,-7,2,3,-2,1,0,-1,2,-3,2,-1,86
1174,-5,-2,7,-6,1,4,-5,2,1,-2,1,166
1175,-3,0,5,-4,-1,2,-3,0,-1,0,-1,66
1176,-1,-4,3,0,-1,2,1,0,1,0,1,34
1177,-3,-6,5,2,-3,0,3,-2,-1,2,-1,102
1178,-5,-2,5,-2,-3,4,-1,-2,3,-2,1,102
1179,-3,-4,7,0,-5,2,1,-4,1,0,-1,122
1180,-1,-4,1,-2,1,0,-1,2,-1,0,1,30
1181,-3,-2,3,0,-1,-2,1,0,-3,2,-1,42
1182,-1,-2,3,-4,-1,2,-3,0,1,-2,1,50
1183,1,0,5,-2,-3,0,-1,-2,-1,0,-1,46
1184,-1,4,3,-2,3,0,1,2,1,0,1,46
1185,-3,2,1,-4,5,-2,3,0,-1,2,-1,74
1186,-5,2,1,0,1,2,-1,0,3,-2,1,50
1187,-3,0,-1,-2,3,0,1,-2,1,0,-1,30
1188,-5,0,5,-4,5,-2,-1,4,-1,0,1,114
1189,-7,2,3,-6,7,-4,1,2,-3,2,-1,182
1190,-5,-2,3,-2,3,0,-3,2,1,-2,1,70
1191,-3,0,1,-4,5,-2,-1,0,-1,0,-1,58
1192,-5,4,-1,0,1,-2,3,0,1,0,1,58
1193,-7,2,1,-2,3,-4,5,-2,-1,2,-1,118
1194,-9,6,-3,2,-1,0,1,-2,3,-2,1,150
1195,-7,4,-1,0,1,-2,3,-4,1,0,-1,98
1196,-5,0,1,-2,3,-4,1,2,-1,0,1,62
1197,-7,2,3,-4,5,-6,3,0,-3,2,-1,162
1198,-5,2,-1,0,1,-2,-1,0,1,-2,1,42
1199,-3,4,1,-2,3,-4,1,-2,-1,0,-1,62
1200,-1,0,3,-6,1,2,-1,2,1,0,1,58
1201,-3,-2,1,-4,3,0,1,0,-1,2,-1,46
1202,-5,-2,5,-4,-1,4,-3,0,3,-2,1,110
1203,-3,-4,3,-2,1,2,-1,-2,1,0,-1,50
1204,-5,0,5,-8,3,0,-3,4,-1,0,1,150
1205,-7,2,3,-6,5,-2,-1,2,-3,2,-1,146
1206,-5,-2,7,-6,1,2,-5,2,1,-2,1,154
1207,-3,0,5,-4,3,0,-3,0,-1,0,-1,70
1208,-1,0,-1,-4,-1,0,1,0,1,0,1,22
1209,-3,-2,1,-2,1,-2,3,-2,-1,2,-1,42
1210,-5,2,1,-2,-3,2,-1,-2,3,-2,1,66
1211,-3,0,3,0,-1,0,1,-4,1,0,-1,38
1212,-1,0,1,-6,1,-2,-1,2,-1,0,1,50
1213,-3,2,3,-4,3,-4,1,0,-3,2,-1,78
1214,-1,2,3,-4,-1,0,-3,0,1,-2,1,46
1215,1,4,5,-2,1,-2,-1,-2,-1,0,-1,58
1216,3,0,3,2,-1,0,1,2,1,0,1,30
1217,1,-2,1,0,-3,2,3,0,-1,2,-1,34
1218,-1,-2,1,0,1,2,-1,0,3,-2,1,26
1219,1,-4,-1,-2,-1,4,1,-2,1,0,-1,46
1220,-1,-4,1,4,1,-2,-1,4,-1,0,1,58
1221,-3,-2,-1,2,-1,0,1,2,-3,2,-1,38
1222,-1,-6,-1,2,3,0,-3,2,1,-2,1,70
1223,1,-4,-3,0,1,2,-1,0,-1,0,-1,34
1224,-1,-4,3,4,-3,-2,3,0,1,0,1,66
1225,-3,-6,5,2,-5,0,5,-2,-1,2,-1,134
1226,-5,-2,1,2,-1,0,1,-2,3,-2,1,54
1227,-3,-4,3,0,-3,2,3,-4,1,0,-1,74
1228,-1,-8,1,6,-1,-4,1,2,-1,0,1,126
1229,-3,-6,3,4,-3,-2,3,0,-3,2,-1,106
1230,-1,-6,-1,4,1,-2,-1,0,1,-2,1,66
1231,1,-4,1,2,-1,0,1,-2,-1,0,-1,30
1232,-1,0,3,-2,-3,2,-1,2,1,0,1,34
1233,-3,-2,1,0,-5,4,1,0,-1,2,-1,62
1234,-5,-2,5,-4,-1,4,-3,0,3,-2,1,110
1235,-3,-4,3,-2,-3,6,-1,-2,1,0,-1,90
1236,-5,0,1,0,-1,0,-3,4,-1,0,1,54
1237,-7,2,-1,2,-3,2,-1,2,-3,2,-1,90
1238,-5,-2,3,-2,1,2,-5,2,1,-2,1,82
1239,-3,0,1,0,-1,4,-3,0,-1,0,-1,38
1240,-1,-4,3,0,-5,0,1,0,1,0,1,54
1241,-3,-6,5,2,-7,2,3,-2,-1,2,-1,146
1242,-5,-2,5,-2,-3,2,-1,-2,3,-2,1,90
1243,-3,-4,7,0,-5,4,1,-4,1,0,-1,134
1244,-1,-4,1,2,-3,-2,-1,2,-1,0,1,42
1245,-3,-2,3,4,-5,0,1,0,-3,2,-1,78
1246,-1,-2,3,0,-1,0,-3,0,1,-2,1,30
1247,1,0,5,2,-3,2,-1,-2,-1,0,-1,50
1248,3,0,-1,-2,-1,-2,1,2,1,0,1,26
1249,1,-2,-3,-4,1,0,3,0,-1,2,-1,46
1250,-1,-2,-3,0,1,0,-1,0,3,-2,1,30
1251,1,-4,-5,-2,3,2,1,-2,1,0,-1,66
1252,-1,-4,1,0,1,-4,-1,4,-1,0,1,54
1253,-3,-2,-1,-2,3,-2,1,2,-3,2,-1,50
1254,-1,-6,-1,2,3,-2,-3,2,1,-2,1,74
1255,1,-4,-3,0,5,0,-1,0,-1,0,-1,54
1256,-1,0,-1,0,-3,-4,3,0,1,0,1,38
1257,-3,-2,1,-2,-1,-2,5,-2,-1,2,-1,58
1258,-5,2,-3,2,-1,-2,1,-2,3,-2,1,66
1259,-3,0,-1,0,1,0,3,-4,1,0,-1,38
1260,-1,-4,1,2,-1,-6,1,2,-1,0,1,66
1261,-3,-2,3,0,1,-4,3,0,-3,2,-1,62
1262,-1,-2,-1,4,1,-4,-1,0,1,-2,1,46
1263,1,0,1,2,3,-2,1,-2,-1,0,-1,26
1264,3,0,-1,-6,-3,0,-1,2,1,0,1,62
1265,1,-2,-3,-4,-1,2,1,0,-1,2,-1,42
1266,-1,-2,1,-4,-1,2,-3,0,3,-2,1,50
1267,1,-4,-1,-2,1,4,-1,-2,1,0,-1,46
1268,-1,0,1,-4,-1,-2,-3,4,-1,0,1,50
1269,-3,2,-1,-2,1,0,-1,2,-3,2,-1,38
1270,-1,-2,3,-2,1,0,-5,2,1,-2,1,54
1271,1,0,1,0,3,2,-3,0,-1,0,-1,26
1272,3,0,-1,-4,-5,-2,1,0,1,0,1,58
1273,1,-2,1,-2,-3,0,3,-2,-1,2,-1,38
1274,-1,2,1,-2,-3,0,-1,-2,3,-2,1,38
1275,1,0,3,0,-1,2,1,-4,1,0,-1,34
1276,3,0,1,-2,-3,-4,-1,2,-1,0,1,46
1277,1,2,3,0,-1,-2,1,0,-3,2,-1,34
1278,3,2,3,0,-1,-2,-3,0,1,-2,1,42
1279,5,4,5,2,1,0,-1,-2,-1,0,-1,78
1280,3,8,3,4,3,2,1,0,1,0,1,114
1281,1,6,1,2,1,0,-1,2,-1,2,-1,54
1282,-1,6,1,2,1,0,3,-2,3,-2,1,70
1283,1,4,-1,0,-1,-2,1,0,1,0,-1,26
1284,-1,4,1,2,1,4,-1,2,-1,0,1,46
1285,-3,6,-1,0,-1,2,-3,4,-3,2,-1,90
1286,-1,2,-1,0,-1,2,1,0,1,-2,1,18
1287,1,4,-3,-2,-3,0,-1,2,-1,0,-1,46
1288,-1,4,-1,2,5,0,3,-2,1,0,1,62
1289,-3,2,1,0,3,-2,1,0,-1,2,-1,34
1290,-5,6,-3,0,3,-2,5,-4,3,-2,1,138
1291,-3,4,-1,-2,1,-4,3,-2,1,0,-1,62
1292,-1,0,-3,0,3,2,1,0,-1,0,1,26
1293,-3,2,-1,-2,1,0,-1,2,-3,2,-1,38
1294,-1,2,-5,-2,1,0,3,-2,1,-2,1,54
1295,1,4,-3,-4,-1,-2,1,0,-1,0,-1,50
1296,-1,4,-1,4,1,4,-1,0,1,0,1,54
1297,-3,2,-3,6,-1,2,-3,2,-1,2,-1,82
1298,-5,2,1,2,-1,2,1,-2,3,-2,1,58
1299,-3,0,-1,4,-3,0,-1,0,1,0,-1,38
1300,-5,4,-3,2,-1,6,-3,2,-1,0,1,106
1301,-7,6,-5,4,-3,4,-5,4,-3,2,-1,206
1302,-5,2,-1,0,-3,4,-1,0,1,-2,1,62
1303,-3,4,-3,2,-5,2,-3,2,-1,0,-1,82
1304,-1,0,-5,2,3,2,1,-2,1,0,1,50
1305,-3,-2,-3,4,1,0,-1,0,-1,2,-1,46
1306,-5,2,-3,0,1,0,3,-4,3,-2,1,78
1307,-3,0,-1,2,-1,-2,1,-2,1,0,-1,26
1308,-1,0,-7,0,1,4,-1,0,-1,0,1,70
1309,-3,2,-5,2,-1,2,-3,2,-3,2,-1,74
1310,-1,2,-5,-2,-1,2,1,-2,1,-2,1,50
1311,1,4,-3,0,-3,0,-1,0,-1,0,-1,38
1312,-1,4,3,0,3,0,1,0,1,0,1,38
1313,-3,2,1,-2,5,-2,-1,2,-1,2,-1,58
1314,-5,2,1,2,1,-2,3,-2,3,-2,1,66
1315,-3,0,-1,0,3,-4,1,0,1,0,-1,38
1316,-5,0,5,-2,1,2,-1,2,-1,0,1,66
1317,-7,2,3,-4,3,0,-3,4,-3,2,-1,126
1318,-5,-2,3,0,-1,0,1,0,1,-2,1,46
1319,-3,0,1,-2,1,-2,-1,2,-1,0,-1,26
1320,-5,4,-1,-2,5,-2,3,-2,1,0,1,90
1321,-7,2,1,-4,7,-4,1,0,-1,2,-1,142
1322,-9,6,-3,0,3,-4,5,-4,3,-2,1,206
1323,-7,4,-1,-2,5,-6,3,-2,1,0,-1,146
1324,-5,0,1,-4,3,0,1,0,-1,0,1,54
1325,-7,2,3,-6,5,-2,-1,2,-3,2,-1,146
1326,-5,2,-1,-2,1,-2,3,-2,1,-2,1,58
1327,-3,4,1,-4,3,-4,1,0,-1,0,-1,70
1328,-1,0,-1,0,1,2,-1,0,1,0,1,10
1329,-3,-2,-3,2,3,0,-3,2,-1,2,-1,54
1330,-5,-2,1,2,-1,0,1,-2,3,-2,1,54
1331,-3,-4,-1,4,1,-2,-1,0,1,0,-1,50
1332,-5,0,1,-2,-1,4,-3,2,-1,0,1,62
1333,-7,2,-1,0,1,2,-5,4,-3,2,-1,114
1334,-5,-2,3,0,-3,2,-1,0,1,-2,1,58
1335,-3,0,1,2,-1,0,-3,2,-1,0,-1,30
1336,-1,0,-5,-2,3,0,1,-2,1,0,1,46
1337,-3,-2,-3,0,5,-2,-1,0,-1,2,-1,58
1338,-5,2,-3,0,1,-2,3,-4,3,-2,1,82
1339,-3,0,-1,2,3,-4,1,-2,1,0,-1,46
1340,-1,0,-3,-4,1,2,-1,0,-1,0,1,34
1341,-3,2,-1,-2,3,0,-3,2,-3,2,-1,54
1342,-1,2,-1,-2,-1,0,1,-2,1,-2,1,22
1343,1,4,1,0,1,-2,-1,0,-1,0,-1,26
1344,-1,8,-1,4,-1,0,1,0,1,0,1,86
1345,-3,6,-3,2,-3,2,-1,2,-1,2,-1,82
1346,-5,6,-3,2,1,-2,3,-2,3,-2,1,106
1347,-3,4,-5,0,-1,0,1,0,1,0,-1,54
1348,-5,4,-3,6,-3,2,-1,2,-1,0,1,106
1349,-7,6,-5,4,-5,4,-3,4,-3,2,-1,206
1350,-5,2,-5,4,-1,0,1,0,1,-2,1,78
1351,-3,4,-7,2,-3,2,-1,2,-1,0,-1,98
1352,-5,4,-1,2,1,-2,3,-2,1,0,1,66
1353,-7,2,1,0,-1,0,1,0,-1,2,-1,62
1354,-9,6,-3,0,3,-4,5,-4,3,-2,1,206
1355,-7,4,-1,-2,1,-2,3,-2,1,0,-1,90
1356,-5,0,-3,4,-1,0,1,0,-1,0,1,54
1357,-7,2,-1,2,-3,2,-1,2,-3,2,-1,90
1358,-5,2,-5,2,1,-2,3,-2,1,-2,1,82
1359,-3,4,-3,0,-1,0,1,0,-1,0,-1,38
1360,-5,8,-5,4,-3,2,-1,0,1,0,1,146
1361,-7,6,-7,6,-5,4,-3,2,-1,2,-1,230
1362,-9,6,-3,2,-1,0,1,-2,3,-2,1,150
1363,-7,4,-5,4,-3,2,-1,0,1,0,-1,122
1364,-9,8,-7,6,-5,4,-3,2,-1,0,1,286
1365,-11,10,-9,8,-7,6,-5,4,-3,2,-1,506
1366,-9,6,-5,4,-3,2,-1,0,1,-2,1,178
1367,-7,8,-7,6,-5,4,-3,2,-1,0,-1,254
1368,-5,4,-5,2,-1,0,1,-2,1,0,1,78
1369,-7,2,-3,4,-3,2,-1,0,-1,2,-1,98
1370,-9,6,-3,0,1,-2,3,-4,3,-2,1,170
1371,-7,4,-1,2,-1,0,1,-2,1,0,-1,78
1372,-5,4,-7,4,-3,2,-1,0,-1,0,1,122
1373,-7,6,-5,6,-5,4,-3,2,-3,2,-1,214
1374,-5,6,-5,2,-1,0,1,-2,1,-2,1,102
1375,-3,8,-3,4,-3,2,-1,0,-1,0,-1,114
1376,-1,4,-1,0,-1,-2,1,0,1,0,1,26
1377,-3,2,-3,-2,1,0,-1,2,-1,2,-1,38
1378,-5,2,-3,2,1,-4,3,-2,3,-2,1,86
1379,-3,0,-5,0,3,-2,1,0,1,0,-1,50
1380,-5,0,1,2,-3,0,-1,2,-1,0,1,46
1381,-7,2,-1,0,-1,2,-3,4,-3,2,-1,98
1382,-5,-2,-1,4,-1,-2,1,0,1,-2,1,58
1383,-3,0,-3,2,1,0,-1,2,-1,0,-1,30
1384,-5,4,-1,-2,1,-4,3,-2,1,0,1,78
1385,-7,2,1,-4,3,-2,1,0,-1,2,-1,90
1386,-9,6,-3,0,3,-6,5,-4,3,-2,1,226
1387,-7,4,-1,-2,5,-4,3,-2,1,0,-1,126
1388,-5,0,1,0,-1,-2,1,0,-1,0,1,34
1389,-7,2,3,-2,1,0,-1,2,-3,2,-1,86
1390,-5,2,-1,2,1,-4,3,-2,1,-2,1,70
1391,-3,4,1,0,3,-2,1,0,-1,0,-1,42
1392,-1,4,-5,0,-3,0,-1,0,1,0,1,54
1393,-3,2,-7,2,-1,2,-3,2,-1,2,-1,90
1394,-5,2,-3,2,-1,-2,1,-2,3,-2,1,66
1395,-3,0,-5,4,1,0,-1,0,1,0,-1,54
1396,-5,4,-3,2,-5,2,-3,2,-1,0,1,98
1397,-7,6,-5,4,-3,4,-5,4,-3,2,-1,206
1398,-5,2,-1,4,-3,0,-1,0,1,-2,1,62
1399,-3,4,-3,6,-1,2,-3,2,-1,0,-1,90
1400,-1,4,-5,-2,-1,-2,1,-2,1,0,1,58
1401,-3,2,-3,0,1,0,-1,0,-1,2,-1,30
1402,-5,6,-3,0,1,-4,3,-4,3,-2,1,126
1403,-3,4,-1,2,3,-2,1,-2,1,0,-1,50
1404,-1,4,-3,0,-3,0,-1,0,-1,0,1,38
1405,-3,6,-1,2,-1,2,-3,2,-3,2,-1,82
1406,-1,6,-1,2,-1,-2,1,-2,1,-2,1,58
1407,1,8,1,4,1,0,-1,0,-1,0,-1,86
1408,3,4,3,0,1,0,-1,0,1,0,1,38
1409,1,2,1,-2,-1,-2,1,2,-1,2,-1,26
1410,-1,2,1,-2,-1,2,1,-2,3,-2,1,34
1411,1,0,-1,-4,-3,0,3,0,1,0,-1,38
1412,-1,0,1,-2,3,2,-3,2,-1,0,1,34
1413,-3,2,-1,-4,1,0,-1,4,-3,2,-1,62
1414,-1,-2,-1,-4,1,4,-1,0,1,-2,1,46
1415,1,0,-3,-6,-1,2,1,2,-1,0,-1,58
1416,-1,0,-1,2,3,-2,1,-2,1,0,1,26
1417,-3,-2,1,0,1,-4,3,0,-1,2,-1,46
1418,-5,2,-3,0,1,0,3,-4,3,-2,1,78
1419,-3,0,-1,-2,-1,-2,5,-2,1,0,-1,50
1420,-1,-4,-3,0,5,0,-1,0,-1,0,1,54
1421,-3,-2,-1,-2,3,-2,1,2,-3,2,-1,50
1422,-1,-2,-5,-2,3,2,1,-2,1,-2,1,58
1423,1,0,-3,-4,1,0,3,0,-1,0,-1,38
1424,-1,0,3,0,-1,2,-3,0,1,0,1,26
1425,-3,-2,1,2,-3,0,-1,2,-1,2,-1,38
1426,-5,-2,5,-2,-3,4,-1,-2,3,-2,1,102
1427,-3,-4,3,0,-5,2,1,0,1,0,-1,66
1428,-5,0,1,-2,1,4,-5,2,-1,0,1,78
1429,-7,2,-1,0,-1,2,-3,4,-3,2,-1,98
1430,-5,-2,3,-4,-1,6,-3,0,1,-2,1,106
1431,-3,0,1,-2,-3,4,-1,2,-1,0,-1,46
1432,-1,-4,-1,2,1,0,-1,-2,1,0,1,30
1433,-3,-6,1,4,-1,-2,1,0,-1,2,-1,74
1434,-5,-2,1,0,-1,2,1,-4,3,-2,1,66
1435,-3,-4,3,2,-3,0,3,-2,1,0,-1,62
1436,-1,-4,-3,0,3,2,-3,0,-1,0,1,50
1437,-3,-2,-1,2,1,0,-1,2,-3,2,-1,38
1438,-1,-2,-1,-2,1,4,-1,-2,1,-2,1,38
1439,1,0,1,0,-1,2,1,0,-1,0,-1,10
1440,-1,4,3,-4,1,-2,-1,0,1,0,1,50
1441,-3,2,1,-6,3,-4,1,2,-1,2,-1,86
1442,-5,2,1,-2,-1,0,1,-2,3,-2,1,54
1443,-3,0,-1,-4,1,-2,3,0,1,0,-1,42
1444,-5,0,5,-6,3,0,-3,2,-1,0,1,110
1445,-7,2,3,-8,5,-2,-1,4,-3,2,-1,186
1446,-5,-2,3,-4,1,2,-1,0,1,-2,1,66
1447,-3,0,1,-6,3,0,1,2,-1,0,-1,62
1448,-5,4,-1,-2,3,-4,1,-2,1,0,1,78
1449,-7,2,1,-4,5,-6,3,0,-1,2,-1,146
1450,-9,6,-3,0,1,-2,3,-4,3,-2,1,170
1451,-7,4,-1,-2,3,-4,5,-2,1,0,-1,126
1452,-5,0,1,-4,5,-2,-1,0,-1,0,1,74
1453,-7,2,3,-6,7,-4,1,2,-3,2,-1,182
1454,-5,2,-1,-2,3,0,1,-2,1,-2,1,54
1455,-3,4,1,-4,5,-2,3,0,-1,0,-1,82
1456,-1,0,3,-4,-1,0,-3,0,1,0,1,38
1457,-3,-2,1,-2,1,-2,-1,2,-1,2,-1,34
1458,-5,-2,5,-2,-3,2,-1,-2,3,-2,1,90
1459,-3,-4,3,0,-1,0,1,0,1,0,-1,38
1460,-5,0,5,-6,1,2,-5,2,-1,0,1,122
1461,-7,2,3,-4,3,0,-3,4,-3,2,-1,126
1462,-5,-2,7,-4,-1,4,-3,0,1,-2,1,126
1463,-3,0,5,-2,1,2,-1,2,-1,0,-1,50
1464,-1,0,-1,-2,1,-2,-1,-2,1,0,1,18
1465,-3,-2,1,0,3,-4,1,0,-1,2,-1,46
1466,-5,2,1,0,-1,0,1,-4,3,-2,1,62
1467,-3,0,3,2,1,-2,3,-2,1,0,-1,42
1468,-1,0,1,-4,3,0,-3,0,-1,0,1,38
1469,-3,2,3,-2,5,-2,-1,2,-3,2,-1,74
1470,-1,2,3,-2,1,2,-1,-2,1,-2,1,34
1471,1,4,5,0,3,0,1,0,-1,0,-1,54
1472,3,4,-1,0,-3,-2,-1,0,1,0,1,42
1473,1,2,-3,-2,-5,0,1,2,-1,2,-1,54
1474,-1,2,-3,-2,-1,0,1,-2,3,-2,1,38
1475,1,0,-5,-4,-3,2,3,0,1,0,-1,66
1476,-1,0,-3,2,-1,0,-3,2,-1,0,1,30
1477,-3,2,-5,0,-3,2,-1,4,-3,2,-1,82
1478,-1,-2,-5,0,1,2,-1,0,1,-2,1,42
1479,1,0,-7,-2,-1,4,1,2,-1,0,-1,78
1480,-1,0,-1,2,-1,-4,1,-2,1,0,1,30
1481,-3,-2,1,0,-3,-2,3,0,-1,2,-1,42
1482,-5,2,-3,0,1,-2,3,-4,3,-2,1,82
1483,-3,0,-1,-2,-1,0,5,-2,1,0,-1,46
1484,-1,-4,-3,4,1,-2,-1,0,-1,0,1,50
1485,-3,-2,-1,2,-1,0,1,2,-3,2,-1,38
1486,-1,-2,-5,2,3,0,1,-2,1,-2,1,54
1487,1,0,-3,0,1,2,3,0,-1,0,-1,26
1488,-1,4,-1,0,-5,0,-3,0,1,0,1,54
1489,-3,2,-3,2,-7,2,-1,2,-1,2,-1,90
1490,-5,2,1,-2,-3,2,-1,-2,3,-2,1,66
1491,-3,0,-1,0,-5,4,1,0,1,0,-1,54
1492,-5,4,-3,2,-3,2,-5,2,-1,0,1,98
1493,-7,6,-5,4,-5,4,-3,4,-3,2,-1,206
1494,-5,2,-1,0,-1,4,-3,0,1,-2,1,62
1495,-3,4,-3,2,-3,6,-1,2,-1,0,-1,90
1496,-1,0,-1,2,-3,-2,-1,-2,1,0,1,26
1497,-3,-2,1,4,-5,0,1,0,-1,2,-1,62
1498,-5,2,1,0,-1,0,1,-4,3,-2,1,62
1499,-3,0,3,2,-3,2,3,-2,1,0,-1,50
1500,-1,0,-3,4,-1,0,-3,0,-1,0,1,38
1501,-3,2,-1,6,-3,2,-1,2,-3,2,-1,82
1502,-1,2,-1,2,1,2,-1,-2,1,-2,1,26
1503,1,4,1,4,-1,4,1,0,-1,0,-1,54
1504,3,4,-1,-4,-3,-4,-1,0,1,0,1,70
1505,1,2,-3,-6,-1,-2,1,2,-1,2,-1,66
1506,-1,2,-3,-2,-1,-2,1,-2,3,-2,1,42
1507,1,0,-5,-4,1,0,3,0,1,0,-1,54
1508,-1,0,1,-2,-1,-2,-3,2,-1,0,1,26
1509,-3,2,-1,-4,1,0,-1,4,-3,2,-1,62
1510,-1,-2,-1,0,1,0,-1,0,1,-2,1,14
1511,1,0,-3,-2,3,2,1,2,-1,0,-1,34
1512,-1,4,-1,-2,-1,-6,1,-2,1,0,1,66
1513,-3,2,1,-4,1,-4,3,0,-1,2,-1,62
1514,-5,6,-3,0,1,-4,3,-4,3,-2,1,126
1515,-3,4,-1,-2,3,-2,5,-2,1,0,-1,74
1516,-1,0,1,0,1,-4,-1,0,-1,0,1,22
1517,-3,2,3,-2,3,-2,1,2,-3,2,-1,58
1518,-1,2,-1,2,3,-2,1,-2,1,-2,1,34
1519,1,4,1,0,5,0,3,0,-1,0,-1,54
1520,3,4,-1,-4,-5,-2,-3,0,1,0,1,82
1521,1,2,-3,-2,-3,0,-1,2,-1,2,-1,38
1522,-1,2,1,-2,-3,0,-1,-2,3,-2,1,38
1523,1,0,-1,0,-1,2,1,0,1,0,-1,10
1524,-1,4,1,-2,-3,0,-5,2,-1,0,1,62
1525,-3,6,-1,0,-1,2,-3,4,-3,2,-1,90
1526,-1,2,3,0,-1,2,-3,0,1,-2,1,34
1527,1,4,1,2,1,4,-1,2,-1,0,-1,46
1528,3,4,-1,-2,-3,-4,-1,-2,1,0,1,62
1529,1,2,1,0,-1,-2,1,0,-1,2,-1,18
1530,-1,6,1,0,-1,-2,1,-4,3,-2,1,74
1531,1,4,3,2,1,0,3,-2,1,0,-1,46
1532,3,4,1,0,-1,-2,-3,0,-1,0,1,42
1533,1,6,3,2,1,0,-1,2,-3,2,-1,70
1534,3,6,3,2,1,0,-1,-2,1,-2,1,70
1535,5,8,5,4,3,2,1,0,-1,0,-1,146
1536,7,4,5,4,3,2,1,0,-1,0,1,122
1537,5,2,3,2,1,0,-1,-2,1,2,-1,54
1538,3,2,3,2,1,0,-1,2,1,-2,1,38
1539,5,0,1,0,-1,-2,-3,0,3,0,-1,50
1540,3,0,3,2,1,0,3,2,-3,0,1,46
1541,1,2,1,0,-1,-2,1,0,-1,2,-1,18
1542,3,-2,1,0,-1,-2,1,4,-1,-2,1,42
1543,5,0,-1,-2,-3,-4,-1,2,1,0,-1,62
1544,3,0,1,2,1,4,3,-2,-1,0,1,46
1545,1,-2,3,0,-1,2,1,-4,1,2,-1,42
1546,-1,2,-1,0,-1,2,1,0,1,-2,1,18
1547,1,0,1,-2,-3,0,-1,-2,3,0,-1,30
1548,3,-4,-1,0,-1,2,5,0,-3,0,1,66
1549,1,-2,1,-2,-3,0,3,-2,-1,2,-1,38
1550,3,-2,-3,-2,-3,0,3,2,-1,-2,1,54
1551,5,0,-1,-4,-5,-2,1,0,1,0,-1,74
1552,3,0,1,0,5,4,-1,0,-1,0,1,54
1553,1,-2,-1,2,3,2,-3,-2,1,2,-1,42
1554,-1,-2,3,-2,3,2,-3,2,1,-2,1,50
1555,1,-4,1,0,1,0,-5,0,3,0,-1,54
1556,-1,0,-1,-2,3,2,1,2,-3,0,1,34
1557,-3,2,-3,0,1,0,-1,0,-1,2,-1,30
1558,-1,-2,1,-4,1,0,-1,4,-1,-2,1,46
1559,1,0,-1,-2,-1,-2,-3,2,1,0,-1,26
1560,3,-4,-3,-2,3,6,1,-2,-1,0,1,90
1561,1,-6,-1,0,1,4,-1,-4,1,2,-1,78
1562,-1,-2,-1,-4,1,4,-1,0,1,-2,1,46
1563,1,-4,1,-2,-1,2,-3,-2,3,0,-1,50
1564,3,-4,-5,-4,1,4,3,0,-3,0,1,102
1565,1,-2,-3,-2,-1,2,1,-2,-1,2,-1,34
1566,3,-2,-3,-6,-1,2,1,2,-1,-2,1,74
1567,5,0,-1,-4,-3,0,-1,0,1,0,-1,54
1568,3,0,1,4,3,0,1,0,-1,0,1,38
1569,1,-2,-1,2,5,-2,-1,-2,1,2,-1,50
1570,-1,-2,-1,6,1,-2,-1,2,1,-2,1,58
1571,1,-4,-3,4,3,-4,-3,0,3,0,-1,86
1572,-1,-4,3,2,1,-2,3,2,-3,0,1,58
1573,-3,-2,1,0,3,-4,1,0,-1,2,-1,46
1574,-1,-6,1,4,-1,-4,1,4,-1,-2,1,94
1575,1,-4,-1,2,1,-6,-1,2,1,0,-1,66
1576,-1,0,-3,2,1,2,3,-2,-1,0,1,34
1577,-3,-2,-1,0,3,0,1,-4,1,2,-1,46
1578,-5,2,-5,4,-1,0,1,0,1,-2,1,78
1579,-3,0,-3,2,1,-2,-1,-2,3,0,-1,42
1580,-1,-4,-1,0,-1,0,5,0,-3,0,1,54
1581,-3,-2,1,-2,1,-2,3,-2,-1,2,-1,42
1582,-1,-2,-3,2,-3,-2,3,2,-1,-2,1,50
1583,1,0,-1,0,-1,-4,1,0,1,0,-1,22
1584,3,-4,-3,0,5,2,-1,0,-1,0,1,66
1585,1,-6,-5,2,7,0,-3,-2,1,2,-1,134
1586,-1,-6,-1,2,3,0,-3,2,1,-2,1,70
1587,1,-8,-3,4,5,-2,-5,0,3,0,-1,154
1588,-1,-4,-1,-2,3,0,1,2,-3,0,1,46
1589,-3,-2,-3,0,5,-2,-1,0,-1,2,-1,58
1590,-1,-6,1,0,1,-2,-1,4,-1,-2,1,66
1591,1,-4,-1,2,3,-4,-3,2,1,0,-1,62
1592,3,-4,-7,-2,3,4,1,-2,-1,0,1,110
1593,1,-6,-5,0,5,2,-1,-4,1,2,-1,114
1594,-1,-2,-5,0,1,2,-1,0,1,-2,1,42
1595,1,-4,-3,2,3,0,-3,-2,3,0,-1,62
1596,3,-4,-5,-4,1,2,3,0,-3,0,1,90
1597,1,-2,-3,-2,3,0,1,-2,-1,2,-1,38
1598,3,-2,-3,-2,-1,0,1,2,-1,-2,1,38
1599,5,0,-1,0,1,-2,-1,0,1,0,-1,34
1600,3,0,5,4,-1,0,1,0,-1,0,1,54
1601,1,-2,3,2,-3,2,-1,-2,1,2,-1,42
1602,-1,-2,3,2,1,-2,-1,2,1,-2,1,34
1603,1,-4,1,0,-1,0,-3,0,3,0,-1,38
1604,-1,-4,3,6,-3,-2,3,2,-3,0,1,98
1605,-3,-2,1,4,-5,0,1,0,-1,2,-1,62
1606,-1,-6,1,4,-1,-4,1,4,-1,-2,1,94
1607,1,-4,-1,2,-3,-2,-1,2,1,0,-1,42
1608,-1,-4,5,2,-3,2,3,-2,-1,0,1,74
1609,-3,-6,7,0,-5,4,1,-4,1,2,-1,158
1610,-5,-2,3,0,-1,0,1,0,1,-2,1,46
1611,-3,-4,5,-2,-3,2,-1,-2,3,0,-1,82
1612,-1,-8,3,4,-5,0,5,0,-3,0,1,150
1613,-3,-6,5,2,-7,2,3,-2,-1,2,-1,146
1614,-1,-6,1,2,-3,-2,3,2,-1,-2,1,74
1615,1,-4,3,0,-5,0,1,0,1,0,-1,54
1616,-1,0,1,0,1,2,-1,0,-1,0,1,10
1617,-3,-2,-1,2,-1,4,-3,-2,1,2,-1,54
1618,-5,-2,3,-2,3,0,-3,2,1,-2,1,70
1619,-3,-4,1,0,1,2,-5,0,3,0,-1,66
1620,-5,0,-1,2,-1,0,1,2,-3,0,1,46
1621,-7,2,-3,4,-3,2,-1,0,-1,2,-1,98
1622,-5,-2,1,0,1,-2,-1,4,-1,-2,1,58
1623,-3,0,-1,2,-1,0,-3,2,1,0,-1,30
1624,-1,-4,1,-2,-1,4,1,-2,-1,0,1,46
1625,-3,-6,3,0,-3,6,-1,-4,1,2,-1,122
1626,-5,-2,3,-4,1,2,-1,0,1,-2,1,66
1627,-3,-4,5,-2,-1,4,-3,-2,3,0,-1,94
1628,-1,-4,-1,0,-3,2,3,0,-3,0,1,50
1629,-3,-2,1,2,-5,4,1,-2,-1,2,-1,70
1630,-1,-2,1,-2,-1,0,1,2,-1,-2,1,22
1631,1,0,3,0,-3,2,-1,0,1,0,-1,26
1632,3,-4,1,4,-1,-2,1,0,-1,0,1,50
1633,1,-6,-1,2,1,0,-1,-2,1,2,-1,54
1634,-1,-6,-1,6,1,-4,-1,2,1,-2,1,102
1635,1,-8,-3,4,3,-2,-3,0,3,0,-1,122
1636,-1,-8,3,6,-3,-4,3,2,-3,0,1,158
1637,-3,-6,1,4,-1,-2,1,0,-1,2,-1,74
1638,-1,-10,1,8,-1,-6,1,4,-1,-2,1,226
1639,1,-8,-1,6,1,-4,-1,2,1,0,-1,126
1640,-1,-4,1,2,-3,0,3,-2,-1,0,1,46
1641,-3,-6,3,0,-1,2,1,-4,1,2,-1,82
1642,-5,-2,-1,4,-1,-2,1,0,1,-2,1,58
1643,-3,-4,1,2,1,0,-1,-2,3,0,-1,46
1644,-1,-8,3,4,-5,-2,5,0,-3,0,1,154
1645,-3,-6,5,2,-3,0,3,-2,-1,2,-1,102
1646,-1,-6,1,6,-3,-4,3,2,-1,-2,1,118
1647,1,-4,3,4,-1,-2,1,0,1,0,-1,50
1648,3,-4,-3,0,1,0,-1,0,-1,0,1,38
1649,1,-6,-5,2,3,2,-3,-2,1,2,-1,98
1650,-1,-6,-1,2,3,-2,-3,2,1,-2,1,74
1651,1,-8,-3,4,5,0,-5,0,3,0,-1,150
1652,-1,-4,-1,2,-1,-2,1,2,-3,0,1,42
1653,-3,-2,-3,4,1,0,-1,0,-1,2,-1,46
1654,-1,-6,1,4,1,-4,-1,4,-1,-2,1,94
1655,1,-4,-1,6,3,-2,-3,2,1,0,-1,82
1656,3,-4,-3,-2,-1,2,1,-2,-1,0,1,50
1657,1,-6,-1,0,1,4,-1,-4,1,2,-1,78
1658,-1,-2,-1,0,1,0,-1,0,1,-2,1,14
1659,1,-4,1,2,3,2,-3,-2,3,0,-1,58
1660,3,-4,-1,0,-3,0,3,0,-3,0,1,54
1661,1,-2,1,2,-1,2,1,-2,-1,2,-1,26
1662,3,-2,1,2,-1,-2,1,2,-1,-2,1,34
1663,5,0,3,4,1,0,-1,0,1,0,-1,54
1664,3,4,5,0,1,0,-1,0,-1,0,1,54
1665,1,2,3,-2,-1,-2,1,-2,1,2,-1,34
1666,-1,2,3,-2,-1,2,-3,2,1,-2,1,42
1667,1,0,1,-4,-3,0,-1,0,3,0,-1,38
1668,-1,0,3,-2,3,-2,1,2,-3,0,1,42
1669,-3,2,1,-4,1,-4,3,0,-1,2,-1,62
1670,-1,-2,1,-4,1,0,-1,4,-1,-2,1,46
1671,1,0,-1,-6,-1,-2,1,2,1,0,-1,50
1672,-1,0,1,2,-1,2,1,-2,-1,0,1,18
1673,-3,-2,3,0,-3,0,3,-4,1,2,-1,62
1674,-5,2,-1,0,-3,4,-1,0,1,-2,1,62
1675,-3,0,1,-2,-5,2,1,-2,3,0,-1,58
1676,-1,-4,-1,0,1,0,3,0,-3,0,1,38
1677,-3,-2,1,-2,-1,-2,5,-2,-1,2,-1,58
1678,-1,-2,-3,-2,-1,2,1,2,-1,-2,1,34
1679,1,0,-1,-4,-3,0,3,0,1,0,-1,38
1680,-1,0,5,-4,3,2,-3,0,-1,0,1,66
1681,-3,-2,3,-2,1,0,-1,-2,1,2,-1,38
1682,-5,-2,7,-6,1,4,-5,2,1,-2,1,166
1683,-3,-4,5,-4,-1,2,-3,0,3,0,-1,90
1684,-5,0,3,-6,5,0,-1,2,-3,0,1,110
1685,-7,2,1,-4,3,-2,1,0,-1,2,-1,90
1686,-5,-2,5,-8,3,2,-3,4,-1,-2,1,162
1687,-3,0,3,-6,1,0,-1,2,1,0,-1,62
1688,-1,-4,1,-2,1,4,-1,-2,-1,0,1,46
1689,-3,-6,3,0,-1,2,1,-4,1,2,-1,82
1690,-5,-2,3,-4,-1,6,-3,0,1,-2,1,106
1691,-3,-4,5,-2,-3,4,-1,-2,3,0,-1,94
1692,-1,-4,-1,-4,3,2,1,0,-3,0,1,58
1693,-3,-2,1,-2,1,0,3,-2,-1,2,-1,38
1694,-1,-2,1,-6,1,4,-1,2,-1,-2,1,70
1695,1,0,3,-4,-1,2,1,0,1,0,-1,34
1696,-1,4,1,0,1,-2,-1,0,-1,0,1,26
1697,-3,2,-1,-2,3,-4,1,-2,1,2,-1,54
1698,-5,2,-1,2,-1,0,-3,2,1,-2,1,54
1699,-3,0,-3,0,1,-2,-1,0,3,0,-1,34
1700,-5,0,3,-2,3,-4,1,2,-3,0,1,78
1701,-7,2,1,-4,5,-6,3,0,-1,2,-1,146
1702,-5,-2,1,0,1,-2,-1,4,-1,-2,1,58
1703,-3,0,-1,-2,3,-4,1,2,1,0,-1,46
1704,-5,4,-3,2,-1,0,1,-2,-1,0,1,62
1705,-7,2,-1,0,1,-2,3,-4,1,2,-1,90
1706,-9,6,-5,4,-3,2,-1,0,1,-2,1,178
1707,-7,4,-3,2,-1,0,1,-2,3,0,-1,94
1708,-5,0,-1,0,1,-2,3,0,-3,0,1,50
1709,-7,2,1,-2,3,-4,5,-2,-1,2,-1,118
1710,-5,2,-3,2,-1,0,1,2,-1,-2,1,54
1711,-3,4,-1,0,1,-2,3,0,1,0,-1,42
1712,-1,0,1,-4,3,0,-3,0,-1,0,1,38
1713,-3,-2,-1,-2,5,-2,-1,-2,1,2,-1,58
1714,-5,-2,3,-2,1,2,-5,2,1,-2,1,82
1715,-3,-4,1,0,3,0,-3,0,3,0,-1,54
1716,-5,0,3,-6,5,-2,-1,2,-3,0,1,114
1717,-7,2,1,-4,7,-4,1,0,-1,2,-1,142
1718,-5,-2,5,-4,3,0,-3,4,-1,-2,1,110
1719,-3,0,3,-2,5,-2,-1,2,1,0,-1,58
1720,-1,0,-3,-2,1,2,-1,-2,-1,0,1,26
1721,-3,-2,-1,0,3,0,1,-4,1,2,-1,46
1722,-5,2,-1,0,-1,4,-3,0,1,-2,1,62
1723,-3,0,1,2,1,2,-1,-2,3,0,-1,34
1724,-1,0,-1,-4,3,0,1,0,-3,0,1,38
1725,-3,2,1,-2,5,-2,3,-2,-1,2,-1,66
1726,-1,2,1,-2,1,2,-1,2,-1,-2,1,26
1727,1,4,3,0,3,0,1,0,1,0,-1,38
1728,3,0,5,0,-3,-2,-1,0,-1,0,1,50
1729,1,-2,3,-2,-5,0,1,-2,1,2,-1,54
1730,-1,-2,3,-2,-1,0,-3,2,1,-2,1,38
1731,1,-4,1,-4,-3,2,-1,0,3,0,-1,58
1732,-1,-4,3,2,-1,-4,1,2,-3,0,1,62
1733,-3,-2,1,0,-3,-2,3,0,-1,2,-1,42
1734,-1,-6,1,0,1,-2,-1,4,-1,-2,1,66
1735,1,-4,-1,-2,-1,0,1,2,1,0,-1,30
1736,-1,-4,5,2,-5,0,1,-2,-1,0,1,78
1737,-3,-6,7,0,-7,2,3,-4,1,2,-1,178
1738,-5,-2,3,0,-3,2,-1,0,1,-2,1,58
1739,-3,-4,5,-2,-5,4,1,-2,3,0,-1,110
1740,-1,-8,3,4,-3,-2,3,0,-3,0,1,122
1741,-3,-6,5,2,-5,0,5,-2,-1,2,-1,134
1742,-1,-6,1,2,-1,0,1,2,-1,-2,1,54
1743,1,-4,3,0,-3,2,3,0,1,0,-1,50
1744,-1,0,5,-4,-1,0,-3,0,-1,0,1,54
1745,-3,-2,3,-2,-3,2,-1,-2,1,2,-1,50
1746,-5,-2,7,-6,1,2,-5,2,1,-2,1,154
1747,-3,-4,5,-4,-1,4,-3,0,3,0,-1,102
1748,-5,0,3,-2,1,-2,-1,2,-3,0,1,58
1749,-7,2,1,0,-1,0,1,0,-1,2,-1,62
1750,-5,-2,5,-4,3,0,-3,4,-1,-2,1,110
1751,-3,0,3,-2,1,2,-1,2,1,0,-1,34
1752,-1,-4,5,-2,-3,2,-1,-2,-1,0,1,66
1753,-3,-6,7,0,-5,4,1,-4,1,2,-1,158
1754,-5,-2,7,-4,-1,4,-3,0,1,-2,1,126
1755,-3,-4,9,-2,-3,6,-1,-2,3,0,-1,170
1756,-1,-4,3,0,-1,0,1,0,-3,0,1,38
1757,-3,-2,5,2,-3,2,3,-2,-1,2,-1,74
1758,-1,-2,5,-2,1,2,-1,2,-1,-2,1,50
1759,1,0,7,0,-1,4,1,0,1,0,-1,70
1760,3,0,1,0,-3,-4,-1,0,-1,0,1,38
1761,1,-2,-1,-2,-1,-2,1,-2,1,2,-1,26
1762,-1,-2,-1,2,-1,-2,-3,2,1,-2,1,34
1763,1,-4,-3,0,1,0,-1,0,3,0,-1,38
1764,-1,-4,3,2,-1,-6,1,2,-3,0,1,82
1765,-3,-2,1,0,1,-4,3,0,-1,2,-1,46
1766,-1,-6,1,4,1,-4,-1,4,-1,-2,1,94
1767,1,-4,-1,2,3,-2,1,2,1,0,-1,42
1768,-1,0,1,2,-5,-2,1,-2,-1,0,1,42
1769,-3,-2,3,0,-3,0,3,-4,1,2,-1,62
1770,-5,2,-1,4,-3,0,-1,0,1,-2,1,62
1771,-3,0,1,2,-1,2,1,-2,3,0,-1,34
1772,-1,-4,3,4,-3,-4,3,0,-3,0,1,86
1773,-3,-2,5,2,-1,-2,5,-2,-1,2,-1,82
1774,-1,-2,1,6,-1,-2,1,2,-1,-2,1,58
1775,1,0,3,4,1,0,3,0,1,0,-1,38
1776,3,0,1,-4,-1,-2,-3,0,-1,0,1,42
1777,1,-2,-1,-2,1,0,-1,-2,1,2,-1,22
1778,-1,-2,3,-2,1,0,-5,2,1,-2,1,54
1779,1,-4,1,0,3,2,-3,0,3,0,-1,50
1780,-1,0,3,-2,1,-4,-1,2,-3,0,1,46
1781,-3,2,1,0,3,-2,1,0,-1,2,-1,34
1782,-1,-2,5,0,3,-2,-3,4,-1,-2,1,74
1783,1,0,3,2,5,0,-1,2,1,0,-1,46
1784,3,0,1,-2,-3,0,-1,-2,-1,0,1,30
1785,1,-2,3,0,-1,2,1,-4,1,2,-1,42
1786,-1,2,3,0,-1,2,-3,0,1,-2,1,34
1787,1,0,5,2,1,4,-1,-2,3,0,-1,62
1788,3,0,3,0,-1,-2,1,0,-3,0,1,34
1789,1,2,5,2,1,0,3,-2,-1,2,-1,54
1790,3,2,5,2,1,0,-1,2,-1,-2,1,54
1791,5,4,7,4,3,2,1,0,1,0,-1,122
1792,7,4,1,2,1,0,-1,-2,-1,0,1,78
1793,5,2,-1,0,-1,-2,-3,0,1,2,-1,50
1794,3,2,-1,0,-1,-2,1,0,1,-2,1,26
1795,5,0,-3,-2,-3,-4,-1,2,3,0,-1,78
1796,3,0,-1,0,-1,2,1,0,-3,0,1,26
1797,1,2,-3,-2,-3,0,-1,2,-1,2,-1,38
1798,3,-2,-3,-2,-3,0,3,2,-1,-2,1,54
1799,5,0,-5,-4,-5,-2,1,4,1,0,-1,114
1800,3,0,-3,0,3,2,1,-4,-1,0,1,50
1801,1,-2,-1,-2,1,0,-1,-2,1,2,-1,22
1802,-1,2,-5,-2,1,0,3,-2,1,-2,1,54
1803,1,0,-3,-4,-1,-2,1,0,3,0,-1,42
1804,3,-4,-5,-2,1,4,3,-2,-3,0,1,94
1805,1,-2,-3,-4,-1,2,1,0,-1,2,-1,42
1806,3,-2,-7,-4,-1,2,5,0,-1,-2,1,114
1807,5,0,-5,-6,-3,0,3,2,1,0,-1,110
1808,3,0,-3,2,3,2,-3,-2,-1,0,1,50
1809,1,-2,-5,4,1,0,-5,0,1,2,-1,78
1810,-1,-2,-1,0,1,0,-1,0,1,-2,1,14
1811,1,-4,-3,2,-1,-2,-3,2,3,0,-1,58
1812,-1,0,-5,0,1,4,-1,0,-3,0,1,54
1813,-3,2,-7,2,-1,2,-3,2,-1,2,-1,90
1814,-1,-2,-3,-2,-1,2,1,2,-1,-2,1,34
1815,1,0,-5,0,-3,0,-1,4,1,0,-1,54
1816,3,-4,-7,0,5,4,-1,-4,-1,0,1,134
1817,1,-6,-5,2,3,2,-3,-2,1,2,-1,98
1818,-1,-2,-5,-2,3,2,1,-2,1,-2,1,58
1819,1,-4,-3,0,1,0,-1,0,3,0,-1,38
1820,3,-4,-9,-2,3,6,1,-2,-3,0,1,170
1821,1,-2,-7,0,1,4,-1,0,-1,2,-1,78
1822,3,-2,-7,-4,1,4,3,0,-1,-2,1,110
1823,5,0,-5,-2,-1,2,1,2,1,0,-1,66
1824,3,0,1,2,1,-2,-1,-2,-1,0,1,26
1825,1,-2,-1,0,3,-4,-3,0,1,2,-1,46
1826,-1,-2,-1,4,-1,-4,1,0,1,-2,1,46
1827,1,-4,-3,2,1,-6,-1,2,3,0,-1,82
1828,-1,-4,3,0,-1,0,1,0,-3,0,1,38
1829,-3,-2,1,-2,1,-2,-1,2,-1,2,-1,34
1830,-1,-6,1,2,-3,-2,3,2,-1,-2,1,74
1831,1,-4,-1,0,-1,-4,1,4,1,0,-1,54
1832,-1,0,-3,0,3,0,1,-4,-1,0,1,38
1833,-3,-2,-1,-2,5,-2,-1,-2,1,2,-1,58
1834,-5,2,-5,2,1,-2,3,-2,1,-2,1,82
1835,-3,0,-3,0,3,-4,1,0,3,0,-1,54
1836,-1,-4,-1,-2,1,2,3,-2,-3,0,1,50
1837,-3,-2,1,-4,3,0,1,0,-1,2,-1,46
1838,-1,-2,-3,0,-1,0,5,0,-1,-2,1,46
1839,1,0,-1,-2,1,-2,3,2,1,0,-1,26
1840,3,-4,-3,2,3,0,-3,-2,-1,0,1,62
1841,1,-6,-5,4,5,-2,-5,0,1,2,-1,138
1842,-1,-6,-1,4,1,-2,-1,0,1,-2,1,66
1843,1,-8,-3,6,3,-4,-3,2,3,0,-1,158
1844,-1,-4,-1,0,1,2,-1,0,-3,0,1,34
1845,-3,-2,-3,2,3,0,-3,2,-1,2,-1,54
1846,-1,-6,1,2,-1,0,1,2,-1,-2,1,54
1847,1,-4,-1,4,1,-2,-1,4,1,0,-1,58
1848,3,-4,-7,0,5,2,-1,-4,-1,0,1,122
1849,1,-6,-5,2,7,0,-3,-2,1,2,-1,134
1850,-1,-2,-5,2,3,0,1,-2,1,-2,1,54
1851,1,-4,-3,4,5,-2,-1,0,3,0,-1,82
1852,3,-4,-5,-2,3,4,1,-2,-3,0,1,94
1853,1,-2,-3,0,5,2,-1,0,-1,2,-1,50
1854,3,-2,-3,0,1,2,3,0,-1,-2,1,42
1855,5,0,-1,2,3,0,1,2,1,0,-1,46
1856,3,4,1,2,-3,-2,-1,-2,-1,0,1,50
1857,1,2,-1,0,-5,0,-3,0,1,2,-1,46
1858,-1,2,-1,0,-1,-4,1,0,1,-2,1,30
1859,1,0,-3,-2,-3,-2,-1,2,3,0,-1,42
1860,-1,0,-1,4,-5,0,1,0,-3,0,1,54
1861,-3,2,-3,2,-7,2,-1,2,-1,2,-1,90
1862,-1,-2,-3,2,-3,-2,3,2,-1,-2,1,50
1863,1,0,-5,0,-5,0,1,4,1,0,-1,70
1864,-1,0,1,0,-1,0,1,-4,-1,0,1,22
1865,-3,-2,3,-2,-3,2,-1,-2,1,2,-1,50
1866,-5,2,-1,-2,1,-2,3,-2,1,-2,1,58
1867,-3,0,1,-4,-1,0,1,0,3,0,-1,38
1868,-1,-4,-1,2,-3,2,3,-2,-3,0,1,58
1869,-3,-2,1,0,-5,4,1,0,-1,2,-1,62
1870,-1,-2,-3,0,-1,0,5,0,-1,-2,1,46
1871,1,0,-1,-2,-3,2,3,2,1,0,-1,34
1872,-1,4,-3,2,-1,0,-3,-2,-1,0,1,46
1873,-3,2,-5,4,-3,2,-5,0,1,2,-1,98
1874,-5,2,-1,0,1,-2,-1,0,1,-2,1,42
1875,-3,0,-3,2,-1,0,-3,2,3,0,-1,46
1876,-5,4,-5,4,-3,2,-1,0,-3,0,1,106
1877,-7,6,-7,6,-5,4,-3,2,-1,2,-1,230
1878,-5,2,-3,2,-1,0,1,2,-1,-2,1,54
1879,-3,4,-5,4,-3,2,-1,4,1,0,-1,98
1880,-1,0,-3,0,1,2,-1,-4,-1,0,1,34
1881,-3,-2,-1,2,-1,4,-3,-2,1,2,-1,54
1882,-5,2,-1,-2,3,0,1,-2,1,-2,1,54
1883,-3,0,1,0,1,2,-1,0,3,0,-1,26
1884,-1,0,-5,2,-1,4,1,-2,-3,0,1,62
1885,-3,2,-3,4,-3,6,-1,0,-1,2,-1,90
1886,-1,2,-3,0,1,2,3,0,-1,-2,1,34
1887,1,4,-1,2,-1,4,1,2,1,0,-1,46
1888,3,0,1,2,-3,-4,-1,-2,-1,0,1,46
1889,1,-2,-1,0,-1,-2,-3,0,1,2,-1,26
1890,-1,-2,-1,4,-1,-6,1,0,1,-2,1,66
1891,1,-4,-3,2,1,-4,-1,2,3,0,-1,62
1892,-1,-4,3,4,-5,-2,1,0,-3,0,1,82
1893,-3,-2,1,2,-3,0,-1,2,-1,2,-1,38
1894,-1,-6,1,6,-3,-4,3,2,-1,-2,1,118
1895,1,-4,-1,4,-1,-2,1,4,1,0,-1,58
1896,-1,0,1,0,-1,-2,1,-4,-1,0,1,26
1897,-3,-2,3,-2,1,0,-1,-2,1,2,-1,38
1898,-5,2,-1,2,1,-4,3,-2,1,-2,1,70
1899,-3,0,1,0,3,-2,1,0,3,0,-1,34
1900,-1,-4,3,2,-3,0,3,-2,-3,0,1,62
1901,-3,-2,5,0,-1,2,1,0,-1,2,-1,50
1902,-1,-2,1,4,-1,-2,5,0,-1,-2,1,58
1903,1,0,3,2,1,0,3,2,1,0,-1,30
1904,3,0,-3,2,-1,-2,-3,-2,-1,0,1,42
1905,1,-2,-5,4,1,0,-5,0,1,2,-1,78
1906,-1,-2,-1,4,1,-4,-1,0,1,-2,1,46
1907,1,-4,-3,6,3,-2,-3,2,3,0,-1,98
1908,-1,0,-1,4,-3,0,-1,0,-3,0,1,38
1909,-3,2,-3,6,-1,2,-3,2,-1,2,-1,82
1910,-1,-2,1,6,-1,-2,1,2,-1,-2,1,58
1911,1,0,-1,8,1,0,-1,4,1,0,-1,86
1912,3,0,-3,0,1,0,-1,-4,-1,0,1,38
1913,1,-2,-1,2,3,2,-3,-2,1,2,-1,42
1914,-1,2,-1,2,3,-2,1,-2,1,-2,1,34
1915,1,0,1,4,5,0,-1,0,3,0,-1,54
1916,3,0,-1,2,-1,2,1,-2,-3,0,1,34
1917,1,2,1,4,1,4,-1,0,-1,2,-1,46
1918,3,2,1,4,1,0,3,0,-1,-2,1,46
1919,5,4,3,6,3,2,1,2,1,0,-1,106
1920,7,4,1,-2,-1,-2,-3,-2,-1,0,1,90
1921,5,2,-1,-4,-3,-4,-1,0,1,2,-1,78
1922,3,2,-1,-4,-3,0,-1,0,1,-2,1,46
1923,5,0,-3,-6,-5,-2,1,2,3,0,-1,114
1924,3,0,-1,-4,1,0,-1,0,-3,0,1,38
1925,1,2,-3,-6,-1,-2,1,2,-1,2,-1,66
1926,3,-2,-3,-6,-1,2,1,2,-1,-2,1,74
1927,5,0,-5,-8,-3,0,3,4,1,0,-1,150
1928,3,0,-3,0,1,0,-1,-4,-1,0,1,38
1929,1,-2,-1,-2,-1,-2,1,-2,1,2,-1,26
1930,-1,2,-5,-2,-1,2,1,-2,1,-2,1,50
1931,1,0,-3,-4,-3,0,3,0,3,0,-1,54
1932,3,-4,-5,-2,3,2,1,-2,-3,0,1,82
1933,1,-2,-3,-4,1,0,3,0,-1,2,-1,46
1934,3,-2,-7,-4,1,4,3,0,-1,-2,1,110
1935,5,0,-5,-6,-1,2,5,2,1,0,-1,122
1936,3,0,1,-2,1,0,-5,-2,-1,0,1,46
1937,1,-2,-1,0,-1,-2,-3,0,1,2,-1,26
1938,-1,-2,3,-4,-1,2,-3,0,1,-2,1,50
1939,1,-4,1,-2,-3,0,-1,2,3,0,-1,46
1940,-1,0,-1,-4,3,2,-3,0,-3,0,1,50
1941,-3,2,-3,-2,1,0,-1,2,-1,2,-1,38
1942,-1,-2,1,-6,1,4,-1,2,-1,-2,1,70
1943,1,0,-1,-4,-1,2,1,4,1,0,-1,42
1944,3,-4,-3,0,3,2,-3,-4,-1,0,1,74
1945,1,-6,-1,2,1,0,-1,-2,1,2,-1,54
1946,-1,-2,-1,-2,1,4,-1,-2,1,-2,1,38
1947,1,-4,1,0,-1,2,1,0,3,0,-1,34
1948,3,-4,-5,-2,5,4,-1,-2,-3,0,1,110
1949,1,-2,-3,0,3,2,1,0,-1,2,-1,34
1950,3,-2,-3,-4,3,6,1,0,-1,-2,1,90
1951,5,0,-1,-2,1,4,3,2,1,0,-1,62
1952,3,4,1,-2,-1,-4,-3,-2,-1,0,1,62
1953,1,2,-1,-4,1,-6,-1,0,1,2,-1,66
1954,-1,2,-1,0,-3,-2,-1,0,1,-2,1,26
1955,1,0,-3,-2,-1,-4,1,2,3,0,-1,46
1956,-1,0,3,-4,1,-2,-1,0,-3,0,1,42
1957,-3,2,1,-6,3,-4,1,2,-1,2,-1,86
1958,-1,-2,1,-2,-1,0,1,2,-1,-2,1,22
1959,1,0,-1,-4,1,-2,3,4,1,0,-1,50
1960,-1,4,-3,0,1,-2,-1,-4,-1,0,1,50
1961,-3,2,-1,-2,3,-4,1,-2,1,2,-1,54
1962,-5,6,-5,2,-1,0,1,-2,1,-2,1,102
1963,-3,4,-3,0,1,-2,3,0,3,0,-1,58
1964,-1,0,-1,-2,3,0,1,-2,-3,0,1,30
1965,-3,2,1,-4,5,-2,3,0,-1,2,-1,74
1966,-1,2,-3,0,1,2,3,0,-1,-2,1,34
1967,1,4,-1,-2,3,0,5,2,1,0,-1,62
1968,3,0,1,-2,1,-2,-5,-2,-1,0,1,50
1969,1,-2,-1,0,3,-4,-3,0,1,2,-1,46
1970,-1,-2,3,0,-1,0,-3,0,1,-2,1,30
1971,1,-4,1,2,1,-2,-1,2,3,0,-1,42
1972,-1,0,3,-4,3,0,-3,0,-3,0,1,54
1973,-3,2,1,-2,5,-2,-1,2,-1,2,-1,58
1974,-1,-2,5,-2,1,2,-1,2,-1,-2,1,50
1975,1,0,3,0,3,0,1,4,1,0,-1,38
1976,3,0,-3,0,3,0,-3,-4,-1,0,1,54
1977,1,-2,-1,2,5,-2,-1,-2,1,2,-1,50
1978,-1,2,-1,2,1,2,-1,-2,1,-2,1,26
1979,1,0,1,4,3,0,1,0,3,0,-1,38
1980,3,0,-1,-2,5,2,-1,-2,-3,0,1,58
1981,1,2,1,0,7,0,1,0,-1,2,-1,62
1982,3,2,1,0,3,4,1,0,-1,-2,1,46
1983,5,4,3,2,5,2,3,2,1,0,-1,98
1984,7,4,1,-2,-5,-4,-3,-2,-1,0,1,126
1985,5,2,-1,-4,-7,-2,-1,0,1,2,-1,106
1986,3,2,-1,-4,-3,-2,-1,0,1,-2,1,50
1987,5,0,-3,-6,-5,0,1,2,3,0,-1,110
1988,3,0,-1,0,-3,-2,-1,0,-3,0,1,34
1989,1,2,-3,-2,-5,0,1,2,-1,2,-1,54
1990,3,-2,-3,-2,-1,0,1,2,-1,-2,1,38
1991,5,0,-5,-4,-3,2,3,4,1,0,-1,106
1992,3,0,1,0,-3,-2,-1,-4,-1,0,1,42
1993,1,-2,3,-2,-5,0,1,-2,1,2,-1,54
1994,-1,2,-1,-2,-1,0,1,-2,1,-2,1,22
1995,1,0,1,-4,-3,2,3,0,3,0,-1,50
1996,3,-4,-1,2,-1,0,1,-2,-3,0,1,46
1997,1,-2,1,0,-3,2,3,0,-1,2,-1,34
1998,3,-2,-3,0,1,2,3,0,-1,-2,1,42
1999,5,0,-1,-2,-1,4,5,2,1,0,-1,78
2000,3,4,1,-2,-3,-2,-5,-2,-1,0,1,74
2001,1,2,-1,0,-5,0,-3,0,1,2,-1,46
2002,-1,2,3,-4,-1,0,-3,0,1,-2,1,46
2003,1,0,1,-2,-3,2,-1,2,3,0,-1,34
2004,-1,4,-1,0,-1,0,-3,0,-3,0,1,38
2005,-3,6,-3,2,-3,2,-1,2,-1,2,-1,82
2006,-1,2,1,-2,1,2,-1,2,-1,-2,1,26
2007,1,4,-1,0,-1,4,1,4,1,0,-1,54
2008,3,0,1,0,-1,0,-3,-4,-1,0,1,38
2009,1,-2,3,2,-3,2,-1,-2,1,2,-1,42
2010,-1,2,3,-2,1,2,-1,-2,1,-2,1,34
2011,1,0,5,0,-1,4,1,0,3,0,-1,54
2012,3,0,-1,2,1,2,-1,-2,-3,0,1,34
2013,1,2,1,4,-1,4,1,0,-1,2,-1,46
2014,3,2,1,0,3,4,1,0,-1,-2,1,46
2015,5,4,3,2,1,6,3,2,1,0,-1,106
2016,7,4,1,-2,-5,-6,-3,-2,-1,0,1,146
2017,5,2,-1,-4,-3,-4,-1,0,1,2,-1,78
2018,3,2,-1,0,-3,-4,-1,0,1,-2,1,46
2019,5,0,-3,-2,-1,-2,1,2,3,0,-1,58
2020,3,0,3,0,-3,-4,-1,0,-3,0,1,54
2021,1,2,1,-2,-1,-2,1,2,-1,2,-1,26
2022,3,-2,1,2,-1,-2,1,2,-1,-2,1,34
2023,5,0,-1,0,1,0,3,4,1,0,-1,54
2024,3,4,1,0,-3,-4,-1,-4,-1,0,1,70
2025,1,2,3,-2,-1,-2,1,-2,1,2,-1,34
2026,-1,6,-1,2,-1,-2,1,-2,1,-2,1,58
2027,1,4,1,0,1,0,3,0,3,0,-1,38
2028,3,0,3,2,-1,-2,1,-2,-3,0,1,42
2029,1,2,5,0,1,0,3,0,-1,2,-1,46
2030,3,2,1,4,1,0,3,0,-1,-2,1,46
2031,5,4,3,2,3,2,5,2,1,0,-1,98
2032,7,4,1,-2,-3,-4,-5,-2,-1,0,1,126
2033,5,2,-1,0,-1,-2,-3,0,1,2,-1,50
2034,3,2,3,0,-1,-2,-3,0,1,-2,1,42
2035,5,0,1,2,1,0,-1,2,3,0,-1,46
2036,3,4,3,0,-1,-2,-3,0,-3,0,1,58
2037,1,6,1,2,1,0,-1,2,-1,2,-1,54
2038,3,2,5,2,1,0,-1,2,-1,-2,1,54
2039,5,4,3,4,3,2,1,4,1,0,-1,98
2040,7,4,1,0,-1,-2,-3,-4,-1,0,1,98
2041,5,2,3,2,1,0,-1,-2,1,2,-1,54
2042,3,6,3,2,1,0,-1,-2,1,-2,1,70
2043,5,4,5,4,3,2,1,0,3,0,-1,106
2044,7,4,3,2,1,0,-1,-2,-3,0,1,94
2045,5,6,5,4,3,2,1,0,-1,2,-1,122
2046,7,6,5,4,3,2,1,0,-1,-2,1,146
2047,9,8,7,6,5,4,3,2,1,0,-1,286
2048,9,8,7,6,5,4,3,2,1,0,-1,286
2049,7,6,5,4,3,2,1,0,-1,-2,1,146
2050,5,6,5,4,3,2,1,0,-1,2,-1,122
2051,7,4,3,2,1,0,-1,-2,-3,0,1,94
2052,5,4,5,4,3,2,1,0,3,0,-1,106
2053,3,6,3,2,1,0,-1,-2,1,-2,1,70
2054,5,2,3,2,1,0,-1,-2,1,2,-1,54
2055,7,4,1,0,-1,-2,-3,-4,-1,0,1,98
2056,5,4,3,4,3,2,1,4,1,0,-1,98
2057,3,2,5,2,1,0,-1,2,-1,-2,1,54
2058,1,6,1,2,1,0,-1,2,-1,2,-1,54
2059,3,4,3,0,-1,-2,-3,0,-3,0,1,58
2060,5,0,1,2,1,0,-1,2,3,0,-1,46
2061,3,2,3,0,-1,-2,-3,0,1,-2,1,42
2062,5,2,-1,0,-1,-2,-3,0,1,2,-1,50
2063,7,4,1,-2,-3,-4,-5,-2,-1,0,1,126
2064,5,4,3,2,3,2,5,2,1,0,-1,98
2065,3,2,1,4,1,0,3,0,-1,-2,1,46
2066,1,2,5,0,1,0,3,0,-1,2,-1,46
2067,3,0,3,2,-1,-2,1,-2,-3,0,1,42
2068,1,4,1,0,1,0,3,0,3,0,-1,38
2069,-1,6,-1,2,-1,-2,1,-2,1,-2,1,58
2070,1,2,3,-2,-1,-2,1,-2,1,2,-1,34
2071,3,4,1,0,-3,-4,-1,-4,-1,0,1,70
2072,5,0,-1,0,1,0,3,4,1,0,-1,54
2073,3,-2,1,2,-1,-2,1,2,-1,-2,1,34
2074,1,2,1,-2,-1,-2,1,2,-1,2,-1,26
2075,3,0,3,0,-3,-4,-1,0,-3,0,1,54
2076,5,0,-3,-2,-1,-2,1,2,3,0,-1,58
2077,3,2,-1,0,-3,-4,-1,0,1,-2,1,46
2078,5,2,-1,-4,-3,-4,-1,0,1,2,-1,78
2079,7,4,1,-2,-5,-6,-3,-2,-1,0,1,146
2080,5,4,3,2,1,6,3,2,1,0,-1,106
2081,3,2,1,0,3,4,1,0,-1,-2,1,46
2082,1,2,1,4,-1,4,1,0,-1,2,-1,46
2083,3,0,-1,2,1,2,-1,-2,-3,0,1,34
2084,1,0,5,0,-1,4,1,0,3,0,-1,54
2085,-1,2,3,-2,1,2,-1,-2,1,-2,1,34
2086,1,-2,3,2,-3,2,-1,-2,1,2,-1,42
2087,3,0,1,0,-1,0,-3,-4,-1,0,1,38
2088,1,4,-1,0,-1,4,1,4,1,0,-1,54
2089,-1,2,1,-2,1,2,-1,2,-1,-2,1,26
2090,-3,6,-3,2,-3,2,-1,2,-1,2,-1,82
2091,-1,4,-1,0,-1,0,-3,0,-3,0,1,38
2092,1,0,1,-2,-3,2,-1,2,3,0,-1,34
2093,-1,2,3,-4,-1,0,-3,0,1,-2,1,46
2094,1,2,-1,0,-5,0,-3,0,1,2,-1,46
2095,3,4,1,-2,-3,-2,-5,-2,-1,0,1,74
2096,5,0,-1,-2,-1,4,5,2,1,0,-1,78
2097,3,-2,-3,0,1,2,3,0,-1,-2,1,42
2098,1,-2,1,0,-3,2,3,0,-1,2,-1,34
2099,3,-4,-1,2,-1,0,1,-2,-3,0,1,46
2100,1,0,1,-4,-3,2,3,0,3,0,-1,50
2101,-1,2,-1,-2,-1,0,1,-2,1,-2,1,22
2102,1,-2,3,-2,-5,0,1,-2,1,2,-1,54
2103,3,0,1,0,-3,-2,-1,-4,-1,0,1,42
2104,5,0,-5,-4,-3,2,3,4,1,0,-1,106
2105,3,-2,-3,-2,-1,0,1,2,-1,-2,1,38
2106,1,2,-3,-2,-5,0,1,2,-1,2,-1,54
2107,3,0,-1,0,-3,-2,-1,0,-3,0,1,34
2108,5,0,-3,-6,-5,0,1,2,3,0,-1,110
2109,3,2,-1,-4,-3,-2,-1,0,1,-2,1,50
2110,5,2,-1,-4,-7,-2,-1,0,1,2,-1,106
2111,7,4,1,-2,-5,-4,-3,-2,-1,0,1,126
2112,5,4,3,2,5,2,3,2,1,0,-1,98
2113,3,2,1,0,3,4,1,0,-1,-2,1,46
2114,1,2,1,0,7,0,1,0,-1,2,-1,62
2115,3,0,-1,-2,5,2,-1,-2,-3,0,1,58
2116,1,0,1,4,3,0,1,0,3,0,-1,38
2117,-1,2,-1,2,1,2,-1,-2,1,-2,1,26
2118,1,-2,-1,2,5,-2,-1,-2,1,2,-1,50
2119,3,0,-3,0,3,0,-3,-4,-1,0,1,54
2120,1,0,3,0,3,0,1,4,1,0,-1,38
2121,-1,-2,5,-2,1,2,-1,2,-1,-2,1,50
2122,-3,2,1,-2,5,-2,-1,2,-1,2,-1,58
2123,-1,0,3,-4,3,0,-3,0,-3,0,1,54
2124,1,-4,1,2,1,-2,-1,2,3,0,-1,42
2125,-1,-2,3,0,-1,0,-3,0,1,-2,1,30
2126,1,-2,-1,0,3,-4,-3,0,1,2,-1,46
2127,3,0,1,-2,1,-2,-5,-2,-1,0,1,50
2128,1,4,-1,-2,3,0,5,2,1,0,-1,62
2129,-1,2,-3,0,1,2,3,0,-1,-2,1,34
2130,-3,2,1,-4,5,-2,3,0,-1,2,-1,74
2131,-1,0,-1,-2,3,0,1,-2,-3,0,1,30
2132,-3,4,-3,0,1,-2,3,0,3,0,-1,58
2133,-5,6,-5,2,-1,0,1,-2,1,-2,1,102
2134,-3,2,-1,-2,3,-4,1,-2,1,2,-1,54
2135,-1,4,-3,0,1,-2,-1,-4,-1,0,1,50
2136,1,0,-1,-4,1,-2,3,4,1,0,-1,50
2137,-1,-2,1,-2,-1,0,1,2,-1,-2,1,22
2138,-3,2,1,-6,3,-4,1,2,-1,2,-1,86
2139,-1,0,3,-4,1,-2,-1,0,-3,0,1,42
2140,1,0,-3,-2,-1,-4,1,2,3,0,-1,46
2141,-1,2,-1,0,-3,-2,-1,0,1,-2,1,26
2142,1,2,-1,-4,1,-6,-1,0,1,2,-1,66
2143,3,4,1,-2,-1,-4,-3,-2,-1,0,1,62
2144,5,0,-1,-2,1,4,3,2,1,0,-1,62
2145,3,-2,-3,-4,3,6,1,0,-1,-2,1,90
2146,1,-2,-3,0,3,2,1,0,-1,2,-1,34
2147,3,-4,-5,-2,5,4,-1,-2,-3,0,1,110
2148,1,-4,1,0,-1,2,1,0,3,0,-1,34
2149,-1,-2,-1,-2,1,4,-1,-2,1,-2,1,38
2150,1,-6,-1,2,1,0,-1,-2,1,2,-1,54
2151,3,-4,-3,0,3,2,-3,-4,-1,0,1,74
2152,1,0,-1,-4,-1,2,1,4,1,0,-1,42
2153,-1,-2,1,-6,1,4,-1,2,-1,-2,1,70
2154,-3,2,-3,-2,1,0,-1,2,-1,2,-1,38
2155,-1,0,-1,-4,3,2,-3,0,-3,0,1,50
2156,1,-4,1,-2,-3,0,-1,2,3,0,-1,46
2157,-1,-2,3,-4,-1,2,-3,0,1,-2,1,50
2158,1,-2,-1,0,-1,-2,-3,0,1,2,-1,26
2159,3,0,1,-2,1,0,-5,-2,-1,0,1,46
2160,5,0,-5,-6,-1,2,5,2,1,0,-1,122
2161,3,-2,-7,-4,1,4,3,0,-1,-2,1,110
2162,1,-2,-3,-4,1,0,3,0,-1,2,-1,46
2163,3,-4,-5,-2,3,2,1,-2,-3,0,1,82
2164,1,0,-3,-4,-3,0,3,0,3,0,-1,54
2165,-1,2,-5,-2,-1,2,1,-2,1,-2,1,50
2166,1,-2,-1,-2,-1,-2,1,-2,1,2,-1,26
2167,3,0,-3,0,1,0,-1,-4,-1,0,1,38
2168,5,0,-5,-8,-3,0,3,4,1,0,-1,150
2169,3,-2,-3,-6,-1,2,1,2,-1,-2,1,74
2170,1,2,-3,-6,-1,-2,1,2,-1,2,-1,66
2171,3,0,-1,-4,1,0,-1,0,-3,0,1,38
2172,5,0,-3,-6,-5,-2,1,2,3,0,-1,114
2173,3,2,-1,-4,-3,0,-1,0,1,-2,1,46
2174,5,2,-1,-4,-3,-4,-1,0,1,2,-1,78
2175,7,4,1,-2,-1,-2,-3,-2,-1,0,1,90
2176,5,4,3,6,3,2,1,2,1,0,-1,106
2177,3,2,1,4,1,0,3,0,-1,-2,1,46
2178,1,2,1,4,1,4,-1,0,-1,2,-1,46
2179,3,0,-1,2,-1,2,1,-2,-3,0,1,34
2180,1,0,1,4,5,0,-1,0,3,0,-1,54
2181,-1,2,-1,2,3,-2,1,-2,1,-2,1,34
2182,1,-2,-1,2,3,2,-3,-2,1,2,-1,42
2183,3,0,-3,0,1,0,-1,-4,-1,0,1,38
2184,1,0,-1,8,1,0,-1,4,1,0,-1,86
2185,-1,-2,1,6,-1,-2,1,2,-1,-2,1,58
2186,-3,2,-3,6,-1,2,-3,2,-1,2,-1,82
2187,-1,0,-1,4,-3,0,-1,0,-3,0,1,38
2188,1,-4,-3,6,3,-2,-3,2,3,0,-1,98
2189,-1,-2,-1,4,1,-4,-1,0,1,-2,1,46
2190,1,-2,-5,4,1,0,-5,0,1,2,-1,78
2191,3,0,-3,2,-1,-2,-3,-2,-1,0,1,42
2192,1,0,3,2,1,0,3,2,1,0,-1,30
2193,-1,-2,1,4,-1,-2,5,0,-1,-2,1,58
2194,-3,-2,5,0,-1,2,1,0,-1,2,-1,50
2195,-1,-4,3,2,-3,0,3,-2,-3,0,1,62
2196,-3,0,1,0,3,-2,1,0,3,0,-1,34
2197,-5,2,-1,2,1,-4,3,-2,1,-2,1,70
2198,-3,-2,3,-2,1,0,-1,-2,1,2,-1,38
2199,-1,0,1,0,-1,-2,1,-4,-1,0,1,26
2200,1,-4,-1,4,-1,-2,1,4,1,0,-1,58
2201,-1,-6,1,6,-3,-4,3,2,-1,-2,1,118
2202,-3,-2,1,2,-3,0,-1,2,-1,2,-1,38
2203,-1,-4,3,4,-5,-2,1,0,-3,0,1,82
2204,1,-4,-3,2,1,-4,-1,2,3,0,-1,62
2205,-1,-2,-1,4,-1,-6,1,0,1,-2,1,66
2206,1,-2,-1,0,-1,-2,-3,0,1,2,-1,26
2207,3,0,1,2,-3,-4,-1,-2,-1,0,1,46
2208,1,4,-1,2,-1,4,1,2,1,0,-1,46
2209,-1,2,-3,0,1,2,3,0,-1,-2,1,34
2210,-3,2,-3,4,-3,6,-1,0,-1,2,-1,90
2211,-1,0,-5,2,-1,4,1,-2,-3,0,1,62
2212,-3,0,1,0,1,2,-1,0,3,0,-1,26
2213,-5,2,-1,-2,3,0,1,-2,1,-2,1,54
2214,-3,-2,-1,2,-1,4,-3,-2,1,2,-1,54
2215,-1,0,-3,0,1,2,-1,-4,-1,0,1,34
2216,-3,4,-5,4,-3,2,-1,4,1,0,-1,98
2217,-5,2,-3,2,-1,0,1,2,-1,-2,1,54
2218,-7,6,-7,6,-5,4,-3,2,-1,2,-1,230
2219,-5,4,-5,4,-3,2,-1,0,-3,0,1,106
2220,-3,0,-3,2,-1,0,-3,2,3,0,-1,46
2221,-5,2,-1,0,1,-2,-1,0,1,-2,1,42
2222,-3,2,-5,4,-3,2,-5,0,1,2,-1,98
2223,-1,4,-3,2,-1,0,-3,-2,-1,0,1,46
2224,1,0,-1,-2,-3,2,3,2,1,0,-1,34
2225,-1,-2,-3,0,-1,0,5,0,-1,-2,1,46
2226,-3,-2,1,0,-5,4,1,0,-1,2,-1,62
2227,-1,-4,-1,2,-3,2,3,-2,-3,0,1,58
2228,-3,0,1,-4,-1,0,1,0,3,0,-1,38
2229,-5,2,-1,-2,1,-2,3,-2,1,-2,1,58
2230,-3,-2,3,-2,-3,2,-1,-2,1,2,-1,50
2231,-1,0,1,0,-1,0,1,-4,-1,0,1,22
2232,1,0,-5,0,-5,0,1,4,1,0,-1,70
2233,-1,-2,-3,2,-3,-2,3,2,-1,-2,1,50
2234,-3,2,-3,2,-7,2,-1,2,-1,2,-1,90
2235,-1,0,-1,4,-5,0,1,0,-3,0,1,54
2236,1,0,-3,-2,-3,-2,-1,2,3,0,-1,42
2237,-1,2,-1,0,-1,-4,1,0,1,-2,1,30
2238,1,2,-1,0,-5,0,-3,0,1,2,-1,46
2239,3,4,1,2,-3,-2,-1,-2,-1,0,1,50
2240,5,0,-1,2,3,0,1,2,1,0,-1,46
2241,3,-2,-3,0,1,2,3,0,-1,-2,1,42
2242,1,-2,-3,0,5,2,-1,0,-1,2,-1,50
2243,3,-4,-5,-2,3,4,1,-2,-3,0,1,94
2244,1,-4,-3,4,5,-2,-1,0,3,0,-1,82
2245,-1,-2,-5,2,3,0,1,-2,1,-2,1,54
2246,1,-6,-5,2,7,0,-3,-2,1,2,-1,134
2247,3,-4,-7,0,5,2,-1,-4,-1,0,1,122
2248,1,-4,-1,4,1,-2,-1,4,1,0,-1,58
2249,-1,-6,1,2,-1,0,1,2,-1,-2,1,54
2250,-3,-2,-3,2,3,0,-3,2,-1,2,-1,54
2251,-1,-4,-1,0,1,2,-1,0,-3,0,1,34
2252,1,-8,-3,6,3,-4,-3,2,3,0,-1,158
2253,-1,-6,-1,4,1,-2,-1,0,1,-2,1,66
2254,1,-6,-5,4,5,-2,-5,0,1,2,-1,138
2255,3,-4,-3,2,3,0,-3,-2,-1,0,1,62
2256,1,0,-1,-2,1,-2,3,2,1,0,-1,26
2257,-1,-2,-3,0,-1,0,5,0,-1,-2,1,46
2258,-3,-2,1,-4,3,0,1,0,-1,2,-1,46
2259,-1,-4,-1,-2,1,2,3,-2,-3,0,1,50
2260,-3,0,-3,0,3,-4,1,0,3,0,-1,54
2261,-5,2,-5,2,1,-2,3,-2,1,-2,1,82
2262,-3,-2,-1,-2,5,-2,-1,-2,1,2,-1,58
2263,-1,0,-3,0,3,0,1,-4,-1,0,1,38
2264,1,-4,-1,0,-1,-4,1,4,1,0,-1,54
2265,-1,-6,1,2,-3,-2,3,2,-1,-2,1,74
2266,-3,-2,1,-2,1,-2,-1,2,-1,2,-1,34
2267,-1,-4,3,0,-1,0,1,0,-3,0,1,38
2268,1,-4,-3,2,1,-6,-1,2,3,0,-1,82
2269,-1,-2,-1,4,-1,-4,1,0,1,-2,1,46
2270,1,-2,-1,0,3,-4,-3,0,1,2,-1,46
2271,3,0,1,2,1,-2,-1,-2,-1,0,1,26
2272,5,0,-5,-2,-1,2,1,2,1,0,-1,66
2273,3,-2,-7,-4,1,4,3,0,-1,-2,1,110
2274,1,-2,-7,0,1,4,-1,0,-1,2,-1,78
2275,3,-4,-9,-2,3,6,1,-2,-3,0,1,170
2276,1,-4,-3,0,1,0,-1,0,3,0,-1,38
2277,-1,-2,-5,-2,3,2,1,-2,1,-2,1,58
2278,1,-6,-5,2,3,2,-3,-2,1,2,-1,98
2279,3,-4,-7,0,5,4,-1,-4,-1,0,1,134
2280,1,0,-5,0,-3,0,-1,4,1,0,-1,54
2281,-1,-2,-3,-2,-1,2,1,2,-1,-2,1,34
2282,-3,2,-7,2,-1,2,-3,2,-1,2,-1,90
2283,-1,0,-5,0,1,4,-1,0,-3,0,1,54
2284,1,-4,-3,2,-1,-2,-3,2,3,0,-1,58
2285,-1,-2,-1,0,1,0,-1,0,1,-2,1,14
2286,1,-2,-5,4,1,0,-5,0,1,2,-1,78
2287,3,0,-3,2,3,2,-3,-2,-1,0,1,50
2288,5,0,-5,-6,-3,0,3,2,1,0,-1,110
2289,3,-2,-7,-4,-1,2,5,0,-1,-2,1,114
2290,1,-2,-3,-4,-1,2,1,0,-1,2,-1,42
2291,3,-4,-5,-2,1,4,3,-2,-3,0,1,94
2292,1,0,-3,-4,-1,-2,1,0,3,0,-1,42
2293,-1,2,-5,-2,1,0,3,-2,1,-2,1,54
2294,1,-2,-1,-2,1,0,-1,-2,1,2,-1,22
2295,3,0,-3,0,3,2,1,-4,-1,0,1,50
2296,5,0,-5,-4,-5,-2,1,4,1,0,-1,114
2297,3,-2,-3,-2,-3,0,3,2,-1,-2,1,54
2298,1,2,-3,-2,-3,0,-1,2,-1,2,-1,38
2299,3,0,-1,0,-1,2,1,0,-3,0,1,26
2300,5,0,-3,-2,-3,-4,-1,2,3,0,-1,78
2301,3,2,-1,0,-1,-2,1,0,1,-2,1,26
2302,5,2,-1,0,-1,-2,-3,0,1,2,-1,50
2303,7,4,1,2,1,0,-1,-2,-1,0,1,78
2304,5,4,7,4,3,2,1,0,1,0,-1,122
2305,3,2,5,2,1,0,-1,2,-1,-2,1,54
2306,1,2,5,2,1,0,3,-2,-1,2,-1,54
2307,3,0,3,0,-1,-2,1,0,-3,0,1,34
2308,1,0,5,2,1,4,-1,-2,3,0,-1,62
2309,-1,2,3,0,-1,2,-3,0,1,-2,1,34
2310,1,-2,3,0,-1,2,1,-4,1,2,-1,42
2311,3,0,1,-2,-3,0,-1,-2,-1,0,1,30
2312,1,0,3,2,5,0,-1,2,1,0,-1,46
2313,-1,-2,5,0,3,-2,-3,4,-1,-2,1,74
2314,-3,2,1,0,3,-2,1,0,-1,2,-1,34
2315,-1,0,3,-2,1,-4,-1,2,-3,0,1,46
2316,1,-4,1,0,3,2,-3,0,3,0,-1,50
2317,-1,-2,3,-2,1,0,-5,2,1,-2,1,54
2318,1,-2,-1,-2,1,0,-1,-2,1,2,-1,22
2319,3,0,1,-4,-1,-2,-3,0,-1,0,1,42
2320,1,0,3,4,1,0,3,0,1,0,-1,38
2321,-1,-2,1,6,-1,-2,1,2,-1,-2,1,58
2322,-3,-2,5,2,-1,-2,5,-2,-1,2,-1,82
2323,-1,-4,3,4,-3,-4,3,0,-3,0,1,86
2324,-3,0,1,2,-1,2,1,-2,3,0,-1,34
2325,-5,2,-1,4,-3,0,-1,0,1,-2,1,62
2326,-3,-2,3,0,-3,0,3,-4,1,2,-1,62
2327,-1,0,1,2,-5,-2,1,-2,-1,0,1,42
2328,1,-4,-1,2,3,-2,1,2,1,0,-1,42
2329,-1,-6,1,4,1,-4,-1,4,-1,-2,1,94
2330,-3,-2,1,0,1,-4,3,0,-1,2,-1,46
2331,-1,-4,3,2,-1,-6,1,2,-3,0,1,82
2332,1,-4,-3,0,1,0,-1,0,3,0,-1,38
2333,-1,-2,-1,2,-1,-2,-3,2,1,-2,1,34
2334,1,-2,-1,-2,-1,-2,1,-2,1,2,-1,26
2335,3,0,1,0,-3,-4,-1,0,-1,0,1,38
2336,1,0,7,0,-1,4,1,0,1,0,-1,70
2337,-1,-2,5,-2,1,2,-1,2,-1,-2,1,50
2338,-3,-2,5,2,-3,2,3,-2,-1,2,-1,74
2339,-1,-4,3,0,-1,0,1,0,-3,0,1,38
2340,-3,-4,9,-2,-3,6,-1,-2,3,0,-1,170
2341,-5,-2,7,-4,-1,4,-3,0,1,-2,1,126
2342,-3,-6,7,0,-5,4,1,-4,1,2,-1,158
2343,-1,-4,5,-2,-3,2,-1,-2,-1,0,1,66
2344,-3,0,3,-2,1,2,-1,2,1,0,-1,34
2345,-5,-2,5,-4,3,0,-3,4,-1,-2,1,110
2346,-7,2,1,0,-1,0,1,0,-1,2,-1,62
2347,-5,0,3,-2,1,-2,-1,2,-3,0,1,58
2348,-3,-4,5,-4,-1,4,-3,0,3,0,-1,102
2349,-5,-2,7,-6,1,2,-5,2,1,-2,1,154
2350,-3,-2,3,-2,-3,2,-1,-2,1,2,-1,50
2351,-1,0,5,-4,-1,0,-3,0,-1,0,1,54
2352,1,-4,3,0,-3,2,3,0,1,0,-1,50
2353,-1,-6,1,2,-1,0,1,2,-1,-2,1,54
2354,-3,-6,5,2,-5,0,5,-2,-1,2,-1,134
2355,-1,-8,3,4,-3,-2,3,0,-3,0,1,122
2356,-3,-4,5,-2,-5,4,1,-2,3,0,-1,110
2357,-5,-2,3,0,-3,2,-1,0,1,-2,1,58
2358,-3,-6,7,0,-7,2,3,-4,1,2,-1,178
2359,-1,-4,5,2,-5,0,1,-2,-1,0,1,78
2360,1,-4,-1,-2,-1,0,1,2,1,0,-1,30
2361,-1,-6,1,0,1,-2,-1,4,-1,-2,1,66
2362,-3,-2,1,0,-3,-2,3,0,-1,2,-1,42
2363,-1,-4,3,2,-1,-4,1,2,-3,0,1,62
2364,1,-4,1,-4,-3,2,-1,0,3,0,-1,58
2365,-1,-2,3,-2,-1,0,-3,2,1,-2,1,38
2366,1,-2,3,-2,-5,0,1,-2,1,2,-1,54
2367,3,0,5,0,-3,-2,-1,0,-1,0,1,50
2368,1,4,3,0,3,0,1,0,1,0,-1,38
2369,-1,2,1,-2,1,2,-1,2,-1,-2,1,26
2370,-3,2,1,-2,5,-2,3,-2,-1,2,-1,66
2371,-1,0,-1,-4,3,0,1,0,-3,0,1,38
2372,-3,0,1,2,1,2,-1,-2,3,0,-1,34
2373,-5,2,-1,0,-1,4,-3,0,1,-2,1,62
2374,-3,-2,-1,0,3,0,1,-4,1,2,-1,46
2375,-1,0,-3,-2,1,2,-1,-2,-1,0,1,26
2376,-3,0,3,-2,5,-2,-1,2,1,0,-1,58
2377,-5,-2,5,-4,3,0,-3,4,-1,-2,1,110
2378,-7,2,1,-4,7,-4,1,0,-1,2,-1,142
2379,-5,0,3,-6,5,-2,-1,2,-3,0,1,114
2380,-3,-4,1,0,3,0,-3,0,3,0,-1,54
2381,-5,-2,3,-2,1,2,-5,2,1,-2,1,82
2382,-3,-2,-1,-2,5,-2,-1,-2,1,2,-1,58
2383,-1,0,1,-4,3,0,-3,0,-1,0,1,38
2384,-3,4,-1,0,1,-2,3,0,1,0,-1,42
2385,-5,2,-3,2,-1,0,1,2,-1,-2,1,54
2386,-7,2,1,-2,3,-4,5,-2,-1,2,-1,118
2387,-5,0,-1,0,1,-2,3,0,-3,0,1,50
2388,-7,4,-3,2,-1,0,1,-2,3,0,-1,94
2389,-9,6,-5,4,-3,2,-1,0,1,-2,1,178
2390,-7,2,-1,0,1,-2,3,-4,1,2,-1,90
2391,-5,4,-3,2,-1,0,1,-2,-1,0,1,62
2392,-3,0,-1,-2,3,-4,1,2,1,0,-1,46
2393,-5,-2,1,0,1,-2,-1,4,-1,-2,1,58
2394,-7,2,1,-4,5,-6,3,0,-1,2,-1,146
2395,-5,0,3,-2,3,-4,1,2,-3,0,1,78
2396,-3,0,-3,0,1,-2,-1,0,3,0,-1,34
2397,-5,2,-1,2,-1,0,-3,2,1,-2,1,54
2398,-3,2,-1,-2,3,-4,1,-2,1,2,-1,54
2399,-1,4,1,0,1,-2,-1,0,-1,0,1,26
2400,1,0,3,-4,-1,2,1,0,1,0,-1,34
2401,-1,-2,1,-6,1,4,-1,2,-1,-2,1,70
2402,-3,-2,1,-2,1,0,3,-2,-1,2,-1,38
2403,-1,-4,-1,-4,3,2,1,0,-3,0,1,58
2404,-3,-4,5,-2,-3,4,-1,-2,3,0,-1,94
2405,-5,-2,3,-4,-1,6,-3,0,1,-2,1,106
2406,-3,-6,3,0,-1,2,1,-4,1,2,-1,82
2407,-1,-4,1,-2,1,4,-1,-2,-1,0,1,46
2408,-3,0,3,-6,1,0,-1,2,1,0,-1,62
2409,-5,-2,5,-8,3,2,-3,4,-1,-2,1,162
2410,-7,2,1,-4,3,-2,1,0,-1,2,-1,90
2411,-5,0,3,-6,5,0,-1,2,-3,0,1,110
2412,-3,-4,5,-4,-1,2,-3,0,3,0,-1,90
2413,-5,-2,7,-6,1,4,-5,2,1,-2,1,166
2414,-3,-2,3,-2,1,0,-1,-2,1,2,-1,38
2415,-1,0,5,-4,3,2,-3,0,-1,0,1,66
2416,1,0,-1,-4,-3,0,3,0,1,0,-1,38
2417,-1,-2,-3,-2,-1,2,1,2,-1,-2,1,34
2418,-3,-2,1,-2,-1,-2,5,-2,-1,2,-1,58
2419,-1,-4,-1,0,1,0,3,0,-3,0,1,38
2420,-3,0,1,-2,-5,2,1,-2,3,0,-1,58
2421,-5,2,-1,0,-3,4,-1,0,1,-2,1,62
2422,-3,-2,3,0,-3,0,3,-4,1,2,-1,62
2423,-1,0,1,2,-1,2,1,-2,-1,0,1,18
2424,1,0,-1,-6,-1,-2,1,2,1,0,-1,50
2425,-1,-2,1,-4,1,0,-1,4,-1,-2,1,46
2426,-3,2,1,-4,1,-4,3,0,-1,2,-1,62
2427,-1,0,3,-2,3,-2,1,2,-3,0,1,42
2428,1,0,1,-4,-3,0,-1,0,3,0,-1,38
2429,-1,2,3,-2,-1,2,-3,2,1,-2,1,42
2430,1,2,3,-2,-1,-2,1,-2,1,2,-1,34
2431,3,4,5,0,1,0,-1,0,-1,0,1,54
2432,5,0,3,4,1,0,-1,0,1,0,-1,54
2433,3,-2,1,2,-1,-2,1,2,-1,-2,1,34
2434,1,-2,1,2,-1,2,1,-2,-1,2,-1,26
2435,3,-4,-1,0,-3,0,3,0,-3,0,1,54
2436,1,-4,1,2,3,2,-3,-2,3,0,-1,58
2437,-1,-2,-1,0,1,0,-1,0,1,-2,1,14
2438,1,-6,-1,0,1,4,-1,-4,1,2,-1,78
2439,3,-4,-3,-2,-1,2,1,-2,-1,0,1,50
2440,1,-4,-1,6,3,-2,-3,2,1,0,-1,82
2441,-1,-6,1,4,1,-4,-1,4,-1,-2,1,94
2442,-3,-2,-3,4,1,0,-1,0,-1,2,-1,46
2443,-1,-4,-1,2,-1,-2,1,2,-3,0,1,42
2444,1,-8,-3,4,5,0,-5,0,3,0,-1,150
2445,-1,-6,-1,2,3,-2,-3,2,1,-2,1,74
2446,1,-6,-5,2,3,2,-3,-2,1,2,-1,98
2447,3,-4,-3,0,1,0,-1,0,-1,0,1,38
2448,1,-4,3,4,-1,-2,1,0,1,0,-1,50
2449,-1,-6,1,6,-3,-4,3,2,-1,-2,1,118
2450,-3,-6,5,2,-3,0,3,-2,-1,2,-1,102
2451,-1,-8,3,4,-5,-2,5,0,-3,0,1,154
2452,-3,-4,1,2,1,0,-1,-2,3,0,-1,46
2453,-5,-2,-1,4,-1,-2,1,0,1,-2,1,58
2454,-3,-6,3,0,-1,2,1,-4,1,2,-1,82
2455,-1,-4,1,2,-3,0,3,-2,-1,0,1,46
2456,1,-8,-1,6,1,-4,-1,2,1,0,-1,126
2457,-1,-10,1,8,-1,-6,1,4,-1,-2,1,226
2458,-3,-6,1,4,-1,-2,1,0,-1,2,-1,74
2459,-1,-8,3,6,-3,-4,3,2,-3,0,1,158
2460,1,-8,-3,4,3,-2,-3,0,3,0,-1,122
2461,-1,-6,-1,6,1,-4,-1,2,1,-2,1,102
2462,1,-6,-1,2,1,0,-1,-2,1,2,-1,54
2463,3,-4,1,4,-1,-2,1,0,-1,0,1,50
2464,1,0,3,0,-3,2,-1,0,1,0,-1,26
2465,-1,-2,1,-2,-1,0,1,2,-1,-2,1,22
2466,-3,-2,1,2,-5,4,1,-2,-1,2,-1,70
2467,-1,-4,-1,0,-3,2,3,0,-3,0,1,50
2468,-3,-4,5,-2,-1,4,-3,-2,3,0,-1,94
2469,-5,-2,3,-4,1,2,-1,0,1,-2,1,66
2470,-3,-6,3,0,-3,6,-1,-4,1,2,-1,122
2471,-1,-4,1,-2,-1,4,1,-2,-1,0,1,46
2472,-3,0,-1,2,-1,0,-3,2,1,0,-1,30
2473,-5,-2,1,0,1,-2,-1,4,-1,-2,1,58
2474,-7,2,-3,4,-3,2,-1,0,-1,2,-1,98
2475,-5,0,-1,2,-1,0,1,2,-3,0,1,46
2476,-3,-4,1,0,1,2,-5,0,3,0,-1,66
2477,-5,-2,3,-2,3,0,-3,2,1,-2,1,70
2478,-3,-2,-1,2,-1,4,-3,-2,1,2,-1,54
2479,-1,0,1,0,1,2,-1,0,-1,0,1,10
2480,1,-4,3,0,-5,0,1,0,1,0,-1,54
2481,-1,-6,1,2,-3,-2,3,2,-1,-2,1,74
2482,-3,-6,5,2,-7,2,3,-2,-1,2,-1,146
2483,-1,-8,3,4,-5,0,5,0,-3,0,1,150
2484,-3,-4,5,-2,-3,2,-1,-2,3,0,-1,82
2485,-5,-2,3,0,-1,0,1,0,1,-2,1,46
2486,-3,-6,7,0,-5,4,1,-4,1,2,-1,158
2487,-1,-4,5,2,-3,2,3,-2,-1,0,1,74
2488,1,-4,-1,2,-3,-2,-1,2,1,0,-1,42
2489,-1,-6,1,4,-1,-4,1,4,-1,-2,1,94
2490,-3,-2,1,4,-5,0,1,0,-1,2,-1,62
2491,-1,-4,3,6,-3,-2,3,2,-3,0,1,98
2492,1,-4,1,0,-1,0,-3,0,3,0,-1,38
2493,-1,-2,3,2,1,-2,-1,2,1,-2,1,34
2494,1,-2,3,2,-3,2,-1,-2,1,2,-1,42
2495,3,0,5,4,-1,0,1,0,-1,0,1,54
2496,5,0,-1,0,1,-2,-1,0,1,0,-1,34
2497,3,-2,-3,-2,-1,0,1,2,-1,-2,1,38
2498,1,-2,-3,-2,3,0,1,-2,-1,2,-1,38
2499,3,-4,-5,-4,1,2,3,0,-3,0,1,90
2500,1,-4,-3,2,3,0,-3,-2,3,0,-1,62
2501,-1,-2,-5,0,1,2,-1,0,1,-2,1,42
2502,1,-6,-5,0,5,2,-1,-4,1,2,-1,114
2503,3,-4,-7,-2,3,4,1,-2,-1,0,1,110
2504,1,-4,-1,2,3,-4,-3,2,1,0,-1,62
2505,-1,-6,1,0,1,-2,-1,4,-1,-2,1,66
2506,-3,-2,-3,0,5,-2,-1,0,-1,2,-1,58
2507,-1,-4,-1,-2,3,0,1,2,-3,0,1,46
2508,1,-8,-3,4,5,-2,-5,0,3,0,-1,154
2509,-1,-6,-1,2,3,0,-3,2,1,-2,1,70
2510,1,-6,-5,2,7,0,-3,-2,1,2,-1,134
2511,3,-4,-3,0,5,2,-1,0,-1,0,1,66
2512,1,0,-1,0,-1,-4,1,0,1,0,-1,22
2513,-1,-2,-3,2,-3,-2,3,2,-1,-2,1,50
2514,-3,-2,1,-2,1,-2,3,-2,-1,2,-1,42
2515,-1,-4,-1,0,-1,0,5,0,-3,0,1,54
2516,-3,0,-3,2,1,-2,-1,-2,3,0,-1,42
2517,-5,2,-5,4,-1,0,1,0,1,-2,1,78
2518,-3,-2,-1,0,3,0,1,-4,1,2,-1,46
2519,-1,0,-3,2,1,2,3,-2,-1,0,1,34
2520,1,-4,-1,2,1,-6,-1,2,1,0,-1,66
2521,-1,-6,1,4,-1,-4,1,4,-1,-2,1,94
2522,-3,-2,1,0,3,-4,1,0,-1,2,-1,46
2523,-1,-4,3,2,1,-2,3,2,-3,0,1,58
2524,1,-4,-3,4,3,-4,-3,0,3,0,-1,86
2525,-1,-2,-1,6,1,-2,-1,2,1,-2,1,58
2526,1,-2,-1,2,5,-2,-1,-2,1,2,-1,50
2527,3,0,1,4,3,0,1,0,-1,0,1,38
2528,5,0,-1,-4,-3,0,-1,0,1,0,-1,54
2529,3,-2,-3,-6,-1,2,1,2,-1,-2,1,74
2530,1,-2,-3,-2,-1,2,1,-2,-1,2,-1,34
2531,3,-4,-5,-4,1,4,3,0,-3,0,1,102
2532,1,-4,1,-2,-1,2,-3,-2,3,0,-1,50
2533,-1,-2,-1,-4,1,4,-1,0,1,-2,1,46
2534,1,-6,-1,0,1,4,-1,-4,1,2,-1,78
2535,3,-4,-3,-2,3,6,1,-2,-1,0,1,90
2536,1,0,-1,-2,-1,-2,-3,2,1,0,-1,26
2537,-1,-2,1,-4,1,0,-1,4,-1,-2,1,46
2538,-3,2,-3,0,1,0,-1,0,-1,2,-1,30
2539,-1,0,-1,-2,3,2,1,2,-3,0,1,34
2540,1,-4,1,0,1,0,-5,0,3,0,-1,54
2541,-1,-2,3,-2,3,2,-3,2,1,-2,1,50
2542,1,-2,-1,2,3,2,-3,-2,1,2,-1,42
2543,3,0,1,0,5,4,-1,0,-1,0,1,54
2544,5,0,-1,-4,-5,-2,1,0,1,0,-1,74
2545,3,-2,-3,-2,-3,0,3,2,-1,-2,1,54
2546,1,-2,1,-2,-3,0,3,-2,-1,2,-1,38
2547,3,-4,-1,0,-1,2,5,0,-3,0,1,66
2548,1,0,1,-2,-3,0,-1,-2,3,0,-1,30
2549,-1,2,-1,0,-1,2,1,0,1,-2,1,18
2550,1,-2,3,0,-1,2,1,-4,1,2,-1,42
2551,3,0,1,2,1,4,3,-2,-1,0,1,46
2552,5,0,-1,-2,-3,-4,-1,2,1,0,-1,62
2553,3,-2,1,0,-1,-2,1,4,-1,-2,1,42
2554,1,2,1,0,-1,-2,1,0,-1,2,-1,18
2555,3,0,3,2,1,0,3,2,-3,0,1,46
2556,5,0,1,0,-1,-2,-3,0,3,0,-1,50
2557,3,2,3,2,1,0,-1,2,1,-2,1,38
2558,5,2,3,2,1,0,-1,-2,1,2,-1,54
2559,7,4,5,4,3,2,1,0,-1,0,1,122
2560,5,8,5,4,3,2,1,0,-1,0,-1,146
2561,3,6,3,2,1,0,-1,-2,1,-2,1,70
2562,1,6,3,2,1,0,-1,2,-3,2,-1,70
2563,3,4,1,0,-1,-2,-3,0,-1,0,1,42
2564,1,4,3,2,1,0,3,-2,1,0,-1,46
2565,-1,6,1,0,-1,-2,1,-4,3,-2,1,74
2566,1,2,1,0,-1,-2,1,0,-1,2,-1,18
2567,3,4,-1,-2,-3,-4,-1,-2,1,0,1,62
2568,1,4,1,2,1,4,-1,2,-1,0,-1,46
2569,-1,2,3,0,-1,2,-3,0,1,-2,1,34
2570,-3,6,-1,0,-1,2,-3,4,-3,2,-1,90
2571,-1,4,1,-2,-3,0,-5,2,-1,0,1,62
2572,1,0,-1,0,-1,2,1,0,1,0,-1,10
2573,-1,2,1,-2,-3,0,-1,-2,3,-2,1,38
2574,1,2,-3,-2,-3,0,-1,2,-1,2,-1,38
2575,3,4,-1,-4,-5,-2,-3,0,1,0,1,82
2576,1,4,1,0,5,0,3,0,-1,0,-1,54
2577,-1,2,-1,2,3,-2,1,-2,1,-2,1,34
2578,-3,2,3,-2,3,-2,1,2,-3,2,-1,58
2579,-1,0,1,0,1,-4,-1,0,-1,0,1,22
2580,-3,4,-1,-2,3,-2,5,-2,1,0,-1,74
2581,-5,6,-3,0,1,-4,3,-4,3,-2,1,126
2582,-3,2,1,-4,1,-4,3,0,-1,2,-1,62
2583,-1,4,-1,-2,-1,-6,1,-2,1,0,1,66
2584,1,0,-3,-2,3,2,1,2,-1,0,-1,34
2585,-1,-2,-1,0,1,0,-1,0,1,-2,1,14
2586,-3,2,-1,-4,1,0,-1,4,-3,2,-1,62
2587,-1,0,1,-2,-1,-2,-3,2,-1,0,1,26
2588,1,0,-5,-4,1,0,3,0,1,0,-1,54
2589,-1,2,-3,-2,-1,-2,1,-2,3,-2,1,42
2590,1,2,-3,-6,-1,-2,1,2,-1,2,-1,66
2591,3,4,-1,-4,-3,-4,-1,0,1,0,1,70
2592,1,4,1,4,-1,4,1,0,-1,0,-1,54
2593,-1,2,-1,2,1,2,-1,-2,1,-2,1,26
2594,-3,2,-1,6,-3,2,-1,2,-3,2,-1,82
2595,-1,0,-3,4,-1,0,-3,0,-1,0,1,38
2596,-3,0,3,2,-3,2,3,-2,1,0,-1,50
2597,-5,2,1,0,-1,0,1,-4,3,-2,1,62
2598,-3,-2,1,4,-5,0,1,0,-1,2,-1,62
2599,-1,0,-1,2,-3,-2,-1,-2,1,0,1,26
2600,-3,4,-3,2,-3,6,-1,2,-1,0,-1,90
2601,-5,2,-1,0,-1,4,-3,0,1,-2,1,62
2602,-7,6,-5,4,-5,4,-3,4,-3,2,-1,206
2603,-5,4,-3,2,-3,2,-5,2,-1,0,1,98
2604,-3,0,-1,0,-5,4,1,0,1,0,-1,54
2605,-5,2,1,-2,-3,2,-1,-2,3,-2,1,66
2606,-3,2,-3,2,-7,2,-1,2,-1,2,-1,90
2607,-1,4,-1,0,-5,0,-3,0,1,0,1,54
2608,1,0,-3,0,1,2,3,0,-1,0,-1,26
2609,-1,-2,-5,2,3,0,1,-2,1,-2,1,54
2610,-3,-2,-1,2,-1,0,1,2,-3,2,-1,38
2611,-1,-4,-3,4,1,-2,-1,0,-1,0,1,50
2612,-3,0,-1,-2,-1,0,5,-2,1,0,-1,46
2613,-5,2,-3,0,1,-2,3,-4,3,-2,1,82
2614,-3,-2,1,0,-3,-2,3,0,-1,2,-1,42
2615,-1,0,-1,2,-1,-4,1,-2,1,0,1,30
2616,1,0,-7,-2,-1,4,1,2,-1,0,-1,78
2617,-1,-2,-5,0,1,2,-1,0,1,-2,1,42
2618,-3,2,-5,0,-3,2,-1,4,-3,2,-1,82
2619,-1,0,-3,2,-1,0,-3,2,-1,0,1,30
2620,1,0,-5,-4,-3,2,3,0,1,0,-1,66
2621,-1,2,-3,-2,-1,0,1,-2,3,-2,1,38
2622,1,2,-3,-2,-5,0,1,2,-1,2,-1,54
2623,3,4,-1,0,-3,-2,-1,0,1,0,1,42
2624,1,4,5,0,3,0,1,0,-1,0,-1,54
2625,-1,2,3,-2,1,2,-1,-2,1,-2,1,34
2626,-3,2,3,-2,5,-2,-1,2,-3,2,-1,74
2627,-1,0,1,-4,3,0,-3,0,-1,0,1,38
2628,-3,0,3,2,1,-2,3,-2,1,0,-1,42
2629,-5,2,1,0,-1,0,1,-4,3,-2,1,62
2630,-3,-2,1,0,3,-4,1,0,-1,2,-1,46
2631,-1,0,-1,-2,1,-2,-1,-2,1,0,1,18
2632,-3,0,5,-2,1,2,-1,2,-1,0,-1,50
2633,-5,-2,7,-4,-1,4,-3,0,1,-2,1,126
2634,-7,2,3,-4,3,0,-3,4,-3,2,-1,126
2635,-5,0,5,-6,1,2,-5,2,-1,0,1,122
2636,-3,-4,3,0,-1,0,1,0,1,0,-1,38
2637,-5,-2,5,-2,-3,2,-1,-2,3,-2,1,90
2638,-3,-2,1,-2,1,-2,-1,2,-1,2,-1,34
2639,-1,0,3,-4,-1,0,-3,0,1,0,1,38
2640,-3,4,1,-4,5,-2,3,0,-1,0,-1,82
2641,-5,2,-1,-2,3,0,1,-2,1,-2,1,54
2642,-7,2,3,-6,7,-4,1,2,-3,2,-1,182
2643,-5,0,1,-4,5,-2,-1,0,-1,0,1,74
2644,-7,4,-1,-2,3,-4,5,-2,1,0,-1,126
2645,-9,6,-3,0,1,-2,3,-4,3,-2,1,170
2646,-7,2,1,-4,5,-6,3,0,-1,2,-1,146
2647,-5,4,-1,-2,3,-4,1,-2,1,0,1,78
2648,-3,0,1,-6,3,0,1,2,-1,0,-1,62
2649,-5,-2,3,-4,1,2,-1,0,1,-2,1,66
2650,-7,2,3,-8,5,-2,-1,4,-3,2,-1,186
2651,-5,0,5,-6,3,0,-3,2,-1,0,1,110
2652,-3,0,-1,-4,1,-2,3,0,1,0,-1,42
2653,-5,2,1,-2,-1,0,1,-2,3,-2,1,54
2654,-3,2,1,-6,3,-4,1,2,-1,2,-1,86
2655,-1,4,3,-4,1,-2,-1,0,1,0,1,50
2656,1,0,1,0,-1,2,1,0,-1,0,-1,10
2657,-1,-2,-1,-2,1,4,-1,-2,1,-2,1,38
2658,-3,-2,-1,2,1,0,-1,2,-3,2,-1,38
2659,-1,-4,-3,0,3,2,-3,0,-1,0,1,50
2660,-3,-4,3,2,-3,0,3,-2,1,0,-1,62
2661,-5,-2,1,0,-1,2,1,-4,3,-2,1,66
2662,-3,-6,1,4,-1,-2,1,0,-1,2,-1,74
2663,-1,-4,-1,2,1,0,-1,-2,1,0,1,30
2664,-3,0,1,-2,-3,4,-1,2,-1,0,-1,46
2665,-5,-2,3,-4,-1,6,-3,0,1,-2,1,106
2666,-7,2,-1,0,-1,2,-3,4,-3,2,-1,98
2667,-5,0,1,-2,1,4,-5,2,-1,0,1,78
2668,-3,-4,3,0,-5,2,1,0,1,0,-1,66
2669,-5,-2,5,-2,-3,4,-1,-2,3,-2,1,102
2670,-3,-2,1,2,-3,0,-1,2,-1,2,-1,38
2671,-1,0,3,0,-1,2,-3,0,1,0,1,26
2672,1,0,-3,-4,1,0,3,0,-1,0,-1,38
2673,-1,-2,-5,-2,3,2,1,-2,1,-2,1,58
2674,-3,-2,-1,-2,3,-2,1,2,-3,2,-1,50
2675,-1,-4,-3,0,5,0,-1,0,-1,0,1,54
2676,-3,0,-1,-2,-1,-2,5,-2,1,0,-1,50
2677,-5,2,-3,0,1,0,3,-4,3,-2,1,78
2678,-3,-2,1,0,1,-4,3,0,-1,2,-1,46
2679,-1,0,-1,2,3,-2,1,-2,1,0,1,26
2680,1,0,-3,-6,-1,2,1,2,-1,0,-1,58
2681,-1,-2,-1,-4,1,4,-1,0,1,-2,1,46
2682,-3,2,-1,-4,1,0,-1,4,-3,2,-1,62
2683,-1,0,1,-2,3,2,-3,2,-1,0,1,34
2684,1,0,-1,-4,-3,0,3,0,1,0,-1,38
2685,-1,2,1,-2,-1,2,1,-2,3,-2,1,34
2686,1,2,1,-2,-1,-2,1,2,-1,2,-1,26
2687,3,4,3,0,1,0,-1,0,1,0,1,38
2688,1,8,1,4,1,0,-1,0,-1,0,-1,86
2689,-1,6,-1,2,-1,-2,1,-2,1,-2,1,58
2690,-3,6,-1,2,-1,2,-3,2,-3,2,-1,82
2691,-1,4,-3,0,-3,0,-1,0,-1,0,1,38
2692,-3,4,-1,2,3,-2,1,-2,1,0,-1,50
2693,-5,6,-3,0,1,-4,3,-4,3,-2,1,126
2694,-3,2,-3,0,1,0,-1,0,-1,2,-1,30
2695,-1,4,-5,-2,-1,-2,1,-2,1,0,1,58
2696,-3,4,-3,6,-1,2,-3,2,-1,0,-1,90
2697,-5,2,-1,4,-3,0,-1,0,1,-2,1,62
2698,-7,6,-5,4,-3,4,-5,4,-3,2,-1,206
2699,-5,4,-3,2,-5,2,-3,2,-1,0,1,98
2700,-3,0,-5,4,1,0,-1,0,1,0,-1,54
2701,-5,2,-3,2,-1,-2,1,-2,3,-2,1,66
2702,-3,2,-7,2,-1,2,-3,2,-1,2,-1,90
2703,-1,4,-5,0,-3,0,-1,0,1,0,1,54
2704,-3,4,1,0,3,-2,1,0,-1,0,-1,42
2705,-5,2,-1,2,1,-4,3,-2,1,-2,1,70
2706,-7,2,3,-2,1,0,-1,2,-3,2,-1,86
2707,-5,0,1,0,-1,-2,1,0,-1,0,1,34
2708,-7,4,-1,-2,5,-4,3,-2,1,0,-1,126
2709,-9,6,-3,0,3,-6,5,-4,3,-2,1,226
2710,-7,2,1,-4,3,-2,1,0,-1,2,-1,90
2711,-5,4,-1,-2,1,-4,3,-2,1,0,1,78
2712,-3,0,-3,2,1,0,-1,2,-1,0,-1,30
2713,-5,-2,-1,4,-1,-2,1,0,1,-2,1,58
2714,-7,2,-1,0,-1,2,-3,4,-3,2,-1,98
2715,-5,0,1,2,-3,0,-1,2,-1,0,1,46
2716,-3,0,-5,0,3,-2,1,0,1,0,-1,50
2717,-5,2,-3,2,1,-4,3,-2,3,-2,1,86
2718,-3,2,-3,-2,1,0,-1,2,-1,2,-1,38
2719,-1,4,-1,0,-1,-2,1,0,1,0,1,26
2720,-3,8,-3,4,-3,2,-1,0,-1,0,-1,114
2721,-5,6,-5,2,-1,0,1,-2,1,-2,1,102
2722,-7,6,-5,6,-5,4,-3,2,-3,2,-1,214
2723,-5,4,-7,4,-3,2,-1,0,-1,0,1,122
2724,-7,4,-1,2,-1,0,1,-2,1,0,-1,78
2725,-9,6,-3,0,1,-2,3,-4,3,-2,1,170
2726,-7,2,-3,4,-3,2,-1,0,-1,2,-1,98
2727,-5,4,-5,2,-1,0,1,-2,1,0,1,78
2728,-7,8,-7,6,-5,4,-3,2,-1,0,-1,254
2729,-9,6,-5,4,-3,2,-1,0,1,-2,1,178
2730,-11,10,-9,8,-7,6,-5,4,-3,2,-1,506
2731,-9,8,-7,6,-5,4,-3,2,-1,0,1,286
2732,-7,4,-5,4,-3,2,-1,0,1,0,-1,122
2733,-9,6,-3,2,-1,0,1,-2,3,-2,1,150
2734,-7,6,-7,6,-5,4,-3,2,-1,2,-1,230
2735,-5,8,-5,4,-3,2,-1,0,1,0,1,146
2736,-3,4,-3,0,-1,0,1,0,-1,0,-1,38
2737,-5,2,-5,2,1,-2,3,-2,1,-2,1,82
2738,-7,2,-1,2,-3,2,-1,2,-3,2,-1,90
2739,-5,0,-3,4,-1,0,1,0,-1,0,1,54
2740,-7,4,-1,-2,1,-2,3,-2,1,0,-1,90
2741,-9,6,-3,0,3,-4,5,-4,3,-2,1,206
2742,-7,2,1,0,-1,0,1,0,-1,2,-1,62
2743,-5,4,-1,2,1,-2,3,-2,1,0,1,66
2744,-3,4,-7,2,-3,2,-1,2,-1,0,-1,98
2745,-5,2,-5,4,-1,0,1,0,1,-2,1,78
2746,-7,6,-5,4,-5,4,-3,4,-3,2,-1,206
2747,-5,4,-3,6,-3,2,-1,2,-1,0,1,106
2748,-3,4,-5,0,-1,0,1,0,1,0,-1,54
2749,-5,6,-3,2,1,-2,3,-2,3,-2,1,106
2750,-3,6,-3,2,-3,2,-1,2,-1,2,-1,82
2751,-1,8,-1,4,-1,0,1,0,1,0,1,86
2752,1,4,1,0,1,-2,-1,0,-1,0,-1,26
2753,-1,2,-1,-2,-1,0,1,-2,1,-2,1,22
2754,-3,2,-1,-2,3,0,-3,2,-3,2,-1,54
2755,-1,0,-3,-4,1,2,-1,0,-1,0,1,34
2756,-3,0,-1,2,3,-4,1,-2,1,0,-1,46
2757,-5,2,-3,0,1,-2,3,-4,3,-2,1,82
2758,-3,-2,-3,0,5,-2,-1,0,-1,2,-1,58
2759,-1,0,-5,-2,3,0,1,-2,1,0,1,46
2760,-3,0,1,2,-1,0,-3,2,-1,0,-1,30
2761,-5,-2,3,0,-3,2,-1,0,1,-2,1,58
2762,-7,2,-1,0,1,2,-5,4,-3,2,-1,114
2763,-5,0,1,-2,-1,4,-3,2,-1,0,1,62
2764,-3,-4,-1,4,1,-2,-1,0,1,0,-1,50
2765,-5,-2,1,2,-1,0,1,-2,3,-2,1,54
2766,-3,-2,-3,2,3,0,-3,2,-1,2,-1,54
2767,-1,0,-1,0,1,2,-1,0,1,0,1,10
2768,-3,4,1,-4,3,-4,1,0,-1,0,-1,70
2769,-5,2,-1,-2,1,-2,3,-2,1,-2,1,58
2770,-7,2,3,-6,5,-2,-1,2,-3,2,-1,146
2771,-5,0,1,-4,3,0,1,0,-1,0,1,54
2772,-7,4,-1,-2,5,-6,3,-2,1,0,-1,146
2773,-9,6,-3,0,3,-4,5,-4,3,-2,1,206
2774,-7,2,1,-4,7,-4,1,0,-1,2,-1,142
2775,-5,4,-1,-2,5,-2,3,-2,1,0,1,90
2776,-3,0,1,-2,1,-2,-1,2,-1,0,-1,26
2777,-5,-2,3,0,-1,0,1,0,1,-2,1,46
2778,-7,2,3,-4,3,0,-3,4,-3,2,-1,126
2779,-5,0,5,-2,1,2,-1,2,-1,0,1,66
2780,-3,0,-1,0,3,-4,1,0,1,0,-1,38
2781,-5,2,1,2,1,-2,3,-2,3,-2,1,66
2782,-3,2,1,-2,5,-2,-1,2,-1,2,-1,58
2783,-1,4,3,0,3,0,1,0,1,0,1,38
2784,1,4,-3,0,-3,0,-1,0,-1,0,-1,38
2785,-1,2,-5,-2,-1,2,1,-2,1,-2,1,50
2786,-3,2,-5,2,-1,2,-3,2,-3,2,-1,74
2787,-1,0,-7,0,1,4,-1,0,-1,0,1,70
2788,-3,0,-1,2,-1,-2,1,-2,1,0,-1,26
2789,-5,2,-3,0,1,0,3,-4,3,-2,1,78
2790,-3,-2,-3,4,1,0,-1,0,-1,2,-1,46
2791,-1,0,-5,2,3,2,1,-2,1,0,1,50
2792,-3,4,-3,2,-5,2,-3,2,-1,0,-1,82
2793,-5,2,-1,0,-3,4,-1,0,1,-2,1,62
2794,-7,6,-5,4,-3,4,-5,4,-3,2,-1,206
2795,-5,4,-3,2,-1,6,-3,2,-1,0,1,106
2796,-3,0,-1,4,-3,0,-1,0,1,0,-1,38
2797,-5,2,1,2,-1,2,1,-2,3,-2,1,58
2798,-3,2,-3,6,-1,2,-3,2,-1,2,-1,82
2799,-1,4,-1,4,1,4,-1,0,1,0,1,54
2800,1,4,-3,-4,-1,-2,1,0,-1,0,-1,50
2801,-1,2,-5,-2,1,0,3,-2,1,-2,1,54
2802,-3,2,-1,-2,1,0,-1,2,-3,2,-1,38
2803,-1,0,-3,0,3,2,1,0,-1,0,1,26
2804,-3,4,-1,-2,1,-4,3,-2,1,0,-1,62
2805,-5,6,-3,0,3,-2,5,-4,3,-2,1,138
2806,-3,2,1,0,3,-2,1,0,-1,2,-1,34
2807,-1,4,-1,2,5,0,3,-2,1,0,1,62
2808,1,4,-3,-2,-3,0,-1,2,-1,0,-1,46
2809,-1,2,-1,0,-1,2,1,0,1,-2,1,18
2810,-3,6,-1,0,-1,2,-3,4,-3,2,-1,90
2811,-1,4,1,2,1,4,-1,2,-1,0,1,46
2812,1,4,-1,0,-1,-2,1,0,1,0,-1,26
2813,-1,6,1,2,1,0,3,-2,3,-2,1,70
2814,1,6,1,2,1,0,-1,2,-1,2,-1,54
2815,3,8,3,4,3,2,1,0,1,0,1,114
2816,5,4,5,2,1,0,-1,-2,-1,0,-1,78
2817,3,2,3,0,-1,-2,-3,0,1,-2,1,42
2818,1,2,3,0,-1,-2,1,0,-3,2,-1,34
2819,3,0,1,-2,-3,-4,-1,2,-1,0,1,46
2820,1,0,3,0,-1,2,1,-4,1,0,-1,34
2821,-1,2,1,-2,-3,0,-1,-2,3,-2,1,38
2822,1,-2,1,-2,-3,0,3,-2,-1,2,-1,38
2823,3,0,-1,-4,-5,-2,1,0,1,0,1,58
2824,1,0,1,0,3,2,-3,0,-1,0,-1,26
2825,-1,-2,3,-2,1,0,-5,2,1,-2,1,54
2826,-3,2,-1,-2,1,0,-1,2,-3,2,-1,38
2827,-1,0,1,-4,-1,-2,-3,4,-1,0,1,50
2828,1,-4,-1,-2,1,4,-1,-2,1,0,-1,46
2829,-1,-2,1,-4,-1,2,-3,0,3,-2,1,50
2830,1,-2,-3,-4,-1,2,1,0,-1,2,-1,42
2831,3,0,-1,-6,-3,0,-1,2,1,0,1,62
2832,1,0,1,2,3,-2,1,-2,-1,0,-1,26
2833,-1,-2,-1,4,1,-4,-1,0,1,-2,1,46
2834,-3,-2,3,0,1,-4,3,0,-3,2,-1,62
2835,-1,-4,1,2,-1,-6,1,2,-1,0,1,66
2836,-3,0,-1,0,1,0,3,-4,1,0,-1,38
2837,-5,2,-3,2,-1,-2,1,-2,3,-2,1,66
2838,-3,-2,1,-2,-1,-2,5,-2,-1,2,-1,58
2839,-1,0,-1,0,-3,-4,3,0,1,0,1,38
2840,1,-4,-3,0,5,0,-1,0,-1,0,-1,54
2841,-1,-6,-1,2,3,-2,-3,2,1,-2,1,74
2842,-3,-2,-1,-2,3,-2,1,2,-3,2,-1,50
2843,-1,-4,1,0,1,-4,-1,4,-1,0,1,54
2844,1,-4,-5,-2,3,2,1,-2,1,0,-1,66
2845,-1,-2,-3,0,1,0,-1,0,3,-2,1,30
2846,1,-2,-3,-4,1,0,3,0,-1,2,-1,46
2847,3,0,-1,-2,-1,-2,1,2,1,0,1,26
2848,1,0,5,2,-3,2,-1,-2,-1,0,-1,50
2849,-1,-2,3,0,-1,0,-3,0,1,-2,1,30
2850,-3,-2,3,4,-5,0,1,0,-3,2,-1,78
2851,-1,-4,1,2,-3,-2,-1,2,-1,0,1,42
2852,-3,-4,7,0,-5,4,1,-4,1,0,-1,134
2853,-5,-2,5,-2,-3,2,-1,-2,3,-2,1,90
2854,-3,-6,5,2,-7,2,3,-2,-1,2,-1,146
2855,-1,-4,3,0,-5,0,1,0,1,0,1,54
2856,-3,0,1,0,-1,4,-3,0,-1,0,-1,38
2857,-5,-2,3,-2,1,2,-5,2,1,-2,1,82
2858,-7,2,-1,2,-3,2,-1,2,-3,2,-1,90
2859,-5,0,1,0,-1,0,-3,4,-1,0,1,54
2860,-3,-4,3,-2,-3,6,-1,-2,1,0,-1,90
2861,-5,-2,5,-4,-1,4,-3,0,3,-2,1,110
2862,-3,-2,1,0,-5,4,1,0,-1,2,-1,62
2863,-1,0,3,-2,-3,2,-1,2,1,0,1,34
2864,1,-4,1,2,-1,0,1,-2,-1,0,-1,30
2865,-1,-6,-1,4,1,-2,-1,0,1,-2,1,66
2866,-3,-6,3,4,-3,-2,3,0,-3,2,-1,106
2867,-1,-8,1,6,-1,-4,1,2,-1,0,1,126
2868,-3,-4,3,0,-3,2,3,-4,1,0,-1,74
2869,-5,-2,1,2,-1,0,1,-2,3,-2,1,54
2870,-3,-6,5,2,-5,0,5,-2,-1,2,-1,134
2871,-1,-4,3,4,-3,-2,3,0,1,0,1,66
2872,1,-4,-3,0,1,2,-1,0,-1,0,-1,34
2873,-1,-6,-1,2,3,0,-3,2,1,-2,1,70
2874,-3,-2,-1,2,-1,0,1,2,-3,2,-1,38
2875,-1,-4,1,4,1,-2,-1,4,-1,0,1,58
2876,1,-4,-1,-2,-1,4,1,-2,1,0,-1,46
2877,-1,-2,1,0,1,2,-1,0,3,-2,1,26
2878,1,-2,1,0,-3,2,3,0,-1,2,-1,34
2879,3,0,3,2,-1,0,1,2,1,0,1,30
2880,1,4,5,-2,1,-2,-1,-2,-1,0,-1,58
2881,-1,2,3,-4,-1,0,-3,0,1,-2,1,46
2882,-3,2,3,-4,3,-4,1,0,-3,2,-1,78
2883,-1,0,1,-6,1,-2,-1,2,-1,0,1,50
2884,-3,0,3,0,-1,0,1,-4,1,0,-1,38
2885,-5,2,1,-2,-3,2,-1,-2,3,-2,1,66
2886,-3,-2,1,-2,1,-2,3,-2,-1,2,-1,42
2887,-1,0,-1,-4,-1,0,1,0,1,0,1,22
2888,-3,0,5,-4,3,0,-3,0,-1,0,-1,70
2889,-5,-2,7,-6,1,2,-5,2,1,-2,1,154
2890,-7,2,3,-6,5,-2,-1,2,-3,2,-1,146
2891,-5,0,5,-8,3,0,-3,4,-1,0,1,150
2892,-3,-4,3,-2,1,2,-1,-2,1,0,-1,50
2893,-5,-2,5,-4,-1,4,-3,0,3,-2,1,110
2894,-3,-2,1,-4,3,0,1,0,-1,2,-1,46
2895,-1,0,3,-6,1,2,-1,2,1,0,1,58
2896,-3,4,1,-2,3,-4,1,-2,-1,0,-1,62
2897,-5,2,-1,0,1,-2,-1,0,1,-2,1,42
2898,-7,2,3,-4,5,-6,3,0,-3,2,-1,162
2899,-5,0,1,-2,3,-4,1,2,-1,0,1,62
2900,-7,4,-1,0,1,-2,3,-4,1,0,-1,98
2901,-9,6,-3,2,-1,0,1,-2,3,-2,1,150
2902,-7,2,1,-2,3,-4,5,-2,-1,2,-1,118
2903,-5,4,-1,0,1,-2,3,0,1,0,1,58
2904,-3,0,1,-4,5,-2,-1,0,-1,0,-1,58
2905,-5,-2,3,-2,3,0,-3,2,1,-2,1,70
2906,-7,2,3,-6,7,-4,1,2,-3,2,-1,182
2907,-5,0,5,-4,5,-2,-1,4,-1,0,1,114
2908,-3,0,-1,-2,3,0,1,-2,1,0,-1,30
2909,-5,2,1,0,1,2,-1,0,3,-2,1,50
2910,-3,2,1,-4,5,-2,3,0,-1,2,-1,74
2911,-1,4,3,-2,3,0,1,2,1,0,1,46
2912,1,0,5,-2,-3,0,-1,-2,-1,0,-1,46
2913,-1,-2,3,-4,-1,2,-3,0,1,-2,1,50
2914,-3,-2,3,0,-1,-2,1,0,-3,2,-1,42
2915,-1,-4,1,-2,1,0,-1,2,-1,0,1,30
2916,-3,-4,7,0,-5,2,1,-4,1,0,-1,122
2917,-5,-2,5,-2,-3,4,-1,-2,3,-2,1,102
2918,-3,-6,5,2,-3,0,3,-2,-1,2,-1,102
2919,-1,-4,3,0,-1,2,1,0,1,0,1,34
2920,-3,0,5,-4,-1,2,-3,0,-1,0,-1,66
2921,-5,-2,7,-6,1,4,-5,2,1,-2,1,166
2922,-7,2,3,-2,1,0,-1,2,-3,2,-1,86
2923,-5,0,5,-4,3,2,-3,4,-1,0,1,106
2924,-3,-4,7,-2,-3,4,-1,-2,1,0,-1,110
2925,-5,-2,9,-4,-1,6,-3,0,3,-2,1,186
2926,-3,-2,5,0,-1,2,1,0,-1,2,-1,50
2927,-1,0,7,-2,1,4,-1,2,1,0,1,78
2928,1,0,1,-2,-1,-2,1,-2,-1,0,-1,18
2929,-1,-2,-1,0,1,0,-1,0,1,-2,1,14
2930,-3,-2,3,0,1,-4,3,0,-3,2,-1,62
2931,-1,-4,1,2,3,-2,1,2,-1,0,1,42
2932,-3,0,3,0,-3,0,3,-4,1,0,-1,54
2933,-5,2,1,2,-1,2,1,-2,3,-2,1,58
2934,-3,-2,5,2,-1,-2,5,-2,-1,2,-1,82
2935,-1,0,3,4,1,0,3,0,1,0,1,38
2936,1,0,1,-4,1,0,-1,0,-1,0,-1,22
2937,-1,-2,3,-2,3,2,-3,2,1,-2,1,50
2938,-3,2,3,-2,3,-2,1,2,-3,2,-1,58
2939,-1,0,5,0,5,0,-1,4,-1,0,1,70
2940,1,0,3,-2,-1,2,1,-2,1,0,-1,26
2941,-1,2,5,0,1,4,-1,0,3,-2,1,62
2942,1,2,5,0,1,0,3,0,-1,2,-1,46
2943,3,4,7,2,3,2,1,2,1,0,1,98
2944,5,4,1,2,-1,-2,-3,-2,-1,0,-1,66
2945,3,2,-1,0,-3,-4,-1,0,1,-2,1,46
2946,1,2,-1,0,-3,0,-1,0,-3,2,-1,30
2947,3,0,-3,-2,-5,-2,1,2,-1,0,1,58
2948,1,0,-1,0,1,0,-1,-4,1,0,-1,22
2949,-1,2,-3,-2,-1,-2,1,-2,3,-2,1,42
2950,1,-2,-3,-2,-1,2,1,-2,-1,2,-1,34
2951,3,0,-5,-4,-3,0,3,0,1,0,1,70
2952,1,0,-3,4,1,0,-5,0,-1,0,-1,54
2953,-1,-2,-1,2,-1,-2,-3,2,1,-2,1,34
2954,-3,2,-5,2,-1,2,-3,2,-3,2,-1,74
2955,-1,0,-3,0,-3,0,-1,4,-1,0,1,38
2956,1,-4,-5,2,3,2,-3,-2,1,0,-1,74
2957,-1,-2,-3,0,1,0,-1,0,3,-2,1,30
2958,1,-2,-7,0,1,4,-1,0,-1,2,-1,78
2959,3,0,-5,-2,-1,2,1,2,1,0,1,50
2960,1,0,1,2,1,-4,-1,-2,-1,0,-1,30
2961,-1,-2,-1,4,-1,-6,1,0,1,-2,1,66
2962,-3,-2,3,0,-1,-2,1,0,-3,2,-1,42
2963,-1,-4,1,2,-3,-4,3,2,-1,0,1,62
2964,-3,0,-1,0,3,-2,1,-4,1,0,-1,42
2965,-5,2,-3,2,1,-4,3,-2,3,-2,1,86
2966,-3,-2,1,-2,1,0,3,-2,-1,2,-1,38
2967,-1,0,-1,0,-1,-2,5,0,1,0,1,34
2968,1,-4,-3,4,3,-2,-3,0,-1,0,-1,66
2969,-1,-6,-1,6,1,-4,-1,2,1,-2,1,102
2970,-3,-2,-1,2,1,0,-1,2,-3,2,-1,38
2971,-1,-4,1,4,-1,-2,1,4,-1,0,1,58
2972,1,-4,-5,2,5,0,-1,-2,1,0,-1,78
2973,-1,-2,-3,4,3,-2,1,0,3,-2,1,58
2974,1,-2,-3,0,3,2,1,0,-1,2,-1,34
2975,3,0,-1,2,1,0,3,2,1,0,1,30
2976,1,4,1,2,-5,0,-3,-2,-1,0,-1,62
2977,-1,2,-1,0,-3,-2,-1,0,1,-2,1,26
2978,-3,2,-1,4,-7,2,-1,0,-3,2,-1,98
2979,-1,0,-3,2,-5,0,1,2,-1,0,1,46
2980,-3,0,3,0,-3,2,-1,-4,1,0,-1,50
2981,-5,2,1,-2,-1,0,1,-2,3,-2,1,54
2982,-3,-2,1,2,-5,4,1,-2,-1,2,-1,70
2983,-1,0,-1,0,-3,2,3,0,1,0,1,26
2984,-3,4,-3,4,-3,2,-5,0,-1,0,-1,90
2985,-5,2,-1,2,-1,0,-3,2,1,-2,1,54
2986,-7,6,-5,6,-5,4,-3,2,-3,2,-1,214
2987,-5,4,-3,4,-3,2,-1,4,-1,0,1,98
2988,-3,0,-1,2,-1,4,-3,-2,1,0,-1,46
2989,-5,2,1,0,1,2,-1,0,3,-2,1,50
2990,-3,2,-3,4,-3,6,-1,0,-1,2,-1,90
2991,-1,4,-1,2,-1,4,1,2,1,0,1,46
2992,1,0,1,2,-3,-2,-1,-2,-1,0,-1,26
2993,-1,-2,-1,4,-1,-4,1,0,1,-2,1,46
2994,-3,-2,3,4,-5,0,1,0,-3,2,-1,78
2995,-1,-4,1,6,-3,-2,3,2,-1,0,1,82
2996,-3,0,3,0,-1,0,1,-4,1,0,-1,38
2997,-5,2,1,2,1,-2,3,-2,3,-2,1,66
2998,-3,-2,5,2,-3,2,3,-2,-1,2,-1,74
2999,-1,0,3,4,-1,0,5,0,1,0,1,54
3000,1,0,-3,4,-1,0,-3,0,-1,0,-1,38
3001,-1,-2,-1,6,1,-2,-1,2,1,-2,1,58
3002,-3,2,-1,6,-3,2,-1,2,-3,2,-1,82
3003,-1,0,1,8,-1,0,1,4,-1,0,1,86
3004,1,0,-1,2,1,2,-1,-2,1,0,-1,18
3005,-1,2,1,4,3,0,1,0,3,-2,1,46
3006,1,2,1,4,-1,4,1,0,-1,2,-1,46
3007,3,4,3,6,1,2,3,2,1,0,1,90
3008,5,4,1,-2,-1,-4,-3,-2,-1,0,-1,78
3009,3,2,-1,-4,-3,-2,-1,0,1,-2,1,50
3010,1,2,-1,-4,1,-2,-1,0,-3,2,-1,42
3011,3,0,-3,-6,-1,0,1,2,-1,0,1,62
3012,1,0,-1,0,1,-2,-1,-4,1,0,-1,26
3013,-1,2,-3,-2,-1,0,1,-2,3,-2,1,38
3014,1,-2,-3,-2,3,0,1,-2,-1,2,-1,38
3015,3,0,-5,-4,1,2,3,0,1,0,1,66
3016,1,0,1,0,1,-2,-5,0,-1,0,-1,34
3017,-1,-2,3,-2,-1,0,-3,2,1,-2,1,38
3018,-3,2,-1,-2,3,0,-3,2,-3,2,-1,54
3019,-1,0,1,-4,1,2,-1,4,-1,0,1,42
3020,1,-4,-1,2,3,0,-3,-2,1,0,-1,46
3021,-1,-2,1,0,1,2,-1,0,3,-2,1,26
3022,1,-2,-3,0,5,2,-1,0,-1,2,-1,50
3023,3,0,-1,-2,3,4,1,2,1,0,1,46
3024,1,4,1,-2,1,-6,-1,-2,-1,0,-1,66
3025,-1,2,-1,0,-1,-4,1,0,1,-2,1,30
3026,-3,2,3,-4,3,-4,1,0,-3,2,-1,78
3027,-1,0,1,-2,1,-2,3,2,-1,0,1,26
3028,-3,4,-1,0,3,-4,1,-4,1,0,-1,70
3029,-5,6,-3,2,1,-2,3,-2,3,-2,1,106
3030,-3,2,1,-2,5,-2,3,-2,-1,2,-1,66
3031,-1,4,-1,0,3,0,5,0,1,0,1,54
3032,1,0,1,0,3,-4,-3,0,-1,0,-1,38
3033,-1,-2,3,2,1,-2,-1,2,1,-2,1,34
3034,-3,2,3,-2,5,-2,-1,2,-3,2,-1,74
3035,-1,0,5,0,3,0,1,4,-1,0,1,54
3036,1,0,-1,2,5,-2,-1,-2,1,0,-1,42
3037,-1,2,1,4,3,0,1,0,3,-2,1,46
3038,1,2,1,0,7,0,1,0,-1,2,-1,62
3039,3,4,3,2,5,2,3,2,1,0,1,82
3040,5,4,1,-2,-5,-2,-3,-2,-1,0,-1,90
3041,3,2,-1,-4,-3,0,-1,0,1,-2,1,46
3042,1,2,-1,0,-3,0,-1,0,-3,2,-1,30
3043,3,0,-3,-2,-1,2,1,2,-1,0,1,34
3044,1,0,3,0,-3,0,-1,-4,1,0,-1,38
3045,-1,2,1,-2,-1,2,1,-2,3,-2,1,34
3046,1,-2,1,2,-1,2,1,-2,-1,2,-1,26
3047,3,0,-1,0,1,4,3,0,1,0,1,38
3048,1,4,1,0,-3,0,-5,0,-1,0,-1,54
3049,-1,2,3,-2,-1,2,-3,2,1,-2,1,42
3050,-3,6,-1,2,-1,2,-3,2,-3,2,-1,82
3051,-1,4,1,0,1,4,-1,4,-1,0,1,54
3052,1,0,3,2,-1,2,-3,-2,1,0,-1,34
3053,-1,2,5,0,1,4,-1,0,3,-2,1,62
3054,1,2,1,4,1,4,-1,0,-1,2,-1,46
3055,3,4,3,2,3,6,1,2,1,0,1,90
3056,5,4,1,-2,-3,-4,-1,-2,-1,0,-1,78
3057,3,2,-1,0,-1,-2,1,0,1,-2,1,26
3058,1,2,3,0,-1,-2,1,0,-3,2,-1,34
3059,3,0,1,2,1,0,3,2,-1,0,1,30
3060,1,4,3,0,-1,-2,1,-4,1,0,-1,50
3061,-1,6,1,2,1,0,3,-2,3,-2,1,70
3062,1,2,5,2,1,0,3,-2,-1,2,-1,54
3063,3,4,3,4,3,2,5,0,1,0,1,90
3064,5,4,1,0,-1,-2,-3,0,-1,0,-1,58
3065,3,2,3,2,1,0,-1,2,1,-2,1,38
3066,1,6,3,2,1,0,-1,2,-3,2,-1,70
3067,3,4,5,4,3,2,1,4,-1,0,1,98
3068,5,4,3,2,1,0,-1,-2,1,0,-1,62
3069,3,6,5,4,3,2,1,0,3,-2,1,114
3070,5,6,5,4,3,2,1,0,-1,2,-1,122
3071,7,8,7,6,5,4,3,2,1,0,1,254
3072,9,6,5,4,3,2,1,0,-1,-2,-1,178
3073,7,4,3,2,1,0,-1,-2,-3,0,1,94
3074,5,4,3,2,1,0,-1,-2,1,0,-1,62
3075,7,2,1,0,-1,-2,-3,-4,-1,2,1,90
3076,5,2,3,2,1,0,-1,2,1,-2,-1,54
3077,3,4,1,0,-1,-2,-3,0,-1,0,1,42
3078,5,0,1,0,-1,-2,-3,0,3,0,-1,50
3079,7,2,-1,-2,-3,-4,-5,-2,1,2,1,118
3080,5,2,1,2,1,0,3,2,-1,-2,-1,54
3081,3,0,3,0,-1,-2,1,0,-3,0,1,34
3082,1,4,-1,0,-1,-2,1,0,1,0,-1,26
3083,3,2,1,-2,-3,-4,-1,-2,-1,2,1,54
3084,5,-2,-1,0,-1,-2,1,4,1,-2,-1,58
3085,3,0,1,-2,-3,-4,-1,2,-1,0,1,46
3086,5,0,-3,-2,-3,-4,-1,2,3,0,-1,78
3087,7,2,-1,-4,-5,-6,-3,0,1,2,1,146
3088,5,2,1,0,1,4,3,0,-1,-2,-1,62
3089,3,0,-1,2,-1,2,1,-2,-3,0,1,34
3090,1,0,3,-2,-1,2,1,-2,1,0,-1,26
3091,3,-2,1,0,-3,0,-1,-4,-1,2,1,46
3092,1,2,-1,-2,-1,2,1,2,1,-2,-1,26
3093,-1,4,-3,0,-3,0,-1,0,-1,0,1,38
3094,1,0,1,-4,-3,0,-1,0,3,0,-1,38
3095,3,2,-1,-2,-5,-2,-3,-2,1,2,1,66
3096,5,-2,-3,-2,-1,2,5,2,-1,-2,-1,82
3097,3,-4,-1,0,-3,0,3,0,-3,0,1,54
3098,1,0,-1,-4,-3,0,3,0,1,0,-1,38
3099,3,-2,1,-2,-5,-2,1,-2,-1,2,1,58
3100,5,-2,-5,-4,-3,0,3,4,1,-2,-1,110
3101,3,0,-3,-2,-5,-2,1,2,-1,0,1,58
3102,5,0,-3,-6,-5,-2,1,2,3,0,-1,114
3103,7,2,-1,-4,-7,-4,-1,0,1,2,1,142
3104,5,2,1,0,3,4,1,0,-1,-2,-1,62
3105,3,0,-1,-2,5,2,-1,-2,-3,0,1,58
3106,1,0,-1,2,1,2,-1,-2,1,0,-1,18
3107,3,-2,-3,0,3,0,-3,-4,-1,2,1,62
3108,1,-2,3,-2,1,2,-1,2,1,-2,-1,34
3109,-1,0,1,-4,3,0,-3,0,-1,0,1,38
3110,1,-4,1,0,-1,0,-3,0,3,0,-1,38
3111,3,-2,-1,-2,1,-2,-5,-2,1,2,1,58
3112,1,2,-3,-2,1,2,3,2,-1,-2,-1,42
3113,-1,0,-1,-4,3,0,1,0,-3,0,1,38
3114,-3,4,-5,0,-1,0,1,0,1,0,-1,54
3115,-1,2,-3,-2,1,-2,-1,-2,-1,2,1,34
3116,1,-2,-1,-4,-1,0,1,4,1,-2,-1,46
3117,-1,0,1,-6,1,-2,-1,2,-1,0,1,50
3118,1,0,-3,-2,-3,-2,-1,2,3,0,-1,42
3119,3,2,-1,-4,-1,-4,-3,0,1,2,1,62
3120,5,-2,-3,-4,1,6,3,0,-1,-2,-1,106
3121,3,-4,-5,-2,3,4,1,-2,-3,0,1,94
3122,1,-4,-1,-2,-1,4,1,-2,1,0,-1,46
3123,3,-6,-3,0,1,2,-1,-4,-1,2,1,82
3124,1,-2,-1,-6,-1,4,1,2,1,-2,-1,70
3125,-1,0,-3,-4,1,2,-1,0,-1,0,1,34
3126,1,-4,1,-4,-3,2,-1,0,3,0,-1,58
3127,3,-2,-1,-2,-1,0,-3,-2,1,2,1,38
3128,5,-2,-7,-6,-1,4,5,2,-1,-2,-1,166
3129,3,-4,-5,-4,1,2,3,0,-3,0,1,90
3130,1,0,-5,-4,-3,2,3,0,1,0,-1,66
3131,3,-2,-3,-2,-1,0,1,-2,-1,2,1,38
3132,5,-2,-5,-8,-3,2,3,4,1,-2,-1,162
3133,3,0,-3,-6,-1,0,1,2,-1,0,1,62
3134,5,0,-3,-6,-5,0,1,2,3,0,-1,110
3135,7,2,-1,-4,-3,-2,-1,0,1,2,1,90
3136,5,2,1,4,3,0,1,0,-1,-2,-1,62
3137,3,0,-1,2,1,2,-1,-2,-3,0,1,34
3138,1,0,-1,2,5,-2,-1,-2,1,0,-1,42
3139,3,-2,-3,0,3,0,-3,-4,-1,2,1,62
3140,1,-2,-1,6,1,-2,-1,2,1,-2,-1,58
3141,-1,0,-3,4,-1,0,-3,0,-1,0,1,38
3142,1,-4,-3,4,3,-4,-3,0,3,0,-1,86
3143,3,-2,-5,2,1,-2,-5,-2,1,2,1,82
3144,1,-2,1,2,1,-2,3,2,-1,-2,-1,34
3145,-1,-4,3,0,-1,0,1,0,-3,0,1,38
3146,-3,0,-1,0,3,-4,1,0,1,0,-1,38
3147,-1,-2,1,-2,1,-2,-1,-2,-1,2,1,26
3148,1,-6,-1,4,-1,-4,1,4,1,-2,-1,94
3149,-1,-4,1,2,-3,-2,-1,2,-1,0,1,42
3150,1,-4,-3,2,1,-6,-1,2,3,0,-1,82
3151,3,-2,-1,0,-1,-4,-3,0,1,2,1,46
3152,1,2,-3,0,1,2,3,0,-1,-2,-1,34
3153,-1,0,-5,2,-1,4,1,-2,-3,0,1,62
3154,-3,0,-1,-2,3,0,1,-2,1,0,-1,30
3155,-1,-2,-3,0,1,2,-1,-4,-1,2,1,42
3156,-3,2,-5,2,-1,0,1,2,1,-2,-1,54
3157,-5,4,-7,4,-3,2,-1,0,-1,0,1,122
3158,-3,0,-3,0,1,-2,-1,0,3,0,-1,34
3159,-1,2,-5,2,-1,0,-3,-2,1,2,1,54
3160,1,-2,-3,-2,-1,0,5,2,-1,-2,-1,54
3161,-1,-4,-1,0,-3,2,3,0,-3,0,1,50
3162,-3,0,-1,-4,1,-2,3,0,1,0,-1,42
3163,-1,-2,1,-2,-1,0,1,-2,-1,2,1,22
3164,1,-2,-5,0,-3,-2,3,4,1,-2,-1,74
3165,-1,0,-3,2,-5,0,1,2,-1,0,1,46
3166,1,0,-3,-2,-1,-4,1,2,3,0,-1,46
3167,3,2,-1,0,-3,-2,-1,0,1,2,1,34
3168,5,-2,-3,0,3,2,1,0,-1,-2,-1,58
3169,3,-4,-5,-2,5,4,-1,-2,-3,0,1,110
3170,1,-4,-5,2,5,0,-1,-2,1,0,-1,78
3171,3,-6,-7,0,7,2,-3,-4,-1,2,1,178
3172,1,-6,-1,2,1,0,-1,2,1,-2,-1,54
3173,-1,-4,-3,0,3,2,-3,0,-1,0,1,50
3174,1,-8,-3,4,3,-2,-3,0,3,0,-1,122
3175,3,-6,-5,2,5,0,-5,-2,1,2,1,134
3176,1,-2,-3,-2,1,0,3,2,-1,-2,-1,38
3177,-1,-4,-1,-4,3,2,1,0,-3,0,1,58
3178,-3,0,-5,0,3,-2,1,0,1,0,-1,50
3179,-1,-2,-3,-2,5,0,-1,-2,-1,2,1,54
3180,1,-6,-1,0,-1,-2,1,4,1,-2,-1,66
3181,-1,-4,1,-2,1,0,-1,2,-1,0,1,30
3182,1,-4,-3,2,1,-4,-1,2,3,0,-1,62
3183,3,-2,-1,0,3,-2,-3,0,1,2,1,42
3184,5,-2,-7,-4,1,4,3,0,-1,-2,-1,126
3185,3,-4,-9,-2,3,6,1,-2,-3,0,1,170
3186,1,-4,-5,-2,3,2,1,-2,1,0,-1,66
3187,3,-6,-7,0,5,4,-1,-4,-1,2,1,158
3188,1,-2,-5,-2,-1,2,1,2,1,-2,-1,50
3189,-1,0,-7,0,1,4,-1,0,-1,0,1,70
3190,1,-4,-3,0,1,0,-1,0,3,0,-1,38
3191,3,-2,-5,2,3,2,-3,-2,1,2,1,74
3192,5,-2,-7,-6,-1,2,5,2,-1,-2,-1,154
3193,3,-4,-5,-4,1,4,3,0,-3,0,1,102
3194,1,0,-5,-4,1,0,3,0,1,0,-1,54
3195,3,-2,-3,-2,3,2,1,-2,-1,2,1,50
3196,5,-2,-5,-4,-3,0,3,4,1,-2,-1,110
3197,3,0,-3,-2,-1,2,1,2,-1,0,1,34
3198,5,0,-3,-2,-1,-2,1,2,3,0,-1,58
3199,7,2,-1,0,1,0,-1,0,1,2,1,62
3200,5,2,5,4,1,0,-1,0,-1,-2,-1,78
3201,3,0,3,2,-1,-2,1,-2,-3,0,1,42
3202,1,0,3,2,-1,2,-3,-2,1,0,-1,34
3203,3,-2,1,0,-3,0,-1,-4,-1,2,1,46
3204,1,-2,3,2,3,-2,-3,2,1,-2,-1,50
3205,-1,0,1,0,1,-4,-1,0,-1,0,1,22
3206,1,-4,1,0,1,0,-5,0,3,0,-1,54
3207,3,-2,-1,-2,-1,-2,-3,-2,1,2,1,42
3208,1,-2,1,6,-1,-2,1,2,-1,-2,-1,58
3209,-1,-4,3,4,-3,-4,3,0,-3,0,1,86
3210,-3,0,-1,4,-3,0,-1,0,1,0,-1,38
3211,-1,-2,1,2,-5,-2,1,-2,-1,2,1,50
3212,1,-6,-1,4,1,-4,-1,4,1,-2,-1,94
3213,-1,-4,1,2,-1,-6,1,2,-1,0,1,66
3214,1,-4,-3,2,-1,-2,-3,2,3,0,-1,58
3215,3,-2,-1,0,-3,-4,-1,0,1,2,1,46
3216,1,-2,5,0,-1,2,1,0,-1,-2,-1,42
3217,-1,-4,3,2,-3,0,3,-2,-3,0,1,62
3218,-3,-4,7,-2,-3,4,-1,-2,1,0,-1,110
3219,-1,-6,5,0,-5,2,1,-4,-1,2,1,114
3220,-3,-2,3,-2,1,0,-1,2,1,-2,-1,38
3221,-5,0,1,0,-1,-2,1,0,-1,0,1,34
3222,-3,-4,5,-4,-1,2,-3,0,3,0,-1,90
3223,-1,-2,3,-2,-3,0,-1,-2,1,2,1,38
3224,1,-6,1,2,-3,0,3,2,-1,-2,-1,70
3225,-1,-8,3,4,-5,-2,5,0,-3,0,1,154
3226,-3,-4,3,0,-5,2,1,0,1,0,-1,66
3227,-1,-6,5,2,-7,0,3,-2,-1,2,1,134
3228,1,-6,-1,0,-1,-2,1,4,1,-2,-1,66
3229,-1,-4,1,2,-3,-4,3,2,-1,0,1,62
3230,1,-4,1,-2,-3,0,-1,2,3,0,-1,46
3231,3,-2,3,0,-5,-2,1,0,1,2,1,58
3232,1,2,1,0,1,2,-1,0,-1,-2,-1,18
3233,-1,0,-1,-2,3,0,1,-2,-3,0,1,30
3234,-3,0,-1,2,-1,4,-3,-2,1,0,-1,46
3235,-1,-2,-3,0,1,2,-1,-4,-1,2,1,42
3236,-3,-2,3,-2,3,0,-3,2,1,-2,-1,54
3237,-5,0,1,-4,5,-2,-1,0,-1,0,1,74
3238,-3,-4,1,0,1,2,-5,0,3,0,-1,66
3239,-1,-2,-1,-2,3,0,-3,-2,1,2,1,38
3240,-3,2,-3,2,-1,0,1,2,-1,-2,-1,38
3241,-5,0,-1,0,1,-2,3,0,-3,0,1,50
3242,-7,4,-5,4,-3,2,-1,0,1,0,-1,122
3243,-5,2,-3,2,-1,0,1,-2,-1,2,1,54
3244,-3,-2,-1,0,1,-2,-1,4,1,-2,-1,42
3245,-5,0,1,-2,3,-4,1,2,-1,0,1,62
3246,-3,0,-3,2,-1,0,-3,2,3,0,-1,46
3247,-1,2,-1,0,1,-2,-1,0,1,2,1,18
3248,1,-2,1,-4,-1,4,1,0,-1,-2,-1,46
3249,-1,-4,-1,-2,1,2,3,-2,-3,0,1,50
3250,-3,-4,3,-2,-3,6,-1,-2,1,0,-1,90
3251,-1,-6,1,0,-1,4,1,-4,-1,2,1,78
3252,-3,-2,3,-6,1,2,-1,2,1,-2,-1,74
3253,-5,0,1,-4,3,0,1,0,-1,0,1,54
3254,-3,-4,5,-4,-1,4,-3,0,3,0,-1,102
3255,-1,-2,3,-2,1,2,-1,-2,1,2,1,34
3256,1,-2,-3,-2,-3,2,3,2,-1,-2,-1,50
3257,-1,-4,-1,0,-1,0,5,0,-3,0,1,54
3258,-3,0,-1,0,-5,4,1,0,1,0,-1,54
3259,-1,-2,1,2,-3,2,3,-2,-1,2,1,42
3260,1,-2,-1,-4,-1,0,1,4,1,-2,-1,46
3261,-1,0,1,-2,1,-2,3,2,-1,0,1,26
3262,1,0,1,-2,-3,2,-1,2,3,0,-1,34
3263,3,2,3,0,-1,0,1,0,1,2,1,30
3264,5,-2,1,4,1,-2,-1,0,-1,-2,-1,58
3265,3,-4,-1,2,-1,0,1,-2,-3,0,1,46
3266,1,-4,-1,2,3,0,-3,-2,1,0,-1,46
3267,3,-6,-3,0,1,2,-1,-4,-1,2,1,82
3268,1,-6,-1,6,3,-4,-3,2,1,-2,-1,118
3269,-1,-4,-3,4,1,-2,-1,0,-1,0,1,50
3270,1,-8,-3,4,5,-2,-5,0,3,0,-1,154
3271,3,-6,-5,2,3,0,-3,-2,1,2,1,102
3272,1,-6,1,6,-1,-4,1,2,-1,-2,-1,102
3273,-1,-8,3,4,-3,-2,3,0,-3,0,1,122
3274,-3,-4,-1,4,1,-2,-1,0,1,0,-1,50
3275,-1,-6,1,2,-1,0,1,-2,-1,2,1,54
3276,1,-10,-1,8,1,-6,-1,4,1,-2,-1,226
3277,-1,-8,1,6,-1,-4,1,2,-1,0,1,126
3278,1,-8,-3,6,3,-4,-3,2,3,0,-1,158
3279,3,-6,-1,4,1,-2,-1,0,1,2,1,74
3280,1,-2,1,0,-1,0,1,0,-1,-2,-1,14
3281,-1,-4,-1,2,-3,2,3,-2,-3,0,1,58
3282,-3,-4,3,-2,1,2,-1,-2,1,0,-1,50
3283,-1,-6,1,0,-1,4,1,-4,-1,2,1,78
3284,-3,-2,-1,2,1,-2,-1,2,1,-2,-1,34
3285,-5,0,-3,4,-1,0,1,0,-1,0,1,54
3286,-3,-4,1,0,3,0,-3,0,3,0,-1,54
3287,-1,-2,-1,2,1,2,-1,-2,1,2,1,26
3288,1,-6,1,2,-3,-2,3,2,-1,-2,-1,74
3289,-1,-8,3,4,-5,0,5,0,-3,0,1,150
3290,-3,-4,3,0,-1,0,1,0,1,0,-1,38
3291,-1,-6,5,2,-3,2,3,-2,-1,2,1,98
3292,1,-6,-1,4,-1,-4,1,4,1,-2,-1,94
3293,-1,-4,1,6,-3,-2,3,2,-1,0,1,82
3294,1,-4,1,2,1,-2,-1,2,3,0,-1,42
3295,3,-2,3,4,-1,0,1,0,1,2,1,46
3296,5,-2,-3,0,1,0,-1,0,-1,-2,-1,46
3297,3,-4,-5,-2,3,2,1,-2,-3,0,1,82
3298,1,-4,-5,2,3,2,-3,-2,1,0,-1,74
3299,3,-6,-7,0,5,4,-1,-4,-1,2,1,158
3300,1,-6,-1,2,3,-2,-3,2,1,-2,-1,74
3301,-1,-4,-3,0,5,0,-1,0,-1,0,1,54
3302,1,-8,-3,4,5,0,-5,0,3,0,-1,150
3303,3,-6,-5,2,7,2,-3,-2,1,2,1,146
3304,1,-2,-3,2,-1,-2,1,2,-1,-2,-1,34
3305,-1,-4,-1,0,1,0,3,0,-3,0,1,38
3306,-3,0,-5,4,1,0,-1,0,1,0,-1,54
3307,-1,-2,-3,2,3,2,1,-2,-1,2,1,42
3308,1,-6,-1,4,1,-4,-1,4,1,-2,-1,94
3309,-1,-4,1,2,3,-2,1,2,-1,0,1,42
3310,1,-4,-3,6,3,-2,-3,2,3,0,-1,98
3311,3,-2,-1,4,5,0,-1,0,1,2,1,62
3312,5,-2,-3,-4,-1,2,1,0,-1,-2,-1,66
3313,3,-4,-5,-2,1,4,3,-2,-3,0,1,94
3314,1,-4,-1,-2,1,4,-1,-2,1,0,-1,46
3315,3,-6,-3,0,3,6,1,-4,-1,2,1,122
3316,1,-2,-1,-2,1,0,-1,2,1,-2,-1,22
3317,-1,0,-3,0,3,2,1,0,-1,0,1,26
3318,1,-4,1,0,3,2,-3,0,3,0,-1,50
3319,3,-2,-1,2,5,4,-1,-2,1,2,1,70
3320,5,-2,-3,-2,-3,0,3,2,-1,-2,-1,70
3321,3,-4,-1,0,-1,2,5,0,-3,0,1,66
3322,1,0,-1,0,-1,2,1,0,1,0,-1,10
3323,3,-2,1,2,1,4,3,-2,-1,2,1,54
3324,5,-2,-1,0,-1,-2,1,4,1,-2,-1,58
3325,3,0,1,2,1,0,3,2,-1,0,1,30
3326,5,0,1,2,1,0,-1,2,3,0,-1,46
3327,7,2,3,4,3,2,1,0,1,2,1,98
3328,5,6,5,2,1,0,-1,-2,-1,-2,-1,102
3329,3,4,3,0,-1,-2,-3,0,-3,0,1,58
3330,1,4,3,0,-1,-2,1,-4,1,0,-1,50
3331,3,2,1,-2,-3,-4,-1,-2,-1,2,1,54
3332,1,2,3,0,-1,2,-3,0,1,-2,-1,34
3333,-1,4,1,-2,-3,0,-5,2,-1,0,1,62
3334,1,0,1,-2,-3,0,-1,-2,3,0,-1,30
3335,3,2,-1,-4,-5,-2,-3,0,1,2,1,74
3336,1,2,1,0,3,-2,1,0,-1,-2,-1,26
3337,-1,0,3,-2,1,-4,-1,2,-3,0,1,46
3338,-3,4,-1,-2,1,-4,3,-2,1,0,-1,62
3339,-1,2,1,-4,-1,-6,1,0,-1,2,1,66
3340,1,-2,-1,-2,1,0,-1,2,1,-2,-1,22
3341,-1,0,1,-4,-1,-2,-3,4,-1,0,1,50
3342,1,0,-3,-4,-1,-2,1,0,3,0,-1,42
3343,3,2,-1,-6,-3,-4,-1,2,1,2,1,86
3344,1,2,1,2,-1,2,1,-2,-1,-2,-1,26
3345,-1,0,-1,4,-3,0,-1,0,-3,0,1,38
3346,-3,0,3,0,-3,0,3,-4,1,0,-1,54
3347,-1,-2,1,2,-5,-2,1,-2,-1,2,1,50
3348,-3,2,-1,0,-3,4,-1,0,1,-2,-1,46
3349,-5,4,-3,2,-5,2,-3,2,-1,0,1,98
3350,-3,0,1,-2,-5,2,1,-2,3,0,-1,58
3351,-1,2,-1,0,-7,0,-1,0,1,2,1,62
3352,1,-2,-3,0,1,0,3,0,-1,-2,-1,30
3353,-1,-4,-1,2,-1,-2,1,2,-3,0,1,42
3354,-3,0,-1,-2,-1,-2,5,-2,1,0,-1,50
3355,-1,-2,1,0,-3,-4,3,0,-1,2,1,46
3356,1,-2,-5,-2,-1,2,1,2,1,-2,-1,50
3357,-1,0,-3,0,-3,0,-1,4,-1,0,1,38
3358,1,0,-3,-4,-3,0,3,0,3,0,-1,54
3359,3,2,-1,-2,-5,-2,1,2,1,2,1,58
3360,1,2,5,-2,1,2,-1,-2,-1,-2,-1,50
3361,-1,0,3,-4,3,0,-3,0,-3,0,1,54
3362,-3,0,3,0,-1,0,1,-4,1,0,-1,38
3363,-1,-2,1,-2,1,-2,-1,-2,-1,2,1,26
3364,-3,-2,7,-4,-1,4,-3,0,1,-2,-1,110
3365,-5,0,5,-6,1,2,-5,2,-1,0,1,122
3366,-3,-4,5,-2,-3,2,-1,-2,3,0,-1,82
3367,-1,-2,3,-4,-1,0,-3,0,1,2,1,46
3368,-3,2,1,-4,3,0,1,0,-1,-2,-1,46
3369,-5,0,3,-6,5,-2,-1,2,-3,0,1,114
3370,-7,4,-1,-2,1,-2,3,-2,1,0,-1,90
3371,-5,2,1,-4,3,-4,1,0,-1,2,1,78
3372,-3,-2,3,-6,1,2,-1,2,1,-2,-1,74
3373,-5,0,5,-8,3,0,-3,4,-1,0,1,150
3374,-3,0,1,-4,-1,0,1,0,3,0,-1,38
3375,-1,2,3,-6,1,-2,-1,2,1,2,1,66
3376,1,-2,1,-2,-1,4,1,-2,-1,-2,-1,38
3377,-1,-4,-1,0,1,2,-1,0,-3,0,1,34
3378,-3,-4,3,0,-3,2,3,-4,1,0,-1,74
3379,-1,-6,1,2,-1,0,1,-2,-1,2,1,54
3380,-3,-2,3,-4,-3,6,-1,0,1,-2,-1,90
3381,-5,0,1,-2,-1,4,-3,2,-1,0,1,62
3382,-3,-4,5,-2,-5,4,1,-2,3,0,-1,110
3383,-1,-2,3,0,-3,2,-1,0,1,2,1,34
3384,1,-2,-3,-4,1,2,3,0,-1,-2,-1,50
3385,-1,-4,-1,-2,3,0,1,2,-3,0,1,46
3386,-3,0,-1,-2,-1,0,5,-2,1,0,-1,46
3387,-1,-2,1,0,1,-2,3,0,-1,2,1,26
3388,1,-2,-1,-6,-1,4,1,2,1,-2,-1,70
3389,-1,0,1,-4,1,2,-1,4,-1,0,1,42
3390,1,0,1,-4,-3,2,3,0,3,0,-1,50
3391,3,2,3,-2,-1,0,1,2,1,2,1,38
3392,1,6,1,2,1,-2,-1,-2,-1,-2,-1,58
3393,-1,4,-1,0,-1,0,-3,0,-3,0,1,38
3394,-3,4,-1,0,3,-4,1,-4,1,0,-1,70
3395,-1,2,-3,-2,1,-2,-1,-2,-1,2,1,34
3396,-3,2,-1,4,-1,0,-3,0,1,-2,-1,46
3397,-5,4,-3,2,-3,2,-5,2,-1,0,1,98
3398,-3,0,-3,2,1,-2,-1,-2,3,0,-1,42
3399,-1,2,-5,0,-1,0,-3,0,1,2,1,46
3400,-3,2,1,0,3,-4,1,0,-1,-2,-1,46
3401,-5,0,3,-2,1,-2,-1,2,-3,0,1,58
3402,-7,4,-1,-2,5,-6,3,-2,1,0,-1,146
3403,-5,2,1,-4,3,-4,1,0,-1,2,1,78
3404,-3,-2,-1,2,1,-2,-1,2,1,-2,-1,34
3405,-5,0,1,0,-1,0,-3,4,-1,0,1,54
3406,-3,0,-3,0,3,-4,1,0,3,0,-1,54
3407,-1,2,-1,-2,1,-2,-1,2,1,2,1,26
3408,-3,6,-3,2,-1,0,1,-2,-1,-2,-1,70
3409,-5,4,-5,4,-3,2,-1,0,-3,0,1,106
3410,-7,4,-1,0,1,-2,3,-4,1,0,-1,98
3411,-5,2,-3,2,-1,0,1,-2,-1,2,1,54
3412,-7,6,-5,4,-3,2,-1,0,1,-2,-1,146
3413,-9,8,-7,6,-5,4,-3,2,-1,0,1,286
3414,-7,4,-3,2,-1,0,1,-2,3,0,-1,94
3415,-5,6,-5,4,-3,2,-1,0,1,2,1,122
3416,-3,2,-3,0,1,-2,3,0,-1,-2,-1,42
3417,-5,0,-1,2,-1,0,1,2,-3,0,1,46
3418,-7,4,-1,-2,3,-4,5,-2,1,0,-1,126
3419,-5,2,1,0,1,-2,3,0,-1,2,1,50
3420,-3,2,-5,2,-1,0,1,2,1,-2,-1,54
3421,-5,4,-3,4,-3,2,-1,4,-1,0,1,98
3422,-3,4,-3,0,1,-2,3,0,3,0,-1,58
3423,-1,6,-1,2,-1,0,1,2,1,2,1,54
3424,1,2,1,-2,1,0,-1,-2,-1,-2,-1,22
3425,-1,0,-1,-4,3,2,-3,0,-3,0,1,50
3426,-3,0,-1,0,3,-2,1,-4,1,0,-1,42
3427,-1,-2,-3,-2,5,0,-1,-2,-1,2,1,54
3428,-3,-2,3,0,-1,2,-3,0,1,-2,-1,42
3429,-5,0,1,-2,1,4,-5,2,-1,0,1,78
3430,-3,-4,1,2,1,0,-1,-2,3,0,-1,46
3431,-1,-2,-1,0,3,2,-3,0,1,2,1,34
3432,-3,2,1,-4,3,-2,1,0,-1,-2,-1,50
3433,-5,0,3,-6,5,0,-1,2,-3,0,1,110
3434,-7,4,-1,-2,5,-4,3,-2,1,0,-1,126
3435,-5,2,1,-4,7,-2,1,0,-1,2,1,106
3436,-3,-2,3,-2,1,0,-1,2,1,-2,-1,38
3437,-5,0,5,-4,3,2,-3,4,-1,0,1,106
3438,-3,0,1,0,3,-2,1,0,3,0,-1,34
3439,-1,2,3,-2,5,0,-1,2,1,2,1,54
3440,1,2,-3,-2,-1,2,1,-2,-1,-2,-1,34
3441,-1,0,-5,0,1,4,-1,0,-3,0,1,54
3442,-3,0,-1,0,1,0,3,-4,1,0,-1,38
3443,-1,-2,-3,2,3,2,1,-2,-1,2,1,42
3444,-3,2,-1,0,-3,4,-1,0,1,-2,-1,46
3445,-5,4,-3,2,-1,6,-3,2,-1,0,1,106
3446,-3,0,1,2,-1,2,1,-2,3,0,-1,34
3447,-1,2,-1,4,1,4,-1,0,1,2,1,46
3448,1,2,-3,-4,1,0,3,0,-1,-2,-1,46
3449,-1,0,-1,-2,3,2,1,2,-3,0,1,34
3450,-3,4,-1,-2,3,-2,5,-2,1,0,-1,74
3451,-1,2,1,0,5,0,3,0,-1,2,1,46
3452,1,2,-1,-2,-1,2,1,2,1,-2,-1,26
3453,-1,4,1,0,1,4,-1,4,-1,0,1,54
3454,1,4,1,0,1,0,3,0,3,0,-1,38
3455,3,6,3,2,3,2,1,2,1,2,1,82
3456,5,2,5,2,-1,-2,-3,-2,-1,-2,-1,82
3457,3,0,3,0,-3,-4,-1,0,-3,0,1,54
3458,1,0,3,0,-3,0,-1,-4,1,0,-1,38
3459,3,-2,1,-2,-5,-2,1,-2,-1,2,1,58
3460,1,-2,3,0,1,0,-5,0,1,-2,-1,46
3461,-1,0,1,-2,-1,-2,-3,2,-1,0,1,26
3462,1,-4,1,-2,-1,2,-3,-2,3,0,-1,50
3463,3,-2,-1,-4,-3,0,-1,0,1,2,1,46
3464,1,-2,1,4,1,-4,-1,0,-1,-2,-1,46
3465,-1,-4,3,2,-1,-6,1,2,-3,0,1,82
3466,-3,0,-1,2,-1,-2,1,-2,1,0,-1,26
3467,-1,-2,1,0,-3,-4,3,0,-1,2,1,46
3468,1,-6,-1,2,3,-2,-3,2,1,-2,-1,74
3469,-1,-4,1,0,1,-4,-1,4,-1,0,1,54
3470,1,-4,-3,0,1,0,-1,0,3,0,-1,38
3471,3,-2,-1,-2,-1,-2,1,2,1,2,1,34
3472,1,-2,5,2,-3,0,-1,-2,-1,-2,-1,54
3473,-1,-4,3,4,-5,-2,1,0,-3,0,1,82
3474,-3,-4,7,0,-5,2,1,-4,1,0,-1,122
3475,-1,-6,5,2,-7,0,3,-2,-1,2,1,134
3476,-3,-2,3,0,-1,2,-3,0,1,-2,-1,42
3477,-5,0,1,2,-3,0,-1,2,-1,0,1,46
3478,-3,-4,5,-2,-3,4,-1,-2,3,0,-1,94
3479,-1,-2,3,0,-5,2,1,0,1,2,1,50
3480,1,-6,1,4,-1,-2,1,0,-1,-2,-1,66
3481,-1,-8,3,6,-3,-4,3,2,-3,0,1,158
3482,-3,-4,3,2,-3,0,3,-2,1,0,-1,62
3483,-1,-6,5,4,-5,-2,5,0,-1,2,1,138
3484,1,-6,-1,2,1,0,-1,2,1,-2,-1,54
3485,-1,-4,1,4,-1,-2,1,4,-1,0,1,58
3486,1,-4,1,0,-1,2,1,0,3,0,-1,34
3487,3,-2,3,2,-3,0,3,2,1,2,1,54
3488,1,2,5,-2,-1,0,-3,-2,-1,-2,-1,54
3489,-1,0,3,-4,1,-2,-1,0,-3,0,1,42
3490,-3,0,3,0,-3,2,-1,-4,1,0,-1,50
3491,-1,-2,1,-2,-1,0,1,-2,-1,2,1,22
3492,-3,-2,7,-4,1,2,-5,0,1,-2,-1,114
3493,-5,0,5,-6,3,0,-3,2,-1,0,1,110
3494,-3,-4,5,-2,-1,4,-3,-2,3,0,-1,94
3495,-1,-2,3,-4,1,2,-1,0,1,2,1,42
3496,-3,2,1,0,1,-2,-1,0,-1,-2,-1,26
3497,-5,0,3,-2,3,-4,1,2,-3,0,1,78
3498,-7,4,-1,2,-1,0,1,-2,1,0,-1,78
3499,-5,2,1,0,1,-2,3,0,-1,2,1,50
3500,-3,-2,3,-2,3,0,-3,2,1,-2,-1,54
3501,-5,0,5,-4,5,-2,-1,4,-1,0,1,114
3502,-3,0,1,0,1,2,-1,0,3,0,-1,26
3503,-1,2,3,-2,3,0,1,2,1,2,1,38
3504,1,-2,5,-2,-3,2,-1,-2,-1,-2,-1,58
3505,-1,-4,3,0,-1,0,1,0,-3,0,1,38
3506,-3,-4,7,0,-5,4,1,-4,1,0,-1,134
3507,-1,-6,5,2,-3,2,3,-2,-1,2,1,98
3508,-3,-2,7,-4,-1,4,-3,0,1,-2,-1,110
3509,-5,0,5,-2,1,2,-1,2,-1,0,1,66
3510,-3,-4,9,-2,-3,6,-1,-2,3,0,-1,170
3511,-1,-2,7,0,-1,4,1,0,1,2,1,78
3512,1,-2,1,0,-1,0,1,0,-1,-2,-1,14
3513,-1,-4,3,2,1,-2,3,2,-3,0,1,58
3514,-3,0,3,2,-3,2,3,-2,1,0,-1,50
3515,-1,-2,5,4,-1,0,5,0,-1,2,1,78
3516,1,-2,3,-2,1,2,-1,2,1,-2,-1,34
3517,-1,0,5,0,3,0,1,4,-1,0,1,54
3518,1,0,5,0,-1,4,1,0,3,0,-1,54
3519,3,2,7,2,1,2,3,2,1,2,1,90
3520,5,2,1,2,-1,-4,-3,-2,-1,-2,-1,70
3521,3,0,-1,0,-3,-2,-1,0,-3,0,1,34
3522,1,0,-1,0,1,-2,-1,-4,1,0,-1,26
3523,3,-2,-3,-2,-1,0,1,-2,-1,2,1,38
3524,1,-2,-1,4,1,-2,-5,0,1,-2,-1,58
3525,-1,0,-3,2,-1,0,-3,2,-1,0,1,30
3526,1,-4,-3,2,3,0,-3,-2,3,0,-1,62
3527,3,-2,-5,0,1,2,-1,0,1,2,1,50
3528,1,-2,1,4,1,-6,-1,0,-1,-2,-1,66
3529,-1,-4,3,2,-1,-4,1,2,-3,0,1,62
3530,-3,0,-1,2,3,-4,1,-2,1,0,-1,46
3531,-1,-2,1,0,1,-2,3,0,-1,2,1,26
3532,1,-6,-1,6,3,-4,-3,2,1,-2,-1,118
3533,-1,-4,1,4,1,-2,-1,4,-1,0,1,58
3534,1,-4,-3,4,5,-2,-1,0,3,0,-1,82
3535,3,-2,-1,2,3,0,1,2,1,2,1,38
3536,1,2,1,2,-3,-2,-1,-2,-1,-2,-1,34
3537,-1,0,-1,4,-5,0,1,0,-3,0,1,54
3538,-3,0,3,0,-1,0,1,-4,1,0,-1,38
3539,-1,-2,1,2,-3,2,3,-2,-1,2,1,42
3540,-3,2,-1,4,-1,0,-3,0,1,-2,-1,46
3541,-5,4,-3,6,-3,2,-1,2,-1,0,1,106
3542,-3,0,1,2,1,2,-1,-2,3,0,-1,34
3543,-1,2,-1,4,-1,4,1,0,1,2,1,46
3544,1,-2,1,4,-1,-4,1,0,-1,-2,-1,46
3545,-1,-4,3,6,-3,-2,3,2,-3,0,1,98
3546,-3,0,3,2,1,-2,3,-2,1,0,-1,42
3547,-1,-2,5,4,-1,0,5,0,-1,2,1,78
3548,1,-2,-1,6,1,-2,-1,2,1,-2,-1,58
3549,-1,0,1,8,-1,0,1,4,-1,0,1,86
3550,1,0,1,4,3,0,1,0,3,0,-1,38
3551,3,2,3,6,1,2,3,2,1,2,1,82
3552,5,2,1,-2,-1,-2,-3,-2,-1,-2,-1,58
3553,3,0,-1,-4,1,0,-1,0,-3,0,1,38
3554,1,0,-1,0,1,0,-1,-4,1,0,-1,22
3555,3,-2,-3,-2,3,2,1,-2,-1,2,1,50
3556,1,-2,3,0,1,0,-5,0,1,-2,-1,46
3557,-1,0,1,-2,3,2,-3,2,-1,0,1,34
3558,1,-4,1,2,3,2,-3,-2,3,0,-1,58
3559,3,-2,-1,0,5,4,-1,0,1,2,1,62
3560,1,2,1,0,1,-4,-1,0,-1,-2,-1,30
3561,-1,0,3,-2,3,-2,1,2,-3,0,1,42
3562,-3,4,-1,2,3,-2,1,-2,1,0,-1,50
3563,-1,2,1,0,5,0,3,0,-1,2,1,46
3564,1,-2,3,2,3,-2,-3,2,1,-2,-1,50
3565,-1,0,5,0,5,0,-1,4,-1,0,1,70
3566,1,0,1,4,5,0,-1,0,3,0,-1,54
3567,3,2,3,2,7,2,1,2,1,2,1,90
3568,5,2,1,-2,-3,0,-1,-2,-1,-2,-1,54
3569,3,0,-1,0,-1,2,1,0,-3,0,1,26
3570,1,0,3,0,-1,2,1,-4,1,0,-1,34
3571,3,-2,1,2,1,4,3,-2,-1,2,1,54
3572,1,2,3,0,-1,2,-3,0,1,-2,-1,34
3573,-1,4,1,2,1,4,-1,2,-1,0,1,46
3574,1,0,5,2,1,4,-1,-2,3,0,-1,62
3575,3,2,3,4,3,6,1,0,1,2,1,90
3576,5,2,1,0,-1,-2,1,0,-1,-2,-1,42
3577,3,0,3,2,1,0,3,2,-3,0,1,46
3578,1,4,3,2,1,0,3,-2,1,0,-1,46
3579,3,2,5,4,3,2,5,0,-1,2,1,98
3580,5,2,3,2,1,0,-1,2,1,-2,-1,54
3581,3,4,5,4,3,2,1,4,-1,0,1,98
3582,5,4,5,4,3,2,1,0,3,0,-1,106
3583,7,6,7,6,5,4,3,2,1,2,1,230
3584,9,6,3,2,1,0,-1,-2,-3,-2,-1,150
3585,7,4,1,0,-1,-2,-3,-4,-1,0,1,98
3586,5,4,1,0,-1,-2,-3,0,-1,0,-1,58
3587,7,2,-1,-2,-3,-4,-5,-2,1,2,1,118
3588,5,2,1,0,-1,-2,1,0,-1,-2,-1,42
3589,3,4,-1,-2,-3,-4,-1,-2,1,0,1,62
3590,5,0,-1,-2,-3,-4,-1,2,1,0,-1,62
3591,7,2,-3,-4,-5,-6,-3,0,3,2,1,162
3592,5,2,-1,0,-1,2,1,0,-3,-2,-1,50
3593,3,0,1,-2,-3,0,-1,-2,-1,0,1,30
3594,1,4,-3,-2,-3,0,-1,2,-1,0,-1,46
3595,3,2,-1,-4,-5,-2,-3,0,1,2,1,74
3596,5,-2,-3,-2,-3,0,3,2,-1,-2,-1,70
3597,3,0,-1,-4,-5,-2,1,0,1,0,1,58
3598,5,0,-5,-4,-5,-2,1,4,1,0,-1,114
3599,7,2,-3,-6,-7,-4,-1,2,3,2,1,182
3600,5,2,-1,-2,3,2,1,-2,-3,-2,-1,66
3601,3,0,-3,0,1,0,-1,-4,-1,0,1,38
3602,1,0,1,-4,1,0,-1,0,-1,0,-1,22
3603,3,-2,-1,-2,-1,-2,-3,-2,1,2,1,42
3604,1,2,-3,-4,1,0,3,0,-1,-2,-1,46
3605,-1,4,-5,-2,-1,-2,1,-2,1,0,1,58
3606,1,0,-1,-6,-1,-2,1,2,1,0,-1,50
3607,3,2,-3,-4,-3,-4,-1,0,3,2,1,78
3608,5,-2,-5,-4,1,4,3,0,-3,-2,-1,110
3609,3,-4,-3,-2,-1,2,1,-2,-1,0,1,50
3610,1,0,-3,-6,-1,2,1,2,-1,0,-1,58
3611,3,-2,-1,-4,-3,0,-1,0,1,2,1,46
3612,5,-2,-7,-6,-1,2,5,2,-1,-2,-1,154
3613,3,0,-5,-4,-3,0,3,0,1,0,1,70
3614,5,0,-5,-8,-3,0,3,4,1,0,-1,150
3615,7,2,-3,-6,-5,-2,1,2,3,2,1,146
3616,5,2,-1,2,1,2,-1,-2,-3,-2,-1,58
3617,3,0,-3,0,3,0,-3,-4,-1,0,1,54
3618,1,0,-3,4,-1,0,-3,0,-1,0,-1,38
3619,3,-2,-5,2,1,-2,-5,-2,1,2,1,82
3620,1,-2,1,0,-1,0,1,0,-1,-2,-1,14
3621,-1,0,-1,-2,1,-2,-1,-2,1,0,1,18
3622,1,-4,-1,2,-3,-2,-1,2,1,0,-1,42
3623,3,-2,-3,0,-1,-4,-3,0,3,2,1,62
3624,1,2,-5,0,-1,4,1,0,-3,-2,-1,62
3625,-1,0,-3,-2,1,2,-1,-2,-1,0,1,26
3626,-3,4,-7,2,-3,2,-1,2,-1,0,-1,98
3627,-1,2,-5,0,-1,0,-3,0,1,2,1,46
3628,1,-2,-3,-2,-3,2,3,2,-1,-2,-1,50
3629,-1,0,-1,-4,-1,0,1,0,1,0,1,22
3630,1,0,-5,0,-5,0,1,4,1,0,-1,70
3631,3,2,-3,-2,-3,-2,-1,2,3,2,1,58
3632,5,-2,-5,-2,3,4,1,-2,-3,-2,-1,102
3633,3,-4,-7,0,5,2,-1,-4,-1,0,1,122
3634,1,-4,-3,0,1,2,-1,0,-1,0,-1,34
3635,3,-6,-5,2,3,0,-3,-2,1,2,1,102
3636,1,-2,-3,-4,1,2,3,0,-1,-2,-1,50
3637,-1,0,-5,-2,3,0,1,-2,1,0,1,46
3638,1,-4,-1,-2,-1,0,1,2,1,0,-1,30
3639,3,-2,-3,0,1,-2,-1,0,3,2,1,42
3640,5,-2,-9,-4,1,6,3,0,-3,-2,-1,186
3641,3,-4,-7,-2,3,4,1,-2,-1,0,1,110
3642,1,0,-7,-2,-1,4,1,2,-1,0,-1,78
3643,3,-2,-5,0,1,2,-1,0,1,2,1,50
3644,5,-2,-7,-6,-1,4,5,2,-1,-2,-1,166
3645,3,0,-5,-4,1,2,3,0,1,0,1,66
3646,5,0,-5,-4,-3,2,3,4,1,0,-1,106
3647,7,2,-3,-2,-1,0,1,2,3,2,1,86
3648,5,2,3,2,1,-2,-1,-2,-3,-2,-1,66
3649,3,0,1,0,-1,0,-3,-4,-1,0,1,38
3650,1,0,1,0,3,-4,-3,0,-1,0,-1,38
3651,3,-2,-1,-2,1,-2,-5,-2,1,2,1,58
3652,1,-2,1,4,-1,-4,1,0,-1,-2,-1,46
3653,-1,0,-1,2,-3,-2,-1,-2,1,0,1,26
3654,1,-4,-1,2,1,-6,-1,2,1,0,-1,66
3655,3,-2,-3,0,-1,-4,-3,0,3,2,1,62
3656,1,-2,3,0,-1,0,1,0,-3,-2,-1,30
3657,-1,-4,5,-2,-3,2,-1,-2,-1,0,1,66
3658,-3,0,1,-2,1,-2,-1,2,-1,0,-1,26
3659,-1,-2,3,-4,-1,0,-3,0,1,2,1,46
3660,1,-6,1,2,-3,-2,3,2,-1,-2,-1,74
3661,-1,-4,3,0,-5,0,1,0,1,0,1,54
3662,1,-4,-1,0,-1,-4,1,4,1,0,-1,54
3663,3,-2,1,-2,-3,-2,-1,2,3,2,1,50
3664,1,2,-1,-2,3,0,1,-2,-3,-2,-1,38
3665,-1,0,-3,0,1,2,-1,-4,-1,0,1,34
3666,-3,0,1,-4,5,-2,-1,0,-1,0,-1,58
3667,-1,-2,-1,-2,3,0,-3,-2,1,2,1,38
3668,-3,2,-3,0,1,-2,3,0,-1,-2,-1,42
3669,-5,4,-5,2,-1,0,1,-2,1,0,1,78
3670,-3,0,-1,-2,3,-4,1,2,1,0,-1,46
3671,-1,2,-3,0,1,-2,-1,0,3,2,1,34
3672,1,-2,-1,-4,1,2,3,0,-3,-2,-1,50
3673,-1,-4,1,-2,-1,4,1,-2,-1,0,1,46
3674,-3,0,1,-6,3,0,1,2,-1,0,-1,62
3675,-1,-2,3,-4,1,2,-1,0,1,2,1,42
3676,1,-2,-3,-2,-1,0,5,2,-1,-2,-1,54
3677,-1,0,-1,0,-3,2,3,0,1,0,1,26
3678,1,0,-1,-4,1,-2,3,4,1,0,-1,50
3679,3,2,1,-2,-1,0,1,2,3,2,1,38
3680,5,-2,-1,2,1,0,-1,-2,-3,-2,-1,54
3681,3,-4,-3,0,3,2,-3,-4,-1,0,1,74
3682,1,-4,-3,4,3,-2,-3,0,-1,0,-1,66
3683,3,-6,-5,2,5,0,-5,-2,1,2,1,134
3684,1,-6,1,4,-1,-2,1,0,-1,-2,-1,66
3685,-1,-4,-1,2,1,0,-1,-2,1,0,1,30
3686,1,-8,-1,6,1,-4,-1,2,1,0,-1,126
3687,3,-6,-3,4,3,-2,-3,0,3,2,1,106
3688,1,-2,-1,0,-1,2,1,0,-3,-2,-1,26
3689,-1,-4,1,-2,1,4,-1,-2,-1,0,1,46
3690,-3,0,-3,2,1,0,-1,2,-1,0,-1,30
3691,-1,-2,-1,0,3,2,-3,0,1,2,1,34
3692,1,-6,1,2,-3,0,3,2,-1,-2,-1,70
3693,-1,-4,3,0,-1,2,1,0,1,0,1,34
3694,1,-4,-1,4,-1,-2,1,4,1,0,-1,58
3695,3,-2,1,2,1,0,-1,2,3,2,1,38
3696,5,-2,-5,-2,3,2,1,-2,-3,-2,-1,90
3697,3,-4,-7,0,5,4,-1,-4,-1,0,1,134
3698,1,-4,-3,0,5,0,-1,0,-1,0,-1,54
3699,3,-6,-5,2,7,2,-3,-2,1,2,1,146
3700,1,-2,-3,0,1,0,3,0,-1,-2,-1,30
3701,-1,0,-5,2,3,2,1,-2,1,0,1,50
3702,1,-4,-1,2,3,-2,1,2,1,0,-1,42
3703,3,-2,-3,4,5,0,-1,0,3,2,1,78
3704,5,-2,-5,-4,1,4,3,0,-3,-2,-1,110
3705,3,-4,-3,-2,3,6,1,-2,-1,0,1,90
3706,1,0,-3,-2,3,2,1,2,-1,0,-1,34
3707,3,-2,-1,0,5,4,-1,0,1,2,1,62
3708,5,-2,-3,-2,-1,2,5,2,-1,-2,-1,82
3709,3,0,-1,0,1,4,3,0,1,0,1,38
3710,5,0,-1,0,1,0,3,4,1,0,-1,54
3711,7,2,1,2,3,2,1,2,3,2,1,90
3712,5,6,3,2,-1,-2,-3,-2,-3,-2,-1,106
3713,3,4,1,0,-3,-4,-1,-4,-1,0,1,70
3714,1,4,1,0,-3,0,-5,0,-1,0,-1,54
3715,3,2,-1,-2,-5,-2,-3,-2,1,2,1,66
3716,1,2,1,0,1,-4,-1,0,-1,-2,-1,30
3717,-1,4,-1,-2,-1,-6,1,-2,1,0,1,66
3718,1,0,-1,-2,-1,-2,-3,2,1,0,-1,26
3719,3,2,-3,-4,-3,-4,-1,0,3,2,1,78
3720,1,2,-1,4,-3,0,-1,0,-3,-2,-1,46
3721,-1,0,1,2,-5,-2,1,-2,-1,0,1,42
3722,-3,4,-3,2,-5,2,-3,2,-1,0,-1,82
3723,-1,2,-1,0,-7,0,-1,0,1,2,1,62
3724,1,-2,-3,2,-1,-2,1,2,-1,-2,-1,34
3725,-1,0,-1,0,-3,-4,3,0,1,0,1,38
3726,1,0,-5,0,-3,0,-1,4,1,0,-1,54
3727,3,2,-3,-2,-5,-2,1,2,3,2,1,74
3728,1,2,3,-2,1,0,-1,-2,-3,-2,-1,38
3729,-1,0,1,0,-1,-2,1,-4,-1,0,1,26
3730,-3,0,5,-4,-1,2,-3,0,-1,0,-1,66
3731,-1,-2,3,-2,-3,0,-1,-2,1,2,1,38
3732,-3,2,1,-4,3,-2,1,0,-1,-2,-1,50
3733,-5,4,-1,-2,1,-4,3,-2,1,0,1,78
3734,-3,0,3,-6,1,0,-1,2,1,0,-1,62
3735,-1,2,1,-4,-1,-2,1,0,3,2,1,42
3736,1,-2,-1,0,-1,2,1,0,-3,-2,-1,26
3737,-1,-4,1,2,-3,0,3,-2,-1,0,1,46
3738,-3,0,1,-2,-3,4,-1,2,-1,0,-1,46
3739,-1,-2,3,0,-5,2,1,0,1,2,1,50
3740,1,-2,-3,-2,1,0,3,2,-1,-2,-1,38
3741,-1,0,-1,0,-1,-2,5,0,1,0,1,34
3742,1,0,-1,-4,-1,2,1,4,1,0,-1,42
3743,3,2,1,-2,-3,0,3,2,3,2,1,54
3744,1,6,-1,2,-1,0,-3,-2,-3,-2,-1,70
3745,-1,4,-3,0,1,-2,-1,-4,-1,0,1,50
3746,-3,4,-3,4,-3,2,-5,0,-1,0,-1,90
3747,-1,2,-5,2,-1,0,-3,-2,1,2,1,54
3748,-3,2,1,0,1,-2,-1,0,-1,-2,-1,26
3749,-5,4,-1,-2,3,-4,1,-2,1,0,1,78
3750,-3,0,-1,2,-1,0,-3,2,1,0,-1,30
3751,-1,2,-3,0,1,-2,-1,0,3,2,1,34
3752,-3,6,-5,4,-3,2,-1,0,-3,-2,-1,114
3753,-5,4,-3,2,-1,0,1,-2,-1,0,1,62
3754,-7,8,-7,6,-5,4,-3,2,-1,0,-1,254
3755,-5,6,-5,4,-3,2,-1,0,1,2,1,122
3756,-3,2,-3,2,-1,0,1,2,-1,-2,-1,38
3757,-5,4,-1,0,1,-2,3,0,1,0,1,58
3758,-3,4,-5,4,-3,2,-1,4,1,0,-1,98
3759,-1,6,-3,2,-1,0,1,2,3,2,1,70
3760,1,2,-1,-2,1,2,-1,-2,-3,-2,-1,34
3761,-1,0,-3,0,3,0,1,-4,-1,0,1,38
3762,-3,0,1,0,-1,4,-3,0,-1,0,-1,38
3763,-1,-2,-1,2,1,2,-1,-2,1,2,1,26
3764,-3,2,1,-4,3,0,1,0,-1,-2,-1,46
3765,-5,4,-1,-2,5,-2,3,-2,1,0,1,90
3766,-3,0,3,-2,1,2,-1,2,1,0,-1,34
3767,-1,2,1,0,3,0,1,0,3,2,1,30
3768,1,2,-5,0,-1,4,1,0,-3,-2,-1,62
3769,-1,0,-3,2,1,2,3,-2,-1,0,1,34
3770,-3,4,-3,2,-3,6,-1,2,-1,0,-1,90
3771,-1,2,-1,4,-1,4,1,0,1,2,1,46
3772,1,2,-3,-2,1,2,3,2,-1,-2,-1,42
3773,-1,4,-1,0,3,0,5,0,1,0,1,54
3774,1,4,-1,0,-1,4,1,4,1,0,-1,54
3775,3,6,1,2,1,2,3,2,3,2,1,82
3776,5,2,3,2,-1,-4,-3,-2,-3,-2,-1,86
3777,3,0,1,0,-3,-2,-1,-4,-1,0,1,42
3778,1,0,1,0,1,-2,-5,0,-1,0,-1,34
3779,3,-2,-1,-2,-1,0,-3,-2,1,2,1,38
3780,1,-2,1,4,1,-6,-1,0,-1,-2,-1,66
3781,-1,0,-1,2,-1,-4,1,-2,1,0,1,30
3782,1,-4,-1,2,3,-4,-3,2,1,0,-1,62
3783,3,-2,-3,0,1,-2,-1,0,3,2,1,42
3784,1,-2,3,4,-3,-2,-1,0,-3,-2,-1,58
3785,-1,-4,5,2,-5,0,1,-2,-1,0,1,78
3786,-3,0,1,2,-1,0,-3,2,-1,0,-1,30
3787,-1,-2,3,0,-3,2,-1,0,1,2,1,34
3788,1,-6,1,6,-1,-4,1,2,-1,-2,-1,102
3789,-1,-4,3,4,-3,-2,3,0,1,0,1,66
3790,1,-4,-1,4,1,-2,-1,4,1,0,-1,58
3791,3,-2,1,2,-1,0,1,2,3,2,1,38
3792,1,2,3,-2,1,-2,-1,-2,-3,-2,-1,42
3793,-1,0,1,0,-1,0,1,-4,-1,0,1,22
3794,-3,0,5,-4,3,0,-3,0,-1,0,-1,70
3795,-1,-2,3,-2,1,2,-1,-2,1,2,1,34
3796,-3,2,1,0,3,-4,1,0,-1,-2,-1,46
3797,-5,4,-1,2,1,-2,3,-2,1,0,1,66
3798,-3,0,3,-2,5,-2,-1,2,1,0,-1,58
3799,-1,2,1,0,3,0,1,0,3,2,1,30
3800,1,-2,3,0,-1,0,1,0,-3,-2,-1,30
3801,-1,-4,5,2,-3,2,3,-2,-1,0,1,74
3802,-3,0,5,-2,1,2,-1,2,-1,0,-1,50
3803,-1,-2,7,0,-1,4,1,0,1,2,1,78
3804,1,-2,1,2,1,-2,3,2,-1,-2,-1,34
3805,-1,0,3,4,-1,0,5,0,1,0,1,54
3806,1,0,3,0,3,0,1,4,1,0,-1,38
3807,3,2,5,2,1,2,3,2,3,2,1,74
3808,5,2,-1,2,-1,-2,-3,-2,-3,-2,-1,66
3809,3,0,-3,0,1,0,-1,-4,-1,0,1,38
3810,1,0,-3,4,1,0,-5,0,-1,0,-1,54
3811,3,-2,-5,2,3,2,-3,-2,1,2,1,74
3812,1,-2,1,4,1,-4,-1,0,-1,-2,-1,46
3813,-1,0,-1,2,3,-2,1,-2,1,0,1,26
3814,1,-4,-1,6,3,-2,-3,2,1,0,-1,82
3815,3,-2,-3,4,5,0,-1,0,3,2,1,78
3816,1,2,-1,4,-3,0,-1,0,-3,-2,-1,46
3817,-1,0,1,2,-1,2,1,-2,-1,0,1,18
3818,-3,4,-3,6,-1,2,-3,2,-1,0,-1,90
3819,-1,2,-1,4,1,4,-1,0,1,2,1,46
3820,1,-2,1,6,-1,-2,1,2,-1,-2,-1,58
3821,-1,0,3,4,1,0,3,0,1,0,1,38
3822,1,0,-1,8,1,0,-1,4,1,0,-1,86
3823,3,2,1,6,3,2,1,2,3,2,1,82
3824,5,2,-1,-2,1,0,-1,-2,-3,-2,-1,54
3825,3,0,-3,0,3,2,1,-4,-1,0,1,50
3826,1,0,1,0,3,2,-3,0,-1,0,-1,26
3827,3,-2,-1,2,5,4,-1,-2,1,2,1,70
3828,1,2,1,0,3,-2,1,0,-1,-2,-1,26
3829,-1,4,-1,2,5,0,3,-2,1,0,1,62
3830,1,0,3,2,5,0,-1,2,1,0,-1,46
3831,3,2,1,4,7,2,1,0,3,2,1,98
3832,5,2,-1,0,-1,2,1,0,-3,-2,-1,50
3833,3,0,1,2,1,4,3,-2,-1,0,1,46
3834,1,4,1,2,1,4,-1,2,-1,0,-1,46
3835,3,2,3,4,3,6,1,0,1,2,1,90
3836,5,2,1,2,1,0,3,2,-1,-2,-1,54
3837,3,4,3,4,3,2,5,0,1,0,1,90
3838,5,4,3,4,3,2,1,4,1,0,-1,98
3839,7,6,5,6,5,4,3,2,3,2,1,214
3840,9,6,3,0,-1,-2,-3,-4,-3,-2,-1,170
3841,7,4,1,-2,-3,-4,-5,-2,-1,0,1,126
3842,5,4,1,-2,-3,-4,-1,-2,-1,0,-1,78
3843,7,2,-1,-4,-5,-6,-3,0,1,2,1,146
3844,5,2,1,-2,-3,0,-1,-2,-1,-2,-1,54
3845,3,4,-1,-4,-5,-2,-3,0,1,0,1,82
3846,5,0,-1,-4,-5,-2,1,0,1,0,-1,74
3847,7,2,-3,-6,-7,-4,-1,2,3,2,1,182
3848,5,2,-1,-2,1,0,-1,-2,-3,-2,-1,54
3849,3,0,1,-4,-1,-2,-3,0,-1,0,1,42
3850,1,4,-3,-4,-1,-2,1,0,-1,0,-1,50
3851,3,2,-1,-6,-3,-4,-1,2,1,2,1,86
3852,5,-2,-3,-4,-1,2,1,0,-1,-2,-1,66
3853,3,0,-1,-6,-3,0,-1,2,1,0,1,62
3854,5,0,-5,-6,-3,0,3,2,1,0,-1,110
3855,7,2,-3,-8,-5,-2,1,4,3,2,1,186
3856,5,2,-1,0,1,0,-1,-4,-3,-2,-1,62
3857,3,0,-3,2,-1,-2,-3,-2,-1,0,1,42
3858,1,0,1,-2,-1,-2,1,-2,-1,0,-1,18
3859,3,-2,-1,0,-3,-4,-1,0,1,2,1,46
3860,1,2,-3,-2,-1,2,1,-2,-1,-2,-1,34
3861,-1,4,-5,0,-3,0,-1,0,1,0,1,54
3862,1,0,-1,-4,-3,0,3,0,1,0,-1,38
3863,3,2,-3,-2,-5,-2,1,2,3,2,1,74
3864,5,-2,-5,-2,3,2,1,-2,-3,-2,-1,90
3865,3,-4,-3,0,1,0,-1,0,-1,0,1,38
3866,1,0,-3,-4,1,0,3,0,-1,0,-1,38
3867,3,-2,-1,-2,-1,-2,1,2,1,2,1,34
3868,5,-2,-7,-4,1,4,3,0,-1,-2,-1,126
3869,3,0,-5,-2,-1,2,1,2,1,0,1,50
3870,5,0,-5,-6,-1,2,5,2,1,0,-1,122
3871,7,2,-3,-4,-3,0,3,4,3,2,1,126
3872,5,2,3,0,-1,0,-3,-4,-3,-2,-1,78
3873,3,0,1,-2,1,-2,-5,-2,-1,0,1,50
3874,1,0,1,2,-3,-2,-1,-2,-1,0,-1,26
3875,3,-2,-1,0,-1,-4,-3,0,1,2,1,46
3876,1,-2,5,-2,-3,2,-1,-2,-1,-2,-1,58
3877,-1,0,3,-4,-1,0,-3,0,1,0,1,38
3878,1,-4,3,0,-5,0,1,0,1,0,-1,54
3879,3,-2,1,-2,-3,-2,-1,2,3,2,1,50
3880,1,2,-1,-2,1,2,-1,-2,-3,-2,-1,34
3881,-1,0,1,-4,3,0,-3,0,-1,0,1,38
3882,-3,4,-3,0,-1,0,1,0,-1,0,-1,38
3883,-1,2,-1,-2,1,-2,-1,2,1,2,1,26
3884,1,-2,1,-4,-1,4,1,0,-1,-2,-1,46
3885,-1,0,3,-6,1,2,-1,2,1,0,1,58
3886,1,0,-1,-2,-3,2,3,2,1,0,-1,34
3887,3,2,1,-4,-1,0,1,4,3,2,1,62
3888,5,-2,-1,0,1,2,-1,-4,-3,-2,-1,66
3889,3,-4,-3,2,3,0,-3,-2,-1,0,1,62
3890,1,-4,1,2,-1,0,1,-2,-1,0,-1,30
3891,3,-6,-1,4,1,-2,-1,0,1,2,1,74
3892,1,-2,1,-2,-1,4,1,-2,-1,-2,-1,38
3893,-1,0,-1,0,1,2,-1,0,1,0,1,10
3894,1,-4,3,0,-3,2,3,0,1,0,-1,50
3895,3,-2,1,2,-1,0,1,2,3,2,1,38
3896,5,-2,-5,-2,3,4,1,-2,-3,-2,-1,102
3897,3,-4,-3,0,5,2,-1,0,-1,0,1,66
3898,1,0,-3,0,1,2,3,0,-1,0,-1,26
3899,3,-2,-1,2,3,0,1,2,1,2,1,38
3900,5,-2,-3,-4,1,6,3,0,-1,-2,-1,106
3901,3,0,-1,-2,3,4,1,2,1,0,1,46
3902,5,0,-1,-2,-1,4,5,2,1,0,-1,78
3903,7,2,1,0,1,2,3,4,3,2,1,98
3904,5,6,3,0,-1,-4,-3,-4,-3,-2,-1,126
3905,3,4,1,-2,-3,-2,-5,-2,-1,0,1,74
3906,1,4,1,-2,1,-6,-1,-2,-1,0,-1,66
3907,3,2,-1,-4,-1,-4,-3,0,1,2,1,62
3908,1,2,1,2,-3,-2,-1,-2,-1,-2,-1,34
3909,-1,4,-1,0,-5,0,-3,0,1,0,1,54
3910,1,0,-1,0,-1,-4,1,0,1,0,-1,22
3911,3,2,-3,-2,-3,-2,-1,2,3,2,1,58
3912,1,2,3,-2,1,-2,-1,-2,-3,-2,-1,42
3913,-1,0,5,-4,-1,0,-3,0,-1,0,1,54
3914,-3,4,1,-4,3,-4,1,0,-1,0,-1,70
3915,-1,2,3,-6,1,-2,-1,2,1,2,1,66
3916,1,-2,1,0,-1,0,1,0,-1,-2,-1,14
3917,-1,0,3,-2,-3,2,-1,2,1,0,1,34
3918,1,0,-1,-2,1,-2,3,2,1,0,-1,26
3919,3,2,1,-4,-1,0,1,4,3,2,1,62
3920,1,6,-1,0,1,-2,-1,-4,-3,-2,-1,74
3921,-1,4,-3,2,-1,0,-3,-2,-1,0,1,46
3922,-3,4,1,-2,3,-4,1,-2,-1,0,-1,62
3923,-1,2,-1,0,1,-2,-1,0,1,2,1,18
3924,-3,6,-3,2,-1,0,1,-2,-1,-2,-1,70
3925,-5,8,-5,4,-3,2,-1,0,1,0,1,146
3926,-3,4,-1,0,1,-2,3,0,1,0,-1,42
3927,-1,6,-3,2,-1,0,1,2,3,2,1,70
3928,1,2,-1,-2,3,0,1,-2,-3,-2,-1,38
3929,-1,0,1,0,1,2,-1,0,-1,0,1,10
3930,-3,4,1,-4,5,-2,3,0,-1,0,-1,82
3931,-1,2,3,-2,3,0,1,2,1,2,1,38
3932,1,2,-3,0,1,2,3,0,-1,-2,-1,34
3933,-1,4,-1,2,-1,4,1,2,1,0,1,46
3934,1,4,-1,-2,3,0,5,2,1,0,-1,62
3935,3,6,1,0,1,2,3,4,3,2,1,90
3936,5,2,3,0,-1,-2,-3,-4,-3,-2,-1,82
3937,3,0,1,-2,1,0,-5,-2,-1,0,1,46
3938,1,0,1,2,1,-4,-1,-2,-1,0,-1,30
3939,3,-2,-1,0,3,-2,-3,0,1,2,1,42
3940,1,-2,5,2,-3,0,-1,-2,-1,-2,-1,54
3941,-1,0,3,0,-1,2,-3,0,1,0,1,26
3942,1,-4,3,4,-1,-2,1,0,1,0,-1,50
3943,3,-2,1,2,1,0,-1,2,3,2,1,38
3944,1,2,3,-2,1,0,-1,-2,-3,-2,-1,38
3945,-1,0,5,-4,3,2,-3,0,-1,0,1,66
3946,-3,4,1,0,3,-2,1,0,-1,0,-1,42
3947,-1,2,3,-2,5,0,-1,2,1,2,1,54
3948,1,-2,5,0,-1,2,1,0,-1,-2,-1,42
3949,-1,0,7,-2,1,4,-1,2,1,0,1,78
3950,1,0,3,2,1,0,3,2,1,0,-1,30
3951,3,2,5,0,3,2,1,4,3,2,1,82
3952,5,2,-1,0,1,0,-1,-4,-3,-2,-1,62
3953,3,0,-3,2,3,2,-3,-2,-1,0,1,50
3954,1,0,1,2,3,-2,1,-2,-1,0,-1,26
3955,3,-2,-1,4,5,0,-1,0,1,2,1,62
3956,1,2,1,2,-1,2,1,-2,-1,-2,-1,26
3957,-1,4,-1,4,1,4,-1,0,1,0,1,54
3958,1,0,3,4,1,0,3,0,1,0,-1,38
3959,3,2,1,6,3,2,1,2,3,2,1,82
3960,5,2,-1,-2,3,2,1,-2,-3,-2,-1,66
3961,3,0,1,0,5,4,-1,0,-1,0,1,54
3962,1,4,1,0,5,0,3,0,-1,0,-1,54
3963,3,2,3,2,7,2,1,2,1,2,1,90
3964,5,2,1,0,1,4,3,0,-1,-2,-1,62
3965,3,4,3,2,3,6,1,2,1,0,1,90
3966,5,4,3,2,3,2,5,2,1,0,-1,98
3967,7,6,5,4,5,4,3,4,3,2,1,206
3968,9,6,3,0,-3,-4,-5,-4,-3,-2,-1,206
3969,7,4,1,-2,-5,-6,-3,-2,-1,0,1,146
3970,5,4,1,-2,-5,-2,-3,-2,-1,0,-1,90
3971,7,2,-1,-4,-7,-4,-1,0,1,2,1,142
3972,5,2,1,-2,-1,-2,-3,-2,-1,-2,-1,58
3973,3,4,-1,-4,-3,-4,-1,0,1,0,1,70
3974,5,0,-1,-4,-3,0,-1,0,1,0,-1,54
3975,7,2,-3,-6,-5,-2,1,2,3,2,1,146
3976,5,2,-1,2,-1,-2,-3,-2,-3,-2,-1,66
3977,3,0,1,0,-3,-4,-1,0,-1,0,1,38
3978,1,4,-3,0,-3,0,-1,0,-1,0,-1,38
3979,3,2,-1,-2,-5,-2,1,2,1,2,1,58
3980,5,-2,-3,0,1,0,-1,0,-1,-2,-1,46
3981,3,0,-1,-2,-1,-2,1,2,1,0,1,26
3982,5,0,-5,-2,-1,2,1,2,1,0,-1,66
3983,7,2,-3,-4,-3,0,3,4,3,2,1,126
3984,5,2,3,0,-1,-2,-3,-4,-3,-2,-1,82
3985,3,0,1,2,-3,-4,-1,-2,-1,0,1,46
3986,1,0,5,-2,-3,0,-1,-2,-1,0,-1,46
3987,3,-2,3,0,-5,-2,1,0,1,2,1,58
3988,1,2,1,-2,1,0,-1,-2,-1,-2,-1,22
3989,-1,4,-1,0,-1,-2,1,0,1,0,1,26
3990,1,0,3,-4,-1,2,1,0,1,0,-1,34
3991,3,2,1,-2,-3,0,3,2,3,2,1,54
3992,5,-2,-1,2,1,0,-1,-2,-3,-2,-1,54
3993,3,-4,1,4,-1,-2,1,0,-1,0,1,50
3994,1,0,1,0,-1,2,1,0,-1,0,-1,10
3995,3,-2,3,2,-3,0,3,2,1,2,1,54
3996,5,-2,-3,0,3,2,1,0,-1,-2,-1,58
3997,3,0,-1,2,1,0,3,2,1,0,1,30
3998,5,0,-1,-2,1,4,3,2,1,0,-1,62
3999,7,2,1,0,-1,2,5,4,3,2,1,114
4000,5,6,3,0,-3,-2,-5,-4,-3,-2,-1,138
4001,3,4,1,-2,-1,-4,-3,-2,-1,0,1,62
4002,1,4,1,2,-5,0,-3,-2,-1,0,-1,62
4003,3,2,-1,0,-3,-2,-1,0,1,2,1,34
4004,1,2,5,-2,-1,0,-3,-2,-1,-2,-1,54
4005,-1,4,3,-4,1,-2,-1,0,1,0,1,50
4006,1,0,3,0,-3,2,-1,0,1,0,-1,26
4007,3,2,1,-2,-1,0,1,2,3,2,1,38
4008,1,6,-1,2,-1,0,-3,-2,-3,-2,-1,70
4009,-1,4,1,0,1,-2,-1,0,-1,0,1,26
4010,-3,8,-3,4,-3,2,-1,0,-1,0,-1,114
4011,-1,6,-1,2,-1,0,1,2,1,2,1,54
4012,1,2,1,0,1,2,-1,0,-1,-2,-1,18
4013,-1,4,3,-2,3,0,1,2,1,0,1,46
4014,1,4,-1,2,-1,4,1,2,1,0,-1,46
4015,3,6,1,0,1,2,3,4,3,2,1,90
4016,5,2,3,0,-1,0,-3,-4,-3,-2,-1,78
4017,3,0,1,2,1,-2,-1,-2,-1,0,1,26
4018,1,0,5,2,-3,2,-1,-2,-1,0,-1,50
4019,3,-2,3,4,-1,0,1,0,1,2,1,46
4020,1,2,5,-2,1,2,-1,-2,-1,-2,-1,50
4021,-1,4,3,0,3,0,1,0,1,0,1,38
4022,1,0,7,0,-1,4,1,0,1,0,-1,70
4023,3,2,5,2,1,2,3,2,3,2,1,74
4024,5,2,-1,2,1,2,-1,-2,-3,-2,-1,58
4025,3,0,1,4,3,0,1,0,-1,0,1,38
4026,1,4,1,4,-1,4,1,0,-1,0,-1,54
4027,3,2,3,6,1,2,3,2,1,2,1,82
4028,5,2,1,0,3,4,1,0,-1,-2,-1,62
4029,3,4,3,2,5,2,3,2,1,0,1,82
4030,5,4,3,2,1,6,3,2,1,0,-1,106
4031,7,6,5,4,3,4,5,4,3,2,1,206
4032,9,6,3,0,-3,-6,-5,-4,-3,-2,-1,226
4033,7,4,1,-2,-5,-4,-3,-2,-1,0,1,126
4034,5,4,1,-2,-1,-4,-3,-2,-1,0,-1,78
4035,7,2,-1,-4,-3,-2,-1,0,1,2,1,90
4036,5,2,1,2,-1,-4,-3,-2,-1,-2,-1,70
4037,3,4,-1,0,-3,-2,-1,0,1,0,1,42
4038,5,0,-1,0,1,-2,-1,0,1,0,-1,34
4039,7,2,-3,-2,-1,0,1,2,3,2,1,86
4040,5,2,3,2,-1,-4,-3,-2,-3,-2,-1,86
4041,3,0,5,0,-3,-2,-1,0,-1,0,1,50
4042,1,4,1,0,1,-2,-1,0,-1,0,-1,26
4043,3,2,3,-2,-1,0,1,2,1,2,1,38
4044,5,-2,1,4,1,-2,-1,0,-1,-2,-1,58
4045,3,0,3,2,-1,0,1,2,1,0,1,30
4046,5,0,-1,2,3,0,1,2,1,0,-1,46
4047,7,2,1,0,1,2,3,4,3,2,1,98
4048,5,6,3,0,-1,-4,-3,-4,-3,-2,-1,126
4049,3,4,1,2,-3,-2,-1,-2,-1,0,1,50
4050,1,4,5,-2,1,-2,-1,-2,-1,0,-1,58
4051,3,2,3,0,-1,0,1,0,1,2,1,30
4052,1,6,1,2,1,-2,-1,-2,-1,-2,-1,58
4053,-1,8,-1,4,-1,0,1,0,1,0,1,86
4054,1,4,3,0,3,0,1,0,1,0,-1,38
4055,3,6,1,2,1,2,3,2,3,2,1,82
4056,5,2,3,2,1,-2,-1,-2,-3,-2,-1,66
4057,3,0,5,4,-1,0,1,0,-1,0,1,54
4058,1,4,5,0,3,0,1,0,-1,0,-1,54
4059,3,2,7,2,1,2,3,2,1,2,1,90
4060,5,2,1,4,3,0,1,0,-1,-2,-1,62
4061,3,4,3,6,1,2,3,2,1,0,1,90
4062,5,4,3,2,5,2,3,2,1,0,-1,98
4063,7,6,5,4,3,4,5,4,3,2,1,206
4064,9,6,3,0,-3,-4,-5,-4,-3,-2,-1,206
4065,7,4,1,-2,-1,-2,-3,-2,-1,0,1,90
4066,5,4,1,2,-1,-2,-3,-2,-1,0,-1,66
4067,7,2,-1,0,1,0,-1,0,1,2,1,62
4068,5,2,5,2,-1,-2,-3,-2,-1,-2,-1,82
4069,3,4,3,0,1,0,-1,0,1,0,1,38
4070,5,0,3,4,1,0,-1,0,1,0,-1,54
4071,7,2,1,2,3,2,1,2,3,2,1,90
4072,5,6,3,2,-1,-2,-3,-2,-3,-2,-1,106
4073,3,4,5,0,1,0,-1,0,-1,0,1,54
4074,1,8,1,4,1,0,-1,0,-1,0,-1,86
4075,3,6,3,2,3,2,1,2,1,2,1,82
4076,5,2,5,4,1,0,-1,0,-1,-2,-1,78
4077,3,4,7,2,3,2,1,2,1,0,1,98
4078,5,4,3,6,3,2,1,2,1,0,-1,106
4079,7,6,5,4,5,4,3,4,3,2,1,206
4080,9,6,3,0,-1,-2,-3,-4,-3,-2,-1,170
4081,7,4,1,2,1,0,-1,-2,-1,0,1,78
4082,5,4,5,2,1,0,-1,-2,-1,0,-1,78
4083,7,2,3,4,3,2,1,0,1,2,1,98
4084,5,6,5,2,1,0,-1,-2,-1,-2,-1,102
4085,3,8,3,4,3,2,1,0,1,0,1,114
4086,5,4,7,4,3,2,1,0,1,0,-1,122
4087,7,6,5,6,5,4,3,2,3,2,1,214
4088,9,6,3,2,1,0,-1,-2,-3,-2,-1,150
4089,7,4,5,4,3,2,1,0,-1,0,1,122
4090,5,8,5,4,3,2,1,0,-1,0,-1,146
4091,7,6,7,6,5,4,3,2,1,2,1,230
4092,9,6,5,4,3,2,1,0,-1,-2,-1,178
4093,7,8,7,6,5,4,3,2,1,0,1,254
4094,9,8,7,6,5,4,3,2,1,0,-1,286
4095,11,10,9,8,7,6,5,4,3,2,1,506
