Sequence,C1,C2,C3,C4,C5,C6,C7,C8,C9,C10,C11,C12,E(s)
0,12,11,10,9,8,7,6,5,4,3,2,1,650
1,10,9,8,7,6,5,4,3,2,1,0,-1,386
2,8,9,8,7,6,5,4,3,2,1,0,1,350
3,10,7,6,5,4,3,2,1,0,-1,-2,-1,246
4,8,7,8,7,6,5,4,3,2,1,2,1,322
5,6,9,6,5,4,3,2,1,0,-1,0,-1,210
6,8,5,6,5,4,3,2,1,0,-1,0,1,182
7,10,7,4,3,2,1,0,-1,-2,-3,-2,-1,198
8,8,7,6,7,6,5,4,3,2,3,2,1,302
9,6,5,8,5,4,3,2,1,0,1,0,-1,182
10,4,9,4,5,4,3,2,1,0,1,0,1,170
11,6,7,6,3,2,1,0,-1,-2,-1,-2,-1,146
12,8,3,4,5,4,3,2,1,0,1,2,1,150
13,6,5,6,3,2,1,0,-1,-2,-1,0,-1,118
14,8,5,2,3,2,1,0,-1,-2,-1,0,1,114
15,10,7,4,1,0,-1,-2,-3,-4,-3,-2,-1,210
16,8,7,6,5,6,5,4,3,4,3,2,1,290
17,6,5,4,7,4,3,2,1,2,1,0,-1,162
18,4,5,8,3,4,3,2,1,2,1,0,1,150
19,6,3,6,5,2,1,0,-1,0,-1,-2,-1,118
20,4,7,4,3,4,3,2,1,2,1,2,1,130
21,2,9,2,5,2,1,0,-1,0,-1,0,-1,122
22,4,5,6,1,2,1,0,-1,0,-1,0,1,86
23,6,7,4,3,0,-1,-2,-3,-2,-3,-2,-1,142
24,8,3,2,3,4,3,2,1,2,3,2,1,134
25,6,1,4,5,2,1,0,-1,0,1,0,-1,86
26,4,5,4,1,2,1,0,-1,0,1,0,1,66
27,6,3,6,3,0,-1,-2,-3,-2,-1,-2,-1,114
28,8,3,0,1,2,1,0,-1,0,1,2,1,86
29,6,5,2,3,0,-1,-2,-3,-2,-1,0,-1,94
30,8,5,2,-1,0,-1,-2,-3,-2,-1,0,1,114
31,10,7,4,1,-2,-3,-4,-5,-4,-3,-2,-1,250
32,8,7,6,5,4,5,4,5,4,3,2,1,286
33,6,5,4,3,6,3,2,3,2,1,0,-1,150
34,4,5,4,7,2,3,2,3,2,1,0,1,138
35,6,3,2,5,4,1,0,1,0,-1,-2,-1,98
36,4,3,8,3,2,3,2,3,2,1,2,1,134
37,2,5,6,1,4,1,0,1,0,-1,0,-1,86
38,4,1,6,5,0,1,0,1,0,-1,0,1,82
39,6,3,4,3,2,-1,-2,-1,-2,-3,-2,-1,98
40,4,7,2,3,2,3,2,3,2,3,2,1,122
41,2,5,4,1,4,1,0,1,0,1,0,-1,66
42,0,9,0,5,0,1,0,1,0,1,0,1,110
43,2,7,2,3,2,-1,-2,-1,-2,-1,-2,-1,86
44,4,3,4,1,0,1,0,1,0,1,2,1,50
45,2,5,6,-1,2,-1,-2,-1,-2,-1,0,-1,82
46,4,5,2,3,-2,-1,-2,-1,-2,-1,0,1,70
47,6,7,4,1,0,-3,-4,-3,-4,-3,-2,-1,166
48,8,3,2,1,2,3,2,3,4,3,2,1,134
49,6,1,0,3,4,1,0,1,2,1,0,-1,70
50,4,1,4,3,0,1,0,1,2,1,0,1,50
51,6,-1,2,5,2,-1,-2,-1,0,-1,-2,-1,82
52,4,3,4,-1,0,1,0,1,2,1,2,1,54
53,2,5,2,1,2,-1,-2,-1,0,-1,0,-1,46
54,4,1,6,1,-2,-1,-2,-1,0,-1,0,1,66
55,6,3,4,3,0,-3,-4,-3,-2,-3,-2,-1,122
56,8,3,-2,-1,0,1,0,1,2,3,2,1,98
57,6,1,0,1,2,-1,-2,-1,0,1,0,-1,50
58,4,5,0,1,-2,-1,-2,-1,0,1,0,1,54
59,6,3,2,3,0,-3,-4,-3,-2,-1,-2,-1,102
60,8,3,0,-3,-2,-1,-2,-1,0,1,2,1,98
61,6,5,2,-1,0,-3,-4,-3,-2,-1,0,-1,106
62,8,5,2,-1,-4,-3,-4,-3,-2,-1,0,1,150
63,10,7,4,1,-2,-5,-6,-5,-4,-3,-2,-1,286
64,8,7,6,5,4,3,6,5,4,3,2,1,290
65,6,5,4,3,2,5,4,3,2,1,0,-1,146
66,4,5,4,3,6,1,4,3,2,1,0,1,134
67,6,3,2,1,4,3,2,1,0,-1,-2,-1,86
68,4,3,4,7,2,1,4,3,2,1,2,1,130
69,2,5,2,5,0,3,2,1,0,-1,0,-1,74
70,4,1,2,5,4,-1,2,1,0,-1,0,1,70
71,6,3,0,3,2,1,0,-1,-2,-3,-2,-1,78
72,4,3,6,3,2,1,4,3,2,3,2,1,118
73,2,1,8,1,0,3,2,1,0,1,0,-1,86
74,0,5,4,1,4,-1,2,1,0,1,0,1,66
75,2,3,6,-1,2,1,0,-1,-2,-1,-2,-1,66
76,4,-1,4,5,0,-1,2,1,0,1,2,1,70
77,2,1,6,3,-2,1,0,-1,-2,-1,0,-1,62
78,4,1,2,3,2,-3,0,-1,-2,-1,0,1,50
79,6,3,4,1,0,-1,-2,-3,-4,-3,-2,-1,106
80,4,7,2,1,2,1,4,3,4,3,2,1,130
81,2,5,0,3,0,3,2,1,2,1,0,-1,58
82,0,5,4,-1,4,-1,2,1,2,1,0,1,70
83,2,3,2,1,2,1,0,-1,0,-1,-2,-1,30
84,0,7,0,3,0,-1,2,1,2,1,2,1,74
85,-2,9,-2,5,-2,1,0,-1,0,-1,0,-1,122
86,0,5,2,1,2,-3,0,-1,0,-1,0,1,46
87,2,7,0,3,0,-1,-2,-3,-2,-3,-2,-1,94
88,4,3,2,-1,0,-1,2,1,2,3,2,1,54
89,2,1,4,1,-2,1,0,-1,0,1,0,-1,30
90,0,5,4,-3,2,-3,0,-1,0,1,0,1,66
91,2,3,6,-1,0,-1,-2,-3,-2,-1,-2,-1,74
92,4,3,0,1,-2,-3,0,-1,0,1,2,1,46
93,2,5,2,3,-4,-1,-2,-3,-2,-1,0,-1,78
94,4,5,2,-1,0,-5,-2,-3,-2,-1,0,1,90
95,6,7,4,1,-2,-3,-4,-5,-4,-3,-2,-1,186
96,8,3,2,1,0,1,4,5,4,3,2,1,150
97,6,1,0,-1,2,3,2,3,2,1,0,-1,70
98,4,1,0,3,2,-1,2,3,2,1,0,1,50
99,6,-1,-2,1,4,1,0,1,0,-1,-2,-1,66
100,4,-1,4,3,-2,-1,2,3,2,1,2,1,70
101,2,1,2,1,0,1,0,1,0,-1,0,-1,14
102,4,-3,2,5,0,-3,0,1,0,-1,0,1,66
103,6,-1,0,3,2,-1,-2,-1,-2,-3,-2,-1,74
104,4,3,2,-1,-2,-1,2,3,2,3,2,1,66
105,2,1,4,-3,0,1,0,1,0,1,0,-1,34
106,0,5,0,1,0,-3,0,1,0,1,0,1,38
107,2,3,2,-1,2,-1,-2,-1,-2,-1,-2,-1,38
108,4,-1,4,1,-4,-3,0,1,0,1,2,1,66
109,2,1,6,-1,-2,-1,-2,-1,-2,-1,0,-1,58
110,4,1,2,3,-2,-5,-2,-1,-2,-1,0,1,70
111,6,3,4,1,0,-3,-4,-3,-4,-3,-2,-1,126
112,8,3,-2,-3,-2,-1,2,3,4,3,2,1,134
113,6,1,-4,-1,0,1,0,1,2,1,0,-1,62
114,4,1,0,-1,0,-3,0,1,2,1,0,1,34
115,6,-1,-2,1,2,-1,-2,-1,0,-1,-2,-1,58
116,4,3,0,-1,-4,-3,0,1,2,1,2,1,62
117,2,5,-2,1,-2,-1,-2,-1,0,-1,0,-1,46
118,4,1,2,1,-2,-5,-2,-1,0,-1,0,1,58
119,6,3,0,3,0,-3,-4,-3,-2,-3,-2,-1,106
120,8,3,-2,-5,-4,-3,0,1,2,3,2,1,146
121,6,1,0,-3,-2,-1,-2,-1,0,1,0,-1,58
122,4,5,0,-3,-2,-5,-2,-1,0,1,0,1,86
123,6,3,2,-1,0,-3,-4,-3,-2,-1,-2,-1,94
124,8,3,0,-3,-6,-5,-2,-1,0,1,2,1,154
125,6,5,2,-1,-4,-3,-4,-3,-2,-1,0,-1,122
126,8,5,2,-1,-4,-7,-4,-3,-2,-1,0,1,190
127,10,7,4,1,-2,-5,-6,-5,-4,-3,-2,-1,286
128,8,7,6,5,4,5,4,5,4,3,2,1,286
129,6,5,4,3,2,3,6,3,2,1,0,-1,150
130,4,5,4,3,2,7,2,3,2,1,0,1,138
131,6,3,2,1,0,5,4,1,0,-1,-2,-1,98
132,4,3,4,3,6,3,2,3,2,1,2,1,118
133,2,5,2,1,4,1,4,1,0,-1,0,-1,70
134,4,1,2,1,4,5,0,1,0,-1,0,1,66
135,6,3,0,-1,2,3,2,-1,-2,-3,-2,-1,82
136,4,3,2,7,2,3,2,3,2,3,2,1,122
137,2,1,4,5,0,1,4,1,0,1,0,-1,66
138,0,5,0,5,0,5,0,1,0,1,0,1,78
139,2,3,2,3,-2,3,2,-1,-2,-1,-2,-1,54
140,4,-1,0,5,4,1,0,1,0,1,2,1,66
141,2,1,2,3,2,-1,2,-1,-2,-1,0,-1,34
142,4,1,-2,3,2,3,-2,-1,-2,-1,0,1,54
143,6,3,0,1,0,1,0,-3,-4,-3,-2,-1,86
144,4,3,6,1,2,3,2,3,4,3,2,1,118
145,2,1,4,3,0,1,4,1,2,1,0,-1,54
146,0,1,8,-1,0,5,0,1,2,1,0,1,98
147,2,-1,6,1,-2,3,2,-1,0,-1,-2,-1,66
148,0,3,4,-1,4,1,0,1,2,1,2,1,54
149,-2,5,2,1,2,-1,2,-1,0,-1,0,-1,46
150,0,1,6,-3,2,3,-2,-1,0,-1,0,1,66
151,2,3,4,-1,0,1,0,-3,-2,-3,-2,-1,58
152,4,-1,2,3,0,1,0,1,2,3,2,1,50
153,2,-3,4,5,-2,-1,2,-1,0,1,0,-1,66
154,0,1,4,1,-2,3,-2,-1,0,1,0,1,38
155,2,-1,6,3,-4,1,0,-3,-2,-1,-2,-1,86
156,4,-1,0,1,2,-1,-2,-1,0,1,2,1,34
157,2,1,2,3,0,-3,0,-3,-2,-1,0,-1,42
158,4,1,2,-1,0,1,-4,-3,-2,-1,0,1,54
159,6,3,4,1,-2,-1,-2,-5,-4,-3,-2,-1,126
160,4,7,2,1,0,3,2,5,4,3,2,1,138
161,2,5,0,-1,2,1,4,3,2,1,0,-1,66
162,0,5,0,3,-2,5,0,3,2,1,0,1,78
163,2,3,-2,1,0,3,2,1,0,-1,-2,-1,38
164,0,3,4,-1,2,1,0,3,2,1,2,1,50
165,-2,5,2,-3,4,-1,2,1,0,-1,0,-1,66
166,0,1,2,1,0,3,-2,1,0,-1,0,1,22
167,2,3,0,-1,2,1,0,-1,-2,-3,-2,-1,38
168,0,7,-2,3,-2,1,0,3,2,3,2,1,94
169,-2,5,0,1,0,-1,2,1,0,1,0,-1,38
170,-4,9,-4,5,-4,3,-2,1,0,1,0,1,170
171,-2,7,-2,3,-2,1,0,-1,-2,-1,-2,-1,82
172,0,3,0,1,0,-1,-2,1,0,1,2,1,22
173,-2,5,2,-1,2,-3,0,-1,-2,-1,0,-1,54
174,0,5,-2,3,-2,1,-4,-1,-2,-1,0,1,66
175,2,7,0,1,0,-1,-2,-3,-4,-3,-2,-1,98
176,4,3,2,-3,-2,1,0,3,4,3,2,1,82
177,2,1,0,-1,0,-1,2,1,2,1,0,-1,18
178,0,1,4,-1,-4,3,-2,1,2,1,0,1,54
179,2,-1,2,1,-2,1,0,-1,0,-1,-2,-1,22
180,0,3,4,-5,0,-1,-2,1,2,1,2,1,66
181,-2,5,2,-3,2,-3,0,-1,0,-1,0,-1,58
182,0,1,6,-3,-2,1,-4,-1,0,-1,0,1,70
183,2,3,4,-1,0,-1,-2,-3,-2,-3,-2,-1,62
184,4,3,-2,-1,-4,-1,-2,1,2,3,2,1,70
185,2,1,0,1,-2,-3,0,-1,0,1,0,-1,22
186,0,5,0,1,-6,1,-4,-1,0,1,0,1,82
187,2,3,2,3,-4,-1,-2,-3,-2,-1,-2,-1,66
188,4,3,0,-3,-2,-3,-4,-1,0,1,2,1,70
189,2,5,2,-1,0,-5,-2,-3,-2,-1,0,-1,78
190,4,5,2,-1,-4,-1,-6,-3,-2,-1,0,1,114
191,6,7,4,1,-2,-3,-4,-5,-4,-3,-2,-1,186
192,8,3,2,1,0,1,4,5,4,3,2,1,150
193,6,1,0,-1,-2,3,6,3,2,1,0,-1,102
194,4,1,0,-1,2,3,2,3,2,1,0,1,50
195,6,-1,-2,-3,0,5,4,1,0,-1,-2,-1,98
196,4,-1,0,3,2,-1,2,3,2,1,2,1,54
197,2,1,-2,1,0,1,4,1,0,-1,0,-1,30
198,4,-3,-2,1,4,1,0,1,0,-1,0,1,50
199,6,-1,-4,-1,2,3,2,-1,-2,-3,-2,-1,90
200,4,-1,2,3,-2,-1,2,3,2,3,2,1,66
201,2,-3,4,1,-4,1,4,1,0,1,0,-1,66
202,0,1,0,1,0,1,0,1,0,1,0,1,6
203,2,-1,2,-1,-2,3,2,-1,-2,-1,-2,-1,38
204,4,-5,0,5,0,-3,0,1,0,1,2,1,82
205,2,-3,2,3,-2,-1,2,-1,-2,-1,0,-1,42
206,4,-3,-2,3,2,-1,-2,-1,-2,-1,0,1,54
207,6,-1,0,1,0,1,0,-3,-4,-3,-2,-1,78
208,4,3,2,-3,-2,-1,2,3,4,3,2,1,86
209,2,1,0,-1,-4,1,4,1,2,1,0,-1,46
210,0,1,4,-5,0,1,0,1,2,1,0,1,50
211,2,-1,2,-3,-2,3,2,-1,0,-1,-2,-1,42
212,0,3,0,-1,0,-3,0,1,2,1,2,1,30
213,-2,5,-2,1,-2,-1,2,-1,0,-1,0,-1,46
214,0,1,2,-3,2,-1,-2,-1,0,-1,0,1,26
215,2,3,0,-1,0,1,0,-3,-2,-3,-2,-1,42
216,4,-1,2,-1,-4,-3,0,1,2,3,2,1,66
217,2,-3,4,1,-6,-1,2,-1,0,1,0,-1,74
218,0,1,4,-3,-2,-1,-2,-1,0,1,0,1,38
219,2,-1,6,-1,-4,1,0,-3,-2,-1,-2,-1,78
220,4,-1,0,1,-2,-5,-2,-1,0,1,2,1,58
221,2,1,2,3,-4,-3,0,-3,-2,-1,0,-1,58
222,4,1,2,-1,0,-3,-4,-3,-2,-1,0,1,62
223,6,3,4,1,-2,-1,-2,-5,-4,-3,-2,-1,126
224,8,3,-2,-3,-4,-1,2,5,4,3,2,1,162
225,6,1,-4,-5,-2,1,4,3,2,1,0,-1,114
226,4,1,-4,-1,-2,1,0,3,2,1,0,1,54
227,6,-1,-6,-3,0,3,2,1,0,-1,-2,-1,102
228,4,-1,0,-1,-2,-3,0,3,2,1,2,1,50
229,2,1,-2,-3,0,-1,2,1,0,-1,0,-1,26
230,4,-3,-2,1,0,-1,-2,1,0,-1,0,1,38
231,6,-1,-4,-1,2,1,0,-1,-2,-3,-2,-1,78
232,4,3,-2,-1,-6,-3,0,3,2,3,2,1,102
233,2,1,0,-3,-4,-1,2,1,0,1,0,-1,38
234,0,5,-4,1,-4,-1,-2,1,0,1,0,1,66
235,2,3,-2,-1,-2,1,0,-1,-2,-1,-2,-1,34
236,4,-1,0,1,-4,-5,-2,1,0,1,2,1,70
237,2,1,2,-1,-2,-3,0,-1,-2,-1,0,-1,30
238,4,1,-2,3,-2,-3,-4,-1,-2,-1,0,1,66
239,6,3,0,1,0,-1,-2,-3,-4,-3,-2,-1,90
240,8,3,-2,-7,-6,-3,0,3,4,3,2,1,210
241,6,1,-4,-5,-4,-1,2,1,2,1,0,-1,106
242,4,1,0,-5,-4,-1,-2,1,2,1,0,1,70
243,6,-1,-2,-3,-2,1,0,-1,0,-1,-2,-1,62
244,4,3,0,-5,-4,-5,-2,1,2,1,2,1,106
245,2,5,-2,-3,-2,-3,0,-1,0,-1,0,-1,58
246,4,1,2,-3,-2,-3,-4,-1,0,-1,0,1,62
247,6,3,0,-1,0,-1,-2,-3,-2,-3,-2,-1,78
248,8,3,-2,-5,-8,-5,-2,1,2,3,2,1,214
249,6,1,0,-3,-6,-3,0,-1,0,1,0,-1,94
250,4,5,0,-3,-6,-3,-4,-1,0,1,0,1,114
251,6,3,2,-1,-4,-1,-2,-3,-2,-1,-2,-1,90
252,8,3,0,-3,-6,-7,-4,-1,0,1,2,1,190
253,6,5,2,-1,-4,-5,-2,-3,-2,-1,0,-1,126
254,8,5,2,-1,-4,-5,-6,-3,-2,-1,0,1,186
255,10,7,4,1,-2,-3,-4,-5,-4,-3,-2,-1,250
256,8,7,6,5,6,5,4,3,4,3,2,1,290
257,6,5,4,3,4,3,2,5,2,1,0,-1,146
258,4,5,4,3,4,3,6,1,2,1,0,1,134
259,6,3,2,1,2,1,4,3,0,-1,-2,-1,86
260,4,3,4,3,4,7,2,1,2,1,2,1,130
261,2,5,2,1,2,5,0,3,0,-1,0,-1,74
262,4,1,2,1,2,5,4,-1,0,-1,0,1,70
263,6,3,0,-1,0,3,2,1,-2,-3,-2,-1,78
264,4,3,2,3,8,3,2,1,2,3,2,1,134
265,2,1,4,1,6,1,0,3,0,1,0,-1,70
266,0,5,0,1,6,1,4,-1,0,1,0,1,82
267,2,3,2,-1,4,-1,2,1,-2,-1,-2,-1,50
268,4,-1,0,1,6,5,0,-1,0,1,2,1,86
269,2,1,2,-1,4,3,-2,1,-2,-1,0,-1,46
270,4,1,-2,-1,4,3,2,-3,-2,-1,0,1,66
271,6,3,0,-3,2,1,0,-1,-4,-3,-2,-1,90
272,4,3,2,5,4,3,2,1,4,3,2,1,114
273,2,1,0,7,2,1,0,3,2,1,0,-1,74
274,0,1,4,3,2,1,4,-1,2,1,0,1,54
275,2,-1,2,5,0,-1,2,1,0,-1,-2,-1,46
276,0,3,0,3,2,5,0,-1,2,1,2,1,58
277,-2,5,-2,5,0,3,-2,1,0,-1,0,-1,74
278,0,1,2,1,0,3,2,-3,0,-1,0,1,30
279,2,3,0,3,-2,1,0,-1,-2,-3,-2,-1,46
280,4,-1,-2,3,6,1,0,-1,2,3,2,1,86
281,2,-3,0,5,4,-1,-2,1,0,1,0,-1,62
282,0,1,0,1,4,-1,2,-3,0,1,0,1,34
283,2,-1,2,3,2,-3,0,-1,-2,-1,-2,-1,42
284,4,-1,-4,1,4,3,-2,-3,0,1,2,1,78
285,2,1,-2,3,2,1,-4,-1,-2,-1,0,-1,46
286,4,1,-2,-1,2,1,0,-5,-2,-1,0,1,58
287,6,3,0,1,0,-1,-2,-3,-4,-3,-2,-1,90
288,4,3,6,1,2,3,2,3,4,3,2,1,118
289,2,1,4,-1,4,1,0,5,2,1,0,-1,70
290,0,1,4,3,0,1,4,1,2,1,0,1,50
291,2,-1,2,1,2,-1,2,3,0,-1,-2,-1,34
292,0,-1,8,-1,0,5,0,1,2,1,2,1,102
293,-2,1,6,-3,2,3,-2,3,0,-1,0,-1,78
294,0,-3,6,1,-2,3,2,-1,0,-1,0,1,66
295,2,-1,4,-1,0,1,0,1,-2,-3,-2,-1,42
296,0,3,2,-1,4,1,0,1,2,3,2,1,50
297,-2,1,4,-3,6,-1,-2,3,0,1,0,-1,82
298,-4,5,0,1,2,-1,2,-1,0,1,0,1,54
299,-2,3,2,-1,4,-3,0,1,-2,-1,-2,-1,54
300,0,-1,4,-3,2,3,-2,-1,0,1,2,1,50
301,-2,1,6,-5,4,1,-4,1,-2,-1,0,-1,106
302,0,1,2,-1,0,1,0,-3,-2,-1,0,1,22
303,2,3,4,-3,2,-1,-2,-1,-4,-3,-2,-1,78
304,4,-1,2,1,0,1,0,1,4,3,2,1,54
305,2,-3,0,3,2,-1,-2,3,2,1,0,-1,46
306,0,-3,4,3,-2,-1,2,-1,2,1,0,1,50
307,2,-5,2,5,0,-3,0,1,0,-1,-2,-1,74
308,0,-1,4,-1,-2,3,-2,-1,2,1,2,1,46
309,-2,1,2,1,0,1,-4,1,0,-1,0,-1,30
310,0,-3,6,1,-4,1,0,-3,0,-1,0,1,74
311,2,-1,4,3,-2,-1,-2,-1,-2,-3,-2,-1,58
312,4,-1,-2,-1,2,-1,-2,-1,2,3,2,1,50
313,2,-3,0,1,4,-3,-4,1,0,1,0,-1,58
314,0,1,0,1,0,-3,0,-3,0,1,0,1,22
315,2,-1,2,3,2,-5,-2,-1,-2,-1,-2,-1,62
316,4,-1,0,-3,0,1,-4,-3,0,1,2,1,58
317,2,1,2,-1,2,-1,-6,-1,-2,-1,0,-1,58
318,4,1,2,-1,-2,-1,-2,-5,-2,-1,0,1,62
319,6,3,4,1,0,-3,-4,-3,-4,-3,-2,-1,126
320,4,7,2,1,2,1,4,3,4,3,2,1,130
321,2,5,0,-1,0,3,2,5,2,1,0,-1,74
322,0,5,0,-1,4,-1,6,1,2,1,0,1,86
323,2,3,-2,-3,2,1,4,3,0,-1,-2,-1,62
324,0,3,0,3,0,3,2,1,2,1,2,1,42
325,-2,5,-2,1,-2,5,0,3,0,-1,0,-1,74
326,0,1,-2,1,2,1,4,-1,0,-1,0,1,30
327,2,3,-4,-1,0,3,2,1,-2,-3,-2,-1,62
328,0,3,2,-1,4,-1,2,1,2,3,2,1,54
329,-2,1,4,-3,2,1,0,3,0,1,0,-1,46
330,-4,5,0,-3,6,-3,4,-1,0,1,0,1,114
331,-2,3,2,-5,4,-1,2,1,-2,-1,-2,-1,74
332,0,-1,0,1,2,1,0,-1,0,1,2,1,14
333,-2,1,2,-1,0,3,-2,1,-2,-1,0,-1,30
334,0,1,-2,-1,4,-1,2,-3,-2,-1,0,1,42
335,2,3,0,-3,2,1,0,-1,-4,-3,-2,-1,58
336,0,7,-2,1,0,-1,2,1,4,3,2,1,90
337,-2,5,-4,3,-2,1,0,3,2,1,0,-1,74
338,-4,5,0,-1,2,-3,4,-1,2,1,0,1,78
339,-2,3,-2,1,0,-1,2,1,0,-1,-2,-1,30
340,-4,7,-4,3,-2,1,0,-1,2,1,2,1,106
341,-6,9,-6,5,-4,3,-2,1,0,-1,0,-1,210
342,-4,5,-2,1,0,-1,2,-3,0,-1,0,1,62
343,-2,7,-4,3,-2,1,0,-1,-2,-3,-2,-1,102
344,0,3,-2,-1,2,-3,0,-1,2,3,2,1,46
345,-2,1,0,1,0,-1,-2,1,0,1,0,-1,14
346,-4,5,0,-3,4,-5,2,-3,0,1,0,1,106
347,-2,3,2,-1,2,-3,0,-1,-2,-1,-2,-1,42
348,0,3,-4,1,0,-1,-2,-3,0,1,2,1,46
349,-2,5,-2,3,-2,1,-4,-1,-2,-1,0,-1,70
350,0,5,-2,-1,2,-3,0,-5,-2,-1,0,1,74
351,2,7,0,1,0,-1,-2,-3,-4,-3,-2,-1,98
352,4,3,2,-3,-2,-1,2,3,4,3,2,1,86
353,2,1,0,-5,0,1,0,5,2,1,0,-1,62
354,0,1,0,-1,0,-3,4,1,2,1,0,1,34
355,2,-1,-2,-3,2,-1,2,3,0,-1,-2,-1,42
356,0,-1,4,-1,-4,1,0,1,2,1,2,1,46
357,-2,1,2,-3,-2,3,-2,3,0,-1,0,-1,46
358,0,-3,2,1,-2,-1,2,-1,0,-1,0,1,26
359,2,-1,0,-1,0,1,0,1,-2,-3,-2,-1,26
360,0,3,2,-5,0,-3,0,1,2,3,2,1,66
361,-2,1,4,-7,2,-1,-2,3,0,1,0,-1,90
362,-4,5,0,-3,2,-5,2,-1,0,1,0,1,86
363,-2,3,2,-5,4,-3,0,1,-2,-1,-2,-1,78
364,0,-1,4,-3,-2,-1,-2,-1,0,1,2,1,42
365,-2,1,6,-5,0,1,-4,1,-2,-1,0,-1,90
366,0,1,2,-1,0,-3,0,-3,-2,-1,0,1,30
367,2,3,4,-3,2,-1,-2,-1,-4,-3,-2,-1,78
368,4,3,-2,-3,-4,-3,0,1,4,3,2,1,94
369,2,1,-4,-1,-2,-1,-2,3,2,1,0,-1,46
370,0,1,0,-1,-2,-5,2,-1,2,1,0,1,42
371,2,-1,-2,1,0,-3,0,1,0,-1,-2,-1,26
372,0,3,0,-1,-6,-1,-2,-1,2,1,2,1,62
373,-2,5,-2,1,-4,1,-4,1,0,-1,0,-1,70
374,0,1,2,1,-4,-3,0,-3,0,-1,0,1,42
375,2,3,0,3,-2,-1,-2,-1,-2,-3,-2,-1,50
376,4,3,-2,-5,-2,-5,-2,-1,2,3,2,1,106
377,2,1,0,-3,0,-3,-4,1,0,1,0,-1,42
378,0,5,0,-3,0,-7,0,-3,0,1,0,1,94
379,2,3,2,-1,2,-5,-2,-1,-2,-1,-2,-1,62
380,4,3,0,-3,-4,-3,-4,-3,0,1,2,1,90
381,2,5,2,-1,-2,-1,-6,-1,-2,-1,0,-1,82
382,4,5,2,-1,-2,-5,-2,-5,-2,-1,0,1,110
383,6,7,4,1,0,-3,-4,-3,-4,-3,-2,-1,166
384,8,3,2,1,2,3,2,3,4,3,2,1,134
385,6,1,0,-1,0,1,4,5,2,1,0,-1,86
386,4,1,0,-1,0,5,4,1,2,1,0,1,66
387,6,-1,-2,-3,-2,3,6,3,0,-1,-2,-1,114
388,4,-1,0,-1,4,5,0,1,2,1,2,1,70
389,2,1,-2,-3,2,3,2,3,0,-1,0,-1,46
390,4,-3,-2,-3,2,7,2,-1,0,-1,0,1,98
391,6,-1,-4,-5,0,5,4,1,-2,-3,-2,-1,138
392,4,-1,-2,3,4,1,0,1,2,3,2,1,66
393,2,-3,0,1,2,-1,2,3,0,1,0,-1,34
394,0,1,-4,1,2,3,2,-1,0,1,0,1,38
395,2,-1,-2,-1,0,1,4,1,-2,-1,-2,-1,38
396,4,-5,-4,1,6,3,-2,-1,0,1,2,1,114
397,2,-3,-2,-1,4,1,0,1,-2,-1,0,-1,42
398,4,-3,-6,-1,4,5,0,-3,-2,-1,0,1,118
399,6,-1,-4,-3,2,3,2,-1,-4,-3,-2,-1,110
400,4,-1,2,1,0,1,0,1,4,3,2,1,54
401,2,-3,0,3,-2,-1,2,3,2,1,0,-1,46
402,0,-3,4,-1,-2,3,2,-1,2,1,0,1,50
403,2,-5,2,1,-4,1,4,1,0,-1,-2,-1,74
404,0,-1,0,-1,2,3,-2,-1,2,1,2,1,30
405,-2,1,-2,1,0,1,0,1,0,-1,0,-1,14
406,0,-3,2,-3,0,5,0,-3,0,-1,0,1,58
407,2,-1,0,-1,-2,3,2,-1,-2,-3,-2,-1,42
408,4,-5,-2,3,2,-1,-2,-1,2,3,2,1,82
409,2,-7,0,5,0,-3,0,1,0,1,0,-1,90
410,0,-3,0,1,0,1,0,-3,0,1,0,1,22
411,2,-5,2,3,-2,-1,2,-1,-2,-1,-2,-1,62
412,4,-5,-4,1,4,1,-4,-3,0,1,2,1,106
413,2,-3,-2,3,2,-1,-2,-1,-2,-1,0,-1,42
414,4,-3,-2,-1,2,3,-2,-5,-2,-1,0,1,78
415,6,-1,0,1,0,1,0,-3,-4,-3,-2,-1,78
416,4,3,2,-3,-2,1,0,3,4,3,2,1,82
417,2,1,0,-5,0,-1,2,5,2,1,0,-1,66
418,0,1,0,-1,-4,3,2,1,2,1,0,1,38
419,2,-1,-2,-3,-2,1,4,3,0,-1,-2,-1,54
420,0,-1,4,-5,0,3,-2,1,2,1,2,1,66
421,-2,1,2,-7,2,1,0,3,0,-1,0,-1,74
422,0,-3,2,-3,-2,5,0,-1,0,-1,0,1,54
423,2,-1,0,-5,0,3,2,1,-2,-3,-2,-1,62
424,0,3,-2,-1,0,-1,-2,1,2,3,2,1,38
425,-2,1,0,-3,2,-3,0,3,0,1,0,-1,38
426,-4,5,-4,1,-2,1,0,-1,0,1,0,1,66
427,-2,3,-2,-1,0,-1,2,1,-2,-1,-2,-1,34
428,0,-1,0,-3,2,1,-4,-1,0,1,2,1,38
429,-2,1,2,-5,4,-1,-2,1,-2,-1,0,-1,62
430,0,1,-2,-1,0,3,-2,-3,-2,-1,0,1,34
431,2,3,0,-3,2,1,0,-1,-4,-3,-2,-1,58
432,4,-1,2,-3,-4,-1,-2,1,4,3,2,1,82
433,2,-3,0,-1,-2,-3,0,3,2,1,0,-1,42
434,0,-3,4,-1,-6,1,0,-1,2,1,0,1,70
435,2,-5,2,1,-4,-1,2,1,0,-1,-2,-1,62
436,0,-1,4,-5,-2,1,-4,-1,2,1,2,1,74
437,-2,1,2,-3,0,-1,-2,1,0,-1,0,-1,26
438,0,-3,6,-3,-4,3,-2,-3,0,-1,0,1,94
439,2,-1,4,-1,-2,1,0,-1,-2,-3,-2,-1,46
440,4,-1,-2,-1,-2,-3,-4,-1,2,3,2,1,70
441,2,-3,0,1,0,-5,-2,1,0,1,0,-1,46
442,0,1,0,1,-4,-1,-2,-3,0,1,0,1,34
443,2,-1,2,3,-2,-3,0,-1,-2,-1,-2,-1,42
444,4,-1,0,-3,0,-1,-6,-3,0,1,2,1,78
445,2,1,2,-1,2,-3,-4,-1,-2,-1,0,-1,46
446,4,1,2,-1,-2,1,-4,-5,-2,-1,0,1,74
447,6,3,4,1,0,-1,-2,-3,-4,-3,-2,-1,106
448,8,3,-2,-3,-2,-1,2,3,4,3,2,1,134
449,6,1,-4,-5,-4,1,4,5,2,1,0,-1,142
450,4,1,-4,-5,0,1,4,1,2,1,0,1,82
451,6,-1,-6,-7,-2,3,6,3,0,-1,-2,-1,186
452,4,-1,-4,-1,0,1,0,1,2,1,2,1,46
453,2,1,-6,-3,-2,3,2,3,0,-1,0,-1,78
454,4,-3,-6,-3,2,3,2,-1,0,-1,0,1,90
455,6,-1,-8,-5,0,5,4,1,-2,-3,-2,-1,186
456,4,-1,-2,-1,0,-3,0,1,2,3,2,1,50
457,2,-3,0,-3,-2,-1,2,3,0,1,0,-1,42
458,0,1,-4,-3,2,-1,2,-1,0,1,0,1,38
459,2,-1,-2,-5,0,1,4,1,-2,-1,-2,-1,62
460,4,-5,-4,1,2,-1,-2,-1,0,1,2,1,74
461,2,-3,-2,-1,0,1,0,1,-2,-1,0,-1,26
462,4,-3,-6,-1,4,1,0,-3,-2,-1,0,1,94
463,6,-1,-4,-3,2,3,2,-1,-4,-3,-2,-1,110
464,4,3,-2,-3,-4,-3,0,1,4,3,2,1,94
465,2,1,-4,-1,-6,-1,2,3,2,1,0,-1,78
466,0,1,0,-5,-2,-1,2,-1,2,1,0,1,42
467,2,-1,-2,-3,-4,1,4,1,0,-1,-2,-1,58
468,0,3,-4,-1,-2,-1,-2,-1,2,1,2,1,46
469,-2,5,-6,1,-4,1,0,1,0,-1,0,-1,86
470,0,1,-2,-3,0,1,0,-3,0,-1,0,1,26
471,2,3,-4,-1,-2,3,2,-1,-2,-3,-2,-1,66
472,4,-1,-2,-1,-2,-5,-2,-1,2,3,2,1,74
473,2,-3,0,1,-4,-3,0,1,0,1,0,-1,42
474,0,1,0,-3,0,-3,0,-3,0,1,0,1,30
475,2,-1,2,-1,-2,-1,2,-1,-2,-1,-2,-1,30
476,4,-1,-4,1,0,-3,-4,-3,0,1,2,1,74
477,2,1,-2,3,-2,-1,-2,-1,-2,-1,0,-1,34
478,4,1,-2,-1,2,-1,-2,-5,-2,-1,0,1,62
479,6,3,0,1,0,1,0,-3,-4,-3,-2,-1,86
480,8,3,-2,-7,-6,-3,0,3,4,3,2,1,210
481,6,1,-4,-9,-4,-1,2,5,2,1,0,-1,186
482,4,1,-4,-5,-4,-1,2,1,2,1,0,1,86
483,6,-1,-6,-7,-2,1,4,3,0,-1,-2,-1,158
484,4,-1,0,-5,-4,-1,-2,1,2,1,2,1,74
485,2,1,-2,-7,-2,1,0,3,0,-1,0,-1,74
486,4,-3,-2,-3,-2,1,0,-1,0,-1,0,1,46
487,6,-1,-4,-5,0,3,2,1,-2,-3,-2,-1,110
488,4,3,-2,-5,-4,-5,-2,1,2,3,2,1,118
489,2,1,0,-7,-2,-3,0,3,0,1,0,-1,78
490,0,5,-4,-3,-2,-3,0,-1,0,1,0,1,66
491,2,3,-2,-5,0,-1,2,1,-2,-1,-2,-1,58
492,4,-1,0,-3,-2,-3,-4,-1,0,1,2,1,62
493,2,1,2,-5,0,-1,-2,1,-2,-1,0,-1,46
494,4,1,-2,-1,0,-1,-2,-3,-2,-1,0,1,42
495,6,3,0,-3,2,1,0,-1,-4,-3,-2,-1,90
496,8,3,-2,-7,-8,-5,-2,1,4,3,2,1,250
497,6,1,-4,-5,-6,-3,0,3,2,1,0,-1,138
498,4,1,0,-5,-6,-3,0,-1,2,1,0,1,94
499,6,-1,-2,-3,-4,-1,2,1,0,-1,-2,-1,78
500,4,3,0,-5,-6,-3,-4,-1,2,1,2,1,122
501,2,5,-2,-3,-4,-1,-2,1,0,-1,0,-1,66
502,4,1,2,-3,-4,-1,-2,-3,0,-1,0,1,62
503,6,3,0,-1,-2,1,0,-1,-2,-3,-2,-1,70
504,8,3,-2,-5,-6,-7,-4,-1,2,3,2,1,222
505,6,1,0,-3,-4,-5,-2,1,0,1,0,-1,94
506,4,5,0,-3,-4,-5,-2,-3,0,1,0,1,106
507,6,3,2,-1,-2,-3,0,-1,-2,-1,-2,-1,74
508,8,3,0,-3,-4,-5,-6,-3,0,1,2,1,174
509,6,5,2,-1,-2,-3,-4,-1,-2,-1,0,-1,102
510,8,5,2,-1,-2,-3,-4,-5,-2,-1,0,1,154
511,10,7,4,1,0,-1,-2,-3,-4,-3,-2,-1,210
512,8,7,6,7,6,5,4,3,2,3,2,1,302
513,6,5,4,5,4,3,2,1,4,1,0,-1,150
514,4,5,4,5,4,3,2,5,0,1,0,1,138
515,6,3,2,3,2,1,0,3,2,-1,-2,-1,82
516,4,3,4,5,4,3,6,1,0,1,2,1,134
517,2,5,2,3,2,1,4,-1,2,-1,0,-1,70
518,4,1,2,3,2,1,4,3,-2,-1,0,1,66
519,6,3,0,1,0,-1,2,1,0,-3,-2,-1,66
520,4,3,2,5,4,7,2,1,0,3,2,1,138
521,2,1,4,3,2,5,0,-1,2,1,0,-1,66
522,0,5,0,3,2,5,0,3,-2,1,0,1,78
523,2,3,2,1,0,3,-2,1,0,-1,-2,-1,38
524,4,-1,0,3,2,5,4,-1,-2,1,2,1,82
525,2,1,2,1,0,3,2,-3,0,-1,0,-1,34
526,4,1,-2,1,0,3,2,1,-4,-1,0,1,54
527,6,3,0,-1,-2,1,0,-1,-2,-3,-2,-1,70
528,4,3,2,3,8,3,2,1,2,3,2,1,134
529,2,1,0,5,6,1,0,-1,4,1,0,-1,86
530,0,1,4,1,6,1,0,3,0,1,0,1,66
531,2,-1,2,3,4,-1,-2,1,2,-1,-2,-1,50
532,0,3,0,1,6,1,4,-1,0,1,2,1,70
533,-2,5,-2,3,4,-1,2,-3,2,-1,0,-1,78
534,0,1,2,-1,4,-1,2,1,-2,-1,0,1,34
535,2,3,0,1,2,-3,0,-1,0,-3,-2,-1,42
536,4,-1,-2,1,6,5,0,-1,0,3,2,1,98
537,2,-3,0,3,4,3,-2,-3,2,1,0,-1,66
538,0,1,0,-1,4,3,-2,1,-2,1,0,1,38
539,2,-1,2,1,2,1,-4,-1,0,-1,-2,-1,38
540,4,-1,-4,-1,4,3,2,-3,-2,1,2,1,82
541,2,1,-2,1,2,1,0,-5,0,-1,0,-1,42
542,4,1,-2,-3,2,1,0,-1,-4,-1,0,1,54
543,6,3,0,-1,0,-1,-2,-3,-2,-3,-2,-1,78
544,4,3,2,7,2,3,2,3,2,3,2,1,122
545,2,1,0,5,4,1,0,1,4,1,0,-1,66
546,0,1,0,9,0,1,0,5,0,1,0,1,110
547,2,-1,-2,7,2,-1,-2,3,2,-1,-2,-1,86
548,0,-1,4,5,0,1,4,1,0,1,2,1,66
549,-2,1,2,3,2,-1,2,-1,2,-1,0,-1,34
550,0,-3,2,7,-2,-1,2,3,-2,-1,0,1,86
551,2,-1,0,5,0,-3,0,1,0,-3,-2,-1,54
552,0,3,-2,5,0,5,0,1,0,3,2,1,78
553,-2,1,0,3,2,3,-2,-1,2,1,0,-1,38
554,-4,5,-4,7,-2,3,-2,3,-2,1,0,1,138
555,-2,3,-2,5,0,1,-4,1,0,-1,-2,-1,66
556,0,-1,0,3,-2,3,2,-1,-2,1,2,1,38
557,-2,1,2,1,0,1,0,-3,0,-1,0,-1,22
558,0,1,-2,5,-4,1,0,1,-4,-1,0,1,66
559,2,3,0,3,-2,-1,-2,-1,-2,-3,-2,-1,50
560,4,-1,-2,3,4,1,0,1,2,3,2,1,66
561,2,-3,-4,5,6,-1,-2,-1,4,1,0,-1,114
562,0,-3,0,5,2,-1,-2,3,0,1,0,1,54
563,2,-5,-2,7,4,-3,-4,1,2,-1,-2,-1,134
564,0,-1,0,1,2,-1,2,-1,0,1,2,1,18
565,-2,1,-2,3,4,-3,0,-3,2,-1,0,-1,58
566,0,-3,2,3,0,-3,0,1,-2,-1,0,1,38
567,2,-1,0,5,2,-5,-2,-1,0,-3,-2,-1,78
568,4,-1,-6,1,2,3,-2,-1,0,3,2,1,86
569,2,-3,-4,3,4,1,-4,-3,2,1,0,-1,86
570,0,1,-4,3,0,1,-4,1,-2,1,0,1,50
571,2,-1,-2,5,2,-1,-6,-1,0,-1,-2,-1,82
572,4,-1,-4,-1,0,1,0,-3,-2,1,2,1,54
573,2,1,-2,1,2,-1,-2,-5,0,-1,0,-1,46
574,4,1,-2,1,-2,-1,-2,-1,-4,-1,0,1,50
575,6,3,0,3,0,-3,-4,-3,-2,-3,-2,-1,106
576,4,3,6,3,2,1,4,3,2,3,2,1,118
577,2,1,4,1,0,3,2,1,4,1,0,-1,54
578,0,1,4,1,4,-1,2,5,0,1,0,1,66
579,2,-1,2,-1,2,1,0,3,2,-1,-2,-1,34
580,0,-1,4,5,0,-1,6,1,0,1,2,1,86
581,-2,1,2,3,-2,1,4,-1,2,-1,0,-1,46
582,0,-3,2,3,2,-3,4,3,-2,-1,0,1,66
583,2,-1,0,1,0,-1,2,1,0,-3,-2,-1,26
584,0,-1,6,1,0,3,2,1,0,3,2,1,66
585,-2,-3,8,-1,-2,5,0,-1,2,1,0,-1,114
586,-4,1,4,-1,2,1,0,3,-2,1,0,1,54
587,-2,-1,6,-3,0,3,-2,1,0,-1,-2,-1,70
588,0,-5,4,3,-2,1,4,-1,-2,1,2,1,82
589,-2,-3,6,1,-4,3,2,-3,0,-1,0,-1,90
590,0,-3,2,1,0,-1,2,1,-4,-1,0,1,38
591,2,-1,4,-1,-2,1,0,-1,-2,-3,-2,-1,46
592,0,3,2,-1,4,-1,2,1,2,3,2,1,54
593,-2,1,0,1,2,1,0,-1,4,1,0,-1,30
594,-4,1,4,-3,6,-3,0,3,0,1,0,1,98
595,-2,-1,2,-1,4,-1,-2,1,2,-1,-2,-1,42
596,-4,3,0,1,2,-3,4,-1,0,1,2,1,62
597,-6,5,-2,3,0,-1,2,-3,2,-1,0,-1,94
598,-4,1,2,-1,4,-5,2,1,-2,-1,0,1,74
599,-2,3,0,1,2,-3,0,-1,0,-3,-2,-1,42
600,0,-1,2,-3,2,1,0,-1,0,3,2,1,34
601,-2,-3,4,-1,0,3,-2,-3,2,1,0,-1,58
602,-4,1,4,-5,4,-1,-2,1,-2,1,0,1,86
603,-2,-1,6,-3,2,1,-4,-1,0,-1,-2,-1,78
604,0,-1,0,-1,0,-1,2,-3,-2,1,2,1,26
605,-2,1,2,1,-2,1,0,-5,0,-1,0,-1,42
606,0,1,2,-3,2,-3,0,-1,-4,-1,0,1,46
607,2,3,4,-1,0,-1,-2,-3,-2,-3,-2,-1,62
608,4,-1,2,3,-2,-1,2,3,2,3,2,1,66
609,2,-3,0,1,0,1,0,1,4,1,0,-1,34
610,0,-3,0,5,0,-3,0,5,0,1,0,1,70
611,2,-5,-2,3,2,-1,-2,3,2,-1,-2,-1,70
612,0,-5,4,5,-4,-3,4,1,0,1,2,1,114
613,-2,-3,2,3,-2,-1,2,-1,2,-1,0,-1,42
614,0,-7,2,7,-2,-5,2,3,-2,-1,0,1,150
615,2,-5,0,5,0,-3,0,1,0,-3,-2,-1,78
616,0,-1,2,1,-4,1,0,1,0,3,2,1,38
617,-2,-3,4,-1,-2,3,-2,-1,2,1,0,-1,54
618,-4,1,0,3,-2,-1,-2,3,-2,1,0,1,50
619,-2,-1,2,1,0,1,-4,1,0,-1,-2,-1,34
620,0,-5,4,3,-6,-1,2,-1,-2,1,2,1,102
621,-2,-3,6,1,-4,1,0,-3,0,-1,0,-1,78
622,0,-3,2,5,-4,-3,0,1,-4,-1,0,1,82
623,2,-1,4,3,-2,-1,-2,-1,-2,-3,-2,-1,58
624,4,-1,-2,-1,0,-3,0,1,2,3,2,1,50
625,2,-3,-4,1,2,-1,-2,-1,4,1,0,-1,58
626,0,-3,0,1,2,-5,-2,3,0,1,0,1,54
627,2,-5,-2,3,4,-3,-4,1,2,-1,-2,-1,94
628,0,-1,0,1,-2,-5,2,-1,0,1,2,1,42
629,-2,1,-2,3,0,-3,0,-3,2,-1,0,-1,42
630,0,-3,2,3,0,-7,0,1,-2,-1,0,1,78
631,2,-1,0,5,2,-5,-2,-1,0,-3,-2,-1,78
632,4,-1,-2,-3,-2,-1,-2,-1,0,3,2,1,54
633,2,-3,0,-1,0,1,-4,-3,2,1,0,-1,46
634,0,1,0,-1,0,-3,-4,1,-2,1,0,1,34
635,2,-1,2,1,2,-1,-6,-1,0,-1,-2,-1,58
636,4,-1,0,-1,-4,-3,0,-3,-2,1,2,1,62
637,2,1,2,1,-2,-1,-2,-5,0,-1,0,-1,46
638,4,1,2,1,-2,-5,-2,-1,-4,-1,0,1,74
639,6,3,4,3,0,-3,-4,-3,-2,-3,-2,-1,122
640,4,7,2,3,2,3,2,3,2,3,2,1,122
641,2,5,0,1,0,1,4,1,4,1,0,-1,66
642,0,5,0,1,0,5,0,5,0,1,0,1,78
643,2,3,-2,-1,-2,3,2,3,2,-1,-2,-1,54
644,0,3,0,1,4,1,4,1,0,1,2,1,50
645,-2,5,-2,-1,2,-1,6,-1,2,-1,0,-1,82
646,0,1,-2,-1,2,3,2,3,-2,-1,0,1,38
647,2,3,-4,-3,0,1,4,1,0,-3,-2,-1,70
648,0,3,-2,5,0,5,0,1,0,3,2,1,78
649,-2,1,0,3,-2,3,2,-1,2,1,0,-1,38
650,-4,5,-4,3,-2,7,-2,3,-2,1,0,1,138
651,-2,3,-2,1,-4,5,0,1,0,-1,-2,-1,66
652,0,-1,-4,3,2,3,2,-1,-2,1,2,1,54
653,-2,1,-2,1,0,1,4,-3,0,-1,0,-1,38
654,0,1,-6,1,0,5,0,1,-4,-1,0,1,82
655,2,3,-4,-1,-2,3,2,-1,-2,-3,-2,-1,66
656,0,3,2,-1,4,1,0,1,2,3,2,1,50
657,-2,1,0,1,2,-1,2,-1,4,1,0,-1,34
658,-4,1,4,-3,2,3,-2,3,0,1,0,1,70
659,-2,-1,2,-1,0,1,0,1,2,-1,-2,-1,22
660,-4,3,0,-3,6,-1,2,-1,0,1,2,1,82
661,-6,5,-2,-1,4,-3,4,-3,2,-1,0,-1,122
662,-4,1,2,-5,4,1,0,1,-2,-1,0,1,70
663,-2,3,0,-3,2,-1,2,-1,0,-3,-2,-1,46
664,0,-1,-2,1,2,3,-2,-1,0,3,2,1,38
665,-2,-3,0,3,0,1,0,-3,2,1,0,-1,38
666,-4,1,0,-1,0,5,-4,1,-2,1,0,1,66
667,-2,-1,2,1,-2,3,-2,-1,0,-1,-2,-1,34
668,0,-1,-4,-1,4,1,0,-3,-2,1,2,1,54
669,-2,1,-2,1,2,-1,2,-5,0,-1,0,-1,46
670,0,1,-2,-3,2,3,-2,-1,-4,-1,0,1,50
671,2,3,0,-1,0,1,0,-3,-2,-3,-2,-1,42
672,0,7,-2,3,-2,1,0,3,2,3,2,1,94
673,-2,5,-4,1,0,-1,2,1,4,1,0,-1,70
674,-4,5,-4,5,-4,3,-2,5,0,1,0,1,138
675,-2,3,-6,3,-2,1,0,3,2,-1,-2,-1,82
676,-4,3,0,1,0,-1,2,1,0,1,2,1,38
677,-6,5,-2,-1,2,-3,4,-1,2,-1,0,-1,102
678,-4,1,-2,3,-2,1,0,3,-2,-1,0,1,50
679,-2,3,-4,1,0,-1,2,1,0,-3,-2,-1,50
680,-4,7,-6,5,-4,3,-2,1,0,3,2,1,170
681,-6,5,-4,3,-2,1,0,-1,2,1,0,-1,98
682,-8,9,-8,7,-6,5,-4,3,-2,1,0,1,350
683,-6,7,-6,5,-4,3,-2,1,0,-1,-2,-1,182
684,-4,3,-4,3,-2,1,0,-1,-2,1,2,1,66
685,-6,5,-2,1,0,-1,2,-3,0,-1,0,-1,82
686,-4,5,-6,5,-4,3,-2,1,-4,-1,0,1,150
687,-2,7,-4,3,-2,1,0,-1,-2,-3,-2,-1,102
688,0,3,-2,-1,0,-1,-2,1,2,3,2,1,38
689,-2,1,-4,1,2,-3,0,-1,4,1,0,-1,54
690,-4,1,0,1,-2,1,-4,3,0,1,0,1,50
691,-2,-1,-2,3,0,-1,-2,1,2,-1,-2,-1,34
692,-4,3,0,-3,2,-3,0,-1,0,1,2,1,54
693,-6,5,-2,-1,4,-5,2,-3,2,-1,0,-1,126
694,-4,1,2,-1,0,-1,-2,1,-2,-1,0,1,34
695,-2,3,0,1,2,-3,0,-1,0,-3,-2,-1,42
696,0,3,-6,1,-2,1,-4,-1,0,3,2,1,82
697,-2,1,-4,3,0,-1,-2,-3,2,1,0,-1,50
698,-4,5,-4,3,-4,3,-6,1,-2,1,0,1,134
699,-2,3,-2,5,-2,1,-4,-1,0,-1,-2,-1,70
700,0,3,-4,-1,0,-1,-2,-3,-2,1,2,1,50
701,-2,5,-2,1,2,-3,0,-5,0,-1,0,-1,74
702,0,5,-2,1,-2,1,-4,-1,-4,-1,0,1,70
703,2,7,0,3,0,-1,-2,-3,-2,-3,-2,-1,94
704,4,3,2,-1,-2,-1,2,3,2,3,2,1,66
705,2,1,0,-3,-4,1,4,1,4,1,0,-1,66
706,0,1,0,-3,0,1,0,5,0,1,0,1,38
707,2,-1,-2,-5,-2,3,2,3,2,-1,-2,-1,70
708,0,-1,0,1,0,-3,4,1,0,1,2,1,34
709,-2,1,-2,-1,-2,-1,6,-1,2,-1,0,-1,58
710,0,-3,-2,-1,2,-1,2,3,-2,-1,0,1,38
711,2,-1,-4,-3,0,1,4,1,0,-3,-2,-1,62
712,0,-1,2,1,-4,1,0,1,0,3,2,1,38
713,-2,-3,4,-1,-6,3,2,-1,2,1,0,-1,86
714,-4,1,0,-1,-2,3,-2,3,-2,1,0,1,50
715,-2,-1,2,-3,-4,5,0,1,0,-1,-2,-1,66
716,0,-5,0,3,-2,-1,2,-1,-2,1,2,1,54
717,-2,-3,2,1,-4,1,4,-3,0,-1,0,-1,62
718,0,-3,-2,1,0,1,0,1,-4,-1,0,1,34
719,2,-1,0,-1,-2,3,2,-1,-2,-3,-2,-1,42
720,0,3,2,-5,0,-3,0,1,2,3,2,1,66
721,-2,1,0,-3,-2,-1,2,-1,4,1,0,-1,42
722,-4,1,4,-7,2,-1,-2,3,0,1,0,1,102
723,-2,-1,2,-5,0,1,0,1,2,-1,-2,-1,46
724,-4,3,0,-3,2,-5,2,-1,0,1,2,1,74
725,-6,5,-2,-1,0,-3,4,-3,2,-1,0,-1,106
726,-4,1,2,-5,4,-3,0,1,-2,-1,0,1,78
727,-2,3,0,-3,2,-1,2,-1,0,-3,-2,-1,46
728,0,-1,2,-3,-2,-1,-2,-1,0,3,2,1,38
729,-2,-3,4,-1,-4,1,0,-3,2,1,0,-1,62
730,-4,1,4,-5,0,1,-4,1,-2,1,0,1,82
731,-2,-1,6,-3,-2,3,-2,-1,0,-1,-2,-1,74
732,0,-1,0,-1,0,-3,0,-3,-2,1,2,1,30
733,-2,1,2,1,-2,-1,2,-5,0,-1,0,-1,46
734,0,1,2,-3,2,-1,-2,-1,-4,-1,0,1,42
735,2,3,4,-1,0,1,0,-3,-2,-3,-2,-1,58
736,4,3,-2,-1,-6,-3,0,3,2,3,2,1,102
737,2,1,-4,-3,-4,-1,2,1,4,1,0,-1,70
738,0,1,-4,1,-4,-1,-2,5,0,1,0,1,66
739,2,-1,-6,-1,-2,1,0,3,2,-1,-2,-1,66
740,0,-1,0,1,-4,-5,2,1,0,1,2,1,54
741,-2,1,-2,-1,-2,-3,4,-1,2,-1,0,-1,46
742,0,-3,-2,3,-2,-3,0,3,-2,-1,0,1,50
743,2,-1,-4,1,0,-1,2,1,0,-3,-2,-1,42
744,0,3,-2,1,-8,-1,-2,1,0,3,2,1,98
745,-2,1,0,-1,-6,1,0,-1,2,1,0,-1,50
746,-4,5,-4,3,-6,1,-4,3,-2,1,0,1,134
747,-2,3,-2,1,-4,3,-2,1,0,-1,-2,-1,54
748,0,-1,0,3,-6,-3,0,-1,-2,1,2,1,66
749,-2,1,2,1,-4,-1,2,-3,0,-1,0,-1,42
750,0,1,-2,5,-4,-1,-2,1,-4,-1,0,1,70
751,2,3,0,3,-2,1,0,-1,-2,-3,-2,-1,46
752,4,3,-2,-5,-4,-5,-2,1,2,3,2,1,118
753,2,1,-4,-3,-2,-3,0,-1,4,1,0,-1,62
754,0,1,0,-3,-2,-3,-4,3,0,1,0,1,50
755,2,-1,-2,-1,0,-1,-2,1,2,-1,-2,-1,26
756,0,3,0,-3,-2,-7,0,-1,0,1,2,1,78
757,-2,5,-2,-1,0,-5,2,-3,2,-1,0,-1,78
758,0,1,2,-1,0,-5,-2,1,-2,-1,0,1,42
759,2,3,0,1,2,-3,0,-1,0,-3,-2,-1,42
760,4,3,-2,-3,-6,-3,-4,-1,0,3,2,1,114
761,2,1,0,-1,-4,-1,-2,-3,2,1,0,-1,42
762,0,5,0,-1,-4,-1,-6,1,-2,1,0,1,86
763,2,3,2,1,-2,1,-4,-1,0,-1,-2,-1,46
764,4,3,0,-1,-4,-5,-2,-3,-2,1,2,1,90
765,2,5,2,1,-2,-3,0,-5,0,-1,0,-1,74
766,4,5,2,1,-2,-3,-4,-1,-4,-1,0,1,94
767,6,7,4,3,0,-1,-2,-3,-2,-3,-2,-1,142
768,8,3,2,3,4,3,2,1,2,3,2,1,134
769,6,1,0,1,2,1,0,3,4,1,0,-1,70
770,4,1,0,1,2,1,4,3,0,1,0,1,50
771,6,-1,-2,-1,0,-1,2,5,2,-1,-2,-1,82
772,4,-1,0,1,2,5,4,-1,0,1,2,1,70
773,2,1,-2,-1,0,3,2,1,2,-1,0,-1,30
774,4,-3,-2,-1,0,3,6,1,-2,-1,0,1,82
775,6,-1,-4,-3,-2,1,4,3,0,-3,-2,-1,106
776,4,-1,-2,1,6,5,0,-1,0,3,2,1,98
777,2,-3,0,-1,4,3,-2,1,2,1,0,-1,50
778,0,1,-4,-1,4,3,2,1,-2,1,0,1,54
779,2,-1,-2,-3,2,1,0,3,0,-1,-2,-1,38
780,4,-5,-4,-1,4,7,2,-3,-2,1,2,1,146
781,2,-3,-2,-3,2,5,0,-1,0,-1,0,-1,58
782,4,-3,-6,-3,2,5,4,-1,-4,-1,0,1,134
783,6,-1,-4,-5,0,3,2,1,-2,-3,-2,-1,110
784,4,-1,-2,3,6,1,0,-1,2,3,2,1,86
785,2,-3,-4,5,4,-1,-2,1,4,1,0,-1,94
786,0,-3,0,1,4,-1,2,1,0,1,0,1,34
787,2,-5,-2,3,2,-3,0,3,2,-1,-2,-1,74
788,0,-1,-4,1,4,3,2,-3,0,1,2,1,62
789,-2,1,-6,3,2,1,0,-1,2,-1,0,-1,62
790,0,-3,-2,-1,2,1,4,-1,-2,-1,0,1,42
791,2,-1,-4,1,0,-1,2,1,0,-3,-2,-1,42
792,4,-5,-6,1,8,3,-2,-3,0,3,2,1,178
793,2,-7,-4,3,6,1,-4,-1,2,1,0,-1,138
794,0,-3,-4,-1,6,1,0,-1,-2,1,0,1,70
795,2,-5,-2,1,4,-1,-2,1,0,-1,-2,-1,62
796,4,-5,-8,-1,6,5,0,-5,-2,1,2,1,202
797,2,-3,-6,1,4,3,-2,-3,0,-1,0,-1,90
798,4,-3,-6,-3,4,3,2,-3,-4,-1,0,1,126
799,6,-1,-4,-1,2,1,0,-1,-2,-3,-2,-1,78
800,4,-1,2,3,0,1,0,1,2,3,2,1,50
801,2,-3,0,1,2,-1,-2,3,4,1,0,-1,50
802,0,-3,0,5,-2,-1,2,3,0,1,0,1,54
803,2,-5,-2,3,0,-3,0,5,2,-1,-2,-1,86
804,0,-5,4,1,-2,3,2,-1,0,1,2,1,66
805,-2,-3,2,-1,0,1,0,1,2,-1,0,-1,26
806,0,-7,2,3,-4,1,4,1,-2,-1,0,1,102
807,2,-5,0,1,-2,-1,2,3,0,-3,-2,-1,62
808,0,-1,-2,1,2,3,-2,-1,0,3,2,1,38
809,-2,-3,0,-1,4,1,-4,1,2,1,0,-1,54
810,-4,1,-4,3,0,1,0,1,-2,1,0,1,50
811,-2,-1,-2,1,2,-1,-2,3,0,-1,-2,-1,34
812,0,-5,0,-1,0,5,0,-3,-2,1,2,1,70
813,-2,-3,2,-3,2,3,-2,-1,0,-1,0,-1,46
814,0,-3,-2,1,-2,3,2,-1,-4,-1,0,1,50
815,2,-1,0,-1,0,1,0,1,-2,-3,-2,-1,26
816,4,-5,-2,3,2,-1,-2,-1,2,3,2,1,82
817,2,-7,-4,5,4,-3,-4,1,4,1,0,-1,154
818,0,-7,0,5,0,-3,0,1,0,1,0,1,86
819,2,-9,-2,7,2,-5,-2,3,2,-1,-2,-1,190
820,0,-5,0,1,0,1,0,-3,0,1,2,1,42
821,-2,-3,-2,3,2,-1,-2,-1,2,-1,0,-1,42
822,0,-7,2,3,-2,-1,2,-1,-2,-1,0,1,78
823,2,-5,0,5,0,-3,0,1,0,-3,-2,-1,78
824,4,-5,-6,1,4,1,-4,-3,0,3,2,1,134
825,2,-7,-4,3,6,-1,-6,-1,2,1,0,-1,158
826,0,-3,-4,3,2,-1,-2,-1,-2,1,0,1,50
827,2,-5,-2,5,4,-3,-4,1,0,-1,-2,-1,106
828,4,-5,-4,-1,2,3,-2,-5,-2,1,2,1,110
829,2,-3,-2,1,4,1,-4,-3,0,-1,0,-1,62
830,4,-3,-2,1,0,1,0,-3,-4,-1,0,1,58
831,6,-1,0,3,2,-1,-2,-1,-2,-3,-2,-1,74
832,4,3,2,-1,0,-1,2,1,2,3,2,1,54
833,2,1,0,-3,-2,1,0,3,4,1,0,-1,46
834,0,1,0,-3,2,-3,4,3,0,1,0,1,50
835,2,-1,-2,-5,0,-1,2,5,2,-1,-2,-1,74
836,0,-1,0,1,-2,1,4,-1,0,1,2,1,30
837,-2,1,-2,-1,-4,3,2,1,2,-1,0,-1,46
838,0,-3,-2,-1,0,-1,6,1,-2,-1,0,1,58
839,2,-1,-4,-3,-2,1,4,3,0,-3,-2,-1,74
840,0,-1,2,-3,2,1,0,-1,0,3,2,1,34
841,-2,-3,4,-5,0,3,-2,1,2,1,0,-1,74
842,-4,1,0,-5,4,-1,2,1,-2,1,0,1,70
843,-2,-1,2,-7,2,1,0,3,0,-1,-2,-1,78
844,0,-5,0,-1,0,3,2,-3,-2,1,2,1,58
845,-2,-3,2,-3,-2,5,0,-1,0,-1,0,-1,58
846,0,-3,-2,-3,2,1,4,-1,-4,-1,0,1,62
847,2,-1,0,-5,0,3,2,1,-2,-3,-2,-1,62
848,0,3,-2,-1,2,-3,0,-1,2,3,2,1,46
849,-2,1,-4,1,0,-1,-2,1,4,1,0,-1,46
850,-4,1,0,-3,4,-5,2,1,0,1,0,1,74
851,-2,-1,-2,-1,2,-3,0,3,2,-1,-2,-1,42
852,-4,3,-4,1,0,-1,2,-3,0,1,2,1,62
853,-6,5,-6,3,-2,1,0,-1,2,-1,0,-1,118
854,-4,1,-2,-1,2,-3,4,-1,-2,-1,0,1,58
855,-2,3,-4,1,0,-1,2,1,0,-3,-2,-1,50
856,0,-1,-2,-3,4,-1,-2,-3,0,3,2,1,58
857,-2,-3,0,-1,2,1,-4,-1,2,1,0,-1,42
858,-4,1,0,-5,6,-3,0,-1,-2,1,0,1,94
859,-2,-1,2,-3,4,-1,-2,1,0,-1,-2,-1,46
860,0,-1,-4,-1,2,1,0,-5,-2,1,2,1,58
861,-2,1,-2,1,0,3,-2,-3,0,-1,0,-1,34
862,0,1,-2,-3,4,-1,2,-3,-4,-1,0,1,62
863,2,3,0,-1,2,1,0,-1,-2,-3,-2,-1,38
864,4,-1,2,-1,-4,-3,0,1,2,3,2,1,66
865,2,-3,0,-3,-2,-1,-2,3,4,1,0,-1,58
866,0,-3,0,1,-2,-5,2,3,0,1,0,1,54
867,2,-5,-2,-1,0,-3,0,5,2,-1,-2,-1,78
868,0,-5,4,1,-6,-1,2,-1,0,1,2,1,90
869,-2,-3,2,-1,-4,1,0,1,2,-1,0,-1,42
870,0,-7,2,3,-4,-3,4,1,-2,-1,0,1,110
871,2,-5,0,1,-2,-1,2,3,0,-3,-2,-1,62
872,0,-1,2,-3,-2,-1,-2,-1,0,3,2,1,38
873,-2,-3,4,-5,0,1,-4,1,2,1,0,-1,78
874,-4,1,0,-1,0,-3,0,1,-2,1,0,1,34
875,-2,-1,2,-3,2,-1,-2,3,0,-1,-2,-1,42
876,0,-5,4,-1,-4,1,0,-3,-2,1,2,1,78
877,-2,-3,6,-3,-2,3,-2,-1,0,-1,0,-1,78
878,0,-3,2,1,-2,-1,2,-1,-4,-1,0,1,42
879,2,-1,4,-1,0,1,0,1,-2,-3,-2,-1,42
880,4,-1,-2,-1,-2,-5,-2,-1,2,3,2,1,74
881,2,-3,-4,1,0,-3,-4,1,4,1,0,-1,74
882,0,-3,0,1,0,-7,0,1,0,1,0,1,62
883,2,-5,-2,3,2,-5,-2,3,2,-1,-2,-1,94
884,0,-1,0,1,-4,-3,0,-3,0,1,2,1,42
885,-2,1,-2,3,-2,-1,-2,-1,2,-1,0,-1,34
886,0,-3,2,3,-2,-5,2,-1,-2,-1,0,1,62
887,2,-1,0,5,0,-3,0,1,0,-3,-2,-1,54
888,4,-1,-2,-3,0,-3,-4,-3,0,3,2,1,78
889,2,-3,0,-1,2,-1,-6,-1,2,1,0,-1,62
890,0,1,0,-1,2,-5,-2,-1,-2,1,0,1,42
891,2,-1,2,1,4,-3,-4,1,0,-1,-2,-1,58
892,4,-1,0,-1,-2,-1,-2,-5,-2,1,2,1,62
893,2,1,2,1,0,1,-4,-3,0,-1,0,-1,38
894,4,1,2,1,0,-3,0,-3,-4,-1,0,1,58
895,6,3,4,3,2,-1,-2,-1,-2,-3,-2,-1,98
896,8,3,-2,-1,0,1,0,1,2,3,2,1,98
897,6,1,-4,-3,-2,-1,2,3,4,1,0,-1,98
898,4,1,-4,-3,-2,3,2,3,0,1,0,1,70
899,6,-1,-6,-5,-4,1,4,5,2,-1,-2,-1,166
900,4,-1,-4,-3,2,3,2,-1,0,1,2,1,66
901,2,1,-6,-5,0,1,4,1,2,-1,0,-1,90
902,4,-3,-6,-5,0,5,4,1,-2,-1,0,1,134
903,6,-1,-8,-7,-2,3,6,3,0,-3,-2,-1,222
904,4,-1,-6,1,2,3,-2,-1,0,3,2,1,86
905,2,-3,-4,-1,0,1,0,1,2,1,0,-1,38
906,0,1,-8,-1,0,5,0,1,-2,1,0,1,98
907,2,-1,-6,-3,-2,3,2,3,0,-1,-2,-1,82
908,4,-5,-8,-1,4,5,0,-3,-2,1,2,1,166
909,2,-3,-6,-3,2,3,2,-1,0,-1,0,-1,78
910,4,-3,-10,-3,2,7,2,-1,-4,-1,0,1,210
911,6,-1,-8,-5,0,5,4,1,-2,-3,-2,-1,186
912,4,-1,-2,-1,2,-1,-2,-1,2,3,2,1,50
913,2,-3,-4,1,0,-3,0,1,4,1,0,-1,58
914,0,-3,0,-3,0,1,0,1,0,1,0,1,22
915,2,-5,-2,-1,-2,-1,2,3,2,-1,-2,-1,62
916,0,-1,-4,-3,4,1,0,-3,0,1,2,1,58
917,-2,1,-6,-1,2,-1,2,-1,2,-1,0,-1,58
918,0,-3,-2,-5,2,3,2,-1,-2,-1,0,1,62
919,2,-1,-4,-3,0,1,4,1,0,-3,-2,-1,62
920,4,-5,-6,1,4,1,-4,-3,0,3,2,1,134
921,2,-7,-4,3,2,-1,-2,-1,2,1,0,-1,94
922,0,-3,-4,-1,2,3,-2,-1,-2,1,0,1,50
923,2,-5,-2,1,0,1,0,1,0,-1,-2,-1,42
924,4,-5,-8,-1,6,3,-2,-5,-2,1,2,1,190
925,2,-3,-6,1,4,1,0,-3,0,-1,0,-1,78
926,4,-3,-6,-3,4,5,0,-3,-4,-1,0,1,138
927,6,-1,-4,-1,2,3,2,-1,-2,-3,-2,-1,90
928,4,3,-2,-1,-4,-1,-2,1,2,3,2,1,70
929,2,1,-4,-3,-2,-3,0,3,4,1,0,-1,70
930,0,1,-4,1,-6,1,0,3,0,1,0,1,66
931,2,-1,-6,-1,-4,-1,2,5,2,-1,-2,-1,98
932,0,-1,0,-3,-2,1,0,-1,0,1,2,1,22
933,-2,1,-2,-5,0,-1,2,1,2,-1,0,-1,46
934,0,-3,-2,-1,-4,3,2,1,-2,-1,0,1,50
935,2,-1,-4,-3,-2,1,4,3,0,-3,-2,-1,74
936,0,3,-6,1,-2,1,-4,-1,0,3,2,1,82
937,-2,1,-4,-1,0,-1,-2,1,2,1,0,-1,34
938,-4,5,-8,3,-4,3,-2,1,-2,1,0,1,150
939,-2,3,-6,1,-2,1,0,3,0,-1,-2,-1,70
940,0,-1,-4,-1,0,3,-2,-3,-2,1,2,1,50
941,-2,1,-2,-3,2,1,0,-1,0,-1,0,-1,26
942,0,1,-6,1,-2,5,0,-1,-4,-1,0,1,86
943,2,3,-4,-1,0,3,2,1,-2,-3,-2,-1,62
944,4,-1,-2,-1,-2,-3,-4,-1,2,3,2,1,70
945,2,-3,-4,1,0,-5,-2,1,4,1,0,-1,78
946,0,-3,0,1,-4,-1,-2,1,0,1,0,1,34
947,2,-5,-2,3,-2,-3,0,3,2,-1,-2,-1,74
948,0,-1,0,-3,0,-1,-2,-3,0,1,2,1,30
949,-2,1,-2,-1,2,-3,0,-1,2,-1,0,-1,30
950,0,-3,2,-1,-2,1,0,-1,-2,-1,0,1,26
951,2,-1,0,1,0,-1,2,1,0,-3,-2,-1,26
952,4,-1,-6,1,0,-1,-6,-3,0,3,2,1,114
953,2,-3,-4,3,2,-3,-4,-1,2,1,0,-1,74
954,0,1,-4,3,-2,1,-4,-1,-2,1,0,1,54
955,2,-1,-2,5,0,-1,-2,1,0,-1,-2,-1,46
956,4,-1,-4,-1,2,1,-4,-5,-2,1,2,1,90
957,2,1,-2,1,4,-1,-2,-3,0,-1,0,-1,42
958,4,1,-2,1,0,3,-2,-3,-4,-1,0,1,62
959,6,3,0,3,2,1,0,-1,-2,-3,-2,-1,78
960,8,3,-2,-5,-4,-3,0,1,2,3,2,1,146
961,6,1,-4,-7,-6,-1,2,3,4,1,0,-1,170
962,4,1,-4,-7,-2,-1,2,3,0,1,0,1,102
963,6,-1,-6,-9,-4,1,4,5,2,-1,-2,-1,222
964,4,-1,-4,-3,-2,-1,2,-1,0,1,2,1,58
965,2,1,-6,-5,-4,1,4,1,2,-1,0,-1,106
966,4,-3,-6,-5,0,1,4,1,-2,-1,0,1,110
967,6,-1,-8,-7,-2,3,6,3,0,-3,-2,-1,222
968,4,-1,-2,-3,-2,-1,-2,-1,0,3,2,1,54
969,2,-3,0,-5,-4,1,0,1,2,1,0,-1,62
970,0,1,-4,-5,0,1,0,1,-2,1,0,1,50
971,2,-1,-2,-7,-2,3,2,3,0,-1,-2,-1,90
972,4,-5,-4,-1,0,1,0,-3,-2,1,2,1,78
973,2,-3,-2,-3,-2,3,2,-1,0,-1,0,-1,46
974,4,-3,-6,-3,2,3,2,-1,-4,-1,0,1,106
975,6,-1,-4,-5,0,5,4,1,-2,-3,-2,-1,138
976,4,3,-2,-5,-2,-5,-2,-1,2,3,2,1,106
977,2,1,-4,-3,-4,-3,0,1,4,1,0,-1,74
978,0,1,0,-7,0,-3,0,1,0,1,0,1,62
979,2,-1,-2,-5,-2,-1,2,3,2,-1,-2,-1,62
980,0,3,-4,-3,0,-3,0,-3,0,1,2,1,58
981,-2,5,-6,-1,-2,-1,2,-1,2,-1,0,-1,82
982,0,1,-2,-5,2,-1,2,-1,-2,-1,0,1,46
983,2,3,-4,-3,0,1,4,1,0,-3,-2,-1,70
984,4,-1,-2,-3,0,-3,-4,-3,0,3,2,1,78
985,2,-3,0,-1,-2,-1,-2,-1,2,1,0,-1,30
986,0,1,0,-5,2,-1,-2,-1,-2,1,0,1,42
987,2,-1,2,-3,0,1,0,1,0,-1,-2,-1,26
988,4,-1,-4,-1,2,-1,-2,-5,-2,1,2,1,78
989,2,1,-2,1,0,1,0,-3,0,-1,0,-1,22
990,4,1,-2,-3,4,1,0,-3,-4,-1,0,1,74
991,6,3,0,-1,2,3,2,-1,-2,-3,-2,-1,82
992,8,3,-2,-5,-8,-5,-2,1,2,3,2,1,214
993,6,1,-4,-7,-6,-3,0,3,4,1,0,-1,174
994,4,1,-4,-3,-6,-3,0,3,0,1,0,1,98
995,6,-1,-6,-5,-4,-1,2,5,2,-1,-2,-1,154
996,4,-1,0,-3,-6,-3,0,-1,0,1,2,1,78
997,2,1,-2,-5,-4,-1,2,1,2,-1,0,-1,62
998,4,-3,-2,-1,-4,-1,2,1,-2,-1,0,1,58
999,6,-1,-4,-3,-2,1,4,3,0,-3,-2,-1,106
1000,4,3,-2,-3,-6,-3,-4,-1,0,3,2,1,114
1001,2,1,0,-5,-4,-1,-2,1,2,1,0,-1,58
1002,0,5,-4,-1,-4,-1,-2,1,-2,1,0,1,70
1003,2,3,-2,-3,-2,1,0,3,0,-1,-2,-1,46
1004,4,-1,0,-1,-4,-1,-2,-3,-2,1,2,1,58
1005,2,1,2,-3,-2,1,0,-1,0,-1,0,-1,26
1006,4,1,-2,1,-2,1,0,-1,-4,-1,0,1,46
1007,6,3,0,-1,0,3,2,1,-2,-3,-2,-1,78
1008,8,3,-2,-5,-6,-7,-4,-1,2,3,2,1,222
1009,6,1,-4,-3,-4,-5,-2,1,4,1,0,-1,126
1010,4,1,0,-3,-4,-5,-2,1,0,1,0,1,74
1011,6,-1,-2,-1,-2,-3,0,3,2,-1,-2,-1,74
1012,4,3,0,-3,-4,-5,-2,-3,0,1,2,1,94
1013,2,5,-2,-1,-2,-3,0,-1,2,-1,0,-1,54
1014,4,1,2,-1,-2,-3,0,-1,-2,-1,0,1,42
1015,6,3,0,1,0,-1,2,1,0,-3,-2,-1,66
1016,8,3,-2,-3,-4,-5,-6,-3,0,3,2,1,186
1017,6,1,0,-1,-2,-3,-4,-1,2,1,0,-1,74
1018,4,5,0,-1,-2,-3,-4,-1,-2,1,0,1,78
1019,6,3,2,1,0,-1,-2,1,0,-1,-2,-1,62
1020,8,3,0,-1,-2,-3,-4,-5,-2,1,2,1,138
1021,6,5,2,1,0,-1,-2,-3,0,-1,0,-1,82
1022,8,5,2,1,0,-1,-2,-3,-4,-1,0,1,126
1023,10,7,4,3,2,1,0,-1,-2,-3,-2,-1,198
1024,8,7,8,7,6,5,4,3,2,1,2,1,322
1025,6,5,6,5,4,3,2,1,0,3,0,-1,162
1026,4,5,6,5,4,3,2,1,4,-1,0,1,150
1027,6,3,4,3,2,1,0,-1,2,1,-2,-1,86
1028,4,3,6,5,4,3,2,5,0,-1,2,1,146
1029,2,5,4,3,2,1,0,3,-2,1,0,-1,74
1030,4,1,4,3,2,1,0,3,2,-3,0,1,70
1031,6,3,2,1,0,-1,-2,1,0,-1,-2,-1,62
1032,4,3,4,5,4,3,6,1,0,1,2,1,134
1033,2,1,6,3,2,1,4,-1,-2,3,0,-1,86
1034,0,5,2,3,2,1,4,-1,2,-1,0,1,66
1035,2,3,4,1,0,-1,2,-3,0,1,-2,-1,50
1036,4,-1,2,3,2,1,4,3,-2,-1,2,1,70
1037,2,1,4,1,0,-1,2,1,-4,1,0,-1,46
1038,4,1,0,1,0,-1,2,1,0,-3,0,1,34
1039,6,3,2,-1,-2,-3,0,-1,-2,-1,-2,-1,74
1040,4,3,4,3,4,7,2,1,2,1,2,1,130
1041,2,1,2,5,2,5,0,-1,0,3,0,-1,74
1042,0,1,6,1,2,5,0,-1,4,-1,0,1,86
1043,2,-1,4,3,0,3,-2,-3,2,1,-2,-1,62
1044,0,3,2,1,2,5,0,3,0,-1,2,1,58
1045,-2,5,0,3,0,3,-2,1,-2,1,0,-1,58
1046,0,1,4,-1,0,3,-2,1,2,-3,0,1,46
1047,2,3,2,1,-2,1,-4,-1,0,-1,-2,-1,46
1048,4,-1,0,1,2,5,4,-1,0,1,2,1,70
1049,2,-3,2,3,0,3,2,-3,-2,3,0,-1,62
1050,0,1,2,-1,0,3,2,-3,2,-1,0,1,34
1051,2,-1,4,1,-2,1,0,-5,0,1,-2,-1,58
1052,4,-1,-2,-1,0,3,2,1,-2,-1,2,1,46
1053,2,1,0,1,-2,1,0,-1,-4,1,0,-1,30
1054,4,1,0,-3,-2,1,0,-1,0,-3,0,1,42
1055,6,3,2,-1,-4,-1,-2,-3,-2,-1,-2,-1,90
1056,4,3,4,3,6,3,2,3,2,1,2,1,118
1057,2,1,2,1,8,1,0,1,0,3,0,-1,86
1058,0,1,2,5,4,1,0,1,4,-1,0,1,66
1059,2,-1,0,3,6,-1,-2,-1,2,1,-2,-1,66
1060,0,-1,6,1,4,1,0,5,0,-1,2,1,86
1061,-2,1,4,-1,6,-1,-2,3,-2,1,0,-1,78
1062,0,-3,4,3,2,-1,-2,3,2,-3,0,1,66
1063,2,-1,2,1,4,-3,-4,1,0,-1,-2,-1,58
1064,0,3,0,1,4,1,4,1,0,1,2,1,50
1065,-2,1,2,-1,6,-1,2,-1,-2,3,0,-1,66
1066,-4,5,-2,3,2,-1,2,-1,2,-1,0,1,70
1067,-2,3,0,1,4,-3,0,-3,0,1,-2,-1,54
1068,0,-1,2,-1,2,-1,2,3,-2,-1,2,1,34
1069,-2,1,4,-3,4,-3,0,1,-4,1,0,-1,74
1070,0,1,0,1,0,-3,0,1,0,-3,0,1,22
1071,2,3,2,-1,2,-5,-2,-1,-2,-1,-2,-1,62
1072,4,-1,0,-1,4,5,0,1,2,1,2,1,70
1073,2,-3,-2,1,6,3,-2,-1,0,3,0,-1,78
1074,0,-3,2,1,2,3,-2,-1,4,-1,0,1,50
1075,2,-5,0,3,4,1,-4,-3,2,1,-2,-1,90
1076,0,-1,2,-3,2,3,-2,3,0,-1,2,1,46
1077,-2,1,0,-1,4,1,-4,1,-2,1,0,-1,46
1078,0,-3,4,-1,0,1,-4,1,2,-3,0,1,58
1079,2,-1,2,1,2,-1,-6,-1,0,-1,-2,-1,58
1080,4,-1,-4,-3,2,3,2,-1,0,1,2,1,66
1081,2,-3,-2,-1,4,1,0,-3,-2,3,0,-1,58
1082,0,1,-2,-1,0,1,0,-3,2,-1,0,1,22
1083,2,-1,0,1,2,-1,-2,-5,0,1,-2,-1,46
1084,4,-1,-2,-5,0,1,0,1,-2,-1,2,1,58
1085,2,1,0,-3,2,-1,-2,-1,-4,1,0,-1,42
1086,4,1,0,-3,-2,-1,-2,-1,0,-3,0,1,46
1087,6,3,2,-1,0,-3,-4,-3,-2,-1,-2,-1,94
1088,4,3,4,7,2,1,4,3,2,1,2,1,130
1089,2,1,2,5,0,3,2,1,0,3,0,-1,58
1090,0,1,2,5,4,-1,2,1,4,-1,0,1,70
1091,2,-1,0,3,2,1,0,-1,2,1,-2,-1,30
1092,0,-1,2,9,0,-1,2,5,0,-1,2,1,122
1093,-2,1,0,7,-2,1,0,3,-2,1,0,-1,74
1094,0,-3,0,7,2,-3,0,3,2,-3,0,1,94
1095,2,-1,-2,5,0,-1,-2,1,0,-1,-2,-1,46
1096,0,-1,4,5,0,-1,6,1,0,1,2,1,86
1097,-2,-3,6,3,-2,1,4,-1,-2,3,0,-1,94
1098,-4,1,2,3,2,-3,4,-1,2,-1,0,1,66
1099,-2,-1,4,1,0,-1,2,-3,0,1,-2,-1,42
1100,0,-5,2,7,-2,-3,4,3,-2,-1,2,1,126
1101,-2,-3,4,5,-4,-1,2,1,-4,1,0,-1,94
1102,0,-3,0,5,0,-5,2,1,0,-3,0,1,74
1103,2,-1,2,3,-2,-3,0,-1,-2,-1,-2,-1,42
1104,0,3,0,3,0,3,2,1,2,1,2,1,42
1105,-2,1,-2,5,-2,5,0,-1,0,3,0,-1,74
1106,-4,1,2,1,2,1,0,-1,4,-1,0,1,46
1107,-2,-1,0,3,0,3,-2,-3,2,1,-2,-1,46
1108,-4,3,-2,5,-2,1,0,3,0,-1,2,1,74
1109,-6,5,-4,7,-4,3,-2,1,-2,1,0,-1,162
1110,-4,1,0,3,0,-1,-2,1,2,-3,0,1,46
1111,-2,3,-2,5,-2,1,-4,-1,0,-1,-2,-1,70
1112,0,-1,0,1,-2,1,4,-1,0,1,2,1,30
1113,-2,-3,2,3,-4,3,2,-3,-2,3,0,-1,78
1114,-4,1,2,-1,0,-1,2,-3,2,-1,0,1,42
1115,-2,-1,4,1,-2,1,0,-5,0,1,-2,-1,58
1116,0,-1,-2,3,-4,-1,2,1,-2,-1,2,1,46
1117,-2,1,0,5,-6,1,0,-1,-4,1,0,-1,86
1118,0,1,0,1,-2,-3,0,-1,0,-3,0,1,26
1119,2,3,2,3,-4,-1,-2,-3,-2,-1,-2,-1,66
1120,4,-1,0,3,2,-1,2,3,2,1,2,1,54
1121,2,-3,-2,1,4,1,0,1,0,3,0,-1,46
1122,0,-3,-2,5,4,-3,0,1,4,-1,0,1,82
1123,2,-5,-4,3,6,-1,-2,-1,2,1,-2,-1,106
1124,0,-5,2,5,0,-3,0,5,0,-1,2,1,94
1125,-2,-3,0,3,2,-1,-2,3,-2,1,0,-1,46
1126,0,-7,0,7,2,-5,-2,3,2,-3,0,1,154
1127,2,-5,-2,5,4,-3,-4,1,0,-1,-2,-1,106
1128,0,-1,0,1,0,-3,4,1,0,1,2,1,34
1129,-2,-3,2,-1,2,-1,2,-1,-2,3,0,-1,42
1130,-4,1,-2,3,2,-5,2,-1,2,-1,0,1,70
1131,-2,-1,0,1,4,-3,0,-3,0,1,-2,-1,46
1132,0,-5,2,3,-2,-5,2,3,-2,-1,2,1,90
1133,-2,-3,4,1,0,-3,0,1,-4,1,0,-1,58
1134,0,-3,0,5,0,-7,0,1,0,-3,0,1,94
1135,2,-1,2,3,2,-5,-2,-1,-2,-1,-2,-1,62
1136,4,-1,-4,-1,0,1,0,1,2,1,2,1,46
1137,2,-3,-6,1,2,3,-2,-1,0,3,0,-1,78
1138,0,-3,-2,1,2,-1,-2,-1,4,-1,0,1,42
1139,2,-5,-4,3,4,1,-4,-3,2,1,-2,-1,106
1140,0,-1,-2,1,-2,-1,-2,3,0,-1,2,1,30
1141,-2,1,-4,3,0,1,-4,1,-2,1,0,-1,54
1142,0,-3,0,3,0,-3,-4,1,2,-3,0,1,58
1143,2,-1,-2,5,2,-1,-6,-1,0,-1,-2,-1,82
1144,4,-1,-4,-3,-2,-1,2,-1,0,1,2,1,58
1145,2,-3,-2,-1,0,1,0,-3,-2,3,0,-1,42
1146,0,1,-2,-1,0,-3,0,-3,2,-1,0,1,30
1147,2,-1,0,1,2,-1,-2,-5,0,1,-2,-1,46
1148,4,-1,-2,-1,-4,-3,0,1,-2,-1,2,1,58
1149,2,1,0,1,-2,-1,-2,-1,-4,1,0,-1,34
1150,4,1,0,1,-2,-5,-2,-1,0,-3,0,1,62
1151,6,3,2,3,0,-3,-4,-3,-2,-1,-2,-1,102
1152,4,3,8,3,2,3,2,3,2,1,2,1,134
1153,2,1,6,1,0,1,4,1,0,3,0,-1,70
1154,0,1,6,1,0,5,0,1,4,-1,0,1,82
1155,2,-1,4,-1,-2,3,2,-1,2,1,-2,-1,50
1156,0,-1,6,1,4,1,0,5,0,-1,2,1,86
1157,-2,1,4,-1,2,-1,2,3,-2,1,0,-1,46
1158,0,-3,4,-1,2,3,-2,3,2,-3,0,1,66
1159,2,-1,2,-3,0,1,0,1,0,-1,-2,-1,26
1160,0,-1,4,5,0,1,4,1,0,1,2,1,66
1161,-2,-3,6,3,-2,-1,6,-1,-2,3,0,-1,114
1162,-4,1,2,3,-2,3,2,-1,2,-1,0,1,54
1163,-2,-1,4,1,-4,1,4,-3,0,1,-2,-1,70
1164,0,-5,2,3,2,-1,2,3,-2,-1,2,1,66
1165,-2,-3,4,1,0,-3,4,1,-4,1,0,-1,74
1166,0,-3,0,1,0,1,0,1,0,-3,0,1,22
1167,2,-1,2,-1,-2,-1,2,-1,-2,-1,-2,-1,30
1168,0,-1,8,-1,0,5,0,1,2,1,2,1,102
1169,-2,-3,6,1,-2,3,2,-1,0,3,0,-1,78
1170,-4,-3,10,-3,-2,7,-2,-1,4,-1,0,1,210
1171,-2,-5,8,-1,-4,5,0,-3,2,1,-2,-1,154
1172,-4,-1,6,-3,2,3,-2,3,0,-1,2,1,94
1173,-6,1,4,-1,0,1,0,1,-2,1,0,-1,62
1174,-4,-3,8,-5,0,5,-4,1,2,-3,0,1,170
1175,-2,-1,6,-3,-2,3,-2,-1,0,-1,-2,-1,74
1176,0,-5,4,1,-2,3,2,-1,0,1,2,1,66
1177,-2,-7,6,3,-4,1,4,-3,-2,3,0,-1,154
1178,-4,-3,6,-1,-4,5,0,-3,2,-1,0,1,118
1179,-2,-5,8,1,-6,3,2,-5,0,1,-2,-1,174
1180,0,-5,2,-1,0,1,0,1,-2,-1,2,1,42
1181,-2,-3,4,1,-2,-1,2,-1,-4,1,0,-1,58
1182,0,-3,4,-3,-2,3,-2,-1,0,-3,0,1,62
1183,2,-1,6,-1,-4,1,0,-3,-2,-1,-2,-1,78
1184,0,3,4,-1,2,1,0,3,2,1,2,1,50
1185,-2,1,2,-3,4,-1,2,1,0,3,0,-1,50
1186,-4,1,2,1,0,3,-2,1,4,-1,0,1,54
1187,-2,-1,0,-1,2,1,0,-1,2,1,-2,-1,22
1188,-4,-1,6,-3,4,-1,-2,5,0,-1,2,1,114
1189,-6,1,4,-5,6,-3,0,3,-2,1,0,-1,138
1190,-4,-3,4,-1,2,1,-4,3,2,-3,0,1,86
1191,-2,-1,2,-3,4,-1,-2,1,0,-1,-2,-1,46
1192,-4,3,0,1,0,-1,2,1,0,1,2,1,38
1193,-6,1,2,-1,2,-3,4,-1,-2,3,0,-1,86
1194,-8,5,-2,3,-2,1,0,-1,2,-1,0,1,114
1195,-6,3,0,1,0,-1,2,-3,0,1,-2,-1,66
1196,-4,-1,2,-1,2,-3,0,3,-2,-1,2,1,54
1197,-6,1,4,-3,4,-5,2,1,-4,1,0,-1,126
1198,-4,1,0,1,0,-1,-2,1,0,-3,0,1,34
1199,-2,3,2,-1,2,-3,0,-1,-2,-1,-2,-1,42
1200,0,-1,4,-5,0,3,-2,1,2,1,2,1,66
1201,-2,-3,2,-3,2,1,0,-1,0,3,0,-1,42
1202,-4,-3,6,-3,-2,5,-4,-1,4,-1,0,1,134
1203,-2,-5,4,-1,0,3,-2,-3,2,1,-2,-1,78
1204,-4,-1,6,-7,2,1,-4,3,0,-1,2,1,138
1205,-6,1,4,-5,4,-1,-2,1,-2,1,0,-1,106
1206,-4,-3,8,-5,0,3,-6,1,2,-3,0,1,174
1207,-2,-1,6,-3,2,1,-4,-1,0,-1,-2,-1,78
1208,0,-1,0,-3,-2,1,0,-1,0,1,2,1,22
1209,-2,-3,2,-1,0,-1,2,-3,-2,3,0,-1,46
1210,-4,1,2,-1,-4,3,-2,-3,2,-1,0,1,66
1211,-2,-1,4,1,-2,1,0,-5,0,1,-2,-1,58
1212,0,-1,2,-5,0,-1,-2,1,-2,-1,2,1,46
1213,-2,1,4,-3,2,-3,0,-1,-4,1,0,-1,62
1214,0,1,4,-3,-2,1,-4,-1,0,-3,0,1,58
1215,2,3,6,-1,0,-1,-2,-3,-2,-1,-2,-1,74
1216,4,-1,4,3,-2,-1,2,3,2,1,2,1,70
1217,2,-3,2,1,-4,1,4,1,0,3,0,-1,62
1218,0,-3,2,1,0,1,0,1,4,-1,0,1,34
1219,2,-5,0,-1,-2,3,2,-1,2,1,-2,-1,58
1220,0,-5,2,5,0,-3,0,5,0,-1,2,1,94
1221,-2,-3,0,3,-2,-1,2,3,-2,1,0,-1,46
1222,0,-7,0,3,2,-1,-2,3,2,-3,0,1,90
1223,2,-5,-2,1,0,1,0,1,0,-1,-2,-1,42
1224,0,-5,4,5,-4,-3,4,1,0,1,2,1,114
1225,-2,-7,6,3,-6,-1,6,-1,-2,3,0,-1,186
1226,-4,-3,2,3,-2,-1,2,-1,2,-1,0,1,54
1227,-2,-5,4,1,-4,1,4,-3,0,1,-2,-1,94
1228,0,-9,2,7,-2,-5,2,3,-2,-1,2,1,186
1229,-2,-7,4,5,-4,-3,4,1,-4,1,0,-1,154
1230,0,-7,0,5,0,-3,0,1,0,-3,0,1,94
1231,2,-5,2,3,-2,-1,2,-1,-2,-1,-2,-1,62
1232,0,-1,4,-1,-4,1,0,1,2,1,2,1,46
1233,-2,-3,2,1,-6,3,2,-1,0,3,0,-1,78
1234,-4,-3,6,-3,-2,3,-2,-1,4,-1,0,1,106
1235,-2,-5,4,-1,-4,5,0,-3,2,1,-2,-1,106
1236,-4,-1,2,1,-2,-1,-2,3,0,-1,2,1,46
1237,-6,1,0,3,-4,1,0,1,-2,1,0,-1,70
1238,-4,-3,4,-1,0,1,-4,1,2,-3,0,1,74
1239,-2,-1,2,1,-2,3,-2,-1,0,-1,-2,-1,34
1240,0,-5,4,1,-6,-1,2,-1,0,1,2,1,90
1241,-2,-7,6,3,-8,1,4,-3,-2,3,0,-1,202
1242,-4,-3,6,-1,-4,1,0,-3,2,-1,0,1,94
1243,-2,-5,8,1,-6,3,2,-5,0,1,-2,-1,174
1244,0,-5,2,3,-4,-3,0,1,-2,-1,2,1,74
1245,-2,-3,4,5,-6,-1,2,-1,-4,1,0,-1,114
1246,0,-3,4,1,-2,-1,-2,-1,0,-3,0,1,46
1247,2,-1,6,3,-4,1,0,-3,-2,-1,-2,-1,86
1248,4,-1,0,-1,-2,-3,0,3,2,1,2,1,50
1249,2,-3,-2,-3,0,-1,2,1,0,3,0,-1,42
1250,0,-3,-2,1,0,-1,-2,1,4,-1,0,1,38
1251,2,-5,-4,-1,2,1,0,-1,2,1,-2,-1,62
1252,0,-5,2,1,0,-5,-2,5,0,-1,2,1,90
1253,-2,-3,0,-1,2,-3,0,3,-2,1,0,-1,42
1254,0,-7,0,3,2,-3,-4,3,2,-3,0,1,110
1255,2,-5,-2,1,4,-1,-2,1,0,-1,-2,-1,62
1256,0,-1,0,1,-4,-5,2,1,0,1,2,1,54
1257,-2,-3,2,-1,-2,-3,4,-1,-2,3,0,-1,62
1258,-4,1,-2,3,-2,-3,0,-1,2,-1,0,1,50
1259,-2,-1,0,1,0,-1,2,-3,0,1,-2,-1,26
1260,0,-5,2,3,-2,-7,0,3,-2,-1,2,1,110
1261,-2,-3,4,1,0,-5,2,1,-4,1,0,-1,78
1262,0,-3,0,5,0,-5,-2,1,0,-3,0,1,74
1263,2,-1,2,3,2,-3,0,-1,-2,-1,-2,-1,42
1264,4,-1,0,-5,-4,-1,-2,1,2,1,2,1,74
1265,2,-3,-2,-3,-2,1,0,-1,0,3,0,-1,42
1266,0,-3,2,-3,-2,1,-4,-1,4,-1,0,1,62
1267,2,-5,0,-1,0,3,-2,-3,2,1,-2,-1,62
1268,0,-1,2,-3,-2,-3,-4,3,0,-1,2,1,58
1269,-2,1,0,-1,0,-1,-2,1,-2,1,0,-1,18
1270,0,-3,4,-1,0,-1,-6,1,2,-3,0,1,78
1271,2,-1,2,1,2,1,-4,-1,0,-1,-2,-1,38
1272,4,-1,0,-3,-6,-3,0,-1,0,1,2,1,78
1273,2,-3,2,-1,-4,-1,2,-3,-2,3,0,-1,62
1274,0,1,2,-1,-4,-1,-2,-3,2,-1,0,1,42
1275,2,-1,4,1,-2,1,0,-5,0,1,-2,-1,58
1276,4,-1,2,-1,-4,-5,-2,1,-2,-1,2,1,78
1277,2,1,4,1,-2,-3,0,-1,-4,1,0,-1,54
1278,4,1,4,1,-2,-3,-4,-1,0,-3,0,1,74
1279,6,3,6,3,0,-1,-2,-3,-2,-1,-2,-1,114
1280,4,7,4,3,4,3,2,1,2,1,2,1,130
1281,2,5,2,1,2,1,0,3,0,3,0,-1,58
1282,0,5,2,1,2,1,4,-1,4,-1,0,1,70
1283,2,3,0,-1,0,-1,2,1,2,1,-2,-1,30
1284,0,3,2,1,2,5,0,3,0,-1,2,1,58
1285,-2,5,0,-1,0,3,-2,5,-2,1,0,-1,74
1286,0,1,0,-1,0,3,2,1,2,-3,0,1,30
1287,2,3,-2,-3,-2,1,0,3,0,-1,-2,-1,46
1288,0,3,0,1,6,1,4,-1,0,1,2,1,70
1289,-2,1,2,-1,4,-1,2,1,-2,3,0,-1,46
1290,-4,5,-2,-1,4,-1,6,-3,2,-1,0,1,114
1291,-2,3,0,-3,2,-3,4,-1,0,1,-2,-1,58
1292,0,-1,-2,-1,4,3,2,1,-2,-1,2,1,46
1293,-2,1,0,-3,2,1,0,3,-4,1,0,-1,46
1294,0,1,-4,-3,2,1,4,-1,0,-3,0,1,58
1295,2,3,-2,-5,0,-1,2,1,-2,-1,-2,-1,58
1296,0,3,0,3,2,5,0,-1,2,1,2,1,58
1297,-2,1,-2,5,0,3,-2,1,0,3,0,-1,58
1298,-4,1,2,1,0,3,2,-3,4,-1,0,1,62
1299,-2,-1,0,3,-2,1,0,-1,2,1,-2,-1,30
1300,-4,3,-2,1,0,7,-2,1,0,-1,2,1,90
1301,-6,5,-4,3,-2,5,-4,3,-2,1,0,-1,146
1302,-4,1,0,-1,-2,5,0,-1,2,-3,0,1,62
1303,-2,3,-2,1,-4,3,-2,1,0,-1,-2,-1,54
1304,0,-1,-4,1,4,3,2,-3,0,1,2,1,62
1305,-2,-3,-2,3,2,1,0,-1,-2,3,0,-1,46
1306,-4,1,-2,-1,2,1,4,-5,2,-1,0,1,74
1307,-2,-1,0,1,0,-1,2,-3,0,1,-2,-1,26
1308,0,-1,-6,-1,2,5,0,-1,-2,-1,2,1,78
1309,-2,1,-4,1,0,3,-2,1,-4,1,0,-1,54
1310,0,1,-4,-3,0,3,2,-3,0,-3,0,1,58
1311,2,3,-2,-1,-2,1,0,-1,-2,-1,-2,-1,34
1312,0,3,4,-1,4,1,0,1,2,1,2,1,54
1313,-2,1,2,-3,6,-1,-2,3,0,3,0,-1,78
1314,-4,1,2,1,2,-1,2,-1,4,-1,0,1,50
1315,-2,-1,0,-1,4,-3,0,1,2,1,-2,-1,42
1316,-4,-1,6,-3,2,3,-2,3,0,-1,2,1,94
1317,-6,1,4,-5,4,1,-4,5,-2,1,0,-1,142
1318,-4,-3,4,-1,0,1,0,1,2,-3,0,1,58
1319,-2,-1,2,-3,2,-1,-2,3,0,-1,-2,-1,42
1320,-4,3,0,-3,6,-1,2,-1,0,1,2,1,82
1321,-6,1,2,-5,8,-3,0,1,-2,3,0,-1,154
1322,-8,5,-2,-1,4,-3,4,-3,2,-1,0,1,150
1323,-6,3,0,-3,6,-5,2,-1,0,1,-2,-1,126
1324,-4,-1,2,-5,4,1,0,1,-2,-1,2,1,74
1325,-6,1,4,-7,6,-1,-2,3,-4,1,0,-1,170
1326,-4,1,0,-3,2,-1,2,-1,0,-3,0,1,46
1327,-2,3,2,-5,4,-3,0,1,-2,-1,-2,-1,78
1328,0,-1,0,-1,2,3,-2,-1,2,1,2,1,30
1329,-2,-3,-2,1,4,1,-4,1,0,3,0,-1,62
1330,-4,-3,2,1,0,1,0,-3,4,-1,0,1,58
1331,-2,-5,0,3,2,-1,-2,-1,2,1,-2,-1,58
1332,-4,-1,2,-3,0,5,-4,1,0,-1,2,1,78
1333,-6,1,0,-1,2,3,-6,3,-2,1,0,-1,102
1334,-4,-3,4,-1,-2,3,-2,-1,2,-3,0,1,74
1335,-2,-1,2,1,0,1,-4,1,0,-1,-2,-1,34
1336,0,-1,-4,-3,4,1,0,-3,0,1,2,1,58
1337,-2,-3,-2,-1,6,-1,-2,-1,-2,3,0,-1,74
1338,-4,1,-2,-1,2,-1,2,-5,2,-1,0,1,62
1339,-2,-1,0,1,4,-3,0,-3,0,1,-2,-1,46
1340,0,-1,-2,-5,2,3,-2,-1,-2,-1,2,1,58
1341,-2,1,0,-3,4,1,-4,1,-4,1,0,-1,66
1342,0,1,0,-3,0,1,0,-3,0,-3,0,1,30
1343,2,3,2,-1,2,-1,-2,-1,-2,-1,-2,-1,38
1344,0,7,0,3,0,-1,2,1,2,1,2,1,74
1345,-2,5,-2,1,-2,1,0,3,0,3,0,-1,58
1346,-4,5,-2,1,2,-3,4,-1,4,-1,0,1,94
1347,-2,3,-4,-1,0,-1,2,1,2,1,-2,-1,46
1348,-4,3,-2,5,-2,1,0,3,0,-1,2,1,74
1349,-6,5,-4,3,-4,3,-2,5,-2,1,0,-1,146
1350,-4,1,-4,3,0,-1,2,1,2,-3,0,1,62
1351,-2,3,-6,1,-2,1,0,3,0,-1,-2,-1,70
1352,-4,3,0,1,2,-3,4,-1,0,1,2,1,62
1353,-6,1,2,-1,0,-1,2,1,-2,3,0,-1,62
1354,-8,5,-2,-1,4,-5,6,-3,2,-1,0,1,186
1355,-6,3,0,-3,2,-3,4,-1,0,1,-2,-1,90
1356,-4,-1,-2,3,0,-1,2,1,-2,-1,2,1,46
1357,-6,1,0,1,-2,1,0,3,-4,1,0,-1,70
1358,-4,1,-4,1,2,-3,4,-1,0,-3,0,1,74
1359,-2,3,-2,-1,0,-1,2,1,-2,-1,-2,-1,34
1360,-4,7,-4,3,-2,1,0,-1,2,1,2,1,106
1361,-6,5,-6,5,-4,3,-2,1,0,3,0,-1,162
1362,-8,5,-2,1,0,-1,2,-3,4,-1,0,1,126
1363,-6,3,-4,3,-2,1,0,-1,2,1,-2,-1,86
1364,-8,7,-6,5,-4,3,-2,1,0,-1,2,1,210
1365,-10,9,-8,7,-6,5,-4,3,-2,1,0,-1,386
1366,-8,5,-4,3,-2,1,0,-1,2,-3,0,1,134
1367,-6,7,-6,5,-4,3,-2,1,0,-1,-2,-1,182
1368,-4,3,-4,1,0,-1,2,-3,0,1,2,1,62
1369,-6,1,-2,3,-2,1,0,-1,-2,3,0,-1,70
1370,-8,5,-2,-1,2,-3,4,-5,2,-1,0,1,154
1371,-6,3,0,1,0,-1,2,-3,0,1,-2,-1,66
1372,-4,3,-6,3,-2,1,0,-1,-2,-1,2,1,86
1373,-6,5,-4,5,-4,3,-2,1,-4,1,0,-1,150
1374,-4,5,-4,1,0,-1,2,-3,0,-3,0,1,82
1375,-2,7,-2,3,-2,1,0,-1,-2,-1,-2,-1,82
1376,0,3,0,-1,0,-3,0,1,2,1,2,1,30
1377,-2,1,-2,-3,2,-1,-2,3,0,3,0,-1,46
1378,-4,1,-2,1,2,-5,2,-1,4,-1,0,1,74
1379,-2,-1,-4,-1,4,-3,0,1,2,1,-2,-1,58
1380,-4,-1,2,1,-2,-1,-2,3,0,-1,2,1,46
1381,-6,1,0,-1,0,1,-4,5,-2,1,0,-1,86
1382,-4,-3,0,3,0,-3,0,1,2,-3,0,1,58
1383,-2,-1,-2,1,2,-1,-2,3,0,-1,-2,-1,34
1384,-4,3,0,-3,2,-5,2,-1,0,1,2,1,74
1385,-6,1,2,-5,4,-3,0,1,-2,3,0,-1,106
1386,-8,5,-2,-1,4,-7,4,-3,2,-1,0,1,190
1387,-6,3,0,-3,6,-5,2,-1,0,1,-2,-1,126
1388,-4,-1,2,-1,0,-3,0,1,-2,-1,2,1,42
1389,-6,1,4,-3,2,-1,-2,3,-4,1,0,-1,98
1390,-4,1,0,1,2,-5,2,-1,0,-3,0,1,62
1391,-2,3,2,-1,4,-3,0,1,-2,-1,-2,-1,54
1392,0,3,-4,-1,-2,-1,-2,-1,2,1,2,1,46
1393,-2,1,-6,1,0,1,-4,1,0,3,0,-1,70
1394,-4,1,-2,1,0,-3,0,-3,4,-1,0,1,58
1395,-2,-1,-4,3,2,-1,-2,-1,2,1,-2,-1,50
1396,-4,3,-2,1,-4,1,-4,1,0,-1,2,1,70
1397,-6,5,-4,3,-2,3,-6,3,-2,1,0,-1,150
1398,-4,1,0,3,-2,-1,-2,-1,2,-3,0,1,50
1399,-2,3,-2,5,0,1,-4,1,0,-1,-2,-1,66
1400,0,3,-4,-3,0,-3,0,-3,0,1,2,1,58
1401,-2,1,-2,-1,2,-1,-2,-1,-2,3,0,-1,34
1402,-4,5,-2,-1,2,-5,2,-5,2,-1,0,1,110
1403,-2,3,0,1,4,-3,0,-3,0,1,-2,-1,54
1404,0,3,-2,-1,-2,-1,-2,-1,-2,-1,2,1,34
1405,-2,5,0,1,0,1,-4,1,-4,1,0,-1,66
1406,0,5,0,1,0,-3,0,-3,0,-3,0,1,54
1407,2,7,2,3,2,-1,-2,-1,-2,-1,-2,-1,86
1408,4,3,4,-1,0,1,0,1,2,1,2,1,54
1409,2,1,2,-3,-2,-1,2,3,0,3,0,-1,46
1410,0,1,2,-3,-2,3,2,-1,4,-1,0,1,50
1411,2,-1,0,-5,-4,1,4,1,2,1,-2,-1,74
1412,0,-1,2,-3,2,3,-2,3,0,-1,2,1,46
1413,-2,1,0,-5,0,1,0,5,-2,1,0,-1,62
1414,0,-3,0,-5,0,5,0,1,2,-3,0,1,74
1415,2,-1,-2,-7,-2,3,2,3,0,-1,-2,-1,90
1416,0,-1,0,1,2,-1,2,-1,0,1,2,1,18
1417,-2,-3,2,-1,0,-3,4,1,-2,3,0,-1,58
1418,-4,1,-2,-1,0,1,4,-3,2,-1,0,1,54
1419,-2,-1,0,-3,-2,-1,6,-1,0,1,-2,-1,62
1420,0,-5,-2,-1,4,1,0,1,-2,-1,2,1,58
1421,-2,-3,0,-3,2,-1,2,3,-4,1,0,-1,58
1422,0,-3,-4,-3,2,3,2,-1,0,-3,0,1,62
1423,2,-1,-2,-5,0,1,4,1,-2,-1,-2,-1,62
1424,0,-1,4,-1,-2,3,-2,-1,2,1,2,1,46
1425,-2,-3,2,1,-4,1,0,1,0,3,0,-1,46
1426,-4,-3,6,-3,-4,5,0,-3,4,-1,0,1,138
1427,-2,-5,4,-1,-6,3,2,-1,2,1,-2,-1,106
1428,-4,-1,2,-3,0,5,-4,1,0,-1,2,1,78
1429,-6,1,0,-1,-2,3,-2,3,-2,1,0,-1,70
1430,-4,-3,4,-5,-2,7,-2,-1,2,-3,0,1,138
1431,-2,-1,2,-3,-4,5,0,1,0,-1,-2,-1,66
1432,0,-5,0,1,0,1,0,-3,0,1,2,1,42
1433,-2,-7,2,3,-2,-1,2,-1,-2,3,0,-1,90
1434,-4,-3,2,-1,-2,3,2,-5,2,-1,0,1,78
1435,-2,-5,4,1,-4,1,4,-3,0,1,-2,-1,94
1436,0,-5,-2,-1,2,3,-2,-1,-2,-1,2,1,58
1437,-2,-3,0,1,0,1,0,1,-4,1,0,-1,34
1438,0,-3,0,-3,0,5,0,-3,0,-3,0,1,62
1439,2,-1,2,-1,-2,3,2,-1,-2,-1,-2,-1,38
1440,0,3,4,-5,0,-1,-2,1,2,1,2,1,66
1441,-2,1,2,-7,2,-3,0,3,0,3,0,-1,90
1442,-4,1,2,-3,-2,1,0,-1,4,-1,0,1,54
1443,-2,-1,0,-5,0,-1,2,1,2,1,-2,-1,46
1444,-4,-1,6,-7,2,1,-4,3,0,-1,2,1,138
1445,-6,1,4,-9,4,-1,-2,5,-2,1,0,-1,186
1446,-4,-3,4,-5,0,3,-2,1,2,-3,0,1,94
1447,-2,-1,2,-7,2,1,0,3,0,-1,-2,-1,78
1448,-4,3,0,-3,2,-3,0,-1,0,1,2,1,54
1449,-6,1,2,-5,4,-5,2,1,-2,3,0,-1,126
1450,-8,5,-2,-1,0,-1,2,-3,2,-1,0,1,114
1451,-6,3,0,-3,2,-3,4,-1,0,1,-2,-1,90
1452,-4,-1,2,-5,4,-1,-2,1,-2,-1,2,1,78
1453,-6,1,4,-7,6,-3,0,3,-4,1,0,-1,174
1454,-4,1,0,-3,2,1,0,-1,0,-3,0,1,42
1455,-2,3,2,-5,4,-1,2,1,-2,-1,-2,-1,74
1456,0,-1,4,-5,-2,1,-4,-1,2,1,2,1,74
1457,-2,-3,2,-3,0,-1,-2,1,0,3,0,-1,42
1458,-4,-3,6,-3,-4,3,-2,-3,4,-1,0,1,126
1459,-2,-5,4,-1,-2,1,0,-1,2,1,-2,-1,62
1460,-4,-1,6,-7,0,3,-6,1,0,-1,2,1,154
1461,-6,1,4,-5,2,1,-4,3,-2,1,0,-1,114
1462,-4,-3,8,-5,-2,5,-4,-1,2,-3,0,1,174
1463,-2,-1,6,-3,0,3,-2,1,0,-1,-2,-1,70
1464,0,-1,0,-3,0,-1,-2,-3,0,1,2,1,30
1465,-2,-3,2,-1,2,-3,0,-1,-2,3,0,-1,46
1466,-4,1,2,-1,-2,1,0,-5,2,-1,0,1,58
1467,-2,-1,4,1,0,-1,2,-3,0,1,-2,-1,42
1468,0,-1,2,-5,2,1,-4,-1,-2,-1,2,1,62
1469,-2,1,4,-3,4,-1,-2,1,-4,1,0,-1,70
1470,0,1,4,-3,0,3,-2,-3,0,-3,0,1,58
1471,2,3,6,-1,2,1,0,-1,-2,-1,-2,-1,66
1472,4,3,0,-1,-4,-3,0,1,2,1,2,1,62
1473,2,1,-2,-3,-6,-1,2,3,0,3,0,-1,78
1474,0,1,-2,-3,-2,-1,2,-1,4,-1,0,1,42
1475,2,-1,-4,-5,-4,1,4,1,2,1,-2,-1,90
1476,0,-1,-2,1,-2,-1,-2,3,0,-1,2,1,30
1477,-2,1,-4,-1,-4,1,0,5,-2,1,0,-1,70
1478,0,-3,-4,-1,0,1,0,1,2,-3,0,1,42
1479,2,-1,-6,-3,-2,3,2,3,0,-1,-2,-1,82
1480,0,-1,0,1,-2,-5,2,-1,0,1,2,1,42
1481,-2,-3,2,-1,-4,-3,4,1,-2,3,0,-1,74
1482,-4,1,-2,-1,0,-3,4,-3,2,-1,0,1,62
1483,-2,-1,0,-3,-2,-1,6,-1,0,1,-2,-1,62
1484,0,-5,-2,3,0,-3,0,1,-2,-1,2,1,58
1485,-2,-3,0,1,-2,-1,2,3,-4,1,0,-1,50
1486,0,-3,-4,1,2,-1,2,-1,0,-3,0,1,46
1487,2,-1,-2,-1,0,1,4,1,-2,-1,-2,-1,38
1488,0,3,0,-1,-6,-1,-2,-1,2,1,2,1,62
1489,-2,1,-2,1,-8,1,0,1,0,3,0,-1,86
1490,-4,1,2,-3,-4,1,0,-3,4,-1,0,1,74
1491,-2,-1,0,-1,-6,3,2,-1,2,1,-2,-1,66
1492,-4,3,-2,1,-4,1,-4,1,0,-1,2,1,70
1493,-6,5,-4,3,-6,3,-2,3,-2,1,0,-1,150
1494,-4,1,0,-1,-2,3,-2,-1,2,-3,0,1,50
1495,-2,3,-2,1,-4,5,0,1,0,-1,-2,-1,66
1496,0,-1,0,1,-4,-3,0,-3,0,1,2,1,42
1497,-2,-3,2,3,-6,-1,2,-1,-2,3,0,-1,82
1498,-4,1,2,-1,-2,-1,2,-5,2,-1,0,1,62
1499,-2,-1,4,1,-4,1,4,-3,0,1,-2,-1,70
1500,0,-1,-2,3,-2,-1,-2,-1,-2,-1,2,1,34
1501,-2,1,0,5,-4,1,0,1,-4,1,0,-1,66
1502,0,1,0,1,0,1,0,-3,0,-3,0,1,22
1503,2,3,2,3,-2,3,2,-1,-2,-1,-2,-1,54
1504,4,3,0,-5,-4,-5,-2,1,2,1,2,1,106
1505,2,1,-2,-7,-2,-3,0,3,0,3,0,-1,90
1506,0,1,-2,-3,-2,-3,0,-1,4,-1,0,1,46
1507,2,-1,-4,-5,0,-1,2,1,2,1,-2,-1,62
1508,0,-1,2,-3,-2,-3,-4,3,0,-1,2,1,58
1509,-2,1,0,-5,0,-1,-2,5,-2,1,0,-1,66
1510,0,-3,0,-1,0,-1,-2,1,2,-3,0,1,30
1511,2,-1,-2,-3,2,1,0,3,0,-1,-2,-1,38
1512,0,3,0,-3,-2,-7,0,-1,0,1,2,1,78
1513,-2,1,2,-5,0,-5,2,1,-2,3,0,-1,78
1514,-4,5,-2,-1,0,-5,2,-3,2,-1,0,1,90
1515,-2,3,0,-3,2,-3,4,-1,0,1,-2,-1,58
1516,0,-1,2,-1,0,-5,-2,1,-2,-1,2,1,46
1517,-2,1,4,-3,2,-3,0,3,-4,1,0,-1,70
1518,0,1,0,1,2,-3,0,-1,0,-3,0,1,26
1519,2,3,2,-1,4,-1,2,1,-2,-1,-2,-1,50
1520,4,3,0,-5,-6,-3,-4,-1,2,1,2,1,122
1521,2,1,-2,-3,-4,-1,-2,1,0,3,0,-1,50
1522,0,1,2,-3,-4,-1,-2,-3,4,-1,0,1,62
1523,2,-1,0,-1,-2,1,0,-1,2,1,-2,-1,22
1524,0,3,2,-3,-4,-1,-6,1,0,-1,2,1,82
1525,-2,5,0,-1,-2,1,-4,3,-2,1,0,-1,66
1526,0,1,4,-1,-2,1,-4,-1,2,-3,0,1,54
1527,2,3,2,1,0,3,-2,1,0,-1,-2,-1,38
1528,4,3,0,-3,-4,-5,-2,-3,0,1,2,1,94
1529,2,1,2,-1,-2,-3,0,-1,-2,3,0,-1,38
1530,0,5,2,-1,-2,-3,0,-5,2,-1,0,1,74
1531,2,3,4,1,0,-1,2,-3,0,1,-2,-1,50
1532,4,3,2,-1,-2,-3,-4,-1,-2,-1,2,1,70
1533,2,5,4,1,0,-1,-2,1,-4,1,0,-1,70
1534,4,5,4,1,0,-1,-2,-3,0,-3,0,1,82
1535,6,7,6,3,2,1,0,-1,-2,-1,-2,-1,146
1536,8,3,4,5,4,3,2,1,0,1,2,1,150
1537,6,1,2,3,2,1,0,-1,2,3,0,-1,70
1538,4,1,2,3,2,1,0,3,2,-1,0,1,50
1539,6,-1,0,1,0,-1,-2,1,4,1,-2,-1,66
1540,4,-1,2,3,2,1,4,3,-2,-1,2,1,70
1541,2,1,0,1,0,-1,2,1,0,1,0,-1,14
1542,4,-3,0,1,0,-1,2,5,0,-3,0,1,66
1543,6,-1,-2,-1,-2,-3,0,3,2,-1,-2,-1,74
1544,4,-1,0,3,2,5,4,-1,-2,1,2,1,82
1545,2,-3,2,1,0,3,2,-3,0,3,0,-1,50
1546,0,1,-2,1,0,3,2,1,0,-1,0,1,22
1547,2,-1,0,-1,-2,1,0,-1,2,1,-2,-1,22
1548,4,-5,-2,1,0,3,6,1,-4,-1,2,1,114
1549,2,-3,0,-1,-2,1,4,-1,-2,1,0,-1,42
1550,4,-3,-4,-1,-2,1,4,3,-2,-3,0,1,86
1551,6,-1,-2,-3,-4,-1,2,1,0,-1,-2,-1,78
1552,4,-1,0,1,6,5,0,-1,0,1,2,1,86
1553,2,-3,-2,3,4,3,-2,-3,2,3,0,-1,78
1554,0,-3,2,-1,4,3,-2,1,2,-1,0,1,50
1555,2,-5,0,1,2,1,-4,-1,4,1,-2,-1,74
1556,0,-1,-2,-1,4,3,2,1,-2,-1,2,1,46
1557,-2,1,-4,1,2,1,0,-1,0,1,0,-1,30
1558,0,-3,0,-3,2,1,0,3,0,-3,0,1,42
1559,2,-1,-2,-1,0,-1,-2,1,2,-1,-2,-1,26
1560,4,-5,-4,-1,4,7,2,-3,-2,1,2,1,146
1561,2,-7,-2,1,2,5,0,-5,0,3,0,-1,122
1562,0,-3,-2,-3,2,5,0,-1,0,-1,0,1,54
1563,2,-5,0,-1,0,3,-2,-3,2,1,-2,-1,62
1564,4,-5,-6,-3,2,5,4,-1,-4,-1,2,1,154
1565,2,-3,-4,-1,0,3,2,-3,-2,1,0,-1,58
1566,4,-3,-4,-5,0,3,2,1,-2,-3,0,1,94
1567,6,-1,-2,-3,-2,1,0,-1,0,-1,-2,-1,62
1568,4,-1,0,5,4,1,0,1,0,1,2,1,66
1569,2,-3,-2,3,6,-1,-2,-1,2,3,0,-1,82
1570,0,-3,-2,7,2,-1,-2,3,2,-1,0,1,86
1571,2,-5,-4,5,4,-3,-4,1,4,1,-2,-1,134
1572,0,-5,2,3,2,-1,2,3,-2,-1,2,1,66
1573,-2,-3,0,1,4,-3,0,1,0,1,0,-1,42
1574,0,-7,0,5,0,-3,0,5,0,-3,0,1,118
1575,2,-5,-2,3,2,-5,-2,3,2,-1,-2,-1,94
1576,0,-1,-4,3,2,3,2,-1,-2,1,2,1,54
1577,-2,-3,-2,1,4,1,0,-3,0,3,0,-1,54
1578,-4,1,-6,5,0,1,0,1,0,-1,0,1,82
1579,-2,-1,-4,3,2,-1,-2,-1,2,1,-2,-1,50
1580,0,-5,-2,1,0,1,4,1,-4,-1,2,1,70
1581,-2,-3,0,-1,2,-1,2,-1,-2,1,0,-1,30
1582,0,-3,-4,3,-2,-1,2,3,-2,-3,0,1,66
1583,2,-1,-2,1,0,-3,0,1,0,-1,-2,-1,26
1584,4,-5,-4,1,6,3,-2,-1,0,1,2,1,114
1585,2,-7,-6,3,8,1,-4,-3,2,3,0,-1,202
1586,0,-7,-2,3,4,1,-4,1,2,-1,0,1,102
1587,2,-9,-4,5,6,-1,-6,-1,4,1,-2,-1,222
1588,0,-5,-2,-1,4,1,0,1,-2,-1,2,1,58
1589,-2,-3,-4,1,6,-1,-2,-1,0,1,0,-1,74
1590,0,-7,0,1,2,-1,-2,3,0,-3,0,1,78
1591,2,-5,-2,3,4,-3,-4,1,2,-1,-2,-1,94
1592,4,-5,-8,-1,4,5,0,-3,-2,1,2,1,166
1593,2,-7,-6,1,6,3,-2,-5,0,3,0,-1,174
1594,0,-3,-6,1,2,3,-2,-1,0,-1,0,1,66
1595,2,-5,-4,3,4,1,-4,-3,2,1,-2,-1,106
1596,4,-5,-6,-3,2,3,2,-1,-4,-1,2,1,126
1597,2,-3,-4,-1,4,1,0,-3,-2,1,0,-1,62
1598,4,-3,-4,-1,0,1,0,1,-2,-3,0,1,58
1599,6,-1,-2,1,2,-1,-2,-1,0,-1,-2,-1,58
1600,4,-1,4,5,0,-1,2,1,0,1,2,1,70
1601,2,-3,2,3,-2,1,0,-1,2,3,0,-1,46
1602,0,-3,2,3,2,-3,0,3,2,-1,0,1,50
1603,2,-5,0,1,0,-1,-2,1,4,1,-2,-1,58
1604,0,-5,2,7,-2,-3,4,3,-2,-1,2,1,126
1605,-2,-3,0,5,-4,-1,2,1,0,1,0,-1,62
1606,0,-7,0,5,0,-5,2,5,0,-3,0,1,138
1607,2,-5,-2,3,-2,-3,0,3,2,-1,-2,-1,74
1608,0,-5,4,3,-2,1,4,-1,-2,1,2,1,82
1609,-2,-7,6,1,-4,3,2,-3,0,3,0,-1,138
1610,-4,-3,2,1,0,-1,2,1,0,-1,0,1,38
1611,-2,-5,4,-1,-2,1,0,-1,2,1,-2,-1,62
1612,0,-9,2,5,-4,-1,6,1,-4,-1,2,1,186
1613,-2,-7,4,3,-6,1,4,-1,-2,1,0,-1,138
1614,0,-7,0,3,-2,-3,4,3,-2,-3,0,1,110
1615,2,-5,2,1,-4,-1,2,1,0,-1,-2,-1,62
1616,0,-1,0,1,2,1,0,-1,0,1,2,1,14
1617,-2,-3,-2,3,0,3,-2,-3,2,3,0,-1,62
1618,-4,-3,2,-1,4,-1,-2,1,2,-1,0,1,58
1619,-2,-5,0,1,2,1,-4,-1,4,1,-2,-1,74
1620,-4,-1,-2,3,0,-1,2,1,-2,-1,2,1,46
1621,-6,1,-4,5,-2,1,0,-1,0,1,0,-1,86
1622,-4,-3,0,1,2,-3,0,3,0,-3,0,1,58
1623,-2,-1,-2,3,0,-1,-2,1,2,-1,-2,-1,34
1624,0,-5,0,-1,0,3,2,-3,-2,1,2,1,58
1625,-2,-7,2,1,-2,5,0,-5,0,3,0,-1,122
1626,-4,-3,2,-3,2,1,0,-1,0,-1,0,1,46
1627,-2,-5,4,-1,0,3,-2,-3,2,1,-2,-1,78
1628,0,-5,-2,1,-2,1,4,-1,-4,-1,2,1,74
1629,-2,-3,0,3,-4,3,2,-3,-2,1,0,-1,66
1630,0,-3,0,-1,0,-1,2,1,-2,-3,0,1,30
1631,2,-1,2,1,-2,1,0,-1,0,-1,-2,-1,22
1632,4,-5,0,5,0,-3,0,1,0,1,2,1,82
1633,2,-7,-2,3,2,-1,-2,-1,2,3,0,-1,90
1634,0,-7,-2,7,2,-5,-2,3,2,-1,0,1,150
1635,2,-9,-4,5,4,-3,-4,1,4,1,-2,-1,190
1636,0,-9,2,7,-2,-5,2,3,-2,-1,2,1,186
1637,-2,-7,0,5,0,-3,0,1,0,1,0,-1,90
1638,0,-11,0,9,0,-7,0,5,0,-3,0,1,286
1639,2,-9,-2,7,2,-5,-2,3,2,-1,-2,-1,190
1640,0,-5,0,3,-2,-1,2,-1,-2,1,2,1,54
1641,-2,-7,2,1,0,1,0,-3,0,3,0,-1,78
1642,-4,-3,-2,5,0,-3,0,1,0,-1,0,1,66
1643,-2,-5,0,3,2,-1,-2,-1,2,1,-2,-1,58
1644,0,-9,2,5,-4,-3,4,1,-4,-1,2,1,174
1645,-2,-7,4,3,-2,-1,2,-1,-2,1,0,-1,94
1646,0,-7,0,7,-2,-5,2,3,-2,-3,0,1,154
1647,2,-5,2,5,0,-3,0,1,0,-1,-2,-1,74
1648,4,-5,-4,1,2,-1,-2,-1,0,1,2,1,74
1649,2,-7,-6,3,4,1,-4,-3,2,3,0,-1,154
1650,0,-7,-2,3,4,-3,-4,1,2,-1,0,1,110
1651,2,-9,-4,5,6,-1,-6,-1,4,1,-2,-1,222
1652,0,-5,-2,3,0,-3,0,1,-2,-1,2,1,58
1653,-2,-3,-4,5,2,-1,-2,-1,0,1,0,-1,66
1654,0,-7,0,5,2,-5,-2,3,0,-3,0,1,126
1655,2,-5,-2,7,4,-3,-4,1,2,-1,-2,-1,134
1656,4,-5,-4,-1,0,1,0,-3,-2,1,2,1,78
1657,2,-7,-2,1,2,3,-2,-5,0,3,0,-1,110
1658,0,-3,-2,1,2,-1,-2,-1,0,-1,0,1,26
1659,2,-5,0,3,4,1,-4,-3,2,1,-2,-1,90
1660,4,-5,-2,1,-2,-1,2,-1,-4,-1,2,1,78
1661,2,-3,0,3,0,1,0,-3,-2,1,0,-1,38
1662,4,-3,0,3,0,-3,0,1,-2,-3,0,1,58
1663,6,-1,2,5,2,-1,-2,-1,0,-1,-2,-1,82
1664,4,3,4,1,0,1,0,1,0,1,2,1,50
1665,2,1,2,-1,-2,-1,2,-1,2,3,0,-1,34
1666,0,1,2,-1,-2,3,-2,3,2,-1,0,1,38
1667,2,-1,0,-3,-4,1,0,1,4,1,-2,-1,54
1668,0,-1,2,-1,2,-1,2,3,-2,-1,2,1,34
1669,-2,1,0,-3,0,-3,4,1,0,1,0,-1,42
1670,0,-3,0,-3,0,1,0,5,0,-3,0,1,54
1671,2,-1,-2,-5,-2,-1,2,3,2,-1,-2,-1,62
1672,0,-1,0,3,-2,3,2,-1,-2,1,2,1,38
1673,-2,-3,2,1,-4,1,4,-3,0,3,0,-1,70
1674,-4,1,-2,1,-4,5,0,1,0,-1,0,1,66
1675,-2,-1,0,-1,-6,3,2,-1,2,1,-2,-1,66
1676,0,-5,-2,1,0,1,4,1,-4,-1,2,1,70
1677,-2,-3,0,-1,-2,-1,6,-1,-2,1,0,-1,62
1678,0,-3,-4,-1,-2,3,2,3,-2,-3,0,1,66
1679,2,-1,-2,-3,-4,1,4,1,0,-1,-2,-1,58
1680,0,-1,4,-3,2,3,-2,-1,0,1,2,1,50
1681,-2,-3,2,-1,0,1,0,-3,2,3,0,-1,42
1682,-4,-3,6,-5,0,5,-4,1,2,-1,0,1,134
1683,-2,-5,4,-3,-2,3,-2,-1,4,1,-2,-1,94
1684,-4,-1,2,-5,4,1,0,1,-2,-1,2,1,74
1685,-6,1,0,-3,2,-1,2,-1,0,1,0,-1,58
1686,-4,-3,4,-7,2,3,-2,3,0,-3,0,1,126
1687,-2,-1,2,-5,0,1,0,1,2,-1,-2,-1,46
1688,0,-5,0,-1,0,5,0,-3,-2,1,2,1,70
1689,-2,-7,2,1,-2,3,2,-5,0,3,0,-1,110
1690,-4,-3,2,-3,-2,7,-2,-1,0,-1,0,1,98
1691,-2,-5,4,-1,-4,5,0,-3,2,1,-2,-1,106
1692,0,-5,-2,-3,2,3,2,-1,-4,-1,2,1,78
1693,-2,-3,0,-1,0,1,4,-3,-2,1,0,-1,46
1694,0,-3,0,-5,0,5,0,1,-2,-3,0,1,74
1695,2,-1,2,-3,-2,3,2,-1,0,-1,-2,-1,42
1696,0,3,0,1,0,-1,-2,1,0,1,2,1,22
1697,-2,1,-2,-1,2,-3,0,-1,2,3,0,-1,38
1698,-4,1,-2,3,-2,1,-4,3,2,-1,0,1,66
1699,-2,-1,-4,1,0,-1,-2,1,4,1,-2,-1,50
1700,-4,-1,2,-1,2,-3,0,3,-2,-1,2,1,54
1701,-6,1,0,-3,4,-5,2,1,0,1,0,-1,94
1702,-4,-3,0,1,0,-1,-2,5,0,-3,0,1,66
1703,-2,-1,-2,-1,2,-3,0,3,2,-1,-2,-1,42
1704,-4,3,-4,3,-2,1,0,-1,-2,1,2,1,66
1705,-6,1,-2,1,0,-1,2,-3,0,3,0,-1,66
1706,-8,5,-6,5,-4,3,-2,1,0,-1,0,1,182
1707,-6,3,-4,3,-2,1,0,-1,2,1,-2,-1,86
1708,-4,-1,-2,1,0,-1,2,1,-4,-1,2,1,50
1709,-6,1,0,-1,2,-3,4,-1,-2,1,0,-1,74
1710,-4,1,-4,3,-2,1,0,3,-2,-3,0,1,70
1711,-2,3,-2,1,0,-1,2,1,0,-1,-2,-1,30
1712,0,-1,0,-3,2,1,-4,-1,0,1,2,1,38
1713,-2,-3,-2,-1,4,-1,-2,-3,2,3,0,-1,62
1714,-4,-3,2,-1,0,3,-6,1,2,-1,0,1,82
1715,-2,-5,0,1,2,1,-4,-1,4,1,-2,-1,74
1716,-4,-1,2,-5,4,-1,-2,1,-2,-1,2,1,78
1717,-6,1,0,-3,6,-3,0,-1,0,1,0,-1,94
1718,-4,-3,4,-3,2,1,-4,3,0,-3,0,1,90
1719,-2,-1,2,-1,4,-1,-2,1,2,-1,-2,-1,42
1720,0,-1,-4,-1,0,3,-2,-3,-2,1,2,1,50
1721,-2,-3,-2,1,2,1,0,-5,0,3,0,-1,58
1722,-4,1,-2,1,-2,5,-4,-1,0,-1,0,1,70
1723,-2,-1,0,3,0,3,-2,-3,2,1,-2,-1,46
1724,0,-1,-2,-3,2,1,0,-1,-4,-1,2,1,42
1725,-2,1,0,-1,4,-1,2,-3,-2,1,0,-1,42
1726,0,1,0,-1,0,3,-2,1,-2,-3,0,1,30
1727,2,3,2,1,2,1,0,-1,0,-1,-2,-1,30
1728,4,-1,4,1,-4,-3,0,1,0,1,2,1,66
1729,2,-3,2,-1,-6,-1,2,-1,2,3,0,-1,74
1730,0,-3,2,-1,-2,-1,-2,3,2,-1,0,1,38
1731,2,-5,0,-3,-4,1,0,1,4,1,-2,-1,78
1732,0,-5,2,3,-2,-5,2,3,-2,-1,2,1,90
1733,-2,-3,0,1,-4,-3,4,1,0,1,0,-1,58
1734,0,-7,0,1,0,-3,0,5,0,-3,0,1,94
1735,2,-5,-2,-1,-2,-1,2,3,2,-1,-2,-1,62
1736,0,-5,4,3,-6,-1,2,-1,-2,1,2,1,102
1737,-2,-7,6,1,-8,1,4,-3,0,3,0,-1,190
1738,-4,-3,2,1,-4,1,0,1,0,-1,0,1,50
1739,-2,-5,4,-1,-6,3,2,-1,2,1,-2,-1,106
1740,0,-9,2,5,-4,-3,4,1,-4,-1,2,1,174
1741,-2,-7,4,3,-6,-1,6,-1,-2,1,0,-1,158
1742,0,-7,0,3,-2,-1,2,3,-2,-3,0,1,90
1743,2,-5,2,1,-4,1,4,1,0,-1,-2,-1,74
1744,0,-1,4,-3,-2,-1,-2,-1,0,1,2,1,42
1745,-2,-3,2,-1,-4,1,0,-3,2,3,0,-1,58
1746,-4,-3,6,-5,0,1,-4,1,2,-1,0,1,110
1747,-2,-5,4,-3,-2,3,-2,-1,4,1,-2,-1,94
1748,-4,-1,2,-1,0,-3,0,1,-2,-1,2,1,42
1749,-6,1,0,1,-2,-1,2,-1,0,1,0,-1,50
1750,-4,-3,4,-3,2,-1,-2,3,0,-3,0,1,78
1751,-2,-1,2,-1,0,1,0,1,2,-1,-2,-1,22
1752,0,-5,4,-1,-4,1,0,-3,-2,1,2,1,78
1753,-2,-7,6,1,-6,3,2,-5,0,3,0,-1,174
1754,-4,-3,6,-3,-2,3,-2,-1,0,-1,0,1,90
1755,-2,-5,8,-1,-4,5,0,-3,2,1,-2,-1,154
1756,0,-5,2,1,-2,-1,2,-1,-4,-1,2,1,62
1757,-2,-3,4,3,-4,1,4,-3,-2,1,0,-1,86
1758,0,-3,4,-1,0,1,0,1,-2,-3,0,1,42
1759,2,-1,6,1,-2,3,2,-1,0,-1,-2,-1,66
1760,4,-1,0,1,-4,-5,-2,1,0,1,2,1,70
1761,2,-3,-2,-1,-2,-3,0,-1,2,3,0,-1,46
1762,0,-3,-2,3,-2,-3,-4,3,2,-1,0,1,66
1763,2,-5,-4,1,0,-1,-2,1,4,1,-2,-1,74
1764,0,-5,2,3,-2,-7,0,3,-2,-1,2,1,110
1765,-2,-3,0,1,0,-5,2,1,0,1,0,-1,46
1766,0,-7,0,5,0,-5,-2,5,0,-3,0,1,138
1767,2,-5,-2,3,2,-3,0,3,2,-1,-2,-1,74
1768,0,-1,0,3,-6,-3,0,-1,-2,1,2,1,66
1769,-2,-3,2,1,-4,-1,2,-3,0,3,0,-1,58
1770,-4,1,-2,5,-4,-1,-2,1,0,-1,0,1,70
1771,-2,-1,0,3,-2,1,0,-1,2,1,-2,-1,30
1772,0,-5,2,5,-4,-5,2,1,-4,-1,2,1,122
1773,-2,-3,4,3,-2,-3,4,-1,-2,1,0,-1,74
1774,0,-3,0,7,-2,-3,0,3,-2,-3,0,1,94
1775,2,-1,2,5,0,-1,2,1,0,-1,-2,-1,46
1776,4,-1,0,-3,-2,-3,-4,-1,0,1,2,1,62
1777,2,-3,-2,-1,0,-1,-2,-3,2,3,0,-1,46
1778,0,-3,2,-1,0,-1,-6,1,2,-1,0,1,58
1779,2,-5,0,1,2,1,-4,-1,4,1,-2,-1,74
1780,0,-1,2,-1,0,-5,-2,1,-2,-1,2,1,46
1781,-2,1,0,1,2,-3,0,-1,0,1,0,-1,22
1782,0,-3,4,1,2,-3,-4,3,0,-3,0,1,74
1783,2,-1,2,3,4,-1,-2,1,2,-1,-2,-1,50
1784,4,-1,0,-1,-4,-1,-2,-3,-2,1,2,1,58
1785,2,-3,2,1,-2,1,0,-5,0,3,0,-1,58
1786,0,1,2,1,-2,1,-4,-1,0,-1,0,1,30
1787,2,-1,4,3,0,3,-2,-3,2,1,-2,-1,62
1788,4,-1,2,1,-2,-3,0,-1,-4,-1,2,1,58
1789,2,1,4,3,0,-1,2,-3,-2,1,0,-1,50
1790,4,1,4,3,0,-1,-2,1,-2,-3,0,1,62
1791,6,3,6,5,2,1,0,-1,0,-1,-2,-1,118
1792,8,3,0,1,2,1,0,-1,0,1,2,1,86
1793,6,1,-2,-1,0,-1,-2,1,2,3,0,-1,62
1794,4,1,-2,-1,0,-1,2,1,2,-1,0,1,34
1795,6,-1,-4,-3,-2,-3,0,3,4,1,-2,-1,106
1796,4,-1,-2,-1,0,3,2,1,-2,-1,2,1,46
1797,2,1,-4,-3,-2,1,0,3,0,1,0,-1,46
1798,4,-3,-4,-3,-2,1,4,3,0,-3,0,1,90
1799,6,-1,-6,-5,-4,-1,2,5,2,-1,-2,-1,154
1800,4,-1,-4,-1,4,3,2,-3,-2,1,2,1,82
1801,2,-3,-2,-3,2,1,0,-1,0,3,0,-1,42
1802,0,1,-6,-3,2,1,4,-1,0,-1,0,1,70
1803,2,-1,-4,-5,0,-1,2,1,2,1,-2,-1,62
1804,4,-5,-6,-3,2,5,4,-1,-4,-1,2,1,154
1805,2,-3,-4,-5,0,3,2,1,-2,1,0,-1,74
1806,4,-3,-8,-5,0,3,6,1,-2,-3,0,1,174
1807,6,-1,-6,-7,-2,1,4,3,0,-1,-2,-1,158
1808,4,-1,-4,1,4,3,-2,-3,0,1,2,1,78
1809,2,-3,-6,3,2,1,-4,-1,2,3,0,-1,94
1810,0,-3,-2,-1,2,1,0,-1,2,-1,0,1,26
1811,2,-5,-4,1,0,-1,-2,1,4,1,-2,-1,74
1812,0,-1,-6,-1,2,5,0,-1,-2,-1,2,1,78
1813,-2,1,-8,1,0,3,-2,1,0,1,0,-1,86
1814,0,-3,-4,-3,0,3,2,1,0,-3,0,1,58
1815,2,-1,-6,-1,-2,1,0,3,2,-1,-2,-1,66
1816,4,-5,-8,-1,6,5,0,-5,-2,1,2,1,202
1817,2,-7,-6,1,4,3,-2,-3,0,3,0,-1,138
1818,0,-3,-6,-3,4,3,2,-3,0,-1,0,1,94
1819,2,-5,-4,-1,2,1,0,-1,2,1,-2,-1,62
1820,4,-5,-10,-3,4,7,2,-3,-4,-1,2,1,250
1821,2,-3,-8,-1,2,5,0,-1,-2,1,0,-1,114
1822,4,-3,-8,-5,2,5,4,-1,-2,-3,0,1,174
1823,6,-1,-6,-3,0,3,2,1,0,-1,-2,-1,102
1824,4,-1,0,1,2,-1,-2,-1,0,1,2,1,34
1825,2,-3,-2,-1,4,-3,-4,1,2,3,0,-1,74
1826,0,-3,-2,3,0,-3,0,1,2,-1,0,1,38
1827,2,-5,-4,1,2,-5,-2,3,4,1,-2,-1,110
1828,0,-5,2,-1,0,1,0,1,-2,-1,2,1,42
1829,-2,-3,0,-3,2,-1,-2,3,0,1,0,-1,42
1830,0,-7,0,1,-2,-1,2,3,0,-3,0,1,78
1831,2,-5,-2,-1,0,-3,0,5,2,-1,-2,-1,78
1832,0,-1,-4,-1,4,1,0,-3,-2,1,2,1,54
1833,-2,-3,-2,-3,6,-1,-2,-1,0,3,0,-1,78
1834,-4,1,-6,1,2,-1,2,-1,0,-1,0,1,66
1835,-2,-1,-4,-1,4,-3,0,1,2,1,-2,-1,58
1836,0,-5,-2,-3,2,3,2,-1,-4,-1,2,1,78
1837,-2,-3,0,-5,4,1,0,1,-2,1,0,-1,62
1838,0,-3,-4,-1,0,1,4,1,-2,-3,0,1,58
1839,2,-1,-2,-3,2,-1,2,3,0,-1,-2,-1,42
1840,4,-5,-4,1,4,1,-4,-3,0,1,2,1,106
1841,2,-7,-6,3,6,-1,-6,-1,2,3,0,-1,186
1842,0,-7,-2,3,2,-1,-2,-1,2,-1,0,1,78
1843,2,-9,-4,5,4,-3,-4,1,4,1,-2,-1,190
1844,0,-5,-2,-1,2,3,-2,-1,-2,-1,2,1,58
1845,-2,-3,-4,1,4,1,-4,1,0,1,0,-1,66
1846,0,-7,0,1,0,1,0,1,0,-3,0,1,62
1847,2,-5,-2,3,2,-1,-2,3,2,-1,-2,-1,70
1848,4,-5,-8,-1,6,3,-2,-5,-2,1,2,1,190
1849,2,-7,-6,1,8,1,-4,-3,0,3,0,-1,190
1850,0,-3,-6,1,4,1,0,-3,0,-1,0,1,74
1851,2,-5,-4,3,6,-1,-2,-1,2,1,-2,-1,106
1852,4,-5,-6,-3,4,5,0,-3,-4,-1,2,1,158
1853,2,-3,-4,-1,6,3,-2,-1,-2,1,0,-1,86
1854,4,-3,-4,-1,2,3,2,-1,-2,-3,0,1,74
1855,6,-1,-2,1,4,1,0,1,0,-1,-2,-1,66
1856,4,3,0,1,-2,-3,0,-1,0,1,2,1,46
1857,2,1,-2,-1,-4,-1,-2,1,2,3,0,-1,46
1858,0,1,-2,-1,0,-5,2,1,2,-1,0,1,42
1859,2,-1,-4,-3,-2,-3,0,3,4,1,-2,-1,74
1860,0,-1,-2,3,-4,-1,2,1,-2,-1,2,1,46
1861,-2,1,-4,1,-6,1,0,3,0,1,0,-1,70
1862,0,-3,-4,1,-2,-3,4,3,0,-3,0,1,74
1863,2,-1,-6,-1,-4,-1,2,5,2,-1,-2,-1,98
1864,0,-1,0,-1,0,-1,2,-3,-2,1,2,1,26
1865,-2,-3,2,-3,-2,1,0,-1,0,3,0,-1,42
1866,-4,1,-2,-3,2,-3,4,-1,0,-1,0,1,62
1867,-2,-1,0,-5,0,-1,2,1,2,1,-2,-1,46
1868,0,-5,-2,1,-2,1,4,-1,-4,-1,2,1,74
1869,-2,-3,0,-1,-4,3,2,1,-2,1,0,-1,50
1870,0,-3,-4,-1,0,-1,6,1,-2,-3,0,1,78
1871,2,-1,-2,-3,-2,1,4,3,0,-1,-2,-1,54
1872,0,3,-4,1,0,-1,-2,-3,0,1,2,1,46
1873,-2,1,-6,3,-2,1,-4,-1,2,3,0,-1,86
1874,-4,1,-2,-1,2,-3,0,-1,2,-1,0,1,42
1875,-2,-1,-4,1,0,-1,-2,1,4,1,-2,-1,50
1876,-4,3,-6,3,-2,1,0,-1,-2,-1,2,1,86
1877,-6,5,-8,5,-4,3,-2,1,0,1,0,-1,182
1878,-4,1,-4,1,0,-1,2,1,0,-3,0,1,50
1879,-2,3,-6,3,-2,1,0,3,2,-1,-2,-1,82
1880,0,-1,-4,-1,2,1,0,-5,-2,1,2,1,58
1881,-2,-3,-2,1,0,3,-2,-3,0,3,0,-1,50
1882,-4,1,-2,-3,4,-1,2,-3,0,-1,0,1,62
1883,-2,-1,0,-1,2,1,0,-1,2,1,-2,-1,22
1884,0,-1,-6,1,0,3,2,-3,-4,-1,2,1,82
1885,-2,1,-4,3,-2,5,0,-1,-2,1,0,-1,66
1886,0,1,-4,-1,2,1,4,-1,-2,-3,0,1,54
1887,2,3,-2,1,0,3,2,1,0,-1,-2,-1,38
1888,4,-1,0,1,-2,-5,-2,-1,0,1,2,1,58
1889,2,-3,-2,-1,0,-3,-4,1,2,3,0,-1,58
1890,0,-3,-2,3,0,-7,0,1,2,-1,0,1,78
1891,2,-5,-4,1,2,-5,-2,3,4,1,-2,-1,110
1892,0,-5,2,3,-4,-3,0,1,-2,-1,2,1,74
1893,-2,-3,0,1,-2,-1,-2,3,0,1,0,-1,34
1894,0,-7,0,5,-2,-5,2,3,0,-3,0,1,126
1895,2,-5,-2,3,0,-3,0,5,2,-1,-2,-1,86
1896,0,-1,0,-1,0,-3,0,-3,-2,1,2,1,30
1897,-2,-3,2,-3,2,-1,-2,-1,0,3,0,-1,46
1898,-4,1,-2,1,2,-5,2,-1,0,-1,0,1,58
1899,-2,-1,0,-1,4,-3,0,1,2,1,-2,-1,42
1900,0,-5,2,1,-2,-1,2,-1,-4,-1,2,1,62
1901,-2,-3,4,-1,0,1,0,1,-2,1,0,-1,38
1902,0,-3,0,3,0,-3,4,1,-2,-3,0,1,58
1903,2,-1,2,1,2,-1,2,3,0,-1,-2,-1,34
1904,4,-1,-4,1,0,-3,-4,-3,0,1,2,1,74
1905,2,-3,-6,3,2,-1,-6,-1,2,3,0,-1,114
1906,0,-3,-2,3,2,-5,-2,-1,2,-1,0,1,62
1907,2,-5,-4,5,4,-3,-4,1,4,1,-2,-1,134
1908,0,-1,-2,3,-2,-1,-2,-1,-2,-1,2,1,34
1909,-2,1,-4,5,0,1,-4,1,0,1,0,-1,66
1910,0,-3,0,5,0,-3,0,1,0,-3,0,1,54
1911,2,-1,-2,7,2,-1,-2,3,2,-1,-2,-1,86
1912,4,-1,-4,-1,2,-1,-2,-5,-2,1,2,1,78
1913,2,-3,-2,1,4,1,-4,-3,0,3,0,-1,70
1914,0,1,-2,1,4,-3,0,-3,0,-1,0,1,42
1915,2,-1,0,3,6,-1,-2,-1,2,1,-2,-1,66
1916,4,-1,-2,1,0,1,0,-3,-4,-1,2,1,54
1917,2,1,0,3,2,3,-2,-1,-2,1,0,-1,38
1918,4,1,0,3,2,-1,2,-1,-2,-3,0,1,50
1919,6,3,2,5,4,1,0,1,0,-1,-2,-1,98
1920,8,3,0,-3,-2,-1,-2,-1,0,1,2,1,98
1921,6,1,-2,-5,-4,-3,0,1,2,3,0,-1,106
1922,4,1,-2,-5,-4,1,0,1,2,-1,0,1,70
1923,6,-1,-4,-7,-6,-1,2,3,4,1,-2,-1,174
1924,4,-1,-2,-5,0,1,0,1,-2,-1,2,1,58
1925,2,1,-4,-7,-2,-1,2,3,0,1,0,-1,90
1926,4,-3,-4,-7,-2,3,2,3,0,-3,0,1,126
1927,6,-1,-6,-9,-4,1,4,5,2,-1,-2,-1,222
1928,4,-1,-4,-1,0,1,0,-3,-2,1,2,1,54
1929,2,-3,-2,-3,-2,-1,2,-1,0,3,0,-1,46
1930,0,1,-6,-3,-2,3,2,-1,0,-1,0,1,66
1931,2,-1,-4,-5,-4,1,4,1,2,1,-2,-1,90
1932,4,-5,-6,-3,2,3,2,-1,-4,-1,2,1,126
1933,2,-3,-4,-5,0,1,4,1,-2,1,0,-1,78
1934,4,-3,-8,-5,0,5,4,1,-2,-3,0,1,170
1935,6,-1,-6,-7,-2,3,6,3,0,-1,-2,-1,186
1936,4,-1,0,-3,0,1,-4,-3,0,1,2,1,58
1937,2,-3,-2,-1,-2,-1,-2,-1,2,3,0,-1,42
1938,0,-3,2,-5,-2,3,-2,-1,2,-1,0,1,62
1939,2,-5,0,-3,-4,1,0,1,4,1,-2,-1,78
1940,0,-1,-2,-5,2,3,-2,-1,-2,-1,2,1,58
1941,-2,1,-4,-3,0,1,0,1,0,1,0,-1,34
1942,0,-3,0,-7,0,5,0,1,0,-3,0,1,94
1943,2,-1,-2,-5,-2,3,2,3,2,-1,-2,-1,70
1944,4,-5,-4,-1,2,3,-2,-5,-2,1,2,1,110
1945,2,-7,-2,1,0,1,0,-3,0,3,0,-1,78
1946,0,-3,-2,-3,0,5,0,-3,0,-1,0,1,58
1947,2,-5,0,-1,-2,3,2,-1,2,1,-2,-1,58
1948,4,-5,-6,-3,4,5,0,-3,-4,-1,2,1,158
1949,2,-3,-4,-1,2,3,2,-1,-2,1,0,-1,54
1950,4,-3,-4,-5,2,7,2,-1,-2,-3,0,1,138
1951,6,-1,-2,-3,0,5,4,1,0,-1,-2,-1,98
1952,4,3,0,-3,-2,-3,-4,-1,0,1,2,1,70
1953,2,1,-2,-5,0,-5,-2,1,2,3,0,-1,78
1954,0,1,-2,-1,-4,-1,-2,1,2,-1,0,1,34
1955,2,-1,-4,-3,-2,-3,0,3,4,1,-2,-1,74
1956,0,-1,2,-5,0,-1,-2,1,-2,-1,2,1,46
1957,-2,1,0,-7,2,-3,0,3,0,1,0,-1,78
1958,0,-3,0,-3,-2,1,0,3,0,-3,0,1,42
1959,2,-1,-2,-5,0,-1,2,5,2,-1,-2,-1,74
1960,0,3,-4,-1,0,-1,-2,-3,-2,1,2,1,50
1961,-2,1,-2,-3,2,-3,0,-1,0,3,0,-1,42
1962,-4,5,-6,1,-2,1,0,-1,0,-1,0,1,86
1963,-2,3,-4,-1,0,-1,2,1,2,1,-2,-1,46
1964,0,-1,-2,-3,2,1,0,-1,-4,-1,2,1,42
1965,-2,1,0,-5,4,-1,2,1,-2,1,0,-1,58
1966,0,1,-4,-1,0,3,2,1,-2,-3,0,1,46
1967,2,3,-2,-3,2,1,4,3,0,-1,-2,-1,62
1968,4,-1,0,-3,0,-1,-6,-3,0,1,2,1,78
1969,2,-3,-2,-1,2,-3,-4,-1,2,3,0,-1,62
1970,0,-3,2,-1,-2,1,-4,-1,2,-1,0,1,42
1971,2,-5,0,1,0,-1,-2,1,4,1,-2,-1,58
1972,0,-1,2,-5,2,1,-4,-1,-2,-1,2,1,62
1973,-2,1,0,-3,4,-1,-2,1,0,1,0,-1,38
1974,0,-3,4,-3,0,3,-2,1,0,-3,0,1,58
1975,2,-1,2,-1,2,1,0,3,2,-1,-2,-1,34
1976,4,-1,-4,-1,2,1,-4,-5,-2,1,2,1,90
1977,2,-3,-2,1,4,-1,-2,-3,0,3,0,-1,58
1978,0,1,-2,1,0,3,-2,-3,0,-1,0,1,30
1979,2,-1,0,3,2,1,0,-1,2,1,-2,-1,30
1980,4,-1,-2,-3,4,3,-2,-3,-4,-1,2,1,90
1981,2,1,0,-1,6,1,0,-1,-2,1,0,-1,50
1982,4,1,0,-1,2,5,0,-1,-2,-3,0,1,62
1983,6,3,2,1,4,3,2,1,0,-1,-2,-1,86
1984,8,3,0,-3,-6,-5,-2,-1,0,1,2,1,154
1985,6,1,-2,-5,-8,-3,0,1,2,3,0,-1,154
1986,4,1,-2,-5,-4,-3,0,1,2,-1,0,1,78
1987,6,-1,-4,-7,-6,-1,2,3,4,1,-2,-1,174
1988,4,-1,-2,-1,-4,-3,0,1,-2,-1,2,1,58
1989,2,1,-4,-3,-6,-1,2,3,0,1,0,-1,82
1990,4,-3,-4,-3,-2,-1,2,3,0,-3,0,1,78
1991,6,-1,-6,-5,-4,1,4,5,2,-1,-2,-1,166
1992,4,-1,0,-1,-4,-3,0,-3,-2,1,2,1,62
1993,2,-3,2,-3,-6,-1,2,-1,0,3,0,-1,78
1994,0,1,-2,-3,-2,-1,2,-1,0,-1,0,1,26
1995,2,-1,0,-5,-4,1,4,1,2,1,-2,-1,74
1996,4,-5,-2,1,-2,-1,2,-1,-4,-1,2,1,78
1997,2,-3,0,-1,-4,1,4,1,-2,1,0,-1,54
1998,4,-3,-4,-1,0,1,4,1,-2,-3,0,1,74
1999,6,-1,-2,-3,-2,3,6,3,0,-1,-2,-1,114
2000,4,3,0,-3,-4,-3,-4,-3,0,1,2,1,90
2001,2,1,-2,-1,-6,-1,-2,-1,2,3,0,-1,66
2002,0,1,2,-5,-2,-1,-2,-1,2,-1,0,1,46
2003,2,-1,0,-3,-4,1,0,1,4,1,-2,-1,54
2004,0,3,-2,-1,-2,-1,-2,-1,-2,-1,2,1,34
2005,-2,5,-4,1,-4,1,0,1,0,1,0,-1,66
2006,0,1,0,-3,0,1,0,1,0,-3,0,1,22
2007,2,3,-2,-1,-2,3,2,3,2,-1,-2,-1,54
2008,4,-1,0,-1,-2,-1,-2,-5,-2,1,2,1,62
2009,2,-3,2,1,-4,1,0,-3,0,3,0,-1,54
2010,0,1,2,-3,0,1,0,-3,0,-1,0,1,26
2011,2,-1,4,-1,-2,3,2,-1,2,1,-2,-1,50
2012,4,-1,-2,1,0,1,0,-3,-4,-1,2,1,54
2013,2,1,0,3,-2,3,2,-1,-2,1,0,-1,38
2014,4,1,0,-1,2,3,2,-1,-2,-3,0,1,50
2015,6,3,2,1,0,5,4,1,0,-1,-2,-1,98
2016,8,3,0,-3,-6,-7,-4,-1,0,1,2,1,190
2017,6,1,-2,-5,-4,-5,-2,1,2,3,0,-1,126
2018,4,1,-2,-1,-4,-5,-2,1,2,-1,0,1,74
2019,6,-1,-4,-3,-2,-3,0,3,4,1,-2,-1,106
2020,4,-1,2,-1,-4,-5,-2,1,-2,-1,2,1,78
2021,2,1,0,-3,-2,-3,0,3,0,1,0,-1,38
2022,4,-3,0,1,-2,-3,0,3,0,-3,0,1,58
2023,6,-1,-2,-1,0,-1,2,5,2,-1,-2,-1,82
2024,4,3,0,-1,-4,-5,-2,-3,-2,1,2,1,90
2025,2,1,2,-3,-2,-3,0,-1,0,3,0,-1,42
2026,0,5,-2,1,-2,-3,0,-1,0,-1,0,1,46
2027,2,3,0,-1,0,-1,2,1,2,1,-2,-1,30
2028,4,-1,2,1,-2,-3,0,-1,-4,-1,2,1,58
2029,2,1,4,-1,0,-1,2,1,-2,1,0,-1,34
2030,4,1,0,3,0,-1,2,1,-2,-3,0,1,46
2031,6,3,2,1,2,1,4,3,0,-1,-2,-1,86
2032,8,3,0,-3,-4,-5,-6,-3,0,1,2,1,174
2033,6,1,-2,-1,-2,-3,-4,-1,2,3,0,-1,86
2034,4,1,2,-1,-2,-3,-4,-1,2,-1,0,1,58
2035,6,-1,0,1,0,-1,-2,1,4,1,-2,-1,66
2036,4,3,2,-1,-2,-3,-4,-1,-2,-1,2,1,70
2037,2,5,0,1,0,-1,-2,1,0,1,0,-1,38
2038,4,1,4,1,0,-1,-2,1,0,-3,0,1,50
2039,6,3,2,3,2,1,0,3,2,-1,-2,-1,82
2040,8,3,0,-1,-2,-3,-4,-5,-2,1,2,1,138
2041,6,1,2,1,0,-1,-2,-3,0,3,0,-1,66
2042,4,5,2,1,0,-1,-2,-3,0,-1,0,1,62
2043,6,3,4,3,2,1,0,-1,2,1,-2,-1,86
2044,8,3,2,1,0,-1,-2,-3,-4,-1,2,1,114
2045,6,5,4,3,2,1,0,-1,-2,1,0,-1,98
2046,8,5,4,3,2,1,0,-1,-2,-3,0,1,134
2047,10,7,6,5,4,3,2,1,0,-1,-2,-1,246
2048,8,9,8,7,6,5,4,3,2,1,0,1,350
2049,6,7,6,5,4,3,2,1,0,-1,2,-1,182
2050,4,7,6,5,4,3,2,1,0,3,-2,1,170
2051,6,5,4,3,2,1,0,-1,-2,1,0,-1,98
2052,4,5,6,5,4,3,2,1,4,-1,0,1,150
2053,2,7,4,3,2,1,0,-1,2,-3,2,-1,102
2054,4,3,4,3,2,1,0,-1,2,1,-2,1,66
2055,6,5,2,1,0,-1,-2,-3,0,-1,0,-1,82
2056,4,5,4,5,4,3,2,5,0,1,0,1,138
2057,2,3,6,3,2,1,0,3,-2,-1,2,-1,82
2058,0,7,2,3,2,1,0,3,-2,3,-2,1,94
2059,2,5,4,1,0,-1,-2,1,-4,1,0,-1,70
2060,4,1,2,3,2,1,0,3,2,-1,0,1,50
2061,2,3,4,1,0,-1,-2,1,0,-3,2,-1,50
2062,4,3,0,1,0,-1,-2,1,0,1,-2,1,38
2063,6,5,2,-1,-2,-3,-4,-1,-2,-1,0,-1,102
2064,4,5,4,3,4,3,6,1,2,1,0,1,134
2065,2,3,2,5,2,1,4,-1,0,-1,2,-1,70
2066,0,3,6,1,2,1,4,-1,0,3,-2,1,82
2067,2,1,4,3,0,-1,2,-3,-2,1,0,-1,50
2068,0,5,2,1,2,1,4,-1,4,-1,0,1,70
2069,-2,7,0,3,0,-1,2,-3,2,-3,2,-1,94
2070,0,3,4,-1,0,-1,2,-3,2,1,-2,1,50
2071,2,5,2,1,-2,-3,0,-5,0,-1,0,-1,74
2072,4,1,0,1,2,1,4,3,0,1,0,1,50
2073,2,-1,2,3,0,-1,2,1,-2,-1,2,-1,34
2074,0,3,2,-1,0,-1,2,1,-2,3,-2,1,38
2075,2,1,4,1,-2,-3,0,-1,-4,1,0,-1,54
2076,4,1,-2,-1,0,-1,2,1,2,-1,0,1,34
2077,2,3,0,1,-2,-3,0,-1,0,-3,2,-1,42
2078,4,3,0,-3,-2,-3,0,-1,0,1,-2,1,54
2079,6,5,2,-1,-4,-5,-2,-3,-2,-1,0,-1,126
2080,4,5,4,3,2,7,2,3,2,1,0,1,138
2081,2,3,2,1,4,5,0,1,0,-1,2,-1,66
2082,0,3,2,5,0,5,0,1,0,3,-2,1,78
2083,2,1,0,3,2,3,-2,-1,-2,1,0,-1,38
2084,0,1,6,1,0,5,0,1,4,-1,0,1,82
2085,-2,3,4,-1,2,3,-2,-1,2,-3,2,-1,66
2086,0,-1,4,3,-2,3,-2,-1,2,1,-2,1,54
2087,2,1,2,1,0,1,-4,-3,0,-1,0,-1,38
2088,0,5,0,1,0,5,0,5,0,1,0,1,78
2089,-2,3,2,-1,2,3,-2,3,-2,-1,2,-1,54
2090,-4,7,-2,3,-2,3,-2,3,-2,3,-2,1,122
2091,-2,5,0,1,0,1,-4,1,-4,1,0,-1,66
2092,0,1,2,-1,-2,3,-2,3,2,-1,0,1,38
2093,-2,3,4,-3,0,1,-4,1,0,-3,2,-1,70
2094,0,3,0,1,-4,1,-4,1,0,1,-2,1,50
2095,2,5,2,-1,-2,-1,-6,-1,-2,-1,0,-1,82
2096,4,1,0,-1,0,5,4,1,2,1,0,1,66
2097,2,-1,-2,1,2,3,2,-1,0,-1,2,-1,34
2098,0,-1,2,1,-2,3,2,-1,0,3,-2,1,38
2099,2,-3,0,3,0,1,0,-3,-2,1,0,-1,38
2100,0,1,2,-3,-2,3,2,-1,4,-1,0,1,50
2101,-2,3,0,-1,0,1,0,-3,2,-3,2,-1,42
2102,0,-1,4,-1,-4,1,0,-3,2,1,-2,1,54
2103,2,1,2,1,-2,-1,-2,-5,0,-1,0,-1,46
2104,4,1,-4,-3,-2,3,2,3,0,1,0,1,70
2105,2,-1,-2,-1,0,1,0,1,-2,-1,2,-1,22
2106,0,3,-2,-1,-4,1,0,1,-2,3,-2,1,50
2107,2,1,0,1,-2,-1,-2,-1,-4,1,0,-1,34
2108,4,1,-2,-5,-4,1,0,1,2,-1,0,1,70
2109,2,3,0,-3,-2,-1,-2,-1,0,-3,2,-1,46
2110,4,3,0,-3,-6,-1,-2,-1,0,1,-2,1,82
2111,6,5,2,-1,-4,-3,-4,-3,-2,-1,0,-1,122
2112,4,5,4,3,6,1,4,3,2,1,0,1,134
2113,2,3,2,1,4,3,2,1,0,-1,2,-1,54
2114,0,3,2,1,8,-1,2,1,0,3,-2,1,98
2115,2,1,0,-1,6,1,0,-1,-2,1,0,-1,50
2116,0,1,2,5,4,-1,2,1,4,-1,0,1,70
2117,-2,3,0,3,2,1,0,-1,2,-3,2,-1,46
2118,0,-1,0,3,6,-3,0,-1,2,1,-2,1,66
2119,2,1,-2,1,4,-1,-2,-3,0,-1,0,-1,42
2120,0,1,4,1,4,-1,2,5,0,1,0,1,66
2121,-2,-1,6,-1,2,1,0,3,-2,-1,2,-1,66
2122,-4,3,2,-1,6,-3,0,3,-2,3,-2,1,102
2123,-2,1,4,-3,4,-1,-2,1,-4,1,0,-1,70
2124,0,-3,2,3,2,-3,0,3,2,-1,0,1,50
2125,-2,-1,4,1,0,-1,-2,1,0,-3,2,-1,42
2126,0,-1,0,1,4,-5,-2,1,0,1,-2,1,54
2127,2,1,2,-1,2,-3,-4,-1,-2,-1,0,-1,46
2128,0,5,0,-1,4,-1,6,1,2,1,0,1,86
2129,-2,3,-2,1,2,1,4,-1,0,-1,2,-1,46
2130,-4,3,2,-3,6,-3,4,-1,0,3,-2,1,114
2131,-2,1,0,-1,4,-1,2,-3,-2,1,0,-1,42
2132,-4,5,-2,1,2,-3,4,-1,4,-1,0,1,94
2133,-6,7,-4,3,0,-1,2,-3,2,-3,2,-1,142
2134,-4,3,0,-1,4,-5,2,-3,2,1,-2,1,90
2135,-2,5,-2,1,2,-3,0,-5,0,-1,0,-1,74
2136,0,1,0,-3,2,-3,4,3,0,1,0,1,50
2137,-2,-1,2,-1,0,-1,2,1,-2,-1,2,-1,26
2138,-4,3,2,-5,4,-5,2,1,-2,3,-2,1,118
2139,-2,1,4,-3,2,-3,0,-1,-4,1,0,-1,62
2140,0,1,-2,-1,0,-5,2,1,2,-1,0,1,42
2141,-2,3,0,1,-2,-3,0,-1,0,-3,2,-1,42
2142,0,3,0,-3,2,-7,0,-1,0,1,-2,1,78
2143,2,5,2,-1,0,-5,-2,-3,-2,-1,0,-1,78
2144,4,1,0,-1,2,3,2,3,2,1,0,1,50
2145,2,-1,-2,-3,4,5,0,1,0,-1,2,-1,66
2146,0,-1,-2,1,4,1,0,1,0,3,-2,1,38
2147,2,-3,-4,-1,6,3,-2,-1,-2,1,0,-1,86
2148,0,-3,2,1,0,1,0,1,4,-1,0,1,34
2149,-2,-1,0,-1,2,3,-2,-1,2,-3,2,-1,42
2150,0,-5,0,3,2,-1,-2,-1,2,1,-2,1,54
2151,2,-3,-2,1,4,1,-4,-3,0,-1,0,-1,62
2152,0,1,0,-3,0,1,0,5,0,1,0,1,38
2153,-2,-1,2,-5,2,3,-2,3,-2,-1,2,-1,70
2154,-4,3,-2,-1,2,-1,-2,3,-2,3,-2,1,66
2155,-2,1,0,-3,4,1,-4,1,-4,1,0,-1,66
2156,0,-3,2,-1,-2,-1,-2,3,2,-1,0,1,38
2157,-2,-1,4,-3,0,1,-4,1,0,-3,2,-1,62
2158,0,-1,0,1,0,-3,-4,1,0,1,-2,1,34
2159,2,1,2,-1,2,-1,-6,-1,-2,-1,0,-1,58
2160,4,1,-4,-5,0,1,4,1,2,1,0,1,82
2161,2,-1,-6,-3,2,3,2,-1,0,-1,2,-1,74
2162,0,-1,-2,-3,2,-1,2,-1,0,3,-2,1,38
2163,2,-3,-4,-1,4,1,0,-3,-2,1,0,-1,62
2164,0,1,-2,-3,-2,-1,2,-1,4,-1,0,1,42
2165,-2,3,-4,-1,0,1,0,-3,2,-3,2,-1,58
2166,0,-1,0,-1,0,-3,0,-3,2,1,-2,1,30
2167,2,1,-2,1,2,-1,-2,-5,0,-1,0,-1,46
2168,4,1,-4,-7,-2,-1,2,3,0,1,0,1,102
2169,2,-1,-2,-5,0,1,0,1,-2,-1,2,-1,46
2170,0,3,-2,-5,0,-3,0,1,-2,3,-2,1,66
2171,2,1,0,-3,2,-1,-2,-1,-4,1,0,-1,42
2172,4,1,-2,-5,-4,-3,0,1,2,-1,0,1,78
2173,2,3,0,-3,-2,-1,-2,-1,0,-3,2,-1,46
2174,4,3,0,-3,-2,-5,-2,-1,0,1,-2,1,74
2175,6,5,2,-1,0,-3,-4,-3,-2,-1,0,-1,106
2176,4,5,4,7,2,3,2,3,2,1,0,1,138
2177,2,3,2,5,0,1,4,1,0,-1,2,-1,66
2178,0,3,2,5,0,5,0,1,0,3,-2,1,78
2179,2,1,0,3,-2,3,2,-1,-2,1,0,-1,38
2180,0,1,2,5,4,1,0,1,4,-1,0,1,66
2181,-2,3,0,3,2,-1,2,-1,2,-3,2,-1,50
2182,0,-1,0,3,2,3,-2,-1,2,1,-2,1,38
2183,2,1,-2,1,0,1,0,-3,0,-1,0,-1,22
2184,0,1,0,9,0,1,0,5,0,1,0,1,110
2185,-2,-1,2,7,-2,-1,2,3,-2,-1,2,-1,86
2186,-4,3,-2,7,-2,3,-2,3,-2,3,-2,1,122
2187,-2,1,0,5,-4,1,0,1,-4,1,0,-1,66
2188,0,-3,-2,7,2,-1,-2,3,2,-1,0,1,86
2189,-2,-1,0,5,0,-3,0,1,0,-3,2,-1,54
2190,0,-1,-4,5,0,1,-4,1,0,1,-2,1,66
2191,2,1,-2,3,-2,-1,-2,-1,-2,-1,0,-1,34
2192,0,1,4,3,0,1,4,1,2,1,0,1,50
2193,-2,-1,2,5,-2,-1,6,-1,0,-1,2,-1,82
2194,-4,-1,6,1,-2,3,2,-1,0,3,-2,1,86
2195,-2,-3,4,3,-4,1,4,-3,-2,1,0,-1,86
2196,-4,1,2,1,2,-1,2,-1,4,-1,0,1,50
2197,-6,3,0,3,0,-3,4,-3,2,-3,2,-1,106
2198,-4,-1,4,-1,0,1,0,-3,2,1,-2,1,54
2199,-2,1,2,1,-2,-1,2,-5,0,-1,0,-1,46
2200,0,-3,0,5,-2,-1,2,3,0,1,0,1,54
2201,-2,-5,2,7,-4,-3,4,1,-2,-1,2,-1,134
2202,-4,-1,2,3,-4,1,0,1,-2,3,-2,1,66
2203,-2,-3,4,5,-6,-1,2,-1,-4,1,0,-1,114
2204,0,-3,-2,3,0,-3,0,1,2,-1,0,1,38
2205,-2,-1,0,5,-2,-5,2,-1,0,-3,2,-1,78
2206,0,-1,0,1,-2,-1,-2,-1,0,1,-2,1,18
2207,2,1,2,3,-4,-3,0,-3,-2,-1,0,-1,58
2208,0,5,0,3,-2,5,0,3,2,1,0,1,78
2209,-2,3,-2,1,0,3,2,1,0,-1,2,-1,38
2210,-4,3,-2,5,-4,7,-2,1,0,3,-2,1,138
2211,-2,1,-4,3,-2,5,0,-1,-2,1,0,-1,66
2212,-4,1,2,1,0,3,-2,1,4,-1,0,1,54
2213,-6,3,0,-1,2,1,0,-1,2,-3,2,-1,70
2214,-4,-1,0,3,-2,5,-4,-1,2,1,-2,1,82
2215,-2,1,-2,1,0,3,-2,-3,0,-1,0,-1,34
2216,-4,5,-4,5,-4,3,-2,5,0,1,0,1,138
2217,-6,3,-2,3,-2,1,0,3,-2,-1,2,-1,82
2218,-8,7,-6,7,-6,5,-4,3,-2,3,-2,1,302
2219,-6,5,-4,5,-4,3,-2,1,-4,1,0,-1,150
2220,-4,1,-2,3,-2,1,-4,3,2,-1,0,1,66
2221,-6,3,0,1,0,-1,-2,1,0,-3,2,-1,66
2222,-4,3,-4,5,-4,3,-6,1,0,1,-2,1,134
2223,-2,5,-2,3,-2,1,-4,-1,-2,-1,0,-1,70
2224,0,1,0,-1,-4,3,2,1,2,1,0,1,38
2225,-2,-1,-2,1,-2,1,4,-1,0,-1,2,-1,38
2226,-4,-1,2,1,-6,5,0,-1,0,3,-2,1,98
2227,-2,-3,0,3,-4,3,2,-3,-2,1,0,-1,66
2228,-4,1,2,-3,-2,1,0,-1,4,-1,0,1,54
2229,-6,3,0,-1,0,-1,2,-3,2,-3,2,-1,78
2230,-4,-1,4,-1,-4,3,-2,-3,2,1,-2,1,82
2231,-2,1,2,1,-2,1,0,-5,0,-1,0,-1,42
2232,0,1,-4,1,-6,1,0,3,0,1,0,1,66
2233,-2,-1,-2,3,-4,-1,2,1,-2,-1,2,-1,50
2234,-4,3,-2,3,-8,3,-2,1,-2,3,-2,1,134
2235,-2,1,0,5,-6,1,0,-1,-4,1,0,-1,86
2236,0,1,-2,-1,-4,-1,-2,1,2,-1,0,1,34
2237,-2,3,0,1,-2,-3,0,-1,0,-3,2,-1,42
2238,0,3,0,1,-6,1,-4,-1,0,1,-2,1,70
2239,2,5,2,3,-4,-1,-2,-3,-2,-1,0,-1,78
2240,4,1,0,3,2,-1,2,3,2,1,0,1,50
2241,2,-1,-2,1,0,1,4,1,0,-1,2,-1,34
2242,0,-1,-2,1,4,1,0,1,0,3,-2,1,38
2243,2,-3,-4,-1,2,3,2,-1,-2,1,0,-1,54
2244,0,-3,-2,5,4,-3,0,1,4,-1,0,1,82
2245,-2,-1,-4,3,2,-1,2,-1,2,-3,2,-1,58
2246,0,-5,-4,3,6,-1,-2,-1,2,1,-2,1,102
2247,2,-3,-6,1,4,1,0,-3,0,-1,0,-1,78
2248,0,-3,0,5,0,-3,0,5,0,1,0,1,70
2249,-2,-5,2,3,-2,-1,2,3,-2,-1,2,-1,70
2250,-4,-1,-2,3,2,-1,-2,3,-2,3,-2,1,66
2251,-2,-3,0,1,0,1,0,1,-4,1,0,-1,34
2252,0,-7,-2,7,2,-5,-2,3,2,-1,0,1,150
2253,-2,-5,0,5,0,-3,0,1,0,-3,2,-1,78
2254,0,-5,-4,5,4,-3,-4,1,0,1,-2,1,114
2255,2,-3,-2,3,2,-1,-2,-1,-2,-1,0,-1,42
2256,0,1,0,-1,0,-3,4,1,2,1,0,1,34
2257,-2,-1,-2,1,-2,-1,6,-1,0,-1,2,-1,58
2258,-4,-1,2,-3,2,-1,2,-1,0,3,-2,1,54
2259,-2,-3,0,-1,0,1,4,-3,-2,1,0,-1,46
2260,-4,1,-2,1,2,-5,2,-1,4,-1,0,1,74
2261,-6,3,-4,3,0,-3,4,-3,2,-3,2,-1,122
2262,-4,-1,0,-1,4,-3,0,-3,2,1,-2,1,62
2263,-2,1,-2,1,2,-1,2,-5,0,-1,0,-1,46
2264,0,-3,0,1,-2,-5,2,3,0,1,0,1,54
2265,-2,-5,2,3,-4,-3,4,1,-2,-1,2,-1,94
2266,-4,-1,2,-1,0,-3,0,1,-2,3,-2,1,50
2267,-2,-3,4,1,-2,-1,2,-1,-4,1,0,-1,58
2268,0,-3,-2,3,0,-7,0,1,2,-1,0,1,78
2269,-2,-1,0,5,-2,-5,2,-1,0,-3,2,-1,78
2270,0,-1,0,1,2,-5,-2,-1,0,1,-2,1,42
2271,2,1,2,3,0,-3,0,-3,-2,-1,0,-1,42
2272,4,1,-4,-1,-2,1,0,3,2,1,0,1,54
2273,2,-1,-6,-3,0,3,2,1,0,-1,2,-1,70
2274,0,-1,-6,1,0,3,-2,1,0,3,-2,1,66
2275,2,-3,-8,-1,2,5,0,-1,-2,1,0,-1,114
2276,0,-3,-2,1,0,-1,-2,1,4,-1,0,1,38
2277,-2,-1,-4,-1,2,1,0,-1,2,-3,2,-1,46
2278,0,-5,-4,3,2,1,-4,-1,2,1,-2,1,82
2279,2,-3,-6,1,4,3,-2,-3,0,-1,0,-1,90
2280,0,1,-4,1,-4,-1,-2,5,0,1,0,1,66
2281,-2,-1,-2,-1,-2,1,0,3,-2,-1,2,-1,34
2282,-4,3,-6,3,-2,1,-4,3,-2,3,-2,1,118
2283,-2,1,-4,1,0,3,-2,1,-4,1,0,-1,54
2284,0,-3,-2,3,-2,-3,-4,3,2,-1,0,1,66
2285,-2,-1,0,1,0,-1,-2,1,0,-3,2,-1,26
2286,0,-1,-4,5,0,-1,-6,1,0,1,-2,1,86
2287,2,1,-2,3,2,1,-4,-1,-2,-1,0,-1,46
2288,4,1,-4,-5,-4,-1,2,1,2,1,0,1,86
2289,2,-1,-6,-3,-2,1,4,-1,0,-1,2,-1,78
2290,0,-1,-2,-3,-2,1,0,-1,0,3,-2,1,34
2291,2,-3,-4,-1,0,3,2,-3,-2,1,0,-1,58
2292,0,1,-2,-3,-2,-3,0,-1,4,-1,0,1,46
2293,-2,3,-4,-1,0,-1,2,-3,2,-3,2,-1,62
2294,0,-1,0,-1,0,-1,-2,-3,2,1,-2,1,26
2295,2,1,-2,1,2,1,0,-5,0,-1,0,-1,42
2296,4,1,-4,-3,-6,-3,0,3,0,1,0,1,98
2297,2,-1,-2,-1,-4,-1,2,1,-2,-1,2,-1,42
2298,0,3,-2,-1,-4,-1,-2,1,-2,3,-2,1,54
2299,2,1,0,1,-2,1,0,-1,-4,1,0,-1,30
2300,4,1,-2,-1,-4,-5,-2,1,2,-1,0,1,74
2301,2,3,0,1,-2,-3,0,-1,0,-3,2,-1,42
2302,4,3,0,1,-2,-3,-4,-1,0,1,-2,1,62
2303,6,5,2,3,0,-1,-2,-3,-2,-1,0,-1,94
2304,4,5,8,3,4,3,2,1,2,1,0,1,150
2305,2,3,6,1,2,1,0,3,0,-1,2,-1,70
2306,0,3,6,1,2,1,4,-1,0,3,-2,1,82
2307,2,1,4,-1,0,-1,2,1,-2,1,0,-1,34
2308,0,1,6,1,2,5,0,-1,4,-1,0,1,86
2309,-2,3,4,-1,0,3,-2,1,2,-3,2,-1,62
2310,0,-1,4,-1,0,3,2,-3,2,1,-2,1,50
2311,2,1,2,-3,-2,1,0,-1,0,-1,0,-1,26
2312,0,1,4,1,6,1,0,3,0,1,0,1,66
2313,-2,-1,6,-1,4,-1,-2,5,-2,-1,2,-1,98
2314,-4,3,2,-1,4,-1,2,1,-2,3,-2,1,70
2315,-2,1,4,-3,2,-3,0,3,-4,1,0,-1,70
2316,0,-3,2,-1,4,3,-2,1,2,-1,0,1,50
2317,-2,-1,4,-3,2,1,-4,3,0,-3,2,-1,74
2318,0,-1,0,-3,2,1,0,-1,0,1,-2,1,22
2319,2,1,2,-5,0,-1,-2,1,-2,-1,0,-1,46
2320,0,1,4,3,2,1,4,-1,2,1,0,1,54
2321,-2,-1,2,5,0,-1,2,1,0,-1,2,-1,46
2322,-4,-1,6,1,0,-1,6,-3,0,3,-2,1,114
2323,-2,-3,4,3,-2,-3,4,-1,-2,1,0,-1,74
2324,-4,1,2,1,0,3,2,-3,4,-1,0,1,62
2325,-6,3,0,3,-2,1,0,-1,2,-3,2,-1,78
2326,-4,-1,4,-1,-2,1,4,-5,2,1,-2,1,90
2327,-2,1,2,1,-4,-1,2,-3,0,-1,0,-1,42
2328,0,-3,0,1,4,-1,2,1,0,1,0,1,34
2329,-2,-5,2,3,2,-3,0,3,-2,-1,2,-1,74
2330,-4,-1,2,-1,2,-3,4,-1,-2,3,-2,1,70
2331,-2,-3,4,1,0,-5,2,1,-4,1,0,-1,78
2332,0,-3,-2,-1,2,1,0,-1,2,-1,0,1,26
2333,-2,-1,0,1,0,-1,-2,1,0,-3,2,-1,26
2334,0,-1,0,-3,0,-1,2,-3,0,1,-2,1,30
2335,2,1,2,-1,-2,-3,0,-1,-2,-1,0,-1,30
2336,0,1,8,-1,0,5,0,1,2,1,0,1,98
2337,-2,-1,6,-3,2,3,-2,3,0,-1,2,-1,82
2338,-4,-1,6,1,-2,3,2,-1,0,3,-2,1,86
2339,-2,-3,4,-1,0,1,0,1,-2,1,0,-1,38
2340,-4,-3,10,-3,-2,7,-2,-1,4,-1,0,1,210
2341,-6,-1,8,-5,0,5,-4,1,2,-3,2,-1,186
2342,-4,-5,8,-1,-4,5,0,-3,2,1,-2,1,166
2343,-2,-3,6,-3,-2,3,-2,-1,0,-1,0,-1,78
2344,-4,1,4,-3,2,3,-2,3,0,1,0,1,70
2345,-6,-1,6,-5,4,1,-4,5,-2,-1,2,-1,166
2346,-8,3,2,-1,0,1,0,1,-2,3,-2,1,98
2347,-6,1,4,-3,2,-1,-2,3,-4,1,0,-1,98
2348,-4,-3,6,-5,0,5,-4,1,2,-1,0,1,134
2349,-6,-1,8,-7,2,3,-6,3,0,-3,2,-1,222
2350,-4,-1,4,-3,-2,3,-2,-1,0,1,-2,1,66
2351,-2,1,6,-5,0,1,-4,1,-2,-1,0,-1,90
2352,0,-3,4,-1,-2,3,2,-1,2,1,0,1,50
2353,-2,-5,2,1,0,1,0,1,0,-1,2,-1,42
2354,-4,-5,6,1,-4,1,4,-3,0,3,-2,1,134
2355,-2,-7,4,3,-2,-1,2,-1,-2,1,0,-1,94
2356,-4,-3,6,-3,-4,5,0,-3,4,-1,0,1,138
2357,-6,-1,4,-1,-2,3,-2,-1,2,-3,2,-1,90
2358,-4,-5,8,-1,-6,3,2,-5,2,1,-2,1,190
2359,-2,-3,6,1,-4,1,0,-3,0,-1,0,-1,78
2360,0,-3,0,-3,0,1,0,1,0,1,0,1,22
2361,-2,-5,2,-1,2,-1,-2,3,-2,-1,2,-1,62
2362,-4,-1,2,-1,-2,-1,2,-1,-2,3,-2,1,50
2363,-2,-3,4,1,0,-3,0,1,-4,1,0,-1,58
2364,0,-3,2,-5,-2,3,-2,-1,2,-1,0,1,62
2365,-2,-1,4,-3,0,1,-4,1,0,-3,2,-1,62
2366,0,-1,4,-3,-4,1,0,-3,0,1,-2,1,58
2367,2,1,6,-1,-2,-1,-2,-1,-2,-1,0,-1,58
2368,0,5,4,-1,4,-1,2,1,2,1,0,1,70
2369,-2,3,2,-3,2,1,0,3,0,-1,2,-1,46
2370,-4,3,2,-3,6,-3,4,-1,0,3,-2,1,114
2371,-2,1,0,-5,4,-1,2,1,-2,1,0,-1,58
2372,-4,1,2,1,2,1,0,-1,4,-1,0,1,46
2373,-6,3,0,-1,0,3,-2,1,2,-3,2,-1,78
2374,-4,-1,0,-1,4,-1,2,-3,2,1,-2,1,58
2375,-2,1,-2,-3,2,1,0,-1,0,-1,0,-1,26
2376,-4,1,4,-3,6,-3,0,3,0,1,0,1,98
2377,-6,-1,6,-5,4,-1,-2,5,-2,-1,2,-1,154
2378,-8,3,2,-5,8,-5,2,1,-2,3,-2,1,214
2379,-6,1,4,-7,6,-3,0,3,-4,1,0,-1,174
2380,-4,-3,2,-1,4,-1,-2,1,2,-1,0,1,58
2381,-6,-1,4,-3,2,1,-4,3,0,-3,2,-1,106
2382,-4,-1,0,-3,6,-3,0,-1,0,1,-2,1,78
2383,-2,1,2,-5,4,-1,-2,1,-2,-1,0,-1,62
2384,-4,5,0,-1,2,-3,4,-1,2,1,0,1,78
2385,-6,3,-2,1,0,-1,2,1,0,-1,2,-1,62
2386,-8,3,2,-3,4,-5,6,-3,0,3,-2,1,186
2387,-6,1,0,-1,2,-3,4,-1,-2,1,0,-1,74
2388,-8,5,-2,1,0,-1,2,-3,4,-1,0,1,126
2389,-10,7,-4,3,-2,1,0,-1,2,-3,2,-1,198
2390,-8,3,0,-1,2,-3,4,-5,2,1,-2,1,138
2391,-6,5,-2,1,0,-1,2,-3,0,-1,0,-1,82
2392,-4,1,0,-3,4,-5,2,1,0,1,0,1,74
2393,-6,-1,2,-1,2,-3,0,3,-2,-1,2,-1,74
2394,-8,3,2,-5,6,-7,4,-1,-2,3,-2,1,222
2395,-6,1,4,-3,4,-5,2,1,-4,1,0,-1,126
2396,-4,1,-2,-1,2,-3,0,-1,2,-1,0,1,42
2397,-6,3,0,1,0,-1,-2,1,0,-3,2,-1,66
2398,-4,3,0,-3,4,-5,2,-3,0,1,-2,1,94
2399,-2,5,2,-1,2,-3,0,-1,-2,-1,0,-1,54
2400,0,1,4,-5,0,1,0,1,2,1,0,1,50
2401,-2,-1,2,-7,2,3,-2,3,0,-1,2,-1,90
2402,-4,-1,2,-3,2,-1,2,-1,0,3,-2,1,54
2403,-2,-3,0,-5,4,1,0,1,-2,1,0,-1,62
2404,-4,-3,6,-3,-2,3,-2,-1,4,-1,0,1,106
2405,-6,-1,4,-5,0,5,-4,1,2,-3,2,-1,138
2406,-4,-5,4,-1,0,1,0,-3,2,1,-2,1,78
2407,-2,-3,2,-3,2,3,-2,-1,0,-1,0,-1,46
2408,-4,1,4,-7,2,-1,-2,3,0,1,0,1,102
2409,-6,-1,6,-9,4,1,-4,5,-2,-1,2,-1,222
2410,-8,3,2,-5,4,-3,0,1,-2,3,-2,1,146
2411,-6,1,4,-7,6,-1,-2,3,-4,1,0,-1,170
2412,-4,-3,6,-5,0,1,-4,1,2,-1,0,1,110
2413,-6,-1,8,-7,2,3,-6,3,0,-3,2,-1,222
2414,-4,-1,4,-3,2,-1,-2,-1,0,1,-2,1,58
2415,-2,1,6,-5,4,1,-4,1,-2,-1,0,-1,106
2416,0,1,0,-5,-2,-1,2,-1,2,1,0,1,42
2417,-2,-1,-2,-3,0,1,0,1,0,-1,2,-1,26
2418,-4,-1,2,-3,0,-3,4,-3,0,3,-2,1,78
2419,-2,-3,0,-1,2,-1,2,-1,-2,1,0,-1,30
2420,-4,1,2,-3,-4,1,0,-3,4,-1,0,1,74
2421,-6,3,0,-1,-2,3,-2,-1,2,-3,2,-1,82
2422,-4,-1,4,-1,-2,-1,2,-5,2,1,-2,1,78
2423,-2,1,2,1,0,1,0,-3,0,-1,0,-1,22
2424,0,1,0,-7,0,-3,0,1,0,1,0,1,62
2425,-2,-1,2,-5,2,-1,-2,3,-2,-1,2,-1,62
2426,-4,3,2,-5,2,-5,2,-1,-2,3,-2,1,106
2427,-2,1,4,-3,4,-3,0,1,-4,1,0,-1,74
2428,0,1,2,-5,-2,-1,-2,-1,2,-1,0,1,46
2429,-2,3,4,-3,0,1,-4,1,0,-3,2,-1,70
2430,0,3,4,-3,0,-3,0,-3,0,1,-2,1,58
2431,2,5,6,-1,2,-1,-2,-1,-2,-1,0,-1,82
2432,4,1,4,3,0,1,0,1,2,1,0,1,50
2433,2,-1,2,1,-2,-1,2,3,0,-1,2,-1,34
2434,0,-1,2,1,-2,3,2,-1,0,3,-2,1,38
2435,2,-3,0,-1,-4,1,4,1,-2,1,0,-1,54
2436,0,-3,2,1,2,3,-2,-1,4,-1,0,1,50
2437,-2,-1,0,-1,0,1,0,1,2,-3,2,-1,26
2438,0,-5,0,-1,0,5,0,-3,2,1,-2,1,70
2439,2,-3,-2,-3,-2,3,2,-1,0,-1,0,-1,46
2440,0,-3,0,5,2,-1,-2,3,0,1,0,1,54
2441,-2,-5,2,3,0,-3,0,5,-2,-1,2,-1,86
2442,-4,-1,-2,3,0,1,0,1,-2,3,-2,1,50
2443,-2,-3,0,1,-2,-1,2,3,-4,1,0,-1,50
2444,0,-7,-2,3,4,1,-4,1,2,-1,0,1,102
2445,-2,-5,0,1,2,-1,-2,3,0,-3,2,-1,62
2446,0,-5,-4,1,2,3,-2,-1,0,1,-2,1,66
2447,2,-3,-2,-1,0,1,0,1,-2,-1,0,-1,26
2448,0,-3,4,3,-2,-1,2,-1,2,1,0,1,50
2449,-2,-5,2,5,-4,-3,4,1,0,-1,2,-1,106
2450,-4,-5,6,1,-4,1,4,-3,0,3,-2,1,134
2451,-2,-7,4,3,-6,-1,6,-1,-2,1,0,-1,158
2452,-4,-3,2,1,0,1,0,-3,4,-1,0,1,58
2453,-6,-1,0,3,-2,-1,2,-1,2,-3,2,-1,74
2454,-4,-5,4,-1,-2,3,2,-5,2,1,-2,1,110
2455,-2,-3,2,1,-4,1,4,-3,0,-1,0,-1,62
2456,0,-7,0,5,0,-3,0,1,0,1,0,1,86
2457,-2,-9,2,7,-2,-5,2,3,-2,-1,2,-1,190
2458,-4,-5,2,3,-2,-1,2,-1,-2,3,-2,1,82
2459,-2,-7,4,5,-4,-3,4,1,-4,1,0,-1,154
2460,0,-7,-2,3,2,-1,-2,-1,2,-1,0,1,78
2461,-2,-5,0,5,0,-3,0,1,0,-3,2,-1,78
2462,0,-5,0,1,0,1,0,-3,0,1,-2,1,42
2463,2,-3,2,3,-2,-1,2,-1,-2,-1,0,-1,42
2464,0,1,4,-1,-4,3,-2,1,2,1,0,1,54
2465,-2,-1,2,-3,-2,1,0,3,0,-1,2,-1,38
2466,-4,-1,2,1,-6,5,0,-1,0,3,-2,1,98
2467,-2,-3,0,-1,-4,3,2,1,-2,1,0,-1,50
2468,-4,-3,6,-3,-2,5,-4,-1,4,-1,0,1,134
2469,-6,-1,4,-5,0,3,-2,1,2,-3,2,-1,110
2470,-4,-5,4,-1,-4,7,-2,-3,2,1,-2,1,146
2471,-2,-3,2,-3,-2,5,0,-1,0,-1,0,-1,58
2472,-4,1,0,1,-2,1,-4,3,0,1,0,1,50
2473,-6,-1,2,-1,0,-1,-2,5,-2,-1,2,-1,82
2474,-8,3,-2,3,-4,3,-2,1,-2,3,-2,1,134
2475,-6,1,0,1,-2,1,0,3,-4,1,0,-1,70
2476,-4,-3,2,-1,0,3,-6,1,2,-1,0,1,82
2477,-6,-1,4,-3,2,1,-4,3,0,-3,2,-1,106
2478,-4,-1,0,1,-2,5,-4,-1,0,1,-2,1,70
2479,-2,1,2,-1,0,3,-2,1,-2,-1,0,-1,30
2480,0,-3,4,-1,-6,1,0,-1,2,1,0,1,70
2481,-2,-5,2,1,-4,-1,2,1,0,-1,2,-1,62
2482,-4,-5,6,1,-8,3,2,-3,0,3,-2,1,178
2483,-2,-7,4,3,-6,1,4,-1,-2,1,0,-1,138
2484,-4,-3,6,-3,-4,3,-2,-3,4,-1,0,1,126
2485,-6,-1,4,-1,-2,1,0,-1,2,-3,2,-1,78
2486,-4,-5,8,-1,-6,5,0,-5,2,1,-2,1,202
2487,-2,-3,6,1,-4,3,2,-3,0,-1,0,-1,90
2488,0,-3,0,1,-4,-1,-2,1,0,1,0,1,34
2489,-2,-5,2,3,-2,-3,0,3,-2,-1,2,-1,74
2490,-4,-1,2,3,-6,1,0,-1,-2,3,-2,1,86
2491,-2,-3,4,5,-4,-1,2,1,-4,1,0,-1,94
2492,0,-3,2,-1,-2,1,-4,-1,2,-1,0,1,42
2493,-2,-1,4,1,0,-1,-2,1,0,-3,2,-1,42
2494,0,-1,4,1,-4,3,-2,-3,0,1,-2,1,62
2495,2,1,6,3,-2,1,0,-1,-2,-1,0,-1,62
2496,4,1,0,-1,0,-3,0,1,2,1,0,1,34
2497,2,-1,-2,-3,-2,-1,2,3,0,-1,2,-1,42
2498,0,-1,-2,-3,2,-1,2,-1,0,3,-2,1,38
2499,2,-3,-4,-5,0,1,4,1,-2,1,0,-1,78
2500,0,-3,-2,1,2,-1,-2,-1,4,-1,0,1,42
2501,-2,-1,-4,-1,0,1,0,1,2,-3,2,-1,42
2502,0,-5,-4,-1,4,1,0,-3,2,1,-2,1,78
2503,2,-3,-6,-3,2,3,2,-1,0,-1,0,-1,78
2504,0,-3,0,1,2,-5,-2,3,0,1,0,1,54
2505,-2,-5,2,-1,0,-3,0,5,-2,-1,2,-1,78
2506,-4,-1,-2,-1,4,-3,0,1,-2,3,-2,1,66
2507,-2,-3,0,-3,2,-1,2,3,-4,1,0,-1,58
2508,0,-7,-2,3,4,-3,-4,1,2,-1,0,1,110
2509,-2,-5,0,1,2,-1,-2,3,0,-3,2,-1,62
2510,0,-5,-4,1,6,-1,-2,-1,0,1,-2,1,90
2511,2,-3,-2,-1,4,1,0,1,-2,-1,0,-1,42
2512,0,1,0,-1,-2,-5,2,-1,2,1,0,1,42
2513,-2,-1,-2,1,-4,-3,4,1,0,-1,2,-1,58
2514,-4,-1,2,-3,0,-3,4,-3,0,3,-2,1,78
2515,-2,-3,0,-1,-2,-1,6,-1,-2,1,0,-1,62
2516,-4,1,-2,1,0,-3,0,-3,4,-1,0,1,58
2517,-6,3,-4,3,-2,-1,2,-1,2,-3,2,-1,98
2518,-4,-1,0,-1,2,-1,2,-5,2,1,-2,1,62
2519,-2,1,-2,1,0,1,4,-3,0,-1,0,-1,38
2520,0,-3,0,1,0,-7,0,1,0,1,0,1,62
2521,-2,-5,2,3,-2,-5,2,3,-2,-1,2,-1,94
2522,-4,-1,2,-1,2,-5,2,-1,-2,3,-2,1,74
2523,-2,-3,4,1,0,-3,4,1,-4,1,0,-1,74
2524,0,-3,-2,3,2,-5,-2,-1,2,-1,0,1,62
2525,-2,-1,0,5,0,-3,0,1,0,-3,2,-1,54
2526,0,-1,0,1,4,-3,0,-3,0,1,-2,1,42
2527,2,1,2,3,2,-1,2,-1,-2,-1,0,-1,34
2528,4,1,0,-5,-4,-1,-2,1,2,1,0,1,70
2529,2,-1,-2,-7,-2,1,0,3,0,-1,2,-1,78
2530,0,-1,-2,-3,-2,1,0,-1,0,3,-2,1,34
2531,2,-3,-4,-5,0,3,2,1,-2,1,0,-1,74
2532,0,-3,2,-3,-2,1,-4,-1,4,-1,0,1,62
2533,-2,-1,0,-5,0,3,-2,1,2,-3,2,-1,62
2534,0,-5,0,-1,0,3,-2,-3,2,1,-2,1,58
2535,2,-3,-2,-3,2,5,0,-1,0,-1,0,-1,58
2536,0,1,0,-3,-2,-3,-4,3,0,1,0,1,50
2537,-2,-1,2,-5,0,-1,-2,5,-2,-1,2,-1,74
2538,-4,3,-2,-1,0,-1,-2,1,-2,3,-2,1,54
2539,-2,1,0,-3,2,1,0,3,-4,1,0,-1,46
2540,0,-3,2,-1,0,-1,-6,1,2,-1,0,1,58
2541,-2,-1,4,-3,2,1,-4,3,0,-3,2,-1,74
2542,0,-1,0,1,2,1,-4,-1,0,1,-2,1,30
2543,2,1,2,-1,4,3,-2,1,-2,-1,0,-1,46
2544,4,1,0,-5,-6,-3,0,-1,2,1,0,1,94
2545,2,-1,-2,-3,-4,-1,2,1,0,-1,2,-1,46
2546,0,-1,2,-3,-4,-1,2,-3,0,3,-2,1,58
2547,2,-3,0,-1,-2,1,4,-1,-2,1,0,-1,42
2548,0,1,2,-3,-4,-1,-2,-3,4,-1,0,1,62
2549,-2,3,0,-1,-2,1,0,-1,2,-3,2,-1,38
2550,0,-1,4,-1,-2,1,0,-5,2,1,-2,1,58
2551,2,1,2,1,0,3,2,-3,0,-1,0,-1,34
2552,4,1,0,-3,-4,-5,-2,1,0,1,0,1,74
2553,2,-1,2,-1,-2,-3,0,3,-2,-1,2,-1,42
2554,0,3,2,-1,-2,-3,0,-1,-2,3,-2,1,46
2555,2,1,4,1,0,-1,2,1,-4,1,0,-1,46
2556,4,1,2,-1,-2,-3,-4,-1,2,-1,0,1,58
2557,2,3,4,1,0,-1,-2,1,0,-3,2,-1,50
2558,4,3,4,1,0,-1,-2,-3,0,1,-2,1,62
2559,6,5,6,3,2,1,0,-1,-2,-1,0,-1,118
2560,4,9,4,5,4,3,2,1,0,1,0,1,170
2561,2,7,2,3,2,1,0,-1,2,-1,2,-1,82
2562,0,7,2,3,2,1,0,3,-2,3,-2,1,94
2563,2,5,0,1,0,-1,-2,1,0,1,0,-1,38
2564,0,5,2,3,2,1,4,-1,2,-1,0,1,66
2565,-2,7,0,1,0,-1,2,-3,4,-3,2,-1,98
2566,0,3,0,1,0,-1,2,1,0,1,-2,1,22
2567,2,5,-2,-1,-2,-3,0,-1,2,-1,0,-1,54
2568,0,5,0,3,2,5,0,3,-2,1,0,1,78
2569,-2,3,2,1,0,3,-2,1,0,-1,2,-1,38
2570,-4,7,-2,1,0,3,-2,5,-4,3,-2,1,138
2571,-2,5,0,-1,-2,1,-4,3,-2,1,0,-1,66
2572,0,1,-2,1,0,3,2,1,0,-1,0,1,22
2573,-2,3,0,-1,-2,1,0,-1,2,-3,2,-1,38
2574,0,3,-4,-1,-2,1,0,3,-2,1,-2,1,50
2575,2,5,-2,-3,-4,-1,-2,1,0,-1,0,-1,66
2576,0,5,0,1,6,1,4,-1,0,1,0,1,82
2577,-2,3,-2,3,4,-1,2,-3,2,-1,2,-1,66
2578,-4,3,2,-1,4,-1,2,1,-2,3,-2,1,70
2579,-2,1,0,1,2,-3,0,-1,0,1,0,-1,22
2580,-4,5,-2,-1,4,-1,6,-3,2,-1,0,1,114
2581,-6,7,-4,1,2,-3,4,-5,4,-3,2,-1,186
2582,-4,3,0,-3,2,-3,4,-1,0,1,-2,1,70
2583,-2,5,-2,-1,0,-5,2,-3,2,-1,0,-1,78
2584,0,1,-4,-1,4,3,2,1,-2,1,0,1,54
2585,-2,-1,-2,1,2,1,0,-1,0,-1,2,-1,22
2586,-4,3,-2,-3,2,1,0,3,-4,3,-2,1,82
2587,-2,1,0,-1,0,-1,-2,1,-2,1,0,-1,18
2588,0,1,-6,-3,2,1,4,-1,0,-1,0,1,70
2589,-2,3,-4,-1,0,-1,2,-3,2,-3,2,-1,62
2590,0,3,-4,-5,0,-1,2,1,-2,1,-2,1,66
2591,2,5,-2,-3,-2,-3,0,-1,0,-1,0,-1,58
2592,0,5,0,5,0,5,0,1,0,1,0,1,78
2593,-2,3,-2,3,2,3,-2,-1,2,-1,2,-1,54
2594,-4,3,-2,7,-2,3,-2,3,-2,3,-2,1,122
2595,-2,1,-4,5,0,1,-4,1,0,1,0,-1,66
2596,-4,1,2,3,-2,3,2,-1,2,-1,0,1,54
2597,-6,3,0,1,0,1,0,-3,4,-3,2,-1,86
2598,-4,-1,0,5,-4,1,0,1,0,1,-2,1,66
2599,-2,1,-2,3,-2,-1,-2,-1,2,-1,0,-1,34
2600,-4,5,-4,3,-2,7,-2,3,-2,1,0,1,138
2601,-6,3,-2,1,0,5,-4,1,0,-1,2,-1,98
2602,-8,7,-6,5,-4,5,-4,5,-4,3,-2,1,286
2603,-6,5,-4,3,-2,3,-6,3,-2,1,0,-1,150
2604,-4,1,-2,1,-4,5,0,1,0,-1,0,1,66
2605,-6,3,0,-1,-2,3,-2,-1,2,-3,2,-1,82
2606,-4,3,-4,3,-6,3,-2,3,-2,1,-2,1,118
2607,-2,5,-2,1,-4,1,-4,1,0,-1,0,-1,70
2608,0,1,-4,1,2,3,2,-1,0,1,0,1,38
2609,-2,-1,-6,3,4,1,0,-3,2,-1,2,-1,86
2610,-4,-1,-2,3,0,1,0,1,-2,3,-2,1,50
2611,-2,-3,-4,5,2,-1,-2,-1,0,1,0,-1,66
2612,-4,1,-2,-1,0,1,4,-3,2,-1,0,1,54
2613,-6,3,-4,1,2,-1,2,-5,4,-3,2,-1,126
2614,-4,-1,0,1,-2,-1,2,-1,0,1,-2,1,34
2615,-2,1,-2,3,0,-3,0,-3,2,-1,0,-1,42
2616,0,1,-8,-1,0,5,0,1,-2,1,0,1,98
2617,-2,-1,-6,1,2,3,-2,-1,0,-1,2,-1,66
2618,-4,3,-6,1,-2,3,-2,3,-4,3,-2,1,118
2619,-2,1,-4,3,0,1,-4,1,-2,1,0,-1,54
2620,0,1,-6,-3,-2,3,2,-1,0,-1,0,1,66
2621,-2,3,-4,-1,0,1,0,-3,2,-3,2,-1,58
2622,0,3,-4,-1,-4,1,0,1,-2,1,-2,1,54
2623,2,5,-2,1,-2,-1,-2,-1,0,-1,0,-1,46
2624,0,5,4,1,4,-1,2,1,0,1,0,1,66
2625,-2,3,2,-1,2,1,0,-1,2,-1,2,-1,34
2626,-4,3,2,-1,6,-3,0,3,-2,3,-2,1,102
2627,-2,1,0,-3,4,-1,-2,1,0,1,0,-1,38
2628,-4,1,2,3,2,-3,4,-1,2,-1,0,1,66
2629,-6,3,0,1,0,-1,2,-3,4,-3,2,-1,90
2630,-4,-1,0,1,4,-5,2,1,0,1,-2,1,70
2631,-2,1,-2,-1,2,-3,0,-1,2,-1,0,-1,30
2632,-4,1,4,-1,2,1,0,3,-2,1,0,1,54
2633,-6,-1,6,-3,0,3,-2,1,0,-1,2,-1,102
2634,-8,3,2,-3,4,-1,-2,5,-4,3,-2,1,162
2635,-6,1,4,-5,2,1,-4,3,-2,1,0,-1,114
2636,-4,-3,2,1,0,-1,2,1,0,-1,0,1,38
2637,-6,-1,4,-1,-2,1,0,-1,2,-3,2,-1,78
2638,-4,-1,0,-1,2,-3,0,3,-2,1,-2,1,50
2639,-2,1,2,-3,0,-1,-2,1,0,-1,0,-1,26
2640,-4,5,0,-3,6,-3,4,-1,0,1,0,1,114
2641,-6,3,-2,-1,4,-1,2,-3,2,-1,2,-1,90
2642,-8,3,2,-5,8,-5,2,1,-2,3,-2,1,214
2643,-6,1,0,-3,6,-3,0,-1,0,1,0,-1,94
2644,-8,5,-2,-1,4,-5,6,-3,2,-1,0,1,186
2645,-10,7,-4,1,2,-3,4,-5,4,-3,2,-1,250
2646,-8,3,0,-3,6,-7,4,-1,0,1,-2,1,190
2647,-6,5,-2,-1,4,-5,2,-3,2,-1,0,-1,126
2648,-4,1,0,-5,4,-1,2,1,-2,1,0,1,70
2649,-6,-1,2,-3,2,1,0,-1,0,-1,2,-1,62
2650,-8,3,2,-7,6,-3,0,3,-4,3,-2,1,210
2651,-6,1,4,-5,4,-1,-2,1,-2,1,0,-1,106
2652,-4,1,-2,-3,2,-3,4,-1,0,-1,0,1,62
2653,-6,3,0,-1,0,-1,2,-3,2,-3,2,-1,78
2654,-4,3,0,-5,4,-5,2,1,-2,1,-2,1,106
2655,-2,5,2,-3,2,-3,0,-1,0,-1,0,-1,58
2656,0,1,0,1,0,1,0,1,0,1,0,1,6
2657,-2,-1,-2,-1,2,3,-2,-1,2,-1,2,-1,38
2658,-4,-1,-2,3,2,-1,-2,3,-2,3,-2,1,66
2659,-2,-3,-4,1,4,1,-4,1,0,1,0,-1,66
2660,-4,-3,2,3,-2,-1,2,-1,2,-1,0,1,54
2661,-6,-1,0,1,0,1,0,-3,4,-3,2,-1,78
2662,-4,-5,0,5,0,-3,0,1,0,1,-2,1,82
2663,-2,-3,-2,3,2,-1,-2,-1,2,-1,0,-1,42
2664,-4,1,0,-1,-2,3,-2,3,-2,1,0,1,50
2665,-6,-1,2,-3,0,5,-4,1,0,-1,2,-1,98
2666,-8,3,-2,1,0,1,-4,5,-4,3,-2,1,150
2667,-6,1,0,-1,2,3,-6,3,-2,1,0,-1,102
2668,-4,-3,2,1,-4,1,0,1,0,-1,0,1,50
2669,-6,-1,4,-1,-2,3,-2,-1,2,-3,2,-1,90
2670,-4,-1,0,3,-2,-1,-2,3,-2,1,-2,1,54
2671,-2,1,2,1,0,1,-4,1,0,-1,0,-1,30
2672,0,1,-4,-3,2,-1,2,-1,0,1,0,1,38
2673,-2,-1,-6,-1,4,1,0,-3,2,-1,2,-1,78
2674,-4,-1,-2,-1,4,-3,0,1,-2,3,-2,1,66
2675,-2,-3,-4,1,6,-1,-2,-1,0,1,0,-1,74
2676,-4,1,-2,-1,0,-3,4,-3,2,-1,0,1,62
2677,-6,3,-4,1,2,-1,2,-5,4,-3,2,-1,126
2678,-4,-1,0,1,2,-5,2,-1,0,1,-2,1,58
2679,-2,1,-2,3,4,-3,0,-3,2,-1,0,-1,58
2680,0,1,-4,-5,0,1,0,1,-2,1,0,1,50
2681,-2,-1,-2,-3,2,3,-2,-1,0,-1,2,-1,42
2682,-4,3,-2,-3,2,-1,-2,3,-4,3,-2,1,86
2683,-2,1,0,-1,4,1,-4,1,-2,1,0,-1,46
2684,0,1,-2,-3,-2,-1,2,-1,0,-1,0,1,26
2685,-2,3,0,-1,0,1,0,-3,2,-3,2,-1,42
2686,0,3,0,-1,0,-3,0,1,-2,1,-2,1,30
2687,2,5,2,1,2,-1,-2,-1,0,-1,0,-1,46
2688,0,9,0,5,0,1,0,1,0,1,0,1,110
2689,-2,7,-2,3,-2,-1,2,-1,2,-1,2,-1,86
2690,-4,7,-2,3,-2,3,-2,3,-2,3,-2,1,122
2691,-2,5,-4,1,-4,1,0,1,0,1,0,-1,66
2692,-4,5,-2,3,2,-1,2,-1,2,-1,0,1,70
2693,-6,7,-4,1,0,-3,4,-3,4,-3,2,-1,166
2694,-4,3,-4,1,0,1,0,1,0,1,-2,1,50
2695,-2,5,-6,-1,-2,-1,2,-1,2,-1,0,-1,82
2696,-4,5,-4,7,-2,3,-2,3,-2,1,0,1,138
2697,-6,3,-2,5,-4,1,0,1,0,-1,2,-1,98
2698,-8,7,-6,5,-4,5,-4,5,-4,3,-2,1,286
2699,-6,5,-4,3,-6,3,-2,3,-2,1,0,-1,150
2700,-4,1,-6,5,0,1,0,1,0,-1,0,1,82
2701,-6,3,-4,3,-2,-1,2,-1,2,-3,2,-1,98
2702,-4,3,-8,3,-2,3,-2,3,-2,1,-2,1,134
2703,-2,5,-6,1,-4,1,0,1,0,-1,0,-1,86
2704,-4,5,0,1,2,-1,2,-1,0,1,0,1,54
2705,-6,3,-2,3,0,-3,4,-3,2,-1,2,-1,102
2706,-8,3,2,-1,0,1,0,1,-2,3,-2,1,98
2707,-6,1,0,1,-2,-1,2,-1,0,1,0,-1,50
2708,-8,5,-2,-1,4,-3,4,-3,2,-1,0,1,150
2709,-10,7,-4,1,2,-5,6,-5,4,-3,2,-1,286
2710,-8,3,0,-3,2,-1,2,-1,0,1,-2,1,98
2711,-6,5,-2,-1,0,-3,4,-3,2,-1,0,-1,106
2712,-4,1,-4,3,0,1,0,1,-2,1,0,1,50
2713,-6,-1,-2,5,-2,-1,2,-1,0,-1,2,-1,82
2714,-8,3,-2,1,-2,3,-2,3,-4,3,-2,1,134
2715,-6,1,0,3,-4,1,0,1,-2,1,0,-1,70
2716,-4,1,-6,1,2,-1,2,-1,0,-1,0,1,66
2717,-6,3,-4,3,0,-3,4,-3,2,-3,2,-1,122
2718,-4,3,-4,-1,0,1,0,1,-2,1,-2,1,54
2719,-2,5,-2,1,-2,-1,2,-1,0,-1,0,-1,46
2720,-4,9,-4,5,-4,3,-2,1,0,1,0,1,170
2721,-6,7,-6,3,-2,1,0,-1,2,-1,2,-1,146
2722,-8,7,-6,7,-6,5,-4,3,-2,3,-2,1,302
2723,-6,5,-8,5,-4,3,-2,1,0,1,0,-1,182
2724,-8,5,-2,3,-2,1,0,-1,2,-1,0,1,114
2725,-10,7,-4,1,0,-1,2,-3,4,-3,2,-1,210
2726,-8,3,-4,5,-4,3,-2,1,0,1,-2,1,150
2727,-6,5,-6,3,-2,1,0,-1,2,-1,0,-1,118
2728,-8,9,-8,7,-6,5,-4,3,-2,1,0,1,350
2729,-10,7,-6,5,-4,3,-2,1,0,-1,2,-1,246
2730,-12,11,-10,9,-8,7,-6,5,-4,3,-2,1,650
2731,-10,9,-8,7,-6,5,-4,3,-2,1,0,-1,386
2732,-8,5,-6,5,-4,3,-2,1,0,-1,0,1,182
2733,-10,7,-4,3,-2,1,0,-1,2,-3,2,-1,198
2734,-8,7,-8,7,-6,5,-4,3,-2,1,-2,1,322
2735,-6,9,-6,5,-4,3,-2,1,0,-1,0,-1,210
2736,-4,5,-4,1,-2,1,0,-1,0,1,0,1,66
2737,-6,3,-6,3,0,-1,2,-3,2,-1,2,-1,114
2738,-8,3,-2,3,-4,3,-2,1,-2,3,-2,1,134
2739,-6,1,-4,5,-2,1,0,-1,0,1,0,-1,86
2740,-8,5,-2,-1,0,-1,2,-3,2,-1,0,1,114
2741,-10,7,-4,1,2,-3,4,-5,4,-3,2,-1,250
2742,-8,3,0,1,-2,1,0,-1,0,1,-2,1,86
2743,-6,5,-2,3,0,-1,2,-3,2,-1,0,-1,94
2744,-4,5,-8,3,-4,3,-2,1,-2,1,0,1,150
2745,-6,3,-6,5,-2,1,0,-1,0,-1,2,-1,118
2746,-8,7,-6,5,-6,5,-4,3,-4,3,-2,1,290
2747,-6,5,-4,7,-4,3,-2,1,-2,1,0,-1,162
2748,-4,5,-6,1,-2,1,0,-1,0,-1,0,1,86
2749,-6,7,-4,3,0,-1,2,-3,2,-3,2,-1,142
2750,-4,7,-4,3,-4,3,-2,1,-2,1,-2,1,130
2751,-2,9,-2,5,-2,1,0,-1,0,-1,0,-1,122
2752,0,5,0,1,0,-3,0,1,0,1,0,1,38
2753,-2,3,-2,-1,-2,-1,2,-1,2,-1,2,-1,38
2754,-4,3,-2,-1,2,-1,-2,3,-2,3,-2,1,66
2755,-2,1,-4,-3,0,1,0,1,0,1,0,-1,34
2756,-4,1,-2,3,2,-5,2,-1,2,-1,0,1,70
2757,-6,3,-4,1,0,-3,4,-3,4,-3,2,-1,126
2758,-4,-1,-4,1,4,-3,0,1,0,1,-2,1,66
2759,-2,1,-6,-1,2,-1,2,-1,2,-1,0,-1,58
2760,-4,1,0,3,-2,-1,-2,3,-2,1,0,1,50
2761,-6,-1,2,1,-4,1,0,1,0,-1,2,-1,66
2762,-8,3,-2,1,0,1,-4,5,-4,3,-2,1,150
2763,-6,1,0,-1,-2,3,-2,3,-2,1,0,-1,70
2764,-4,-3,-2,5,0,-3,0,1,0,-1,0,1,66
2765,-6,-1,0,3,-2,-1,2,-1,2,-3,2,-1,74
2766,-4,-1,-4,3,2,-1,-2,3,-2,1,-2,1,70
2767,-2,1,-2,1,0,1,0,1,0,-1,0,-1,14
2768,-4,5,0,-3,2,-5,2,-1,0,1,0,1,86
2769,-6,3,-2,-1,0,-3,4,-3,2,-1,2,-1,94
2770,-8,3,2,-5,4,-3,0,1,-2,3,-2,1,146
2771,-6,1,0,-3,2,-1,2,-1,0,1,0,-1,58
2772,-8,5,-2,-1,4,-7,4,-3,2,-1,0,1,190
2773,-10,7,-4,1,2,-5,6,-5,4,-3,2,-1,286
2774,-8,3,0,-3,6,-5,2,-1,0,1,-2,1,154
2775,-6,5,-2,-1,4,-3,4,-3,2,-1,0,-1,122
2776,-4,1,0,-1,0,-3,0,1,-2,1,0,1,34
2777,-6,-1,2,1,-2,-1,2,-1,0,-1,2,-1,58
2778,-8,3,2,-3,2,-1,-2,3,-4,3,-2,1,134
2779,-6,1,4,-1,0,1,0,1,-2,1,0,-1,62
2780,-4,1,-2,1,2,-5,2,-1,0,-1,0,1,58
2781,-6,3,0,3,0,-3,4,-3,2,-3,2,-1,106
2782,-4,3,0,-1,4,-3,0,1,-2,1,-2,1,62
2783,-2,5,2,1,2,-1,2,-1,0,-1,0,-1,46
2784,0,5,-4,1,-4,-1,-2,1,0,1,0,1,66
2785,-2,3,-6,-1,-2,1,0,-1,2,-1,2,-1,66
2786,-4,3,-6,3,-2,1,-4,3,-2,3,-2,1,118
2787,-2,1,-8,1,0,3,-2,1,0,1,0,-1,86
2788,-4,1,-2,3,-2,-3,0,-1,2,-1,0,1,50
2789,-6,3,-4,1,0,-1,2,-3,4,-3,2,-1,106
2790,-4,-1,-4,5,0,-1,-2,1,0,1,-2,1,70
2791,-2,1,-6,3,2,1,0,-1,2,-1,0,-1,62
2792,-4,5,-4,3,-6,1,-4,3,-2,1,0,1,134
2793,-6,3,-2,1,-4,3,-2,1,0,-1,2,-1,86
2794,-8,7,-6,5,-4,3,-6,5,-4,3,-2,1,290
2795,-6,5,-4,3,-2,5,-4,3,-2,1,0,-1,146
2796,-4,1,-2,5,-4,-1,-2,1,0,-1,0,1,70
2797,-6,3,0,3,-2,1,0,-1,2,-3,2,-1,78
2798,-4,3,-4,7,-2,1,-4,3,-2,1,-2,1,130
2799,-2,5,-2,5,0,3,-2,1,0,-1,0,-1,74
2800,0,5,-4,-3,-2,-3,0,-1,0,1,0,1,66
2801,-2,3,-6,-1,0,-1,2,-3,2,-1,2,-1,74
2802,-4,3,-2,-1,0,-1,-2,1,-2,3,-2,1,54
2803,-2,1,-4,1,2,1,0,-1,0,1,0,-1,30
2804,-4,5,-2,-1,0,-5,2,-3,2,-1,0,1,90
2805,-6,7,-4,1,2,-3,4,-5,4,-3,2,-1,186
2806,-4,3,0,1,2,-3,0,-1,0,1,-2,1,46
2807,-2,5,-2,3,4,-1,2,-3,2,-1,0,-1,78
2808,0,5,-4,-1,-4,-1,-2,1,-2,1,0,1,70
2809,-2,3,-2,1,-2,1,0,-1,0,-1,2,-1,30
2810,-4,7,-2,1,-2,1,-4,3,-4,3,-2,1,130
2811,-2,5,0,3,0,3,-2,1,-2,1,0,-1,58
2812,0,5,-2,1,-2,-3,0,-1,0,-1,0,1,46
2813,-2,7,0,3,0,-1,2,-3,2,-3,2,-1,94
2814,0,7,0,3,0,-1,-2,1,-2,1,-2,1,74
2815,2,9,2,5,2,1,0,-1,0,-1,0,-1,122
2816,4,5,4,1,2,1,0,-1,0,1,0,1,66
2817,2,3,2,-1,0,-1,-2,1,2,-1,2,-1,34
2818,0,3,2,-1,0,-1,2,1,-2,3,-2,1,38
2819,2,1,0,-3,-2,-3,0,3,0,1,0,-1,38
2820,0,1,2,-1,0,3,2,-3,2,-1,0,1,34
2821,-2,3,0,-3,-2,1,0,-1,4,-3,2,-1,58
2822,0,-1,0,-3,-2,1,4,-1,0,1,-2,1,38
2823,2,1,-2,-5,-4,-1,2,1,2,-1,0,-1,62
2824,0,1,0,-1,4,3,-2,1,-2,1,0,1,38
2825,-2,-1,2,-3,2,1,-4,3,0,-1,2,-1,54
2826,-4,3,-2,-3,2,1,0,3,-4,3,-2,1,82
2827,-2,1,0,-5,0,-1,-2,5,-2,1,0,-1,66
2828,0,-3,-2,-3,2,5,0,-1,0,-1,0,1,54
2829,-2,-1,0,-5,0,3,-2,1,2,-3,2,-1,62
2830,0,-1,-4,-5,0,3,2,1,-2,1,-2,1,66
2831,2,1,-2,-7,-2,1,0,3,0,-1,0,-1,74
2832,0,1,0,1,4,-1,2,-3,0,1,0,1,34
2833,-2,-1,-2,3,2,-3,0,-1,2,-1,2,-1,42
2834,-4,-1,2,-1,2,-3,4,-1,-2,3,-2,1,70
2835,-2,-3,0,1,0,-5,2,1,0,1,0,-1,46
2836,-4,1,-2,-1,2,1,4,-5,2,-1,0,1,74
2837,-6,3,-4,1,0,-1,2,-3,4,-3,2,-1,106
2838,-4,-1,0,-3,0,-1,6,-3,0,1,-2,1,78
2839,-2,1,-2,-1,-2,-3,4,-1,2,-1,0,-1,46
2840,0,-3,-4,-1,6,1,0,-1,-2,1,0,1,70
2841,-2,-5,-2,1,4,-1,-2,1,0,-1,2,-1,62
2842,-4,-1,-2,-3,4,-1,2,1,-4,3,-2,1,82
2843,-2,-3,0,-1,2,-3,0,3,-2,1,0,-1,42
2844,0,-3,-6,-3,4,3,2,-3,0,-1,0,1,94
2845,-2,-1,-4,-1,2,1,0,-1,2,-3,2,-1,46
2846,0,-1,-4,-5,2,1,4,-1,-2,1,-2,1,74
2847,2,1,-2,-3,0,-1,2,1,0,-1,0,-1,26
2848,0,1,4,1,-2,3,-2,-1,0,1,0,1,38
2849,-2,-1,2,-1,0,1,-4,1,2,-1,2,-1,38
2850,-4,-1,2,3,-4,1,0,1,-2,3,-2,1,66
2851,-2,-3,0,1,-2,-1,-2,3,0,1,0,-1,34
2852,-4,-3,6,-1,-4,5,0,-3,2,-1,0,1,118
2853,-6,-1,4,-3,-2,3,-2,-1,4,-3,2,-1,110
2854,-4,-5,4,1,-6,3,2,-1,0,1,-2,1,114
2855,-2,-3,2,-1,-4,1,0,1,2,-1,0,-1,42
2856,-4,1,0,-1,0,5,-4,1,-2,1,0,1,66
2857,-6,-1,2,-3,2,3,-6,3,0,-1,2,-1,114
2858,-8,3,-2,1,-2,3,-2,3,-4,3,-2,1,134
2859,-6,1,0,-1,0,1,-4,5,-2,1,0,-1,86
2860,-4,-3,2,-3,-2,7,-2,-1,0,-1,0,1,98
2861,-6,-1,4,-5,0,5,-4,1,2,-3,2,-1,138
2862,-4,-1,0,-1,-4,5,0,1,-2,1,-2,1,70
2863,-2,1,2,-3,-2,3,-2,3,0,-1,0,-1,46
2864,0,-3,0,1,0,1,0,-3,0,1,0,1,22
2865,-2,-5,-2,3,2,-1,-2,-1,2,-1,2,-1,62
2866,-4,-5,2,3,-2,-1,2,-1,-2,3,-2,1,82
2867,-2,-7,0,5,0,-3,0,1,0,1,0,-1,90
2868,-4,-3,2,-1,-2,3,2,-5,2,-1,0,1,78
2869,-6,-1,0,1,0,1,0,-3,4,-3,2,-1,78
2870,-4,-5,4,1,-4,1,4,-3,0,1,-2,1,106
2871,-2,-3,2,3,-2,-1,2,-1,2,-1,0,-1,42
2872,0,-3,-4,-1,2,3,-2,-1,-2,1,0,1,50
2873,-2,-5,-2,1,4,1,-4,1,0,-1,2,-1,74
2874,-4,-1,-2,1,0,1,0,1,-4,3,-2,1,54
2875,-2,-3,0,3,2,-1,-2,3,-2,1,0,-1,46
2876,0,-3,-2,-3,0,5,0,-3,0,-1,0,1,58
2877,-2,-1,0,-1,2,3,-2,-1,2,-3,2,-1,42
2878,0,-1,0,-1,-2,3,2,-1,-2,1,-2,1,30
2879,2,1,2,1,0,1,0,1,0,-1,0,-1,14
2880,0,5,4,-3,2,-3,0,-1,0,1,0,1,66
2881,-2,3,2,-5,0,-1,-2,1,2,-1,2,-1,58
2882,-4,3,2,-5,4,-5,2,1,-2,3,-2,1,118
2883,-2,1,0,-7,2,-3,0,3,0,1,0,-1,78
2884,-4,1,2,-1,0,-1,2,-3,2,-1,0,1,42
2885,-6,3,0,-3,-2,1,0,-1,4,-3,2,-1,90
2886,-4,-1,0,-3,2,-3,4,-1,0,1,-2,1,62
2887,-2,1,-2,-5,0,-1,2,1,2,-1,0,-1,46
2888,-4,1,4,-5,4,-1,-2,1,-2,1,0,1,86
2889,-6,-1,6,-7,2,1,-4,3,0,-1,2,-1,158
2890,-8,3,2,-7,6,-3,0,3,-4,3,-2,1,210
2891,-6,1,4,-9,4,-1,-2,5,-2,1,0,-1,186
2892,-4,-3,2,-3,2,1,0,-1,0,-1,0,1,46
2893,-6,-1,4,-5,0,3,-2,1,2,-3,2,-1,110
2894,-4,-1,0,-5,4,-1,2,1,-2,1,-2,1,74
2895,-2,1,2,-7,2,1,0,3,0,-1,0,-1,74
2896,-4,5,0,-3,4,-5,2,-3,0,1,0,1,106
2897,-6,3,-2,-1,2,-3,0,-1,2,-1,2,-1,74
2898,-8,3,2,-5,6,-7,4,-1,-2,3,-2,1,222
2899,-6,1,0,-3,4,-5,2,1,0,1,0,-1,94
2900,-8,5,-2,-1,2,-3,4,-5,2,-1,0,1,154
2901,-10,7,-4,1,0,-1,2,-3,4,-3,2,-1,210
2902,-8,3,0,-3,4,-5,6,-3,0,1,-2,1,174
2903,-6,5,-2,-1,2,-3,4,-1,2,-1,0,-1,102
2904,-4,1,0,-5,6,-3,0,-1,-2,1,0,1,94
2905,-6,-1,2,-3,4,-1,-2,1,0,-1,2,-1,78
2906,-8,3,2,-7,8,-5,2,1,-4,3,-2,1,250
2907,-6,1,4,-5,6,-3,0,3,-2,1,0,-1,138
2908,-4,1,-2,-3,4,-1,2,-3,0,-1,0,1,62
2909,-6,3,0,-1,2,1,0,-1,2,-3,2,-1,70
2910,-4,3,0,-5,6,-3,4,-1,-2,1,-2,1,122
2911,-2,5,2,-3,4,-1,2,1,0,-1,0,-1,66
2912,0,1,4,-3,-2,-1,-2,-1,0,1,0,1,38
2913,-2,-1,2,-5,0,1,-4,1,2,-1,2,-1,62
2914,-4,-1,2,-1,0,-3,0,1,-2,3,-2,1,50
2915,-2,-3,0,-3,2,-1,-2,3,0,1,0,-1,42
2916,-4,-3,6,-1,-4,1,0,-3,2,-1,0,1,94
2917,-6,-1,4,-3,-2,3,-2,-1,4,-3,2,-1,110
2918,-4,-5,4,1,-2,-1,2,-1,0,1,-2,1,74
2919,-2,-3,2,-1,0,1,0,1,2,-1,0,-1,26
2920,-4,1,4,-5,0,1,-4,1,-2,1,0,1,82
2921,-6,-1,6,-7,2,3,-6,3,0,-1,2,-1,186
2922,-8,3,2,-3,2,-1,-2,3,-4,3,-2,1,134
2923,-6,1,4,-5,4,1,-4,5,-2,1,0,-1,142
2924,-4,-3,6,-3,-2,3,-2,-1,0,-1,0,1,90
2925,-6,-1,8,-5,0,5,-4,1,2,-3,2,-1,186
2926,-4,-1,4,-1,0,1,0,1,-2,1,-2,1,46
2927,-2,1,6,-3,2,3,-2,3,0,-1,0,-1,78
2928,0,1,0,-3,0,-3,0,-3,0,1,0,1,30
2929,-2,-1,-2,-1,2,-1,-2,-1,2,-1,2,-1,30
2930,-4,-1,2,-1,2,-5,2,-1,-2,3,-2,1,74
2931,-2,-3,0,1,4,-3,0,1,0,1,0,-1,42
2932,-4,1,2,-1,-2,-1,2,-5,2,-1,0,1,62
2933,-6,3,0,1,0,1,0,-3,4,-3,2,-1,86
2934,-4,-1,4,1,0,-3,4,-3,0,1,-2,1,74
2935,-2,1,2,3,2,-1,2,-1,2,-1,0,-1,34
2936,0,1,0,-5,2,-1,-2,-1,-2,1,0,1,42
2937,-2,-1,2,-3,4,1,-4,1,0,-1,2,-1,58
2938,-4,3,2,-3,4,-3,0,1,-4,3,-2,1,94
2939,-2,1,4,-1,6,-1,-2,3,-2,1,0,-1,78
2940,0,1,2,-3,0,1,0,-3,0,-1,0,1,26
2941,-2,3,4,-1,2,3,-2,-1,2,-3,2,-1,66
2942,0,3,4,-1,2,-1,2,-1,-2,1,-2,1,46
2943,2,5,6,1,4,1,0,1,0,-1,0,-1,86
2944,4,5,0,1,-2,-1,-2,-1,0,1,0,1,54
2945,2,3,-2,-1,-4,-3,0,1,2,-1,2,-1,54
2946,0,3,-2,-1,-4,1,0,1,-2,3,-2,1,50
2947,2,1,-4,-3,-6,-1,2,3,0,1,0,-1,82
2948,0,1,-2,-1,0,1,0,-3,2,-1,0,1,22
2949,-2,3,-4,-3,-2,-1,2,-1,4,-3,2,-1,78
2950,0,-1,-4,-3,-2,3,2,-1,0,1,-2,1,50
2951,2,1,-6,-5,-4,1,4,1,2,-1,0,-1,106
2952,0,1,-4,3,0,1,-4,1,-2,1,0,1,50
2953,-2,-1,-2,1,-2,-1,-2,3,0,-1,2,-1,34
2954,-4,3,-6,1,-2,3,-2,3,-4,3,-2,1,118
2955,-2,1,-4,-1,-4,1,0,5,-2,1,0,-1,70
2956,0,-3,-6,1,2,3,-2,-1,0,-1,0,1,66
2957,-2,-1,-4,-1,0,1,0,1,2,-3,2,-1,42
2958,0,-1,-8,-1,0,5,0,1,-2,1,-2,1,102
2959,2,1,-6,-3,-2,3,2,3,0,-1,0,-1,78
2960,0,1,0,1,0,-3,0,-3,0,1,0,1,22
2961,-2,-1,-2,3,-2,-5,2,-1,2,-1,2,-1,62
2962,-4,-1,2,-1,-2,-1,2,-1,-2,3,-2,1,50
2963,-2,-3,0,1,-4,-3,4,1,0,1,0,-1,58
2964,-4,1,-2,-1,2,-1,2,-5,2,-1,0,1,62
2965,-6,3,-4,1,0,-3,4,-3,4,-3,2,-1,126
2966,-4,-1,0,-3,0,1,4,-3,0,1,-2,1,58
2967,-2,1,-2,-1,-2,-1,6,-1,2,-1,0,-1,58
2968,0,-3,-4,3,2,-1,-2,-1,-2,1,0,1,50
2969,-2,-5,-2,5,0,-3,0,1,0,-1,2,-1,74
2970,-4,-1,-2,1,0,1,0,1,-4,3,-2,1,54
2971,-2,-3,0,3,-2,-1,2,3,-2,1,0,-1,46
2972,0,-3,-6,1,4,1,0,-3,0,-1,0,1,74
2973,-2,-1,-4,3,2,-1,2,-1,2,-3,2,-1,58
2974,0,-1,-4,-1,2,3,2,-1,-2,1,-2,1,46
2975,2,1,-2,1,0,1,4,1,0,-1,0,-1,30
2976,0,5,0,1,-6,1,-4,-1,0,1,0,1,82
2977,-2,3,-2,-1,-4,-1,-2,1,2,-1,2,-1,50
2978,-4,3,-2,3,-8,3,-2,1,-2,3,-2,1,134
2979,-2,1,-4,1,-6,1,0,3,0,1,0,-1,70
2980,-4,1,2,-1,-4,3,-2,-3,2,-1,0,1,66
2981,-6,3,0,-3,-2,1,0,-1,4,-3,2,-1,90
2982,-4,-1,0,1,-6,5,0,-1,0,1,-2,1,86
2983,-2,1,-2,-1,-4,3,2,1,2,-1,0,-1,46
2984,-4,5,-4,3,-4,3,-6,1,-2,1,0,1,134
2985,-6,3,-2,1,-2,1,-4,3,0,-1,2,-1,86
2986,-8,7,-6,5,-6,5,-4,3,-4,3,-2,1,290
2987,-6,5,-4,3,-4,3,-2,5,-2,1,0,-1,146
2988,-4,1,-2,1,-2,5,-4,-1,0,-1,0,1,70
2989,-6,3,0,-1,0,3,-2,1,2,-3,2,-1,78
2990,-4,3,-4,3,-4,7,-2,1,-2,1,-2,1,130
2991,-2,5,-2,1,-2,5,0,3,0,-1,0,-1,74
2992,0,1,0,1,-4,-1,-2,-3,0,1,0,1,34
2993,-2,-1,-2,3,-2,-3,0,-1,2,-1,2,-1,42
2994,-4,-1,2,3,-6,1,0,-1,-2,3,-2,1,86
2995,-2,-3,0,5,-4,-1,2,1,0,1,0,-1,62
2996,-4,1,2,-1,-2,1,0,-5,2,-1,0,1,58
2997,-6,3,0,1,0,-1,2,-3,4,-3,2,-1,90
2998,-4,-1,4,1,-4,3,2,-3,0,1,-2,1,78
2999,-2,1,2,3,-2,1,4,-1,2,-1,0,-1,46
3000,0,1,-4,3,-2,1,-4,-1,-2,1,0,1,54
3001,-2,-1,-2,5,0,-1,-2,1,0,-1,2,-1,46
3002,-4,3,-2,5,-4,3,-2,1,-4,3,-2,1,114
3003,-2,1,0,7,-2,1,0,3,-2,1,0,-1,74
3004,0,1,-2,1,0,3,-2,-3,0,-1,0,1,30
3005,-2,3,0,3,2,1,0,-1,2,-3,2,-1,46
3006,0,3,0,3,-2,5,0,-1,-2,1,-2,1,58
3007,2,5,2,5,0,3,2,1,0,-1,0,-1,74
3008,4,5,0,-3,-2,-5,-2,-1,0,1,0,1,86
3009,2,3,-2,-5,-4,-3,0,1,2,-1,2,-1,78
3010,0,3,-2,-5,0,-3,0,1,-2,3,-2,1,66
3011,2,1,-4,-7,-2,-1,2,3,0,1,0,-1,90
3012,0,1,-2,-1,0,-3,0,-3,2,-1,0,1,30
3013,-2,3,-4,-3,-2,-1,2,-1,4,-3,2,-1,78
3014,0,-1,-4,-3,2,-1,2,-1,0,1,-2,1,42
3015,2,1,-6,-5,0,1,4,1,2,-1,0,-1,90
3016,0,1,0,-1,0,-3,-4,1,-2,1,0,1,34
3017,-2,-1,2,-3,-2,-1,-2,3,0,-1,2,-1,42
3018,-4,3,-2,-3,2,-1,-2,3,-4,3,-2,1,86
3019,-2,1,0,-5,0,1,0,5,-2,1,0,-1,62
3020,0,-3,-2,1,2,-1,-2,-1,0,-1,0,1,26
3021,-2,-1,0,-1,0,1,0,1,2,-3,2,-1,26
3022,0,-1,-4,-1,4,1,0,1,-2,1,-2,1,46
3023,2,1,-2,-3,2,3,2,3,0,-1,0,-1,46
3024,0,5,0,-3,0,-7,0,-3,0,1,0,1,94
3025,-2,3,-2,-1,-2,-5,2,-1,2,-1,2,-1,62
3026,-4,3,2,-5,2,-5,2,-1,-2,3,-2,1,106
3027,-2,1,0,-3,0,-3,4,1,0,1,0,-1,42
3028,-4,5,-2,-1,2,-5,2,-5,2,-1,0,1,110
3029,-6,7,-4,1,0,-3,4,-3,4,-3,2,-1,166
3030,-4,3,0,-3,4,-3,4,-3,0,1,-2,1,90
3031,-2,5,-2,-1,2,-1,6,-1,2,-1,0,-1,82
3032,0,1,0,-1,2,-5,-2,-1,-2,1,0,1,42
3033,-2,-1,2,1,0,-3,0,1,0,-1,2,-1,26
3034,-4,3,2,-3,4,-3,0,1,-4,3,-2,1,94
3035,-2,1,4,-1,2,-1,2,3,-2,1,0,-1,46
3036,0,1,-2,1,4,-3,0,-3,0,-1,0,1,42
3037,-2,3,0,3,2,-1,2,-1,2,-3,2,-1,50
3038,0,3,0,-1,6,-1,2,-1,-2,1,-2,1,62
3039,2,5,2,1,4,1,4,1,0,-1,0,-1,70
3040,4,5,0,-3,-6,-3,-4,-1,0,1,0,1,114
3041,2,3,-2,-5,-4,-1,-2,1,2,-1,2,-1,74
3042,0,3,-2,-1,-4,-1,-2,1,-2,3,-2,1,54
3043,2,1,-4,-3,-2,1,0,3,0,1,0,-1,46
3044,0,1,2,-1,-4,-1,-2,-3,2,-1,0,1,42
3045,-2,3,0,-3,-2,1,0,-1,4,-3,2,-1,58
3046,0,-1,0,1,-2,1,0,-1,0,1,-2,1,14
3047,2,1,-2,-1,0,3,2,1,2,-1,0,-1,30
3048,0,5,0,-1,-4,-1,-6,1,-2,1,0,1,86
3049,-2,3,2,-3,-2,1,-4,3,0,-1,2,-1,62
3050,-4,7,-2,1,-2,1,-4,3,-4,3,-2,1,130
3051,-2,5,0,-1,0,3,-2,5,-2,1,0,-1,74
3052,0,1,2,1,-2,1,-4,-1,0,-1,0,1,30
3053,-2,3,4,-1,0,3,-2,1,2,-3,2,-1,62
3054,0,3,0,3,0,3,-2,1,-2,1,-2,1,42
3055,2,5,2,1,2,5,0,3,0,-1,0,-1,74
3056,4,5,0,-3,-4,-5,-2,-3,0,1,0,1,106
3057,2,3,-2,-1,-2,-3,0,-1,2,-1,2,-1,42
3058,0,3,2,-1,-2,-3,0,-1,-2,3,-2,1,46
3059,2,1,0,1,0,-1,2,1,0,1,0,-1,14
3060,0,5,2,-1,-2,-3,0,-5,2,-1,0,1,74
3061,-2,7,0,1,0,-1,2,-3,4,-3,2,-1,98
3062,0,3,4,1,0,-1,2,-3,0,1,-2,1,46
3063,2,5,2,3,2,1,4,-1,2,-1,0,-1,70
3064,4,5,0,-1,-2,-3,-4,-1,-2,1,0,1,78
3065,2,3,2,1,0,-1,-2,1,0,-1,2,-1,30
3066,0,7,2,1,0,-1,-2,1,-4,3,-2,1,90
3067,2,5,4,3,2,1,0,3,-2,1,0,-1,74
3068,4,5,2,1,0,-1,-2,-3,0,-1,0,1,62
3069,2,7,4,3,2,1,0,-1,2,-3,2,-1,102
3070,4,7,4,3,2,1,0,-1,-2,1,-2,1,106
3071,6,9,6,5,4,3,2,1,0,-1,0,-1,210
3072,8,5,6,5,4,3,2,1,0,-1,0,1,182
3073,6,3,4,3,2,1,0,-1,-2,1,2,-1,86
3074,4,3,4,3,2,1,0,-1,2,1,-2,1,66
3075,6,1,2,1,0,-1,-2,-3,0,3,0,-1,66
3076,4,1,4,3,2,1,0,3,2,-3,0,1,70
3077,2,3,2,1,0,-1,-2,1,0,-1,2,-1,30
3078,4,-1,2,1,0,-1,-2,1,4,-1,-2,1,50
3079,6,1,0,-1,-2,-3,-4,-1,2,1,0,-1,74
3080,4,1,2,3,2,1,4,3,-2,-1,0,1,66
3081,2,-1,4,1,0,-1,2,1,-4,1,2,-1,50
3082,0,3,0,1,0,-1,2,1,0,1,-2,1,22
3083,2,1,2,-1,-2,-3,0,-1,-2,3,0,-1,38
3084,4,-3,0,1,0,-1,2,5,0,-3,0,1,66
3085,2,-1,2,-1,-2,-3,0,3,-2,-1,2,-1,42
3086,4,-1,-2,-1,-2,-3,0,3,2,-1,-2,1,54
3087,6,1,0,-3,-4,-5,-2,1,0,1,0,-1,94
3088,4,1,2,1,2,5,4,-1,0,-1,0,1,70
3089,2,-1,0,3,0,3,2,-3,-2,1,2,-1,46
3090,0,-1,4,-1,0,3,2,-3,2,1,-2,1,50
3091,2,-3,2,1,-2,1,0,-5,0,3,0,-1,58
3092,0,1,0,-1,0,3,2,1,2,-3,0,1,30
3093,-2,3,-2,1,-2,1,0,-1,0,-1,2,-1,30
3094,0,-1,2,-3,-2,1,0,-1,4,-1,-2,1,42
3095,2,1,0,-1,-4,-1,-2,-3,2,1,0,-1,42
3096,4,-3,-2,-1,0,3,6,1,-2,-1,0,1,82
3097,2,-5,0,1,-2,1,4,-1,-4,1,2,-1,74
3098,0,-1,0,-3,-2,1,4,-1,0,1,-2,1,38
3099,2,-3,2,-1,-4,-1,2,-3,-2,3,0,-1,62
3100,4,-3,-4,-3,-2,1,4,3,0,-3,0,1,90
3101,2,-1,-2,-1,-4,-1,2,1,-2,-1,2,-1,42
3102,4,-1,-2,-5,-4,-1,2,1,2,-1,-2,1,78
3103,6,1,0,-3,-6,-3,0,-1,0,1,0,-1,94
3104,4,1,2,1,4,5,0,1,0,-1,0,1,66
3105,2,-1,0,-1,6,3,-2,-1,-2,1,2,-1,66
3106,0,-1,0,3,2,3,-2,-1,2,1,-2,1,38
3107,2,-3,-2,1,4,1,-4,-3,0,3,0,-1,70
3108,0,-3,4,-1,2,3,-2,3,2,-3,0,1,66
3109,-2,-1,2,-3,4,1,-4,1,0,-1,2,-1,58
3110,0,-5,2,1,0,1,-4,1,4,-1,-2,1,70
3111,2,-3,0,-1,2,-1,-6,-1,2,1,0,-1,62
3112,0,1,-2,-1,2,3,2,3,-2,-1,0,1,38
3113,-2,-1,0,-3,4,1,0,1,-4,1,2,-1,54
3114,-4,3,-4,1,0,1,0,1,0,1,-2,1,50
3115,-2,1,-2,-1,2,-1,-2,-1,-2,3,0,-1,34
3116,0,-3,0,-3,0,1,0,5,0,-3,0,1,54
3117,-2,-1,2,-5,2,-1,-2,3,-2,-1,2,-1,62
3118,0,-1,-2,-1,-2,-1,-2,3,2,-1,-2,1,34
3119,2,1,0,-3,0,-3,-4,1,0,1,0,-1,42
3120,4,-3,-2,-3,2,7,2,-1,0,-1,0,1,98
3121,2,-5,-4,-1,4,5,0,-3,-2,1,2,-1,106
3122,0,-5,0,-1,0,5,0,-3,2,1,-2,1,70
3123,2,-7,-2,1,2,3,-2,-5,0,3,0,-1,110
3124,0,-3,0,-5,0,5,0,1,2,-3,0,1,74
3125,-2,-1,-2,-3,2,3,-2,-1,0,-1,2,-1,42
3126,0,-5,2,-3,-2,3,-2,-1,4,-1,-2,1,78
3127,2,-3,0,-1,0,1,-4,-3,2,1,0,-1,46
3128,4,-3,-6,-5,0,5,4,1,-2,-1,0,1,134
3129,2,-5,-4,-3,2,3,2,-1,-4,1,2,-1,94
3130,0,-1,-4,-3,-2,3,2,-1,0,1,-2,1,50
3131,2,-3,-2,-1,0,1,0,-3,-2,3,0,-1,42
3132,4,-3,-4,-7,-2,3,2,3,0,-3,0,1,126
3133,2,-1,-2,-5,0,1,0,1,-2,-1,2,-1,46
3134,4,-1,-2,-5,-4,1,0,1,2,-1,-2,1,74
3135,6,1,0,-3,-2,-1,-2,-1,0,1,0,-1,58
3136,4,1,2,5,4,-1,2,1,0,-1,0,1,70
3137,2,-1,0,3,2,1,0,-1,-2,1,2,-1,30
3138,0,-1,0,3,6,-3,0,-1,2,1,-2,1,66
3139,2,-3,-2,1,4,-1,-2,-3,0,3,0,-1,58
3140,0,-3,0,7,2,-3,0,3,2,-3,0,1,94
3141,-2,-1,-2,5,0,-1,-2,1,0,-1,2,-1,46
3142,0,-5,-2,5,4,-5,-2,1,4,-1,-2,1,122
3143,2,-3,-4,3,2,-3,-4,-1,2,1,0,-1,74
3144,0,-3,2,3,2,-3,4,3,-2,-1,0,1,66
3145,-2,-5,4,1,0,-1,2,1,-4,1,2,-1,74
3146,-4,-1,0,1,4,-5,2,1,0,1,-2,1,70
3147,-2,-3,2,-1,2,-3,0,-1,-2,3,0,-1,46
3148,0,-7,0,5,0,-5,2,5,0,-3,0,1,138
3149,-2,-5,2,3,-2,-3,0,3,-2,-1,2,-1,74
3150,0,-5,-2,3,2,-7,0,3,2,-1,-2,1,110
3151,2,-3,0,1,0,-5,-2,1,0,1,0,-1,46
3152,0,1,-2,1,2,1,4,-1,0,-1,0,1,30
3153,-2,-1,-4,3,0,3,2,-3,-2,1,2,-1,62
3154,-4,-1,0,-1,4,-1,2,-3,2,1,-2,1,58
3155,-2,-3,-2,1,2,1,0,-5,0,3,0,-1,58
3156,-4,1,-4,3,0,-1,2,1,2,-3,0,1,62
3157,-6,3,-6,5,-2,1,0,-1,0,-1,2,-1,118
3158,-4,-1,-2,1,2,-3,0,-1,4,-1,-2,1,58
3159,-2,1,-4,3,0,-1,-2,-3,2,1,0,-1,50
3160,0,-3,-2,-1,0,-1,6,1,-2,-1,0,1,58
3161,-2,-5,0,1,-2,1,4,-1,-4,1,2,-1,74
3162,-4,-1,0,-3,2,-3,4,-1,0,1,-2,1,62
3163,-2,-3,2,-1,0,-1,2,-3,-2,3,0,-1,46
3164,0,-3,-4,1,-2,-3,4,3,0,-3,0,1,74
3165,-2,-1,-2,3,-4,-1,2,1,-2,-1,2,-1,50
3166,0,-1,-2,-1,0,-5,2,1,2,-1,-2,1,46
3167,2,1,0,1,-2,-3,0,-1,0,1,0,-1,22
3168,4,-3,-2,1,4,1,0,1,0,-1,0,1,50
3169,2,-5,-4,-1,6,3,-2,-1,-2,1,2,-1,106
3170,0,-5,-4,3,6,-1,-2,-1,2,1,-2,1,102
3171,2,-7,-6,1,8,1,-4,-3,0,3,0,-1,190
3172,0,-7,0,3,2,-1,-2,3,2,-3,0,1,90
3173,-2,-5,-2,1,4,1,-4,1,0,-1,2,-1,74
3174,0,-9,-2,5,4,-3,-4,1,4,-1,-2,1,174
3175,2,-7,-4,3,6,-1,-6,-1,2,1,0,-1,158
3176,0,-3,-2,-1,2,-1,2,3,-2,-1,0,1,38
3177,-2,-5,0,-3,4,1,0,1,-4,1,2,-1,78
3178,-4,-1,-4,1,4,-3,0,1,0,1,-2,1,66
3179,-2,-3,-2,-1,6,-1,-2,-1,-2,3,0,-1,74
3180,0,-7,0,1,0,-3,0,5,0,-3,0,1,94
3181,-2,-5,2,-1,2,-1,-2,3,-2,-1,2,-1,62
3182,0,-5,-2,3,2,-5,-2,3,2,-1,-2,1,90
3183,2,-3,0,1,4,-3,-4,1,0,1,0,-1,58
3184,4,-3,-6,-3,2,3,2,-1,0,-1,0,1,90
3185,2,-5,-8,-1,4,5,0,-3,-2,1,2,-1,154
3186,0,-5,-4,-1,4,1,0,-3,2,1,-2,1,78
3187,2,-7,-6,1,6,3,-2,-5,0,3,0,-1,174
3188,0,-3,-4,-1,0,1,0,1,2,-3,0,1,42
3189,-2,-1,-6,1,2,3,-2,-1,0,-1,2,-1,66
3190,0,-5,-2,1,2,-1,-2,-1,4,-1,-2,1,62
3191,2,-3,-4,3,4,1,-4,-3,2,1,0,-1,86
3192,4,-3,-6,-5,0,1,4,1,-2,-1,0,1,110
3193,2,-5,-4,-3,2,3,2,-1,-4,1,2,-1,94
3194,0,-1,-4,-3,2,-1,2,-1,0,1,-2,1,42
3195,2,-3,-2,-1,4,1,0,-3,-2,3,0,-1,58
3196,4,-3,-4,-3,-2,-1,2,3,0,-3,0,1,78
3197,2,-1,-2,-1,0,1,0,1,-2,-1,2,-1,22
3198,4,-1,-2,-1,0,-3,0,1,2,-1,-2,1,42
3199,6,1,0,1,2,-1,-2,-1,0,1,0,-1,50
3200,4,1,6,5,0,1,0,1,0,-1,0,1,82
3201,2,-1,4,3,-2,-1,2,-1,-2,1,2,-1,50
3202,0,-1,4,3,-2,3,-2,-1,2,1,-2,1,54
3203,2,-3,2,1,-4,1,0,-3,0,3,0,-1,54
3204,0,-3,4,3,2,-1,-2,3,2,-3,0,1,66
3205,-2,-1,2,1,0,-3,0,1,0,-1,2,-1,26
3206,0,-5,2,1,0,1,-4,1,4,-1,-2,1,70
3207,2,-3,0,-1,-2,-1,-2,-1,2,1,0,-1,30
3208,0,-3,2,7,-2,-1,2,3,-2,-1,0,1,86
3209,-2,-5,4,5,-4,-3,4,1,-4,1,2,-1,134
3210,-4,-1,0,5,-4,1,0,1,0,1,-2,1,66
3211,-2,-3,2,3,-6,-1,2,-1,-2,3,0,-1,82
3212,0,-7,0,5,0,-3,0,5,0,-3,0,1,118
3213,-2,-5,2,3,-2,-5,2,3,-2,-1,2,-1,94
3214,0,-5,-2,3,-2,-1,-2,3,2,-1,-2,1,66
3215,2,-3,0,1,-4,-3,0,1,0,1,0,-1,42
3216,0,-3,6,1,-2,3,2,-1,0,-1,0,1,66
3217,-2,-5,4,3,-4,1,4,-3,-2,1,2,-1,106
3218,-4,-5,8,-1,-4,5,0,-3,2,1,-2,1,166
3219,-2,-7,6,1,-6,3,2,-5,0,3,0,-1,174
3220,-4,-3,4,-1,0,1,0,1,2,-3,0,1,58
3221,-6,-1,2,1,-2,-1,2,-1,0,-1,2,-1,58
3222,-4,-5,6,-3,-2,3,-2,-1,4,-1,-2,1,126
3223,-2,-3,4,-1,-4,1,0,-3,2,1,0,-1,62
3224,0,-7,2,3,-4,1,4,1,-2,-1,0,1,102
3225,-2,-9,4,5,-6,-1,6,-1,-4,1,2,-1,222
3226,-4,-5,4,1,-6,3,2,-1,0,1,-2,1,114
3227,-2,-7,6,3,-8,1,4,-3,-2,3,0,-1,202
3228,0,-7,0,1,-2,-1,2,3,0,-3,0,1,78
3229,-2,-5,2,3,-4,-3,4,1,-2,-1,2,-1,94
3230,0,-5,2,-1,-4,1,0,1,2,-1,-2,1,58
3231,2,-3,4,1,-6,-1,2,-1,0,1,0,-1,74
3232,0,1,2,1,0,3,-2,1,0,-1,0,1,22
3233,-2,-1,0,-1,2,1,0,-1,-2,1,2,-1,22
3234,-4,-1,0,3,-2,5,-4,-1,2,1,-2,1,82
3235,-2,-3,-2,1,0,3,-2,-3,0,3,0,-1,50
3236,-4,-3,4,-1,2,1,-4,3,2,-3,0,1,86
3237,-6,-1,2,-3,4,-1,-2,1,0,-1,2,-1,78
3238,-4,-5,2,1,0,3,-6,1,4,-1,-2,1,114
3239,-2,-3,0,-1,2,1,-4,-1,2,1,0,-1,42
3240,-4,1,-2,3,-2,1,0,3,-2,-1,0,1,50
3241,-6,-1,0,1,0,-1,2,1,-4,1,2,-1,66
3242,-8,3,-4,5,-4,3,-2,1,0,1,-2,1,150
3243,-6,1,-2,3,-2,1,0,-1,-2,3,0,-1,70
3244,-4,-3,0,1,0,-1,-2,5,0,-3,0,1,66
3245,-6,-1,2,-1,2,-3,0,3,-2,-1,2,-1,74
3246,-4,-1,-2,3,-2,1,-4,3,2,-1,-2,1,70
3247,-2,1,0,1,0,-1,-2,1,0,1,0,-1,14
3248,0,-3,2,-3,-2,5,0,-1,0,-1,0,1,54
3249,-2,-5,0,-1,0,3,2,-3,-2,1,2,-1,62
3250,-4,-5,4,-1,-4,7,-2,-3,2,1,-2,1,146
3251,-2,-7,2,1,-2,5,0,-5,0,3,0,-1,122
3252,-4,-3,4,-5,0,3,-2,1,2,-3,0,1,94
3253,-6,-1,2,-3,2,1,0,-1,0,-1,2,-1,62
3254,-4,-5,6,-3,-2,5,-4,-1,4,-1,-2,1,154
3255,-2,-3,4,-1,0,3,-2,-3,2,1,0,-1,58
3256,0,-3,-2,-1,-4,3,2,1,-2,-1,0,1,50
3257,-2,-5,0,1,-2,1,4,-1,-4,1,2,-1,74
3258,-4,-1,0,1,-6,5,0,-1,0,1,-2,1,86
3259,-2,-3,2,3,-4,3,2,-3,-2,3,0,-1,78
3260,0,-3,0,-3,-2,1,0,3,0,-3,0,1,42
3261,-2,-1,2,-1,0,-1,2,1,-2,-1,2,-1,26
3262,0,-1,2,-1,-4,3,-2,1,2,-1,-2,1,46
3263,2,1,4,1,-2,1,0,-1,0,1,0,-1,30
3264,4,-3,2,5,0,-3,0,1,0,-1,0,1,66
3265,2,-5,0,3,-2,-1,2,-1,-2,1,2,-1,58
3266,0,-5,0,3,2,-1,-2,-1,2,1,-2,1,54
3267,2,-7,-2,1,0,1,0,-3,0,3,0,-1,78
3268,0,-7,0,7,2,-5,-2,3,2,-3,0,1,154
3269,-2,-5,-2,5,0,-3,0,1,0,-1,2,-1,74
3270,0,-9,-2,5,4,-3,-4,1,4,-1,-2,1,174
3271,2,-7,-4,3,2,-1,-2,-1,2,1,0,-1,94
3272,0,-7,2,7,-2,-5,2,3,-2,-1,0,1,150
3273,-2,-9,4,5,-4,-3,4,1,-4,1,2,-1,190
3274,-4,-5,0,5,0,-3,0,1,0,1,-2,1,82
3275,-2,-7,2,3,-2,-1,2,-1,-2,3,0,-1,90
3276,0,-11,0,9,0,-7,0,5,0,-3,0,1,286
3277,-2,-9,2,7,-2,-5,2,3,-2,-1,2,-1,190
3278,0,-9,-2,7,2,-5,-2,3,2,-1,-2,1,186
3279,2,-7,0,5,0,-3,0,1,0,1,0,-1,90
3280,0,-3,2,1,-2,-1,2,-1,0,-1,0,1,26
3281,-2,-5,0,3,-4,1,4,-3,-2,1,2,-1,90
3282,-4,-5,4,-1,0,1,0,-3,2,1,-2,1,78
3283,-2,-7,2,1,-2,3,2,-5,0,3,0,-1,110
3284,-4,-3,0,3,0,-3,0,1,2,-3,0,1,58
3285,-6,-1,-2,5,-2,-1,2,-1,0,-1,2,-1,82
3286,-4,-5,2,1,2,-1,-2,-1,4,-1,-2,1,78
3287,-2,-3,0,3,0,1,0,-3,2,1,0,-1,38
3288,0,-7,2,3,-4,-3,4,1,-2,-1,0,1,110
3289,-2,-9,4,5,-6,-1,6,-1,-4,1,2,-1,222
3290,-4,-5,4,1,-2,-1,2,-1,0,1,-2,1,74
3291,-2,-7,6,3,-4,1,4,-3,-2,3,0,-1,154
3292,0,-7,0,5,-2,-5,2,3,0,-3,0,1,126
3293,-2,-5,2,7,-4,-3,4,1,-2,-1,2,-1,134
3294,0,-5,2,3,0,-3,0,1,2,-1,-2,1,58
3295,2,-3,4,5,-2,-1,2,-1,0,1,0,-1,66
3296,4,-3,-2,1,0,-1,-2,1,0,-1,0,1,38
3297,2,-5,-4,-1,2,1,0,-1,-2,1,2,-1,62
3298,0,-5,-4,3,2,1,-4,-1,2,1,-2,1,82
3299,2,-7,-6,1,4,3,-2,-3,0,3,0,-1,138
3300,0,-7,0,3,2,-3,-4,3,2,-3,0,1,110
3301,-2,-5,-2,1,4,-1,-2,1,0,-1,2,-1,62
3302,0,-9,-2,5,4,-1,-6,1,4,-1,-2,1,186
3303,2,-7,-4,3,6,1,-4,-1,2,1,0,-1,138
3304,0,-3,-2,3,-2,-3,0,3,-2,-1,0,1,50
3305,-2,-5,0,1,0,-1,2,1,-4,1,2,-1,58
3306,-4,-1,-4,5,0,-1,-2,1,0,1,-2,1,70
3307,-2,-3,-2,3,2,1,0,-1,-2,3,0,-1,46
3308,0,-7,0,5,0,-5,-2,5,0,-3,0,1,138
3309,-2,-5,2,3,2,-3,0,3,-2,-1,2,-1,74
3310,0,-5,-2,7,2,-3,-4,3,2,-1,-2,1,126
3311,2,-3,0,5,4,-1,-2,1,0,1,0,-1,62
3312,4,-3,-2,-3,-2,1,0,-1,0,-1,0,1,46
3313,2,-5,-4,-1,0,3,2,-3,-2,1,2,-1,78
3314,0,-5,0,-1,0,3,-2,-3,2,1,-2,1,58
3315,2,-7,-2,1,2,5,0,-5,0,3,0,-1,122
3316,0,-3,0,-1,0,-1,-2,1,2,-3,0,1,30
3317,-2,-1,-2,1,2,1,0,-1,0,-1,2,-1,22
3318,0,-5,2,1,2,1,-4,-1,4,-1,-2,1,74
3319,2,-3,0,3,4,3,-2,-3,2,1,0,-1,66
3320,4,-3,-2,-1,-4,-1,2,1,-2,-1,0,1,58
3321,2,-5,0,1,-2,1,4,-1,-4,1,2,-1,74
3322,0,-1,0,1,-2,1,0,-1,0,1,-2,1,14
3323,2,-3,2,3,0,3,2,-3,-2,3,0,-1,62
3324,4,-3,0,1,-2,-3,0,3,0,-3,0,1,58
3325,2,-1,2,3,0,-1,2,1,-2,-1,2,-1,34
3326,4,-1,2,3,0,-1,-2,1,2,-1,-2,1,46
3327,6,1,4,5,2,1,0,-1,0,1,0,-1,86
3328,4,5,6,1,2,1,0,-1,0,-1,0,1,86
3329,2,3,4,-1,0,-1,-2,1,-2,1,2,-1,46
3330,0,3,4,-1,0,-1,2,-3,2,1,-2,1,50
3331,2,1,2,-3,-2,-3,0,-1,0,3,0,-1,42
3332,0,1,4,-1,0,3,-2,1,2,-3,0,1,46
3333,-2,3,2,-3,-2,1,-4,3,0,-1,2,-1,62
3334,0,-1,2,-3,-2,1,0,-1,4,-1,-2,1,42
3335,2,1,0,-5,-4,-1,-2,1,2,1,0,-1,58
3336,0,1,2,-1,4,-1,2,1,-2,-1,0,1,34
3337,-2,-1,4,-3,2,-3,0,3,-4,1,2,-1,74
3338,-4,3,0,-3,2,-3,4,-1,0,1,-2,1,70
3339,-2,1,2,-5,0,-5,2,1,-2,3,0,-1,78
3340,0,-3,0,-3,2,1,0,3,0,-3,0,1,42
3341,-2,-1,2,-5,0,-1,-2,5,-2,-1,2,-1,74
3342,0,-1,-2,-5,0,-1,2,1,2,-1,-2,1,46
3343,2,1,0,-7,-2,-3,0,3,0,1,0,-1,78
3344,0,1,2,1,0,3,2,-3,0,-1,0,1,30
3345,-2,-1,0,3,-2,1,0,-1,-2,1,2,-1,30
3346,-4,-1,4,-1,-2,1,4,-5,2,1,-2,1,90
3347,-2,-3,2,1,-4,-1,2,-3,0,3,0,-1,58
3348,-4,1,0,-1,-2,5,0,-1,2,-3,0,1,62
3349,-6,3,-2,1,-4,3,-2,1,0,-1,2,-1,86
3350,-4,-1,2,-3,-4,3,2,-3,4,-1,-2,1,90
3351,-2,1,0,-1,-6,1,0,-1,2,1,0,-1,50
3352,0,-3,-2,-1,2,1,4,-1,-2,-1,0,1,42
3353,-2,-5,0,1,0,-1,2,1,-4,1,2,-1,58
3354,-4,-1,0,-3,0,-1,6,-3,0,1,-2,1,78
3355,-2,-3,2,-1,-2,-3,4,-1,-2,3,0,-1,62
3356,0,-3,-4,-3,0,3,2,1,0,-3,0,1,58
3357,-2,-1,-2,-1,-2,1,0,3,-2,-1,2,-1,34
3358,0,-1,-2,-5,-2,1,4,-1,2,-1,-2,1,62
3359,2,1,0,-3,-4,-1,2,1,0,1,0,-1,38
3360,0,1,6,-3,2,3,-2,-1,0,-1,0,1,66
3361,-2,-1,4,-5,4,1,-4,1,-2,1,2,-1,90
3362,-4,-1,4,-1,0,1,0,-3,2,1,-2,1,54
3363,-2,-3,2,-3,2,-1,-2,-1,0,3,0,-1,46
3364,-4,-3,8,-5,0,5,-4,1,2,-3,0,1,170
3365,-6,-1,6,-7,2,3,-6,3,0,-1,2,-1,186
3366,-4,-5,6,-3,-2,3,-2,-1,4,-1,-2,1,126
3367,-2,-3,4,-5,0,1,-4,1,2,1,0,-1,78
3368,-4,1,2,-5,4,1,0,1,-2,-1,0,1,70
3369,-6,-1,4,-7,6,-1,-2,3,-4,1,2,-1,174
3370,-8,3,0,-3,2,-1,2,-1,0,1,-2,1,98
3371,-6,1,2,-5,4,-3,0,1,-2,3,0,-1,106
3372,-4,-3,4,-7,2,3,-2,3,0,-3,0,1,126
3373,-6,-1,6,-9,4,1,-4,5,-2,-1,2,-1,222
3374,-4,-1,2,-5,0,1,0,1,2,-1,-2,1,58
3375,-2,1,4,-7,2,-1,-2,3,0,1,0,-1,90
3376,0,-3,2,-3,0,5,0,-3,0,-1,0,1,58
3377,-2,-5,0,-1,2,3,-2,-1,-2,1,2,-1,58
3378,-4,-5,4,-1,-2,3,2,-5,2,1,-2,1,110
3379,-2,-7,2,1,0,1,0,-3,0,3,0,-1,78
3380,-4,-3,4,-5,-2,7,-2,-1,2,-3,0,1,138
3381,-6,-1,2,-3,0,5,-4,1,0,-1,2,-1,98
3382,-4,-5,6,-3,-4,5,0,-3,4,-1,-2,1,158
3383,-2,-3,4,-1,-2,3,-2,-1,2,1,0,-1,54
3384,0,-3,-2,-5,2,3,2,-1,-2,-1,0,1,62
3385,-2,-5,0,-3,4,1,0,1,-4,1,2,-1,78
3386,-4,-1,0,-3,0,1,4,-3,0,1,-2,1,58
3387,-2,-3,2,-1,2,-1,2,-1,-2,3,0,-1,42
3388,0,-3,0,-7,0,5,0,1,0,-3,0,1,94
3389,-2,-1,2,-5,2,3,-2,3,-2,-1,2,-1,70
3390,0,-1,2,-5,-2,3,2,-1,2,-1,-2,1,58
3391,2,1,4,-3,0,1,0,1,0,1,0,-1,34
3392,0,5,2,1,2,-3,0,-1,0,-1,0,1,46
3393,-2,3,0,-1,0,-1,-2,1,-2,1,2,-1,30
3394,-4,3,0,-1,4,-5,2,-3,2,1,-2,1,90
3395,-2,1,-2,-3,2,-3,0,-1,0,3,0,-1,42
3396,-4,1,0,3,0,-1,-2,1,2,-3,0,1,46
3397,-6,3,-2,1,-2,1,-4,3,0,-1,2,-1,86
3398,-4,-1,-2,1,2,-3,0,-1,4,-1,-2,1,58
3399,-2,1,-4,-1,0,-1,-2,1,2,1,0,-1,34
3400,-4,1,2,-1,4,-5,2,1,-2,-1,0,1,74
3401,-6,-1,4,-3,2,-3,0,3,-4,1,2,-1,106
3402,-8,3,0,-3,6,-7,4,-1,0,1,-2,1,190
3403,-6,1,2,-5,4,-5,2,1,-2,3,0,-1,126
3404,-4,-3,0,1,2,-3,0,3,0,-3,0,1,58
3405,-6,-1,2,-1,0,-1,-2,5,-2,-1,2,-1,82
3406,-4,-1,-2,-1,4,-5,2,1,2,-1,-2,1,78
3407,-2,1,0,-3,2,-3,0,3,0,1,0,-1,38
3408,-4,5,-2,1,0,-1,2,-3,0,-1,0,1,62
3409,-6,3,-4,3,-2,1,0,-1,-2,1,2,-1,86
3410,-8,3,0,-1,2,-3,4,-5,2,1,-2,1,138
3411,-6,1,-2,1,0,-1,2,-3,0,3,0,-1,66
3412,-8,5,-4,3,-2,1,0,-1,2,-3,0,1,134
3413,-10,7,-6,5,-4,3,-2,1,0,-1,2,-1,246
3414,-8,3,-2,1,0,-1,2,-3,4,-1,-2,1,114
3415,-6,5,-4,3,-2,1,0,-1,2,1,0,-1,98
3416,-4,1,-2,-1,2,-3,4,-1,-2,-1,0,1,58
3417,-6,-1,0,1,0,-1,2,1,-4,1,2,-1,66
3418,-8,3,0,-3,4,-5,6,-3,0,1,-2,1,174
3419,-6,1,2,-1,2,-3,4,-1,-2,3,0,-1,86
3420,-4,1,-4,1,0,-1,2,1,0,-3,0,1,50
3421,-6,3,-2,3,-2,1,0,3,-2,-1,2,-1,82
3422,-4,3,-2,-1,2,-3,4,-1,2,-1,-2,1,70
3423,-2,5,0,1,0,-1,2,1,0,1,0,-1,38
3424,0,1,2,-3,2,-1,-2,-1,0,-1,0,1,26
3425,-2,-1,0,-5,4,1,-4,1,-2,1,2,-1,74
3426,-4,-1,0,-1,4,-3,0,-3,2,1,-2,1,62
3427,-2,-3,-2,-3,6,-1,-2,-1,0,3,0,-1,78
3428,-4,-3,4,-1,0,1,-4,1,2,-3,0,1,74
3429,-6,-1,2,-3,2,3,-6,3,0,-1,2,-1,114
3430,-4,-5,2,1,2,-1,-2,-1,4,-1,-2,1,78
3431,-2,-3,0,-1,4,1,-4,1,2,1,0,-1,54
3432,-4,1,2,-5,4,-3,0,1,-2,-1,0,1,78
3433,-6,-1,4,-7,6,-1,-2,3,-4,1,2,-1,174
3434,-8,3,0,-3,6,-5,2,-1,0,1,-2,1,154
3435,-6,1,2,-5,8,-3,0,1,-2,3,0,-1,154
3436,-4,-3,4,-3,2,-1,-2,3,0,-3,0,1,78
3437,-6,-1,6,-5,4,1,-4,5,-2,-1,2,-1,166
3438,-4,-1,2,-1,4,-3,0,1,2,-1,-2,1,58
3439,-2,1,4,-3,6,-1,-2,3,0,1,0,-1,82
3440,0,1,-2,-3,0,1,0,-3,0,-1,0,1,26
3441,-2,-1,-4,-1,2,3,-2,-1,-2,1,2,-1,50
3442,-4,-1,0,-1,2,-1,2,-5,2,1,-2,1,62
3443,-2,-3,-2,1,4,1,0,-3,0,3,0,-1,54
3444,-4,1,0,-1,-2,3,-2,-1,2,-3,0,1,50
3445,-6,3,-2,1,0,5,-4,1,0,-1,2,-1,98
3446,-4,-1,2,1,0,1,0,-3,4,-1,-2,1,54
3447,-2,1,0,3,2,3,-2,-1,2,1,0,-1,38
3448,0,1,-2,-5,2,-1,2,-1,-2,-1,0,1,46
3449,-2,-1,0,-3,4,1,0,1,-4,1,2,-1,54
3450,-4,3,0,-3,4,-3,4,-3,0,1,-2,1,90
3451,-2,1,2,-1,6,-1,2,-1,-2,3,0,-1,66
3452,0,1,0,-3,0,1,0,1,0,-3,0,1,22
3453,-2,3,2,-1,2,3,-2,3,-2,-1,2,-1,54
3454,0,3,2,-1,2,-1,2,-1,2,-1,-2,1,34
3455,2,5,4,1,4,1,0,1,0,1,0,-1,66
3456,4,1,6,1,-2,-1,-2,-1,0,-1,0,1,66
3457,2,-1,4,-1,-4,-3,0,1,-2,1,2,-1,58
3458,0,-1,4,-1,-4,1,0,-3,2,1,-2,1,54
3459,2,-3,2,-3,-6,-1,2,-1,0,3,0,-1,78
3460,0,-3,4,-1,0,1,-4,1,2,-3,0,1,58
3461,-2,-1,2,-3,-2,-1,-2,3,0,-1,2,-1,42
3462,0,-5,2,-3,-2,3,-2,-1,4,-1,-2,1,78
3463,2,-3,0,-5,-4,1,0,1,2,1,0,-1,62
3464,0,-3,2,3,0,-3,0,1,-2,-1,0,1,38
3465,-2,-5,4,1,-2,-5,2,3,-4,1,2,-1,110
3466,-4,-1,0,1,-2,-1,2,-1,0,1,-2,1,34
3467,-2,-3,2,-1,-4,-3,4,1,-2,3,0,-1,74
3468,0,-7,0,1,2,-1,-2,3,0,-3,0,1,78
3469,-2,-5,2,-1,0,-3,0,5,-2,-1,2,-1,78
3470,0,-5,-2,-1,0,1,0,1,2,-1,-2,1,42
3471,2,-3,0,-3,-2,-1,2,3,0,1,0,-1,42
3472,0,-3,6,1,-4,1,0,-3,0,-1,0,1,74
3473,-2,-5,4,3,-6,-1,2,-1,-2,1,2,-1,106
3474,-4,-5,8,-1,-6,3,2,-5,2,1,-2,1,190
3475,-2,-7,6,1,-8,1,4,-3,0,3,0,-1,190
3476,-4,-3,4,-1,-2,3,-2,-1,2,-3,0,1,74
3477,-6,-1,2,1,-4,1,0,1,0,-1,2,-1,66
3478,-4,-5,6,-3,-4,5,0,-3,4,-1,-2,1,158
3479,-2,-3,4,-1,-6,3,2,-1,2,1,0,-1,86
3480,0,-7,2,3,-2,-1,2,-1,-2,-1,0,1,78
3481,-2,-9,4,5,-4,-3,4,1,-4,1,2,-1,190
3482,-4,-5,4,1,-4,1,4,-3,0,1,-2,1,106
3483,-2,-7,6,3,-6,-1,6,-1,-2,3,0,-1,186
3484,0,-7,0,1,0,1,0,1,0,-3,0,1,62
3485,-2,-5,2,3,-2,-1,2,3,-2,-1,2,-1,70
3486,0,-5,2,-1,-2,3,2,-1,2,-1,-2,1,58
3487,2,-3,4,1,-4,1,4,1,0,1,0,-1,66
3488,0,1,6,-3,-2,1,-4,-1,0,-1,0,1,70
3489,-2,-1,4,-5,0,-1,-2,1,-2,1,2,-1,62
3490,-4,-1,4,-1,-4,3,-2,-3,2,1,-2,1,82
3491,-2,-3,2,-3,-2,1,0,-1,0,3,0,-1,42
3492,-4,-3,8,-5,0,3,-6,1,2,-3,0,1,174
3493,-6,-1,6,-7,2,1,-4,3,0,-1,2,-1,158
3494,-4,-5,6,-3,-2,5,-4,-1,4,-1,-2,1,154
3495,-2,-3,4,-5,0,3,-2,1,2,1,0,-1,74
3496,-4,1,2,-1,0,-1,-2,1,-2,-1,0,1,34
3497,-6,-1,4,-3,2,-3,0,3,-4,1,2,-1,106
3498,-8,3,0,1,-2,1,0,-1,0,1,-2,1,86
3499,-6,1,2,-1,0,-1,2,1,-2,3,0,-1,62
3500,-4,-3,4,-3,2,1,-4,3,0,-3,0,1,90
3501,-6,-1,6,-5,4,-1,-2,5,-2,-1,2,-1,154
3502,-4,-1,2,-1,0,3,-2,1,2,-1,-2,1,46
3503,-2,1,4,-3,2,1,0,3,0,1,0,-1,46
3504,0,-3,6,-3,-4,3,-2,-3,0,-1,0,1,94
3505,-2,-5,4,-1,-2,1,0,-1,-2,1,2,-1,62
3506,-4,-5,8,-1,-6,5,0,-5,2,1,-2,1,202
3507,-2,-7,6,1,-4,3,2,-3,0,3,0,-1,138
3508,-4,-3,8,-5,-2,5,-4,-1,2,-3,0,1,174
3509,-6,-1,6,-3,0,3,-2,1,0,-1,2,-1,102
3510,-4,-5,10,-3,-4,7,-2,-3,4,-1,-2,1,250
3511,-2,-3,8,-1,-2,5,0,-1,2,1,0,-1,114
3512,0,-3,2,-1,-2,1,0,-1,-2,-1,0,1,26
3513,-2,-5,4,1,0,-1,2,1,-4,1,2,-1,74
3514,-4,-1,4,1,-4,3,2,-3,0,1,-2,1,78
3515,-2,-3,6,3,-2,1,4,-1,-2,3,0,-1,94
3516,0,-3,4,-3,0,3,-2,1,0,-3,0,1,58
3517,-2,-1,6,-1,2,1,0,3,-2,-1,2,-1,66
3518,0,-1,6,-1,-2,5,0,-1,2,-1,-2,1,78
3519,2,1,8,1,0,3,2,1,0,1,0,-1,86
3520,4,1,2,1,-2,-5,-2,-1,0,-1,0,1,58
3521,2,-1,0,-1,-4,-3,0,1,-2,1,2,-1,42
3522,0,-1,0,-1,0,-3,0,-3,2,1,-2,1,30
3523,2,-3,-2,-3,-2,-1,2,-1,0,3,0,-1,46
3524,0,-3,0,3,0,-3,-4,1,2,-3,0,1,58
3525,-2,-1,-2,1,-2,-1,-2,3,0,-1,2,-1,34
3526,0,-5,-2,1,2,-1,-2,-1,4,-1,-2,1,62
3527,2,-3,-4,-1,0,1,0,1,2,1,0,-1,38
3528,0,-3,2,3,0,-7,0,1,-2,-1,0,1,78
3529,-2,-5,4,1,-2,-5,2,3,-4,1,2,-1,110
3530,-4,-1,0,1,2,-5,2,-1,0,1,-2,1,58
3531,-2,-3,2,-1,0,-3,4,1,-2,3,0,-1,58
3532,0,-7,0,5,2,-5,-2,3,0,-3,0,1,126
3533,-2,-5,2,3,0,-3,0,5,-2,-1,2,-1,86
3534,0,-5,-2,3,4,-3,0,1,2,-1,-2,1,74
3535,2,-3,0,1,2,-1,2,3,0,1,0,-1,34
3536,0,1,2,1,-4,-3,0,-3,0,-1,0,1,42
3537,-2,-1,0,3,-6,-1,2,-1,-2,1,2,-1,66
3538,-4,-1,4,-1,-2,-1,2,-5,2,1,-2,1,78
3539,-2,-3,2,1,-4,1,4,-3,0,3,0,-1,70
3540,-4,1,0,3,-2,-1,-2,-1,2,-3,0,1,50
3541,-6,3,-2,5,-4,1,0,1,0,-1,2,-1,98
3542,-4,-1,2,1,0,1,0,-3,4,-1,-2,1,54
3543,-2,1,0,3,-2,3,2,-1,2,1,0,-1,38
3544,0,-3,2,3,-2,-5,2,-1,-2,-1,0,1,62
3545,-2,-5,4,5,-4,-3,4,1,-4,1,2,-1,134
3546,-4,-1,4,1,0,-3,4,-3,0,1,-2,1,74
3547,-2,-3,6,3,-2,-1,6,-1,-2,3,0,-1,114
3548,0,-3,0,5,0,-3,0,1,0,-3,0,1,54
3549,-2,-1,2,7,-2,-1,2,3,-2,-1,2,-1,86
3550,0,-1,2,3,2,-1,2,-1,2,-1,-2,1,34
3551,2,1,4,5,0,1,4,1,0,1,0,-1,66
3552,4,1,2,-3,-2,-3,-4,-1,0,-1,0,1,62
3553,2,-1,0,-5,0,-1,-2,1,-2,1,2,-1,46
3554,0,-1,0,-1,0,-1,-2,-3,2,1,-2,1,26
3555,2,-3,-2,-3,2,1,0,-1,0,3,0,-1,42
3556,0,-3,4,-1,0,-1,-6,1,2,-3,0,1,78
3557,-2,-1,2,-3,2,1,-4,3,0,-1,2,-1,54
3558,0,-5,2,1,2,1,-4,-1,4,-1,-2,1,74
3559,2,-3,0,-1,4,3,-2,1,2,1,0,-1,50
3560,0,1,2,-1,0,-5,-2,1,-2,-1,0,1,42
3561,-2,-1,4,-3,2,-3,0,3,-4,1,2,-1,74
3562,-4,3,0,1,2,-3,0,-1,0,1,-2,1,46
3563,-2,1,2,-1,4,-1,2,1,-2,3,0,-1,46
3564,0,-3,4,1,2,-3,-4,3,0,-3,0,1,74
3565,-2,-1,6,-1,4,-1,-2,5,-2,-1,2,-1,98
3566,0,-1,2,3,4,-1,-2,1,2,-1,-2,1,46
3567,2,1,4,1,6,1,0,3,0,1,0,-1,70
3568,4,1,2,-3,-4,-1,-2,-3,0,-1,0,1,62
3569,2,-1,0,-1,-2,1,0,-1,-2,1,2,-1,22
3570,0,-1,4,-1,-2,1,0,-5,2,1,-2,1,58
3571,2,-3,2,1,0,3,2,-3,0,3,0,-1,50
3572,0,1,4,-1,-2,1,-4,-1,2,-3,0,1,54
3573,-2,3,2,1,0,3,-2,1,0,-1,2,-1,38
3574,0,-1,6,1,0,3,-2,-3,4,-1,-2,1,82
3575,2,1,4,3,2,5,0,-1,2,1,0,-1,66
3576,4,1,2,-1,-2,-3,0,-1,-2,-1,0,1,42
3577,2,-1,4,1,0,-1,2,1,-4,1,2,-1,50
3578,0,3,4,1,0,-1,2,-3,0,1,-2,1,46
3579,2,1,6,3,2,1,4,-1,-2,3,0,-1,86
3580,4,1,4,1,0,-1,-2,1,0,-3,0,1,50
3581,2,3,6,3,2,1,0,3,-2,-1,2,-1,82
3582,4,3,6,3,2,1,0,-1,2,-1,-2,1,86
3583,6,5,8,5,4,3,2,1,0,1,0,-1,182
3584,8,5,2,3,2,1,0,-1,-2,-1,0,1,114
3585,6,3,0,1,0,-1,-2,-3,0,1,2,-1,66
3586,4,3,0,1,0,-1,-2,1,0,1,-2,1,38
3587,6,1,-2,-1,-2,-3,-4,-1,2,3,0,-1,86
3588,4,1,0,1,0,-1,2,1,0,-3,0,1,34
3589,2,3,-2,-1,-2,-3,0,-1,2,-1,2,-1,42
3590,4,-1,-2,-1,-2,-3,0,3,2,-1,-2,1,54
3591,6,1,-4,-3,-4,-5,-2,1,4,1,0,-1,126
3592,4,1,-2,1,0,3,2,1,-4,-1,0,1,54
3593,2,-1,0,-1,-2,1,0,-1,-2,1,2,-1,22
3594,0,3,-4,-1,-2,1,0,3,-2,1,-2,1,50
3595,2,1,-2,-3,-4,-1,-2,1,0,3,0,-1,50
3596,4,-3,-4,-1,-2,1,4,3,-2,-3,0,1,86
3597,2,-1,-2,-3,-4,-1,2,1,0,-1,2,-1,46
3598,4,-1,-6,-3,-4,-1,2,5,0,-1,-2,1,114
3599,6,1,-4,-5,-6,-3,0,3,2,1,0,-1,138
3600,4,1,-2,-1,4,3,2,-3,-2,-1,0,1,66
3601,2,-1,-4,1,2,1,0,-5,0,1,2,-1,58
3602,0,-1,0,-3,2,1,0,-1,0,1,-2,1,22
3603,2,-3,-2,-1,0,-1,-2,-3,2,3,0,-1,46
3604,0,1,-4,-3,2,1,4,-1,0,-3,0,1,58
3605,-2,3,-6,-1,0,-1,2,-3,2,-1,2,-1,74
3606,0,-1,-2,-5,0,-1,2,1,2,-1,-2,1,46
3607,2,1,-4,-3,-2,-3,0,-1,4,1,0,-1,62
3608,4,-3,-6,-3,2,5,4,-1,-4,-1,0,1,134
3609,2,-5,-4,-1,0,3,2,-3,-2,1,2,-1,78
3610,0,-1,-4,-5,0,3,2,1,-2,1,-2,1,66
3611,2,-3,-2,-3,-2,1,0,-1,0,3,0,-1,42
3612,4,-3,-8,-5,0,3,6,1,-2,-3,0,1,174
3613,2,-1,-6,-3,-2,1,4,-1,0,-1,2,-1,78
3614,4,-1,-6,-7,-2,1,4,3,0,-1,-2,1,138
3615,6,1,-4,-5,-4,-1,2,1,2,1,0,-1,106
3616,4,1,-2,3,2,3,-2,-1,-2,-1,0,1,54
3617,2,-1,-4,1,4,1,-4,-3,0,1,2,-1,70
3618,0,-1,-4,5,0,1,-4,1,0,1,-2,1,66
3619,2,-3,-6,3,2,-1,-6,-1,2,3,0,-1,114
3620,0,-3,0,1,0,1,0,1,0,-3,0,1,22
3621,-2,-1,-2,-1,2,-1,-2,-1,2,-1,2,-1,30
3622,0,-5,-2,3,-2,-1,-2,3,2,-1,-2,1,66
3623,2,-3,-4,1,0,-3,-4,1,4,1,0,-1,74
3624,0,1,-6,1,0,5,0,1,-4,-1,0,1,82
3625,-2,-1,-4,-1,2,3,-2,-1,-2,1,2,-1,50
3626,-4,3,-8,3,-2,3,-2,3,-2,1,-2,1,134
3627,-2,1,-6,1,0,1,-4,1,0,3,0,-1,70
3628,0,-3,-4,-1,-2,3,2,3,-2,-3,0,1,66
3629,-2,-1,-2,-3,0,1,0,1,0,-1,2,-1,26
3630,0,-1,-6,1,-4,1,0,5,0,-1,-2,1,86
3631,2,1,-4,-1,-2,-1,-2,3,2,1,0,-1,46
3632,4,-3,-6,-1,4,5,0,-3,-2,-1,0,1,118
3633,2,-5,-8,1,6,3,-2,-5,0,1,2,-1,174
3634,0,-5,-4,1,2,3,-2,-1,0,1,-2,1,66
3635,2,-7,-6,3,4,1,-4,-3,2,3,0,-1,154
3636,0,-3,-4,-3,2,3,2,-1,0,-3,0,1,62
3637,-2,-1,-6,-1,4,1,0,-3,2,-1,2,-1,78
3638,0,-5,-2,-1,0,1,0,1,2,-1,-2,1,42
3639,2,-3,-4,1,2,-1,-2,-1,4,1,0,-1,58
3640,4,-3,-10,-3,2,7,2,-1,-4,-1,0,1,210
3641,2,-5,-8,-1,4,5,0,-3,-2,1,2,-1,154
3642,0,-1,-8,-1,0,5,0,1,-2,1,-2,1,102
3643,2,-3,-6,1,2,3,-2,-1,0,3,0,-1,78
3644,4,-3,-8,-5,0,5,4,1,-2,-3,0,1,170
3645,2,-1,-6,-3,2,3,2,-1,0,-1,2,-1,74
3646,4,-1,-6,-3,-2,3,2,3,0,-1,-2,1,94
3647,6,1,-4,-1,0,1,0,1,2,1,0,-1,62
3648,4,1,2,3,2,-3,0,-1,-2,-1,0,1,50
3649,2,-1,0,1,0,-1,-2,-3,0,1,2,-1,26
3650,0,-1,0,1,4,-5,-2,1,0,1,-2,1,54
3651,2,-3,-2,-1,2,-3,-4,-1,2,3,0,-1,62
3652,0,-3,0,5,0,-5,2,1,0,-3,0,1,74
3653,-2,-1,-2,3,-2,-3,0,-1,2,-1,2,-1,42
3654,0,-5,-2,3,2,-7,0,3,2,-1,-2,1,110
3655,2,-3,-4,1,0,-5,-2,1,4,1,0,-1,78
3656,0,-3,2,1,0,-1,2,1,-4,-1,0,1,38
3657,-2,-5,4,-1,-2,1,0,-1,-2,1,2,-1,62
3658,-4,-1,0,-1,2,-3,0,3,-2,1,-2,1,50
3659,-2,-3,2,-3,0,-1,-2,1,0,3,0,-1,42
3660,0,-7,0,3,-2,-3,4,3,-2,-3,0,1,110
3661,-2,-5,2,1,-4,-1,2,1,0,-1,2,-1,62
3662,0,-5,-2,1,0,-5,2,5,0,-1,-2,1,90
3663,2,-3,0,-1,-2,-3,0,3,2,1,0,-1,42
3664,0,1,-2,-1,4,-1,2,-3,-2,-1,0,1,42
3665,-2,-1,-4,1,2,1,0,-5,0,1,2,-1,58
3666,-4,-1,0,-3,6,-3,0,-1,0,1,-2,1,78
3667,-2,-3,-2,-1,4,-1,-2,-3,2,3,0,-1,62
3668,-4,1,-4,1,2,-3,4,-1,0,-3,0,1,74
3669,-6,3,-6,3,0,-1,2,-3,2,-1,2,-1,114
3670,-4,-1,-2,-1,4,-5,2,1,2,-1,-2,1,78
3671,-2,1,-4,1,2,-3,0,-1,4,1,0,-1,54
3672,0,-3,-2,-3,2,1,4,-1,-4,-1,0,1,62
3673,-2,-5,0,-1,0,3,2,-3,-2,1,2,-1,62
3674,-4,-1,0,-5,4,-1,2,1,-2,1,-2,1,74
3675,-2,-3,2,-3,2,1,0,-1,0,3,0,-1,42
3676,0,-3,-4,-1,0,-1,6,1,-2,-3,0,1,78
3677,-2,-1,-2,1,-2,1,4,-1,0,-1,2,-1,38
3678,0,-1,-2,-3,2,-3,4,3,0,-1,-2,1,58
3679,2,1,0,-1,0,-1,2,1,2,1,0,-1,18
3680,4,-3,-2,3,2,-1,-2,-1,-2,-1,0,1,54
3681,2,-5,-4,1,4,1,-4,-3,0,1,2,-1,94
3682,0,-5,-4,5,4,-3,-4,1,0,1,-2,1,114
3683,2,-7,-6,3,6,-1,-6,-1,2,3,0,-1,186
3684,0,-7,0,5,0,-3,0,1,0,-3,0,1,94
3685,-2,-5,-2,3,2,-1,-2,-1,2,-1,2,-1,62
3686,0,-9,-2,7,2,-5,-2,3,2,-1,-2,1,186
3687,2,-7,-4,5,4,-3,-4,1,4,1,0,-1,154
3688,0,-3,-2,1,0,1,0,1,-4,-1,0,1,34
3689,-2,-5,0,-1,2,3,-2,-1,-2,1,2,-1,58
3690,-4,-1,-4,3,2,-1,-2,3,-2,1,-2,1,70
3691,-2,-3,-2,1,4,1,-4,1,0,3,0,-1,62
3692,0,-7,0,3,-2,-1,2,3,-2,-3,0,1,90
3693,-2,-5,2,1,0,1,0,1,0,-1,2,-1,42
3694,0,-5,-2,5,0,-3,0,5,0,-1,-2,1,94
3695,2,-3,0,3,2,-1,-2,3,2,1,0,-1,46
3696,4,-3,-6,-1,4,1,0,-3,-2,-1,0,1,94
3697,2,-5,-8,1,6,3,-2,-5,0,1,2,-1,174
3698,0,-5,-4,1,6,-1,-2,-1,0,1,-2,1,90
3699,2,-7,-6,3,8,1,-4,-3,2,3,0,-1,202
3700,0,-3,-4,1,2,-1,2,-1,0,-3,0,1,46
3701,-2,-1,-6,3,4,1,0,-3,2,-1,2,-1,86
3702,0,-5,-2,3,4,-3,0,1,2,-1,-2,1,74
3703,2,-3,-4,5,6,-1,-2,-1,4,1,0,-1,114
3704,4,-3,-6,-3,2,3,2,-1,-4,-1,0,1,106
3705,2,-5,-4,-1,4,5,0,-3,-2,1,2,-1,106
3706,0,-1,-4,-1,4,1,0,1,-2,1,-2,1,46
3707,2,-3,-2,1,6,3,-2,-1,0,3,0,-1,78
3708,4,-3,-4,-1,0,1,4,1,-2,-3,0,1,74
3709,2,-1,-2,1,2,3,2,-1,0,-1,2,-1,34
3710,4,-1,-2,1,2,-1,2,3,0,-1,-2,1,46
3711,6,1,0,3,4,1,0,1,2,1,0,-1,70
3712,4,5,2,3,-2,-1,-2,-1,-2,-1,0,1,70
3713,2,3,0,1,-4,-3,0,-3,0,1,2,-1,54
3714,0,3,0,1,-4,1,-4,1,0,1,-2,1,50
3715,2,1,-2,-1,-6,-1,-2,-1,2,3,0,-1,66
3716,0,1,0,1,0,-3,0,1,0,-3,0,1,22
3717,-2,3,-2,-1,-2,-5,2,-1,2,-1,2,-1,62
3718,0,-1,-2,-1,-2,-1,-2,3,2,-1,-2,1,34
3719,2,1,-4,-3,-4,-3,0,1,4,1,0,-1,74
3720,0,1,-2,5,-4,1,0,1,-4,-1,0,1,66
3721,-2,-1,0,3,-6,-1,2,-1,-2,1,2,-1,66
3722,-4,3,-4,3,-6,3,-2,3,-2,1,-2,1,118
3723,-2,1,-2,1,-8,1,0,1,0,3,0,-1,86
3724,0,-3,-4,3,-2,-1,2,3,-2,-3,0,1,66
3725,-2,-1,-2,1,-4,-3,4,1,0,-1,2,-1,58
3726,0,-1,-6,1,-4,1,0,5,0,-1,-2,1,86
3727,2,1,-4,-1,-6,-1,2,3,2,1,0,-1,78
3728,0,1,2,-1,0,1,0,-3,-2,-1,0,1,22
3729,-2,-1,0,1,-2,-1,2,-5,0,1,2,-1,46
3730,-4,-1,4,-3,-2,3,-2,-1,0,1,-2,1,66
3731,-2,-3,2,-1,-4,1,0,-3,2,3,0,-1,58
3732,-4,1,0,-3,2,-1,2,-1,0,-3,0,1,46
3733,-6,3,-2,-1,0,-3,4,-3,2,-1,2,-1,94
3734,-4,-1,2,-5,0,1,0,1,2,-1,-2,1,58
3735,-2,1,0,-3,-2,-1,2,-1,4,1,0,-1,42
3736,0,-3,-2,1,-2,3,2,-1,-4,-1,0,1,50
3737,-2,-5,0,3,-4,1,4,-3,-2,1,2,-1,90
3738,-4,-1,0,-1,-4,5,0,1,-2,1,-2,1,70
3739,-2,-3,2,1,-6,3,2,-1,0,3,0,-1,78
3740,0,-3,-4,-1,0,1,4,1,-2,-3,0,1,58
3741,-2,-1,-2,1,-2,-1,6,-1,0,-1,2,-1,58
3742,0,-1,-2,-3,-2,3,2,3,0,-1,-2,1,46
3743,2,1,0,-1,-4,1,4,1,2,1,0,-1,46
3744,0,5,-2,3,-2,1,-4,-1,-2,-1,0,1,66
3745,-2,3,-4,1,0,-1,-2,-3,0,1,2,-1,50
3746,-4,3,-4,5,-4,3,-6,1,0,1,-2,1,134
3747,-2,1,-6,3,-2,1,-4,-1,2,3,0,-1,86
3748,-4,1,0,1,0,-1,-2,1,0,-3,0,1,34
3749,-6,3,-2,-1,2,-3,0,-1,2,-1,2,-1,74
3750,-4,-1,-2,3,-2,1,-4,3,2,-1,-2,1,70
3751,-2,1,-4,1,0,-1,-2,1,4,1,0,-1,46
3752,-4,5,-6,5,-4,3,-2,1,-4,-1,0,1,150
3753,-6,3,-4,3,-2,1,0,-1,-2,1,2,-1,86
3754,-8,7,-8,7,-6,5,-4,3,-2,1,-2,1,322
3755,-6,5,-6,5,-4,3,-2,1,0,3,0,-1,162
3756,-4,1,-4,3,-2,1,0,3,-2,-3,0,1,70
3757,-6,3,-2,1,0,-1,2,1,0,-1,2,-1,62
3758,-4,3,-6,5,-4,3,-2,5,0,-1,-2,1,146
3759,-2,5,-4,3,-2,1,0,3,2,1,0,-1,74
3760,0,1,-2,-1,0,3,-2,-3,-2,-1,0,1,34
3761,-2,-1,-4,1,2,1,0,-5,0,1,2,-1,58
3762,-4,-1,0,1,-2,5,-4,-1,0,1,-2,1,70
3763,-2,-3,-2,3,0,3,-2,-3,2,3,0,-1,62
3764,-4,1,0,-3,2,1,0,-1,0,-3,0,1,42
3765,-6,3,-2,-1,4,-1,2,-3,2,-1,2,-1,90
3766,-4,-1,2,-1,0,3,-2,1,2,-1,-2,1,46
3767,-2,1,0,1,2,1,0,-1,4,1,0,-1,30
3768,0,1,-6,1,-2,5,0,-1,-4,-1,0,1,86
3769,-2,-1,-4,3,0,3,2,-3,-2,1,2,-1,62
3770,-4,3,-4,3,-4,7,-2,1,-2,1,-2,1,130
3771,-2,1,-2,5,-2,5,0,-1,0,3,0,-1,74
3772,0,1,-4,-1,0,3,2,1,-2,-3,0,1,46
3773,-2,3,-2,1,2,1,4,-1,0,-1,2,-1,46
3774,0,3,-2,1,-2,5,0,3,0,-1,-2,1,58
3775,2,5,0,3,0,3,2,1,2,1,0,-1,58
3776,4,1,2,3,-2,-5,-2,-1,-2,-1,0,1,70
3777,2,-1,0,1,-4,-3,0,-3,0,1,2,-1,46
3778,0,-1,0,1,0,-3,-4,1,0,1,-2,1,34
3779,2,-3,-2,-1,-2,-1,-2,-1,2,3,0,-1,42
3780,0,-3,0,5,0,-7,0,1,0,-3,0,1,94
3781,-2,-1,-2,3,-2,-5,2,-1,2,-1,2,-1,62
3782,0,-5,-2,3,2,-5,-2,3,2,-1,-2,1,90
3783,2,-3,-4,1,0,-3,0,1,4,1,0,-1,58
3784,0,-3,2,5,-4,-3,0,1,-4,-1,0,1,82
3785,-2,-5,4,3,-6,-1,2,-1,-2,1,2,-1,106
3786,-4,-1,0,3,-2,-1,-2,3,-2,1,-2,1,54
3787,-2,-3,2,1,-4,1,0,1,0,3,0,-1,46
3788,0,-7,0,7,-2,-5,2,3,-2,-3,0,1,154
3789,-2,-5,2,5,-4,-3,4,1,0,-1,2,-1,106
3790,0,-5,-2,5,0,-3,0,5,0,-1,-2,1,94
3791,2,-3,0,3,-2,-1,2,3,2,1,0,-1,46
3792,0,1,2,-1,0,-3,0,-3,-2,-1,0,1,30
3793,-2,-1,0,1,-2,-1,2,-5,0,1,2,-1,46
3794,-4,-1,4,-3,2,-1,-2,-1,0,1,-2,1,58
3795,-2,-3,2,-1,0,1,0,-3,2,3,0,-1,42
3796,-4,1,0,1,2,-5,2,-1,0,-3,0,1,62
3797,-6,3,-2,3,0,-3,4,-3,2,-1,2,-1,102
3798,-4,-1,2,-1,4,-3,0,1,2,-1,-2,1,58
3799,-2,1,0,1,2,-1,2,-1,4,1,0,-1,34
3800,0,-3,2,1,-2,-1,2,-1,-4,-1,0,1,42
3801,-2,-5,4,3,-4,1,4,-3,-2,1,2,-1,106
3802,-4,-1,4,-1,0,1,0,1,-2,1,-2,1,46
3803,-2,-3,6,1,-2,3,2,-1,0,3,0,-1,78
3804,0,-3,0,3,0,-3,4,1,-2,-3,0,1,58
3805,-2,-1,2,5,-2,-1,6,-1,0,-1,2,-1,82
3806,0,-1,2,1,2,-1,2,3,0,-1,-2,1,30
3807,2,1,4,3,0,1,4,1,2,1,0,-1,54
3808,4,1,-2,3,-2,-3,-4,-1,-2,-1,0,1,66
3809,2,-1,-4,1,0,-1,-2,-3,0,1,2,-1,42
3810,0,-1,-4,5,0,-1,-6,1,0,1,-2,1,86
3811,2,-3,-6,3,2,1,-4,-1,2,3,0,-1,94
3812,0,-3,0,5,0,-5,-2,1,0,-3,0,1,74
3813,-2,-1,-2,3,2,-3,0,-1,2,-1,2,-1,42
3814,0,-5,-2,7,2,-3,-4,3,2,-1,-2,1,126
3815,2,-3,-4,5,4,-1,-2,1,4,1,0,-1,94
3816,0,1,-2,5,-4,-1,-2,1,-4,-1,0,1,70
3817,-2,-1,0,3,-2,1,0,-1,-2,1,2,-1,30
3818,-4,3,-4,7,-2,1,-4,3,-2,1,-2,1,130
3819,-2,1,-2,5,0,3,-2,1,0,3,0,-1,58
3820,0,-3,0,7,-2,-3,0,3,-2,-3,0,1,94
3821,-2,-1,2,5,0,-1,2,1,0,-1,2,-1,46
3822,0,-1,-2,9,0,-1,-2,5,0,-1,-2,1,122
3823,2,1,0,7,2,1,0,3,2,1,0,-1,74
3824,4,1,-2,-1,0,-1,-2,-3,-2,-1,0,1,42
3825,2,-1,-4,1,2,1,0,-5,0,1,2,-1,58
3826,0,-1,0,1,2,1,-4,-1,0,1,-2,1,30
3827,2,-3,-2,3,4,3,-2,-3,2,3,0,-1,78
3828,0,1,0,1,2,-3,0,-1,0,-3,0,1,26
3829,-2,3,-2,3,4,-1,2,-3,2,-1,2,-1,66
3830,0,-1,2,3,4,-1,-2,1,2,-1,-2,1,46
3831,2,1,0,5,6,1,0,-1,4,1,0,-1,86
3832,4,1,-2,1,-2,1,0,-1,-4,-1,0,1,46
3833,2,-1,0,3,0,3,2,-3,-2,1,2,-1,46
3834,0,3,0,3,0,3,-2,1,-2,1,-2,1,42
3835,2,1,2,5,2,5,0,-1,0,3,0,-1,74
3836,4,1,0,3,0,-1,2,1,-2,-3,0,1,46
3837,2,3,2,5,2,1,4,-1,0,-1,2,-1,70
3838,4,3,2,5,2,1,0,3,0,-1,-2,1,74
3839,6,5,4,7,4,3,2,1,2,1,0,-1,162
3840,8,5,2,-1,0,-1,-2,-3,-2,-1,0,1,114
3841,6,3,0,-3,-2,-3,-4,-1,0,1,2,-1,90
3842,4,3,0,-3,-2,-3,0,-1,0,1,-2,1,54
3843,6,1,-2,-5,-4,-5,-2,1,2,3,0,-1,126
3844,4,1,0,-3,-2,1,0,-1,0,-3,0,1,42
3845,2,3,-2,-5,-4,-1,-2,1,2,-1,2,-1,74
3846,4,-1,-2,-5,-4,-1,2,1,2,-1,-2,1,78
3847,6,1,-4,-7,-6,-3,0,3,4,1,0,-1,174
3848,4,1,-2,-3,2,1,0,-1,-4,-1,0,1,54
3849,2,-1,0,-5,0,-1,-2,1,-2,1,2,-1,46
3850,0,3,-4,-5,0,-1,2,1,-2,1,-2,1,66
3851,2,1,-2,-7,-2,-3,0,3,0,3,0,-1,90
3852,4,-3,-4,-5,0,3,2,1,-2,-3,0,1,94
3853,2,-1,-2,-7,-2,1,0,3,0,-1,2,-1,78
3854,4,-1,-6,-7,-2,1,4,3,0,-1,-2,1,138
3855,6,1,-4,-9,-4,-1,2,5,2,1,0,-1,186
3856,4,1,-2,-1,2,1,0,-5,-2,-1,0,1,58
3857,2,-1,-4,1,0,-1,-2,-3,0,1,2,-1,42
3858,0,-1,0,-3,0,-1,2,-3,0,1,-2,1,30
3859,2,-3,-2,-1,-2,-3,0,-1,2,3,0,-1,46
3860,0,1,-4,-3,0,3,2,-3,0,-3,0,1,58
3861,-2,3,-6,-1,-2,1,0,-1,2,-1,2,-1,66
3862,0,-1,-2,-5,-2,1,4,-1,2,-1,-2,1,62
3863,2,1,-4,-3,-4,-1,2,1,4,1,0,-1,70
3864,4,-3,-6,-3,4,3,2,-3,-4,-1,0,1,126
3865,2,-5,-4,-1,2,1,0,-1,-2,1,2,-1,62
3866,0,-1,-4,-5,2,1,4,-1,-2,1,-2,1,74
3867,2,-3,-2,-3,0,-1,2,1,0,3,0,-1,42
3868,4,-3,-8,-5,2,5,4,-1,-2,-3,0,1,174
3869,2,-1,-6,-3,0,3,2,1,0,-1,2,-1,70
3870,4,-1,-6,-7,0,3,6,1,0,-1,-2,1,154
3871,6,1,-4,-5,-2,1,4,3,2,1,0,-1,114
3872,4,1,2,-1,0,1,-4,-3,-2,-1,0,1,54
3873,2,-1,0,-3,2,-1,-6,-1,0,1,2,-1,62
3874,0,-1,0,1,-2,-1,-2,-1,0,1,-2,1,18
3875,2,-3,-2,-1,0,-3,-4,1,2,3,0,-1,58
3876,0,-3,4,-3,-2,3,-2,-1,0,-3,0,1,62
3877,-2,-1,2,-5,0,1,-4,1,2,-1,2,-1,62
3878,0,-5,2,-1,-4,1,0,1,2,-1,-2,1,58
3879,2,-3,0,-3,-2,-1,-2,3,4,1,0,-1,58
3880,0,1,-2,-3,2,3,-2,-1,-4,-1,0,1,50
3881,-2,-1,0,-5,4,1,-4,1,-2,1,2,-1,74
3882,-4,3,-4,-1,0,1,0,1,-2,1,-2,1,54
3883,-2,1,-2,-3,2,-1,-2,3,0,3,0,-1,46
3884,0,-3,0,-5,0,5,0,1,-2,-3,0,1,74
3885,-2,-1,2,-7,2,3,-2,3,0,-1,2,-1,90
3886,0,-1,-2,-3,-2,3,2,3,0,-1,-2,1,46
3887,2,1,0,-5,0,1,0,5,2,1,0,-1,62
3888,4,-3,-2,-1,2,3,-2,-5,-2,-1,0,1,78
3889,2,-5,-4,1,4,1,-4,-3,0,1,2,-1,94
3890,0,-5,0,1,0,1,0,-3,0,1,-2,1,42
3891,2,-7,-2,3,2,-1,-2,-1,2,3,0,-1,90
3892,0,-3,0,-3,0,5,0,-3,0,-3,0,1,62
3893,-2,-1,-2,-1,2,3,-2,-1,2,-1,2,-1,38
3894,0,-5,2,-1,-2,3,2,-1,2,-1,-2,1,58
3895,2,-3,0,1,0,1,0,1,4,1,0,-1,34
3896,4,-3,-6,-3,4,5,0,-3,-4,-1,0,1,138
3897,2,-5,-4,-1,6,3,-2,-1,-2,1,2,-1,106
3898,0,-1,-4,-1,2,3,2,-1,-2,1,-2,1,46
3899,2,-3,-2,1,4,1,0,1,0,3,0,-1,46
3900,4,-3,-4,-5,2,7,2,-1,-2,-3,0,1,138
3901,2,-1,-2,-3,4,5,0,1,0,-1,2,-1,66
3902,4,-1,-2,-3,0,5,4,1,0,-1,-2,1,78
3903,6,1,0,-1,2,3,2,3,2,1,0,-1,70
3904,4,5,2,-1,0,-5,-2,-3,-2,-1,0,1,90
3905,2,3,0,-3,-2,-3,-4,-1,0,1,2,-1,58
3906,0,3,0,-3,2,-7,0,-1,0,1,-2,1,78
3907,2,1,-2,-5,0,-5,-2,1,2,3,0,-1,78
3908,0,1,0,1,-2,-3,0,-1,0,-3,0,1,26
3909,-2,3,-2,-1,-4,-1,-2,1,2,-1,2,-1,50
3910,0,-1,-2,-1,0,-5,2,1,2,-1,-2,1,46
3911,2,1,-4,-3,-2,-3,0,3,4,1,0,-1,70
3912,0,1,2,-3,2,-3,0,-1,-4,-1,0,1,46
3913,-2,-1,4,-5,0,-1,-2,1,-2,1,2,-1,62
3914,-4,3,0,-5,4,-5,2,1,-2,1,-2,1,106
3915,-2,1,2,-7,2,-3,0,3,0,3,0,-1,90
3916,0,-3,0,-1,0,-1,2,1,-2,-3,0,1,30
3917,-2,-1,2,-3,-2,1,0,3,0,-1,2,-1,38
3918,0,-1,-2,-3,2,-3,4,3,0,-1,-2,1,58
3919,2,1,0,-5,0,-1,2,5,2,1,0,-1,66
3920,0,5,-2,-1,2,-3,0,-5,-2,-1,0,1,74
3921,-2,3,-4,1,0,-1,-2,-3,0,1,2,-1,50
3922,-4,3,0,-3,4,-5,2,-3,0,1,-2,1,94
3923,-2,1,-2,-1,2,-3,0,-1,2,3,0,-1,38
3924,-4,5,-4,1,0,-1,2,-3,0,-3,0,1,82
3925,-6,7,-6,3,-2,1,0,-1,2,-1,2,-1,146
3926,-4,3,-2,-1,2,-3,4,-1,2,-1,-2,1,70
3927,-2,5,-4,1,0,-1,2,1,4,1,0,-1,70
3928,0,1,-2,-3,4,-1,2,-3,-4,-1,0,1,62
3929,-2,-1,0,-1,2,1,0,-1,-2,1,2,-1,22
3930,-4,3,0,-5,6,-3,4,-1,-2,1,-2,1,122
3931,-2,1,2,-3,4,-1,2,1,0,3,0,-1,50
3932,0,1,-4,-1,2,1,4,-1,-2,-3,0,1,54
3933,-2,3,-2,1,0,3,2,1,0,-1,2,-1,38
3934,0,3,-2,-3,4,-1,6,1,0,-1,-2,1,82
3935,2,5,0,-1,2,1,4,3,2,1,0,-1,66
3936,4,1,2,-1,0,-3,-4,-3,-2,-1,0,1,62
3937,2,-1,0,-3,2,-1,-6,-1,0,1,2,-1,62
3938,0,-1,0,1,2,-5,-2,-1,0,1,-2,1,42
3939,2,-3,-2,-1,4,-3,-4,1,2,3,0,-1,74
3940,0,-3,4,1,-2,-1,-2,-1,0,-3,0,1,46
3941,-2,-1,2,-1,0,1,-4,1,2,-1,2,-1,38
3942,0,-5,2,3,0,-3,0,1,2,-1,-2,1,58
3943,2,-3,0,1,2,-1,-2,3,4,1,0,-1,50
3944,0,1,2,-3,2,-1,-2,-1,-4,-1,0,1,42
3945,-2,-1,4,-5,4,1,-4,1,-2,1,2,-1,90
3946,-4,3,0,-1,4,-3,0,1,-2,1,-2,1,62
3947,-2,1,2,-3,6,-1,-2,3,0,3,0,-1,78
3948,0,-3,4,-1,0,1,0,1,-2,-3,0,1,42
3949,-2,-1,6,-3,2,3,-2,3,0,-1,2,-1,82
3950,0,-1,2,1,2,-1,2,3,0,-1,-2,1,30
3951,2,1,4,-1,4,1,0,5,2,1,0,-1,70
3952,4,1,-2,-1,2,-1,-2,-5,-2,-1,0,1,62
3953,2,-1,-4,1,4,1,-4,-3,0,1,2,-1,70
3954,0,-1,0,1,4,-3,0,-3,0,1,-2,1,42
3955,2,-3,-2,3,6,-1,-2,-1,2,3,0,-1,82
3956,0,1,0,1,0,1,0,-3,0,-3,0,1,22
3957,-2,3,-2,3,2,3,-2,-1,2,-1,2,-1,54
3958,0,-1,2,3,2,-1,2,-1,2,-1,-2,1,34
3959,2,1,0,5,4,1,0,1,4,1,0,-1,66
3960,4,1,-2,-3,4,1,0,-3,-4,-1,0,1,74
3961,2,-1,0,-1,6,3,-2,-1,-2,1,2,-1,66
3962,0,3,0,-1,6,-1,2,-1,-2,1,-2,1,62
3963,2,1,2,1,8,1,0,1,0,3,0,-1,86
3964,4,1,0,-1,2,3,2,-1,-2,-3,0,1,50
3965,2,3,2,1,4,5,0,1,0,-1,2,-1,66
3966,4,3,2,1,4,1,4,1,0,-1,-2,1,70
3967,6,5,4,3,6,3,2,3,2,1,0,-1,150
3968,8,5,2,-1,-4,-3,-4,-3,-2,-1,0,1,150
3969,6,3,0,-3,-6,-5,-2,-1,0,1,2,-1,126
3970,4,3,0,-3,-6,-1,-2,-1,0,1,-2,1,82
3971,6,1,-2,-5,-8,-3,0,1,2,3,0,-1,154
3972,4,1,0,-3,-2,-1,-2,-1,0,-3,0,1,46
3973,2,3,-2,-5,-4,-3,0,1,2,-1,2,-1,78
3974,4,-1,-2,-5,-4,1,0,1,2,-1,-2,1,74
3975,6,1,-4,-7,-6,-1,2,3,4,1,0,-1,170
3976,4,1,-2,1,-2,-1,-2,-1,-4,-1,0,1,50
3977,2,-1,0,-1,-4,-3,0,1,-2,1,2,-1,42
3978,0,3,-4,-1,-4,1,0,1,-2,1,-2,1,54
3979,2,1,-2,-3,-6,-1,2,3,0,3,0,-1,78
3980,4,-3,-4,-1,0,1,0,1,-2,-3,0,1,58
3981,2,-1,-2,-3,-2,-1,2,3,0,-1,2,-1,42
3982,4,-1,-6,-3,-2,3,2,3,0,-1,-2,1,94
3983,6,1,-4,-5,-4,1,4,5,2,1,0,-1,142
3984,4,1,2,-1,-2,-1,-2,-5,-2,-1,0,1,62
3985,2,-1,0,1,-4,-3,0,-3,0,1,2,-1,46
3986,0,-1,4,-3,-4,1,0,-3,0,1,-2,1,58
3987,2,-3,2,-1,-6,-1,2,-1,2,3,0,-1,74
3988,0,1,0,-3,0,1,0,-3,0,-3,0,1,30
3989,-2,3,-2,-1,-2,-1,2,-1,2,-1,2,-1,38
3990,0,-1,2,-5,-2,3,2,-1,2,-1,-2,1,58
3991,2,1,0,-3,-4,1,4,1,4,1,0,-1,66
3992,4,-3,-2,1,0,1,0,-3,-4,-1,0,1,58
3993,2,-5,0,3,-2,-1,2,-1,-2,1,2,-1,58
3994,0,-1,0,-1,-2,3,2,-1,-2,1,-2,1,30
3995,2,-3,2,1,-4,1,4,1,0,3,0,-1,62
3996,4,-3,-4,-1,2,3,2,-1,-2,-3,0,1,74
3997,2,-1,-2,1,0,1,4,1,0,-1,2,-1,34
3998,4,-1,-2,-3,0,5,4,1,0,-1,-2,1,78
3999,6,1,0,-1,-2,3,6,3,2,1,0,-1,102
4000,4,5,2,-1,-4,-1,-6,-3,-2,-1,0,1,114
4001,2,3,0,-3,-2,-3,-4,-1,0,1,2,-1,58
4002,0,3,0,1,-6,1,-4,-1,0,1,-2,1,70
4003,2,1,-2,-1,-4,-1,-2,1,2,3,0,-1,46
4004,0,1,4,-3,-2,1,-4,-1,0,-3,0,1,58
4005,-2,3,2,-5,0,-1,-2,1,2,-1,2,-1,58
4006,0,-1,2,-1,-4,3,-2,1,2,-1,-2,1,46
4007,2,1,0,-3,-2,1,0,3,4,1,0,-1,46
4008,0,5,-2,1,-2,1,-4,-1,-4,-1,0,1,70
4009,-2,3,0,-1,0,-1,-2,1,-2,1,2,-1,30
4010,-4,7,-4,3,-4,3,-2,1,-2,1,-2,1,130
4011,-2,5,-2,1,-2,1,0,3,0,3,0,-1,58
4012,0,1,0,-1,0,3,-2,1,-2,-3,0,1,30
4013,-2,3,2,-3,2,1,0,3,0,-1,2,-1,46
4014,0,3,-2,1,-2,5,0,3,0,-1,-2,1,58
4015,2,5,0,-1,0,3,2,5,2,1,0,-1,74
4016,4,1,2,-1,-2,1,-4,-5,-2,-1,0,1,74
4017,2,-1,0,1,0,-1,-2,-3,0,1,2,-1,26
4018,0,-1,4,1,-4,3,-2,-3,0,1,-2,1,62
4019,2,-3,2,3,-2,1,0,-1,2,3,0,-1,46
4020,0,1,4,-3,0,3,-2,-3,0,-3,0,1,58
4021,-2,3,2,-1,2,1,0,-1,2,-1,2,-1,34
4022,0,-1,6,-1,-2,5,0,-1,2,-1,-2,1,78
4023,2,1,4,1,0,3,2,1,4,1,0,-1,54
4024,4,1,-2,1,0,3,-2,-3,-4,-1,0,1,62
4025,2,-1,0,3,2,1,0,-1,-2,1,2,-1,30
4026,0,3,0,3,-2,5,0,-1,-2,1,-2,1,58
4027,2,1,2,5,0,3,2,1,0,3,0,-1,58
4028,4,1,0,-1,2,5,0,-1,-2,-3,0,1,62
4029,2,3,2,1,4,3,2,1,0,-1,2,-1,54
4030,4,3,2,1,0,7,2,1,0,-1,-2,1,90
4031,6,5,4,3,2,5,4,3,2,1,0,-1,146
4032,8,5,2,-1,-4,-7,-4,-3,-2,-1,0,1,190
4033,6,3,0,-3,-6,-5,-2,-1,0,1,2,-1,126
4034,4,3,0,-3,-2,-5,-2,-1,0,1,-2,1,74
4035,6,1,-2,-5,-4,-3,0,1,2,3,0,-1,106
4036,4,1,0,1,-2,-5,-2,-1,0,-3,0,1,62
4037,2,3,-2,-1,-4,-3,0,1,2,-1,2,-1,54
4038,4,-1,-2,-1,0,-3,0,1,2,-1,-2,1,42
4039,6,1,-4,-3,-2,-1,2,3,4,1,0,-1,98
4040,4,1,2,1,-2,-5,-2,-1,-4,-1,0,1,74
4041,2,-1,4,-1,-4,-3,0,1,-2,1,2,-1,58
4042,0,3,0,-1,0,-3,0,1,-2,1,-2,1,30
4043,2,1,2,-3,-2,-1,2,3,0,3,0,-1,46
4044,4,-3,0,3,0,-3,0,1,-2,-3,0,1,58
4045,2,-1,2,1,-2,-1,2,3,0,-1,2,-1,34
4046,4,-1,-2,1,2,-1,2,3,0,-1,-2,1,46
4047,6,1,0,-1,0,1,4,5,2,1,0,-1,86
4048,4,5,2,-1,-2,-5,-2,-5,-2,-1,0,1,110
4049,2,3,0,1,-4,-3,0,-3,0,1,2,-1,54
4050,0,3,4,-3,0,-3,0,-3,0,1,-2,1,58
4051,2,1,2,-1,-2,-1,2,-1,2,3,0,-1,34
4052,0,5,0,1,0,-3,0,-3,0,-3,0,1,54
4053,-2,7,-2,3,-2,-1,2,-1,2,-1,2,-1,86
4054,0,3,2,-1,2,-1,2,-1,2,-1,-2,1,34
4055,2,5,0,1,0,1,4,1,4,1,0,-1,66
4056,4,1,2,1,0,-3,0,-3,-4,-1,0,1,58
4057,2,-1,4,3,-2,-1,2,-1,-2,1,2,-1,50
4058,0,3,4,-1,2,-1,2,-1,-2,1,-2,1,46
4059,2,1,6,1,0,1,4,1,0,3,0,-1,70
4060,4,1,0,3,2,-1,2,-1,-2,-3,0,1,50
4061,2,3,2,5,0,1,4,1,0,-1,2,-1,66
4062,4,3,2,1,4,1,4,1,0,-1,-2,1,70
4063,6,5,4,3,2,3,6,3,2,1,0,-1,150
4064,8,5,2,-1,-4,-5,-6,-3,-2,-1,0,1,186
4065,6,3,0,-3,-2,-3,-4,-1,0,1,2,-1,90
4066,4,3,0,1,-2,-3,-4,-1,0,1,-2,1,62
4067,6,1,-2,-1,0,-1,-2,1,2,3,0,-1,62
4068,4,1,4,1,-2,-3,-4,-1,0,-3,0,1,74
4069,2,3,2,-1,0,-1,-2,1,2,-1,2,-1,34
4070,4,-1,2,3,0,-1,-2,1,2,-1,-2,1,46
4071,6,1,0,1,2,1,0,3,4,1,0,-1,70
4072,4,5,2,1,-2,-3,-4,-1,-4,-1,0,1,94
4073,2,3,4,-1,0,-1,-2,1,-2,1,2,-1,46
4074,0,7,0,3,0,-1,-2,1,-2,1,-2,1,74
4075,2,5,2,1,2,1,0,3,0,3,0,-1,58
4076,4,1,4,3,0,-1,-2,1,-2,-3,0,1,62
4077,2,3,6,1,2,1,0,3,0,-1,2,-1,70
4078,4,3,2,5,2,1,0,3,0,-1,-2,1,74
4079,6,5,4,3,4,3,2,5,2,1,0,-1,146
4080,8,5,2,-1,-2,-3,-4,-5,-2,-1,0,1,154
4081,6,3,0,1,0,-1,-2,-3,0,1,2,-1,66
4082,4,3,4,1,0,-1,-2,-3,0,1,-2,1,62
4083,6,1,2,3,2,1,0,-1,2,3,0,-1,70
4084,4,5,4,1,0,-1,-2,-3,0,-3,0,1,82
4085,2,7,2,3,2,1,0,-1,2,-1,2,-1,82
4086,4,3,6,3,2,1,0,-1,2,-1,-2,1,86
4087,6,5,4,5,4,3,2,1,4,1,0,-1,150
4088,8,5,2,1,0,-1,-2,-3,-4,-1,0,1,126
4089,6,3,4,3,2,1,0,-1,-2,1,2,-1,86
4090,4,7,4,3,2,1,0,-1,-2,1,-2,1,106
4091,6,5,6,5,4,3,2,1,0,3,0,-1,162
4092,8,5,4,3,2,1,0,-1,-2,-3,0,1,134
4093,6,7,6,5,4,3,2,1,0,-1,2,-1,182
4094,8,7,6,5,4,3,2,1,0,-1,-2,1,210
4095,10,9,8,7,6,5,4,3,2,1,0,-1,386
4096,10,9,8,7,6,5,4,3,2,1,0,-1,386
4097,8,7,6,5,4,3,2,1,0,-1,-2,1,210
4098,6,7,6,5,4,3,2,1,0,-1,2,-1,182
4099,8,5,4,3,2,1,0,-1,-2,-3,0,1,134
4100,6,5,6,5,4,3,2,1,0,3,0,-1,162
4101,4,7,4,3,2,1,0,-1,-2,1,-2,1,106
4102,6,3,4,3,2,1,0,-1,-2,1,2,-1,86
4103,8,5,2,1,0,-1,-2,-3,-4,-1,0,1,126
4104,6,5,4,5,4,3,2,1,4,1,0,-1,150
4105,4,3,6,3,2,1,0,-1,2,-1,-2,1,86
4106,2,7,2,3,2,1,0,-1,2,-1,2,-1,82
4107,4,5,4,1,0,-1,-2,-3,0,-3,0,1,82
4108,6,1,2,3,2,1,0,-1,2,3,0,-1,70
4109,4,3,4,1,0,-1,-2,-3,0,1,-2,1,62
4110,6,3,0,1,0,-1,-2,-3,0,1,2,-1,66
4111,8,5,2,-1,-2,-3,-4,-5,-2,-1,0,1,154
4112,6,5,4,3,4,3,2,5,2,1,0,-1,146
4113,4,3,2,5,2,1,0,3,0,-1,-2,1,74
4114,2,3,6,1,2,1,0,3,0,-1,2,-1,70
4115,4,1,4,3,0,-1,-2,1,-2,-3,0,1,62
4116,2,5,2,1,2,1,0,3,0,3,0,-1,58
4117,0,7,0,3,0,-1,-2,1,-2,1,-2,1,74
4118,2,3,4,-1,0,-1,-2,1,-2,1,2,-1,46
4119,4,5,2,1,-2,-3,-4,-1,-4,-1,0,1,94
4120,6,1,0,1,2,1,0,3,4,1,0,-1,70
4121,4,-1,2,3,0,-1,-2,1,2,-1,-2,1,46
4122,2,3,2,-1,0,-1,-2,1,2,-1,2,-1,34
4123,4,1,4,1,-2,-3,-4,-1,0,-3,0,1,74
4124,6,1,-2,-1,0,-1,-2,1,2,3,0,-1,62
4125,4,3,0,1,-2,-3,-4,-1,0,1,-2,1,62
4126,6,3,0,-3,-2,-3,-4,-1,0,1,2,-1,90
4127,8,5,2,-1,-4,-5,-6,-3,-2,-1,0,1,186
4128,6,5,4,3,2,3,6,3,2,1,0,-1,150
4129,4,3,2,1,4,1,4,1,0,-1,-2,1,70
4130,2,3,2,5,0,1,4,1,0,-1,2,-1,66
4131,4,1,0,3,2,-1,2,-1,-2,-3,0,1,50
4132,2,1,6,1,0,1,4,1,0,3,0,-1,70
4133,0,3,4,-1,2,-1,2,-1,-2,1,-2,1,46
4134,2,-1,4,3,-2,-1,2,-1,-2,1,2,-1,50
4135,4,1,2,1,0,-3,0,-3,-4,-1,0,1,58
4136,2,5,0,1,0,1,4,1,4,1,0,-1,66
4137,0,3,2,-1,2,-1,2,-1,2,-1,-2,1,34
4138,-2,7,-2,3,-2,-1,2,-1,2,-1,2,-1,86
4139,0,5,0,1,0,-3,0,-3,0,-3,0,1,54
4140,2,1,2,-1,-2,-1,2,-1,2,3,0,-1,34
4141,0,3,4,-3,0,-3,0,-3,0,1,-2,1,58
4142,2,3,0,1,-4,-3,0,-3,0,1,2,-1,54
4143,4,5,2,-1,-2,-5,-2,-5,-2,-1,0,1,110
4144,6,1,0,-1,0,1,4,5,2,1,0,-1,86
4145,4,-1,-2,1,2,-1,2,3,0,-1,-2,1,46
4146,2,-1,2,1,-2,-1,2,3,0,-1,2,-1,34
4147,4,-3,0,3,0,-3,0,1,-2,-3,0,1,58
4148,2,1,2,-3,-2,-1,2,3,0,3,0,-1,46
4149,0,3,0,-1,0,-3,0,1,-2,1,-2,1,30
4150,2,-1,4,-1,-4,-3,0,1,-2,1,2,-1,58
4151,4,1,2,1,-2,-5,-2,-1,-4,-1,0,1,74
4152,6,1,-4,-3,-2,-1,2,3,4,1,0,-1,98
4153,4,-1,-2,-1,0,-3,0,1,2,-1,-2,1,42
4154,2,3,-2,-1,-4,-3,0,1,2,-1,2,-1,54
4155,4,1,0,1,-2,-5,-2,-1,0,-3,0,1,62
4156,6,1,-2,-5,-4,-3,0,1,2,3,0,-1,106
4157,4,3,0,-3,-2,-5,-2,-1,0,1,-2,1,74
4158,6,3,0,-3,-6,-5,-2,-1,0,1,2,-1,126
4159,8,5,2,-1,-4,-7,-4,-3,-2,-1,0,1,190
4160,6,5,4,3,2,5,4,3,2,1,0,-1,146
4161,4,3,2,1,0,7,2,1,0,-1,-2,1,90
4162,2,3,2,1,4,3,2,1,0,-1,2,-1,54
4163,4,1,0,-1,2,5,0,-1,-2,-3,0,1,62
4164,2,1,2,5,0,3,2,1,0,3,0,-1,58
4165,0,3,0,3,-2,5,0,-1,-2,1,-2,1,58
4166,2,-1,0,3,2,1,0,-1,-2,1,2,-1,30
4167,4,1,-2,1,0,3,-2,-3,-4,-1,0,1,62
4168,2,1,4,1,0,3,2,1,4,1,0,-1,54
4169,0,-1,6,-1,-2,5,0,-1,2,-1,-2,1,78
4170,-2,3,2,-1,2,1,0,-1,2,-1,2,-1,34
4171,0,1,4,-3,0,3,-2,-3,0,-3,0,1,58
4172,2,-3,2,3,-2,1,0,-1,2,3,0,-1,46
4173,0,-1,4,1,-4,3,-2,-3,0,1,-2,1,62
4174,2,-1,0,1,0,-1,-2,-3,0,1,2,-1,26
4175,4,1,2,-1,-2,1,-4,-5,-2,-1,0,1,74
4176,2,5,0,-1,0,3,2,5,2,1,0,-1,74
4177,0,3,-2,1,-2,5,0,3,0,-1,-2,1,58
4178,-2,3,2,-3,2,1,0,3,0,-1,2,-1,46
4179,0,1,0,-1,0,3,-2,1,-2,-3,0,1,30
4180,-2,5,-2,1,-2,1,0,3,0,3,0,-1,58
4181,-4,7,-4,3,-4,3,-2,1,-2,1,-2,1,130
4182,-2,3,0,-1,0,-1,-2,1,-2,1,2,-1,30
4183,0,5,-2,1,-2,1,-4,-1,-4,-1,0,1,70
4184,2,1,0,-3,-2,1,0,3,4,1,0,-1,46
4185,0,-1,2,-1,-4,3,-2,1,2,-1,-2,1,46
4186,-2,3,2,-5,0,-1,-2,1,2,-1,2,-1,58
4187,0,1,4,-3,-2,1,-4,-1,0,-3,0,1,58
4188,2,1,-2,-1,-4,-1,-2,1,2,3,0,-1,46
4189,0,3,0,1,-6,1,-4,-1,0,1,-2,1,70
4190,2,3,0,-3,-2,-3,-4,-1,0,1,2,-1,58
4191,4,5,2,-1,-4,-1,-6,-3,-2,-1,0,1,114
4192,6,1,0,-1,-2,3,6,3,2,1,0,-1,102
4193,4,-1,-2,-3,0,5,4,1,0,-1,-2,1,78
4194,2,-1,-2,1,0,1,4,1,0,-1,2,-1,34
4195,4,-3,-4,-1,2,3,2,-1,-2,-3,0,1,74
4196,2,-3,2,1,-4,1,4,1,0,3,0,-1,62
4197,0,-1,0,-1,-2,3,2,-1,-2,1,-2,1,30
4198,2,-5,0,3,-2,-1,2,-1,-2,1,2,-1,58
4199,4,-3,-2,1,0,1,0,-3,-4,-1,0,1,58
4200,2,1,0,-3,-4,1,4,1,4,1,0,-1,66
4201,0,-1,2,-5,-2,3,2,-1,2,-1,-2,1,58
4202,-2,3,-2,-1,-2,-1,2,-1,2,-1,2,-1,38
4203,0,1,0,-3,0,1,0,-3,0,-3,0,1,30
4204,2,-3,2,-1,-6,-1,2,-1,2,3,0,-1,74
4205,0,-1,4,-3,-4,1,0,-3,0,1,-2,1,58
4206,2,-1,0,1,-4,-3,0,-3,0,1,2,-1,46
4207,4,1,2,-1,-2,-1,-2,-5,-2,-1,0,1,62
4208,6,1,-4,-5,-4,1,4,5,2,1,0,-1,142
4209,4,-1,-6,-3,-2,3,2,3,0,-1,-2,1,94
4210,2,-1,-2,-3,-2,-1,2,3,0,-1,2,-1,42
4211,4,-3,-4,-1,0,1,0,1,-2,-3,0,1,58
4212,2,1,-2,-3,-6,-1,2,3,0,3,0,-1,78
4213,0,3,-4,-1,-4,1,0,1,-2,1,-2,1,54
4214,2,-1,0,-1,-4,-3,0,1,-2,1,2,-1,42
4215,4,1,-2,1,-2,-1,-2,-1,-4,-1,0,1,50
4216,6,1,-4,-7,-6,-1,2,3,4,1,0,-1,170
4217,4,-1,-2,-5,-4,1,0,1,2,-1,-2,1,74
4218,2,3,-2,-5,-4,-3,0,1,2,-1,2,-1,78
4219,4,1,0,-3,-2,-1,-2,-1,0,-3,0,1,46
4220,6,1,-2,-5,-8,-3,0,1,2,3,0,-1,154
4221,4,3,0,-3,-6,-1,-2,-1,0,1,-2,1,82
4222,6,3,0,-3,-6,-5,-2,-1,0,1,2,-1,126
4223,8,5,2,-1,-4,-3,-4,-3,-2,-1,0,1,150
4224,6,5,4,3,6,3,2,3,2,1,0,-1,150
4225,4,3,2,1,4,1,4,1,0,-1,-2,1,70
4226,2,3,2,1,4,5,0,1,0,-1,2,-1,66
4227,4,1,0,-1,2,3,2,-1,-2,-3,0,1,50
4228,2,1,2,1,8,1,0,1,0,3,0,-1,86
4229,0,3,0,-1,6,-1,2,-1,-2,1,-2,1,62
4230,2,-1,0,-1,6,3,-2,-1,-2,1,2,-1,66
4231,4,1,-2,-3,4,1,0,-3,-4,-1,0,1,74
4232,2,1,0,5,4,1,0,1,4,1,0,-1,66
4233,0,-1,2,3,2,-1,2,-1,2,-1,-2,1,34
4234,-2,3,-2,3,2,3,-2,-1,2,-1,2,-1,54
4235,0,1,0,1,0,1,0,-3,0,-3,0,1,22
4236,2,-3,-2,3,6,-1,-2,-1,2,3,0,-1,82
4237,0,-1,0,1,4,-3,0,-3,0,1,-2,1,42
4238,2,-1,-4,1,4,1,-4,-3,0,1,2,-1,70
4239,4,1,-2,-1,2,-1,-2,-5,-2,-1,0,1,62
4240,2,1,4,-1,4,1,0,5,2,1,0,-1,70
4241,0,-1,2,1,2,-1,2,3,0,-1,-2,1,30
4242,-2,-1,6,-3,2,3,-2,3,0,-1,2,-1,82
4243,0,-3,4,-1,0,1,0,1,-2,-3,0,1,42
4244,-2,1,2,-3,6,-1,-2,3,0,3,0,-1,78
4245,-4,3,0,-1,4,-3,0,1,-2,1,-2,1,62
4246,-2,-1,4,-5,4,1,-4,1,-2,1,2,-1,90
4247,0,1,2,-3,2,-1,-2,-1,-4,-1,0,1,42
4248,2,-3,0,1,2,-1,-2,3,4,1,0,-1,50
4249,0,-5,2,3,0,-3,0,1,2,-1,-2,1,58
4250,-2,-1,2,-1,0,1,-4,1,2,-1,2,-1,38
4251,0,-3,4,1,-2,-1,-2,-1,0,-3,0,1,46
4252,2,-3,-2,-1,4,-3,-4,1,2,3,0,-1,74
4253,0,-1,0,1,2,-5,-2,-1,0,1,-2,1,42
4254,2,-1,0,-3,2,-1,-6,-1,0,1,2,-1,62
4255,4,1,2,-1,0,-3,-4,-3,-2,-1,0,1,62
4256,2,5,0,-1,2,1,4,3,2,1,0,-1,66
4257,0,3,-2,-3,4,-1,6,1,0,-1,-2,1,82
4258,-2,3,-2,1,0,3,2,1,0,-1,2,-1,38
4259,0,1,-4,-1,2,1,4,-1,-2,-3,0,1,54
4260,-2,1,2,-3,4,-1,2,1,0,3,0,-1,50
4261,-4,3,0,-5,6,-3,4,-1,-2,1,-2,1,122
4262,-2,-1,0,-1,2,1,0,-1,-2,1,2,-1,22
4263,0,1,-2,-3,4,-1,2,-3,-4,-1,0,1,62
4264,-2,5,-4,1,0,-1,2,1,4,1,0,-1,70
4265,-4,3,-2,-1,2,-3,4,-1,2,-1,-2,1,70
4266,-6,7,-6,3,-2,1,0,-1,2,-1,2,-1,146
4267,-4,5,-4,1,0,-1,2,-3,0,-3,0,1,82
4268,-2,1,-2,-1,2,-3,0,-1,2,3,0,-1,38
4269,-4,3,0,-3,4,-5,2,-3,0,1,-2,1,94
4270,-2,3,-4,1,0,-1,-2,-3,0,1,2,-1,50
4271,0,5,-2,-1,2,-3,0,-5,-2,-1,0,1,74
4272,2,1,0,-5,0,-1,2,5,2,1,0,-1,66
4273,0,-1,-2,-3,2,-3,4,3,0,-1,-2,1,58
4274,-2,-1,2,-3,-2,1,0,3,0,-1,2,-1,38
4275,0,-3,0,-1,0,-1,2,1,-2,-3,0,1,30
4276,-2,1,2,-7,2,-3,0,3,0,3,0,-1,90
4277,-4,3,0,-5,4,-5,2,1,-2,1,-2,1,106
4278,-2,-1,4,-5,0,-1,-2,1,-2,1,2,-1,62
4279,0,1,2,-3,2,-3,0,-1,-4,-1,0,1,46
4280,2,1,-4,-3,-2,-3,0,3,4,1,0,-1,70
4281,0,-1,-2,-1,0,-5,2,1,2,-1,-2,1,46
4282,-2,3,-2,-1,-4,-1,-2,1,2,-1,2,-1,50
4283,0,1,0,1,-2,-3,0,-1,0,-3,0,1,26
4284,2,1,-2,-5,0,-5,-2,1,2,3,0,-1,78
4285,0,3,0,-3,2,-7,0,-1,0,1,-2,1,78
4286,2,3,0,-3,-2,-3,-4,-1,0,1,2,-1,58
4287,4,5,2,-1,0,-5,-2,-3,-2,-1,0,1,90
4288,6,1,0,-1,2,3,2,3,2,1,0,-1,70
4289,4,-1,-2,-3,0,5,4,1,0,-1,-2,1,78
4290,2,-1,-2,-3,4,5,0,1,0,-1,2,-1,66
4291,4,-3,-4,-5,2,7,2,-1,-2,-3,0,1,138
4292,2,-3,-2,1,4,1,0,1,0,3,0,-1,46
4293,0,-1,-4,-1,2,3,2,-1,-2,1,-2,1,46
4294,2,-5,-4,-1,6,3,-2,-1,-2,1,2,-1,106
4295,4,-3,-6,-3,4,5,0,-3,-4,-1,0,1,138
4296,2,-3,0,1,0,1,0,1,4,1,0,-1,34
4297,0,-5,2,-1,-2,3,2,-1,2,-1,-2,1,58
4298,-2,-1,-2,-1,2,3,-2,-1,2,-1,2,-1,38
4299,0,-3,0,-3,0,5,0,-3,0,-3,0,1,62
4300,2,-7,-2,3,2,-1,-2,-1,2,3,0,-1,90
4301,0,-5,0,1,0,1,0,-3,0,1,-2,1,42
4302,2,-5,-4,1,4,1,-4,-3,0,1,2,-1,94
4303,4,-3,-2,-1,2,3,-2,-5,-2,-1,0,1,78
4304,2,1,0,-5,0,1,0,5,2,1,0,-1,62
4305,0,-1,-2,-3,-2,3,2,3,0,-1,-2,1,46
4306,-2,-1,2,-7,2,3,-2,3,0,-1,2,-1,90
4307,0,-3,0,-5,0,5,0,1,-2,-3,0,1,74
4308,-2,1,-2,-3,2,-1,-2,3,0,3,0,-1,46
4309,-4,3,-4,-1,0,1,0,1,-2,1,-2,1,54
4310,-2,-1,0,-5,4,1,-4,1,-2,1,2,-1,74
4311,0,1,-2,-3,2,3,-2,-1,-4,-1,0,1,50
4312,2,-3,0,-3,-2,-1,-2,3,4,1,0,-1,58
4313,0,-5,2,-1,-4,1,0,1,2,-1,-2,1,58
4314,-2,-1,2,-5,0,1,-4,1,2,-1,2,-1,62
4315,0,-3,4,-3,-2,3,-2,-1,0,-3,0,1,62
4316,2,-3,-2,-1,0,-3,-4,1,2,3,0,-1,58
4317,0,-1,0,1,-2,-1,-2,-1,0,1,-2,1,18
4318,2,-1,0,-3,2,-1,-6,-1,0,1,2,-1,62
4319,4,1,2,-1,0,1,-4,-3,-2,-1,0,1,54
4320,6,1,-4,-5,-2,1,4,3,2,1,0,-1,114
4321,4,-1,-6,-7,0,3,6,1,0,-1,-2,1,154
4322,2,-1,-6,-3,0,3,2,1,0,-1,2,-1,70
4323,4,-3,-8,-5,2,5,4,-1,-2,-3,0,1,174
4324,2,-3,-2,-3,0,-1,2,1,0,3,0,-1,42
4325,0,-1,-4,-5,2,1,4,-1,-2,1,-2,1,74
4326,2,-5,-4,-1,2,1,0,-1,-2,1,2,-1,62
4327,4,-3,-6,-3,4,3,2,-3,-4,-1,0,1,126
4328,2,1,-4,-3,-4,-1,2,1,4,1,0,-1,70
4329,0,-1,-2,-5,-2,1,4,-1,2,-1,-2,1,62
4330,-2,3,-6,-1,-2,1,0,-1,2,-1,2,-1,66
4331,0,1,-4,-3,0,3,2,-3,0,-3,0,1,58
4332,2,-3,-2,-1,-2,-3,0,-1,2,3,0,-1,46
4333,0,-1,0,-3,0,-1,2,-3,0,1,-2,1,30
4334,2,-1,-4,1,0,-1,-2,-3,0,1,2,-1,42
4335,4,1,-2,-1,2,1,0,-5,-2,-1,0,1,58
4336,6,1,-4,-9,-4,-1,2,5,2,1,0,-1,186
4337,4,-1,-6,-7,-2,1,4,3,0,-1,-2,1,138
4338,2,-1,-2,-7,-2,1,0,3,0,-1,2,-1,78
4339,4,-3,-4,-5,0,3,2,1,-2,-3,0,1,94
4340,2,1,-2,-7,-2,-3,0,3,0,3,0,-1,90
4341,0,3,-4,-5,0,-1,2,1,-2,1,-2,1,66
4342,2,-1,0,-5,0,-1,-2,1,-2,1,2,-1,46
4343,4,1,-2,-3,2,1,0,-1,-4,-1,0,1,54
4344,6,1,-4,-7,-6,-3,0,3,4,1,0,-1,174
4345,4,-1,-2,-5,-4,-1,2,1,2,-1,-2,1,78
4346,2,3,-2,-5,-4,-1,-2,1,2,-1,2,-1,74
4347,4,1,0,-3,-2,1,0,-1,0,-3,0,1,42
4348,6,1,-2,-5,-4,-5,-2,1,2,3,0,-1,126
4349,4,3,0,-3,-2,-3,0,-1,0,1,-2,1,54
4350,6,3,0,-3,-2,-3,-4,-1,0,1,2,-1,90
4351,8,5,2,-1,0,-1,-2,-3,-2,-1,0,1,114
4352,6,5,4,7,4,3,2,1,2,1,0,-1,162
4353,4,3,2,5,2,1,0,3,0,-1,-2,1,74
4354,2,3,2,5,2,1,4,-1,0,-1,2,-1,70
4355,4,1,0,3,0,-1,2,1,-2,-3,0,1,46
4356,2,1,2,5,2,5,0,-1,0,3,0,-1,74
4357,0,3,0,3,0,3,-2,1,-2,1,-2,1,42
4358,2,-1,0,3,0,3,2,-3,-2,1,2,-1,46
4359,4,1,-2,1,-2,1,0,-1,-4,-1,0,1,46
4360,2,1,0,5,6,1,0,-1,4,1,0,-1,86
4361,0,-1,2,3,4,-1,-2,1,2,-1,-2,1,46
4362,-2,3,-2,3,4,-1,2,-3,2,-1,2,-1,66
4363,0,1,0,1,2,-3,0,-1,0,-3,0,1,26
4364,2,-3,-2,3,4,3,-2,-3,2,3,0,-1,78
4365,0,-1,0,1,2,1,-4,-1,0,1,-2,1,30
4366,2,-1,-4,1,2,1,0,-5,0,1,2,-1,58
4367,4,1,-2,-1,0,-1,-2,-3,-2,-1,0,1,42
4368,2,1,0,7,2,1,0,3,2,1,0,-1,74
4369,0,-1,-2,9,0,-1,-2,5,0,-1,-2,1,122
4370,-2,-1,2,5,0,-1,2,1,0,-1,2,-1,46
4371,0,-3,0,7,-2,-3,0,3,-2,-3,0,1,94
4372,-2,1,-2,5,0,3,-2,1,0,3,0,-1,58
4373,-4,3,-4,7,-2,1,-4,3,-2,1,-2,1,130
4374,-2,-1,0,3,-2,1,0,-1,-2,1,2,-1,30
4375,0,1,-2,5,-4,-1,-2,1,-4,-1,0,1,70
4376,2,-3,-4,5,4,-1,-2,1,4,1,0,-1,94
4377,0,-5,-2,7,2,-3,-4,3,2,-1,-2,1,126
4378,-2,-1,-2,3,2,-3,0,-1,2,-1,2,-1,42
4379,0,-3,0,5,0,-5,-2,1,0,-3,0,1,74
4380,2,-3,-6,3,2,1,-4,-1,2,3,0,-1,94
4381,0,-1,-4,5,0,-1,-6,1,0,1,-2,1,86
4382,2,-1,-4,1,0,-1,-2,-3,0,1,2,-1,42
4383,4,1,-2,3,-2,-3,-4,-1,-2,-1,0,1,66
4384,2,1,4,3,0,1,4,1,2,1,0,-1,54
4385,0,-1,2,1,2,-1,2,3,0,-1,-2,1,30
4386,-2,-1,2,5,-2,-1,6,-1,0,-1,2,-1,82
4387,0,-3,0,3,0,-3,4,1,-2,-3,0,1,58
4388,-2,-3,6,1,-2,3,2,-1,0,3,0,-1,78
4389,-4,-1,4,-1,0,1,0,1,-2,1,-2,1,46
4390,-2,-5,4,3,-4,1,4,-3,-2,1,2,-1,106
4391,0,-3,2,1,-2,-1,2,-1,-4,-1,0,1,42
4392,-2,1,0,1,2,-1,2,-1,4,1,0,-1,34
4393,-4,-1,2,-1,4,-3,0,1,2,-1,-2,1,58
4394,-6,3,-2,3,0,-3,4,-3,2,-1,2,-1,102
4395,-4,1,0,1,2,-5,2,-1,0,-3,0,1,62
4396,-2,-3,2,-1,0,1,0,-3,2,3,0,-1,42
4397,-4,-1,4,-3,2,-1,-2,-1,0,1,-2,1,58
4398,-2,-1,0,1,-2,-1,2,-5,0,1,2,-1,46
4399,0,1,2,-1,0,-3,0,-3,-2,-1,0,1,30
4400,2,-3,0,3,-2,-1,2,3,2,1,0,-1,46
4401,0,-5,-2,5,0,-3,0,5,0,-1,-2,1,94
4402,-2,-5,2,5,-4,-3,4,1,0,-1,2,-1,106
4403,0,-7,0,7,-2,-5,2,3,-2,-3,0,1,154
4404,-2,-3,2,1,-4,1,0,1,0,3,0,-1,46
4405,-4,-1,0,3,-2,-1,-2,3,-2,1,-2,1,54
4406,-2,-5,4,3,-6,-1,2,-1,-2,1,2,-1,106
4407,0,-3,2,5,-4,-3,0,1,-4,-1,0,1,82
4408,2,-3,-4,1,0,-3,0,1,4,1,0,-1,58
4409,0,-5,-2,3,2,-5,-2,3,2,-1,-2,1,90
4410,-2,-1,-2,3,-2,-5,2,-1,2,-1,2,-1,62
4411,0,-3,0,5,0,-7,0,1,0,-3,0,1,94
4412,2,-3,-2,-1,-2,-1,-2,-1,2,3,0,-1,42
4413,0,-1,0,1,0,-3,-4,1,0,1,-2,1,34
4414,2,-1,0,1,-4,-3,0,-3,0,1,2,-1,46
4415,4,1,2,3,-2,-5,-2,-1,-2,-1,0,1,70
4416,2,5,0,3,0,3,2,1,2,1,0,-1,58
4417,0,3,-2,1,-2,5,0,3,0,-1,-2,1,58
4418,-2,3,-2,1,2,1,4,-1,0,-1,2,-1,46
4419,0,1,-4,-1,0,3,2,1,-2,-3,0,1,46
4420,-2,1,-2,5,-2,5,0,-1,0,3,0,-1,74
4421,-4,3,-4,3,-4,7,-2,1,-2,1,-2,1,130
4422,-2,-1,-4,3,0,3,2,-3,-2,1,2,-1,62
4423,0,1,-6,1,-2,5,0,-1,-4,-1,0,1,86
4424,-2,1,0,1,2,1,0,-1,4,1,0,-1,30
4425,-4,-1,2,-1,0,3,-2,1,2,-1,-2,1,46
4426,-6,3,-2,-1,4,-1,2,-3,2,-1,2,-1,90
4427,-4,1,0,-3,2,1,0,-1,0,-3,0,1,42
4428,-2,-3,-2,3,0,3,-2,-3,2,3,0,-1,62
4429,-4,-1,0,1,-2,5,-4,-1,0,1,-2,1,70
4430,-2,-1,-4,1,2,1,0,-5,0,1,2,-1,58
4431,0,1,-2,-1,0,3,-2,-3,-2,-1,0,1,34
4432,-2,5,-4,3,-2,1,0,3,2,1,0,-1,74
4433,-4,3,-6,5,-4,3,-2,5,0,-1,-2,1,146
4434,-6,3,-2,1,0,-1,2,1,0,-1,2,-1,62
4435,-4,1,-4,3,-2,1,0,3,-2,-3,0,1,70
4436,-6,5,-6,5,-4,3,-2,1,0,3,0,-1,162
4437,-8,7,-8,7,-6,5,-4,3,-2,1,-2,1,322
4438,-6,3,-4,3,-2,1,0,-1,-2,1,2,-1,86
4439,-4,5,-6,5,-4,3,-2,1,-4,-1,0,1,150
4440,-2,1,-4,1,0,-1,-2,1,4,1,0,-1,46
4441,-4,-1,-2,3,-2,1,-4,3,2,-1,-2,1,70
4442,-6,3,-2,-1,2,-3,0,-1,2,-1,2,-1,74
4443,-4,1,0,1,0,-1,-2,1,0,-3,0,1,34
4444,-2,1,-6,3,-2,1,-4,-1,2,3,0,-1,86
4445,-4,3,-4,5,-4,3,-6,1,0,1,-2,1,134
4446,-2,3,-4,1,0,-1,-2,-3,0,1,2,-1,50
4447,0,5,-2,3,-2,1,-4,-1,-2,-1,0,1,66
4448,2,1,0,-1,-4,1,4,1,2,1,0,-1,46
4449,0,-1,-2,-3,-2,3,2,3,0,-1,-2,1,46
4450,-2,-1,-2,1,-2,-1,6,-1,0,-1,2,-1,58
4451,0,-3,-4,-1,0,1,4,1,-2,-3,0,1,58
4452,-2,-3,2,1,-6,3,2,-1,0,3,0,-1,78
4453,-4,-1,0,-1,-4,5,0,1,-2,1,-2,1,70
4454,-2,-5,0,3,-4,1,4,-3,-2,1,2,-1,90
4455,0,-3,-2,1,-2,3,2,-1,-4,-1,0,1,50
4456,-2,1,0,-3,-2,-1,2,-1,4,1,0,-1,42
4457,-4,-1,2,-5,0,1,0,1,2,-1,-2,1,58
4458,-6,3,-2,-1,0,-3,4,-3,2,-1,2,-1,94
4459,-4,1,0,-3,2,-1,2,-1,0,-3,0,1,46
4460,-2,-3,2,-1,-4,1,0,-3,2,3,0,-1,58
4461,-4,-1,4,-3,-2,3,-2,-1,0,1,-2,1,66
4462,-2,-1,0,1,-2,-1,2,-5,0,1,2,-1,46
4463,0,1,2,-1,0,1,0,-3,-2,-1,0,1,22
4464,2,1,-4,-1,-6,-1,2,3,2,1,0,-1,78
4465,0,-1,-6,1,-4,1,0,5,0,-1,-2,1,86
4466,-2,-1,-2,1,-4,-3,4,1,0,-1,2,-1,58
4467,0,-3,-4,3,-2,-1,2,3,-2,-3,0,1,66
4468,-2,1,-2,1,-8,1,0,1,0,3,0,-1,86
4469,-4,3,-4,3,-6,3,-2,3,-2,1,-2,1,118
4470,-2,-1,0,3,-6,-1,2,-1,-2,1,2,-1,66
4471,0,1,-2,5,-4,1,0,1,-4,-1,0,1,66
4472,2,1,-4,-3,-4,-3,0,1,4,1,0,-1,74
4473,0,-1,-2,-1,-2,-1,-2,3,2,-1,-2,1,34
4474,-2,3,-2,-1,-2,-5,2,-1,2,-1,2,-1,62
4475,0,1,0,1,0,-3,0,1,0,-3,0,1,22
4476,2,1,-2,-1,-6,-1,-2,-1,2,3,0,-1,66
4477,0,3,0,1,-4,1,-4,1,0,1,-2,1,50
4478,2,3,0,1,-4,-3,0,-3,0,1,2,-1,54
4479,4,5,2,3,-2,-1,-2,-1,-2,-1,0,1,70
4480,6,1,0,3,4,1,0,1,2,1,0,-1,70
4481,4,-1,-2,1,2,-1,2,3,0,-1,-2,1,46
4482,2,-1,-2,1,2,3,2,-1,0,-1,2,-1,34
4483,4,-3,-4,-1,0,1,4,1,-2,-3,0,1,74
4484,2,-3,-2,1,6,3,-2,-1,0,3,0,-1,78
4485,0,-1,-4,-1,4,1,0,1,-2,1,-2,1,46
4486,2,-5,-4,-1,4,5,0,-3,-2,1,2,-1,106
4487,4,-3,-6,-3,2,3,2,-1,-4,-1,0,1,106
4488,2,-3,-4,5,6,-1,-2,-1,4,1,0,-1,114
4489,0,-5,-2,3,4,-3,0,1,2,-1,-2,1,74
4490,-2,-1,-6,3,4,1,0,-3,2,-1,2,-1,86
4491,0,-3,-4,1,2,-1,2,-1,0,-3,0,1,46
4492,2,-7,-6,3,8,1,-4,-3,2,3,0,-1,202
4493,0,-5,-4,1,6,-1,-2,-1,0,1,-2,1,90
4494,2,-5,-8,1,6,3,-2,-5,0,1,2,-1,174
4495,4,-3,-6,-1,4,1,0,-3,-2,-1,0,1,94
4496,2,-3,0,3,2,-1,-2,3,2,1,0,-1,46
4497,0,-5,-2,5,0,-3,0,5,0,-1,-2,1,94
4498,-2,-5,2,1,0,1,0,1,0,-1,2,-1,42
4499,0,-7,0,3,-2,-1,2,3,-2,-3,0,1,90
4500,-2,-3,-2,1,4,1,-4,1,0,3,0,-1,62
4501,-4,-1,-4,3,2,-1,-2,3,-2,1,-2,1,70
4502,-2,-5,0,-1,2,3,-2,-1,-2,1,2,-1,58
4503,0,-3,-2,1,0,1,0,1,-4,-1,0,1,34
4504,2,-7,-4,5,4,-3,-4,1,4,1,0,-1,154
4505,0,-9,-2,7,2,-5,-2,3,2,-1,-2,1,186
4506,-2,-5,-2,3,2,-1,-2,-1,2,-1,2,-1,62
4507,0,-7,0,5,0,-3,0,1,0,-3,0,1,94
4508,2,-7,-6,3,6,-1,-6,-1,2,3,0,-1,186
4509,0,-5,-4,5,4,-3,-4,1,0,1,-2,1,114
4510,2,-5,-4,1,4,1,-4,-3,0,1,2,-1,94
4511,4,-3,-2,3,2,-1,-2,-1,-2,-1,0,1,54
4512,2,1,0,-1,0,-1,2,1,2,1,0,-1,18
4513,0,-1,-2,-3,2,-3,4,3,0,-1,-2,1,58
4514,-2,-1,-2,1,-2,1,4,-1,0,-1,2,-1,38
4515,0,-3,-4,-1,0,-1,6,1,-2,-3,0,1,78
4516,-2,-3,2,-3,2,1,0,-1,0,3,0,-1,42
4517,-4,-1,0,-5,4,-1,2,1,-2,1,-2,1,74
4518,-2,-5,0,-1,0,3,2,-3,-2,1,2,-1,62
4519,0,-3,-2,-3,2,1,4,-1,-4,-1,0,1,62
4520,-2,1,-4,1,2,-3,0,-1,4,1,0,-1,54
4521,-4,-1,-2,-1,4,-5,2,1,2,-1,-2,1,78
4522,-6,3,-6,3,0,-1,2,-3,2,-1,2,-1,114
4523,-4,1,-4,1,2,-3,4,-1,0,-3,0,1,74
4524,-2,-3,-2,-1,4,-1,-2,-3,2,3,0,-1,62
4525,-4,-1,0,-3,6,-3,0,-1,0,1,-2,1,78
4526,-2,-1,-4,1,2,1,0,-5,0,1,2,-1,58
4527,0,1,-2,-1,4,-1,2,-3,-2,-1,0,1,42
4528,2,-3,0,-1,-2,-3,0,3,2,1,0,-1,42
4529,0,-5,-2,1,0,-5,2,5,0,-1,-2,1,90
4530,-2,-5,2,1,-4,-1,2,1,0,-1,2,-1,62
4531,0,-7,0,3,-2,-3,4,3,-2,-3,0,1,110
4532,-2,-3,2,-3,0,-1,-2,1,0,3,0,-1,42
4533,-4,-1,0,-1,2,-3,0,3,-2,1,-2,1,50
4534,-2,-5,4,-1,-2,1,0,-1,-2,1,2,-1,62
4535,0,-3,2,1,0,-1,2,1,-4,-1,0,1,38
4536,2,-3,-4,1,0,-5,-2,1,4,1,0,-1,78
4537,0,-5,-2,3,2,-7,0,3,2,-1,-2,1,110
4538,-2,-1,-2,3,-2,-3,0,-1,2,-1,2,-1,42
4539,0,-3,0,5,0,-5,2,1,0,-3,0,1,74
4540,2,-3,-2,-1,2,-3,-4,-1,2,3,0,-1,62
4541,0,-1,0,1,4,-5,-2,1,0,1,-2,1,54
4542,2,-1,0,1,0,-1,-2,-3,0,1,2,-1,26
4543,4,1,2,3,2,-3,0,-1,-2,-1,0,1,50
4544,6,1,-4,-1,0,1,0,1,2,1,0,-1,62
4545,4,-1,-6,-3,-2,3,2,3,0,-1,-2,1,94
4546,2,-1,-6,-3,2,3,2,-1,0,-1,2,-1,74
4547,4,-3,-8,-5,0,5,4,1,-2,-3,0,1,170
4548,2,-3,-6,1,2,3,-2,-1,0,3,0,-1,78
4549,0,-1,-8,-1,0,5,0,1,-2,1,-2,1,102
4550,2,-5,-8,-1,4,5,0,-3,-2,1,2,-1,154
4551,4,-3,-10,-3,2,7,2,-1,-4,-1,0,1,210
4552,2,-3,-4,1,2,-1,-2,-1,4,1,0,-1,58
4553,0,-5,-2,-1,0,1,0,1,2,-1,-2,1,42
4554,-2,-1,-6,-1,4,1,0,-3,2,-1,2,-1,78
4555,0,-3,-4,-3,2,3,2,-1,0,-3,0,1,62
4556,2,-7,-6,3,4,1,-4,-3,2,3,0,-1,154
4557,0,-5,-4,1,2,3,-2,-1,0,1,-2,1,66
4558,2,-5,-8,1,6,3,-2,-5,0,1,2,-1,174
4559,4,-3,-6,-1,4,5,0,-3,-2,-1,0,1,118
4560,2,1,-4,-1,-2,-1,-2,3,2,1,0,-1,46
4561,0,-1,-6,1,-4,1,0,5,0,-1,-2,1,86
4562,-2,-1,-2,-3,0,1,0,1,0,-1,2,-1,26
4563,0,-3,-4,-1,-2,3,2,3,-2,-3,0,1,66
4564,-2,1,-6,1,0,1,-4,1,0,3,0,-1,70
4565,-4,3,-8,3,-2,3,-2,3,-2,1,-2,1,134
4566,-2,-1,-4,-1,2,3,-2,-1,-2,1,2,-1,50
4567,0,1,-6,1,0,5,0,1,-4,-1,0,1,82
4568,2,-3,-4,1,0,-3,-4,1,4,1,0,-1,74
4569,0,-5,-2,3,-2,-1,-2,3,2,-1,-2,1,66
4570,-2,-1,-2,-1,2,-1,-2,-1,2,-1,2,-1,30
4571,0,-3,0,1,0,1,0,1,0,-3,0,1,22
4572,2,-3,-6,3,2,-1,-6,-1,2,3,0,-1,114
4573,0,-1,-4,5,0,1,-4,1,0,1,-2,1,66
4574,2,-1,-4,1,4,1,-4,-3,0,1,2,-1,70
4575,4,1,-2,3,2,3,-2,-1,-2,-1,0,1,54
4576,6,1,-4,-5,-4,-1,2,1,2,1,0,-1,106
4577,4,-1,-6,-7,-2,1,4,3,0,-1,-2,1,138
4578,2,-1,-6,-3,-2,1,4,-1,0,-1,2,-1,78
4579,4,-3,-8,-5,0,3,6,1,-2,-3,0,1,174
4580,2,-3,-2,-3,-2,1,0,-1,0,3,0,-1,42
4581,0,-1,-4,-5,0,3,2,1,-2,1,-2,1,66
4582,2,-5,-4,-1,0,3,2,-3,-2,1,2,-1,78
4583,4,-3,-6,-3,2,5,4,-1,-4,-1,0,1,134
4584,2,1,-4,-3,-2,-3,0,-1,4,1,0,-1,62
4585,0,-1,-2,-5,0,-1,2,1,2,-1,-2,1,46
4586,-2,3,-6,-1,0,-1,2,-3,2,-1,2,-1,74
4587,0,1,-4,-3,2,1,4,-1,0,-3,0,1,58
4588,2,-3,-2,-1,0,-1,-2,-3,2,3,0,-1,46
4589,0,-1,0,-3,2,1,0,-1,0,1,-2,1,22
4590,2,-1,-4,1,2,1,0,-5,0,1,2,-1,58
4591,4,1,-2,-1,4,3,2,-3,-2,-1,0,1,66
4592,6,1,-4,-5,-6,-3,0,3,2,1,0,-1,138
4593,4,-1,-6,-3,-4,-1,2,5,0,-1,-2,1,114
4594,2,-1,-2,-3,-4,-1,2,1,0,-1,2,-1,46
4595,4,-3,-4,-1,-2,1,4,3,-2,-3,0,1,86
4596,2,1,-2,-3,-4,-1,-2,1,0,3,0,-1,50
4597,0,3,-4,-1,-2,1,0,3,-2,1,-2,1,50
4598,2,-1,0,-1,-2,1,0,-1,-2,1,2,-1,22
4599,4,1,-2,1,0,3,2,1,-4,-1,0,1,54
4600,6,1,-4,-3,-4,-5,-2,1,4,1,0,-1,126
4601,4,-1,-2,-1,-2,-3,0,3,2,-1,-2,1,54
4602,2,3,-2,-1,-2,-3,0,-1,2,-1,2,-1,42
4603,4,1,0,1,0,-1,2,1,0,-3,0,1,34
4604,6,1,-2,-1,-2,-3,-4,-1,2,3,0,-1,86
4605,4,3,0,1,0,-1,-2,1,0,1,-2,1,38
4606,6,3,0,1,0,-1,-2,-3,0,1,2,-1,66
4607,8,5,2,3,2,1,0,-1,-2,-1,0,1,114
4608,6,5,8,5,4,3,2,1,0,1,0,-1,182
4609,4,3,6,3,2,1,0,-1,2,-1,-2,1,86
4610,2,3,6,3,2,1,0,3,-2,-1,2,-1,82
4611,4,1,4,1,0,-1,-2,1,0,-3,0,1,50
4612,2,1,6,3,2,1,4,-1,-2,3,0,-1,86
4613,0,3,4,1,0,-1,2,-3,0,1,-2,1,46
4614,2,-1,4,1,0,-1,2,1,-4,1,2,-1,50
4615,4,1,2,-1,-2,-3,0,-1,-2,-1,0,1,42
4616,2,1,4,3,2,5,0,-1,2,1,0,-1,66
4617,0,-1,6,1,0,3,-2,-3,4,-1,-2,1,82
4618,-2,3,2,1,0,3,-2,1,0,-1,2,-1,38
4619,0,1,4,-1,-2,1,-4,-1,2,-3,0,1,54
4620,2,-3,2,1,0,3,2,-3,0,3,0,-1,50
4621,0,-1,4,-1,-2,1,0,-5,2,1,-2,1,58
4622,2,-1,0,-1,-2,1,0,-1,-2,1,2,-1,22
4623,4,1,2,-3,-4,-1,-2,-3,0,-1,0,1,62
4624,2,1,4,1,6,1,0,3,0,1,0,-1,70
4625,0,-1,2,3,4,-1,-2,1,2,-1,-2,1,46
4626,-2,-1,6,-1,4,-1,-2,5,-2,-1,2,-1,98
4627,0,-3,4,1,2,-3,-4,3,0,-3,0,1,74
4628,-2,1,2,-1,4,-1,2,1,-2,3,0,-1,46
4629,-4,3,0,1,2,-3,0,-1,0,1,-2,1,46
4630,-2,-1,4,-3,2,-3,0,3,-4,1,2,-1,74
4631,0,1,2,-1,0,-5,-2,1,-2,-1,0,1,42
4632,2,-3,0,-1,4,3,-2,1,2,1,0,-1,50
4633,0,-5,2,1,2,1,-4,-1,4,-1,-2,1,74
4634,-2,-1,2,-3,2,1,-4,3,0,-1,2,-1,54
4635,0,-3,4,-1,0,-1,-6,1,2,-3,0,1,78
4636,2,-3,-2,-3,2,1,0,-1,0,3,0,-1,42
4637,0,-1,0,-1,0,-1,-2,-3,2,1,-2,1,26
4638,2,-1,0,-5,0,-1,-2,1,-2,1,2,-1,46
4639,4,1,2,-3,-2,-3,-4,-1,0,-1,0,1,62
4640,2,1,4,5,0,1,4,1,0,1,0,-1,66
4641,0,-1,2,3,2,-1,2,-1,2,-1,-2,1,34
4642,-2,-1,2,7,-2,-1,2,3,-2,-1,2,-1,86
4643,0,-3,0,5,0,-3,0,1,0,-3,0,1,54
4644,-2,-3,6,3,-2,-1,6,-1,-2,3,0,-1,114
4645,-4,-1,4,1,0,-3,4,-3,0,1,-2,1,74
4646,-2,-5,4,5,-4,-3,4,1,-4,1,2,-1,134
4647,0,-3,2,3,-2,-5,2,-1,-2,-1,0,1,62
4648,-2,1,0,3,-2,3,2,-1,2,1,0,-1,38
4649,-4,-1,2,1,0,1,0,-3,4,-1,-2,1,54
4650,-6,3,-2,5,-4,1,0,1,0,-1,2,-1,98
4651,-4,1,0,3,-2,-1,-2,-1,2,-3,0,1,50
4652,-2,-3,2,1,-4,1,4,-3,0,3,0,-1,70
4653,-4,-1,4,-1,-2,-1,2,-5,2,1,-2,1,78
4654,-2,-1,0,3,-6,-1,2,-1,-2,1,2,-1,66
4655,0,1,2,1,-4,-3,0,-3,0,-1,0,1,42
4656,2,-3,0,1,2,-1,2,3,0,1,0,-1,34
4657,0,-5,-2,3,4,-3,0,1,2,-1,-2,1,74
4658,-2,-5,2,3,0,-3,0,5,-2,-1,2,-1,86
4659,0,-7,0,5,2,-5,-2,3,0,-3,0,1,126
4660,-2,-3,2,-1,0,-3,4,1,-2,3,0,-1,58
4661,-4,-1,0,1,2,-5,2,-1,0,1,-2,1,58
4662,-2,-5,4,1,-2,-5,2,3,-4,1,2,-1,110
4663,0,-3,2,3,0,-7,0,1,-2,-1,0,1,78
4664,2,-3,-4,-1,0,1,0,1,2,1,0,-1,38
4665,0,-5,-2,1,2,-1,-2,-1,4,-1,-2,1,62
4666,-2,-1,-2,1,-2,-1,-2,3,0,-1,2,-1,34
4667,0,-3,0,3,0,-3,-4,1,2,-3,0,1,58
4668,2,-3,-2,-3,-2,-1,2,-1,0,3,0,-1,46
4669,0,-1,0,-1,0,-3,0,-3,2,1,-2,1,30
4670,2,-1,0,-1,-4,-3,0,1,-2,1,2,-1,42
4671,4,1,2,1,-2,-5,-2,-1,0,-1,0,1,58
4672,2,1,8,1,0,3,2,1,0,1,0,-1,86
4673,0,-1,6,-1,-2,5,0,-1,2,-1,-2,1,78
4674,-2,-1,6,-1,2,1,0,3,-2,-1,2,-1,66
4675,0,-3,4,-3,0,3,-2,1,0,-3,0,1,58
4676,-2,-3,6,3,-2,1,4,-1,-2,3,0,-1,94
4677,-4,-1,4,1,-4,3,2,-3,0,1,-2,1,78
4678,-2,-5,4,1,0,-1,2,1,-4,1,2,-1,74
4679,0,-3,2,-1,-2,1,0,-1,-2,-1,0,1,26
4680,-2,-3,8,-1,-2,5,0,-1,2,1,0,-1,114
4681,-4,-5,10,-3,-4,7,-2,-3,4,-1,-2,1,250
4682,-6,-1,6,-3,0,3,-2,1,0,-1,2,-1,102
4683,-4,-3,8,-5,-2,5,-4,-1,2,-3,0,1,174
4684,-2,-7,6,1,-4,3,2,-3,0,3,0,-1,138
4685,-4,-5,8,-1,-6,5,0,-5,2,1,-2,1,202
4686,-2,-5,4,-1,-2,1,0,-1,-2,1,2,-1,62
4687,0,-3,6,-3,-4,3,-2,-3,0,-1,0,1,94
4688,-2,1,4,-3,2,1,0,3,0,1,0,-1,46
4689,-4,-1,2,-1,0,3,-2,1,2,-1,-2,1,46
4690,-6,-1,6,-5,4,-1,-2,5,-2,-1,2,-1,154
4691,-4,-3,4,-3,2,1,-4,3,0,-3,0,1,90
4692,-6,1,2,-1,0,-1,2,1,-2,3,0,-1,62
4693,-8,3,0,1,-2,1,0,-1,0,1,-2,1,86
4694,-6,-1,4,-3,2,-3,0,3,-4,1,2,-1,106
4695,-4,1,2,-1,0,-1,-2,1,-2,-1,0,1,34
4696,-2,-3,4,-5,0,3,-2,1,2,1,0,-1,74
4697,-4,-5,6,-3,-2,5,-4,-1,4,-1,-2,1,154
4698,-6,-1,6,-7,2,1,-4,3,0,-1,2,-1,158
4699,-4,-3,8,-5,0,3,-6,1,2,-3,0,1,174
4700,-2,-3,2,-3,-2,1,0,-1,0,3,0,-1,42
4701,-4,-1,4,-1,-4,3,-2,-3,2,1,-2,1,82
4702,-2,-1,4,-5,0,-1,-2,1,-2,1,2,-1,62
4703,0,1,6,-3,-2,1,-4,-1,0,-1,0,1,70
4704,2,-3,4,1,-4,1,4,1,0,1,0,-1,66
4705,0,-5,2,-1,-2,3,2,-1,2,-1,-2,1,58
4706,-2,-5,2,3,-2,-1,2,3,-2,-1,2,-1,70
4707,0,-7,0,1,0,1,0,1,0,-3,0,1,62
4708,-2,-7,6,3,-6,-1,6,-1,-2,3,0,-1,186
4709,-4,-5,4,1,-4,1,4,-3,0,1,-2,1,106
4710,-2,-9,4,5,-4,-3,4,1,-4,1,2,-1,190
4711,0,-7,2,3,-2,-1,2,-1,-2,-1,0,1,78
4712,-2,-3,4,-1,-6,3,2,-1,2,1,0,-1,86
4713,-4,-5,6,-3,-4,5,0,-3,4,-1,-2,1,158
4714,-6,-1,2,1,-4,1,0,1,0,-1,2,-1,66
4715,-4,-3,4,-1,-2,3,-2,-1,2,-3,0,1,74
4716,-2,-7,6,1,-8,1,4,-3,0,3,0,-1,190
4717,-4,-5,8,-1,-6,3,2,-5,2,1,-2,1,190
4718,-2,-5,4,3,-6,-1,2,-1,-2,1,2,-1,106
4719,0,-3,6,1,-4,1,0,-3,0,-1,0,1,74
4720,2,-3,0,-3,-2,-1,2,3,0,1,0,-1,42
4721,0,-5,-2,-1,0,1,0,1,2,-1,-2,1,42
4722,-2,-5,2,-1,0,-3,0,5,-2,-1,2,-1,78
4723,0,-7,0,1,2,-1,-2,3,0,-3,0,1,78
4724,-2,-3,2,-1,-4,-3,4,1,-2,3,0,-1,74
4725,-4,-1,0,1,-2,-1,2,-1,0,1,-2,1,34
4726,-2,-5,4,1,-2,-5,2,3,-4,1,2,-1,110
4727,0,-3,2,3,0,-3,0,1,-2,-1,0,1,38
4728,2,-3,0,-5,-4,1,0,1,2,1,0,-1,62
4729,0,-5,2,-3,-2,3,-2,-1,4,-1,-2,1,78
4730,-2,-1,2,-3,-2,-1,-2,3,0,-1,2,-1,42
4731,0,-3,4,-1,0,1,-4,1,2,-3,0,1,58
4732,2,-3,2,-3,-6,-1,2,-1,0,3,0,-1,78
4733,0,-1,4,-1,-4,1,0,-3,2,1,-2,1,54
4734,2,-1,4,-1,-4,-3,0,1,-2,1,2,-1,58
4735,4,1,6,1,-2,-1,-2,-1,0,-1,0,1,66
4736,2,5,4,1,4,1,0,1,0,1,0,-1,66
4737,0,3,2,-1,2,-1,2,-1,2,-1,-2,1,34
4738,-2,3,2,-1,2,3,-2,3,-2,-1,2,-1,54
4739,0,1,0,-3,0,1,0,1,0,-3,0,1,22
4740,-2,1,2,-1,6,-1,2,-1,-2,3,0,-1,66
4741,-4,3,0,-3,4,-3,4,-3,0,1,-2,1,90
4742,-2,-1,0,-3,4,1,0,1,-4,1,2,-1,54
4743,0,1,-2,-5,2,-1,2,-1,-2,-1,0,1,46
4744,-2,1,0,3,2,3,-2,-1,2,1,0,-1,38
4745,-4,-1,2,1,0,1,0,-3,4,-1,-2,1,54
4746,-6,3,-2,1,0,5,-4,1,0,-1,2,-1,98
4747,-4,1,0,-1,-2,3,-2,-1,2,-3,0,1,50
4748,-2,-3,-2,1,4,1,0,-3,0,3,0,-1,54
4749,-4,-1,0,-1,2,-1,2,-5,2,1,-2,1,62
4750,-2,-1,-4,-1,2,3,-2,-1,-2,1,2,-1,50
4751,0,1,-2,-3,0,1,0,-3,0,-1,0,1,26
4752,-2,1,4,-3,6,-1,-2,3,0,1,0,-1,82
4753,-4,-1,2,-1,4,-3,0,1,2,-1,-2,1,58
4754,-6,-1,6,-5,4,1,-4,5,-2,-1,2,-1,166
4755,-4,-3,4,-3,2,-1,-2,3,0,-3,0,1,78
4756,-6,1,2,-5,8,-3,0,1,-2,3,0,-1,154
4757,-8,3,0,-3,6,-5,2,-1,0,1,-2,1,154
4758,-6,-1,4,-7,6,-1,-2,3,-4,1,2,-1,174
4759,-4,1,2,-5,4,-3,0,1,-2,-1,0,1,78
4760,-2,-3,0,-1,4,1,-4,1,2,1,0,-1,54
4761,-4,-5,2,1,2,-1,-2,-1,4,-1,-2,1,78
4762,-6,-1,2,-3,2,3,-6,3,0,-1,2,-1,114
4763,-4,-3,4,-1,0,1,-4,1,2,-3,0,1,74
4764,-2,-3,-2,-3,6,-1,-2,-1,0,3,0,-1,78
4765,-4,-1,0,-1,4,-3,0,-3,2,1,-2,1,62
4766,-2,-1,0,-5,4,1,-4,1,-2,1,2,-1,74
4767,0,1,2,-3,2,-1,-2,-1,0,-1,0,1,26
4768,-2,5,0,1,0,-1,2,1,0,1,0,-1,38
4769,-4,3,-2,-1,2,-3,4,-1,2,-1,-2,1,70
4770,-6,3,-2,3,-2,1,0,3,-2,-1,2,-1,82
4771,-4,1,-4,1,0,-1,2,1,0,-3,0,1,50
4772,-6,1,2,-1,2,-3,4,-1,-2,3,0,-1,86
4773,-8,3,0,-3,4,-5,6,-3,0,1,-2,1,174
4774,-6,-1,0,1,0,-1,2,1,-4,1,2,-1,66
4775,-4,1,-2,-1,2,-3,4,-1,-2,-1,0,1,58
4776,-6,5,-4,3,-2,1,0,-1,2,1,0,-1,98
4777,-8,3,-2,1,0,-1,2,-3,4,-1,-2,1,114
4778,-10,7,-6,5,-4,3,-2,1,0,-1,2,-1,246
4779,-8,5,-4,3,-2,1,0,-1,2,-3,0,1,134
4780,-6,1,-2,1,0,-1,2,-3,0,3,0,-1,66
4781,-8,3,0,-1,2,-3,4,-5,2,1,-2,1,138
4782,-6,3,-4,3,-2,1,0,-1,-2,1,2,-1,86
4783,-4,5,-2,1,0,-1,2,-3,0,-1,0,1,62
4784,-2,1,0,-3,2,-3,0,3,0,1,0,-1,38
4785,-4,-1,-2,-1,4,-5,2,1,2,-1,-2,1,78
4786,-6,-1,2,-1,0,-1,-2,5,-2,-1,2,-1,82
4787,-4,-3,0,1,2,-3,0,3,0,-3,0,1,58
4788,-6,1,2,-5,4,-5,2,1,-2,3,0,-1,126
4789,-8,3,0,-3,6,-7,4,-1,0,1,-2,1,190
4790,-6,-1,4,-3,2,-3,0,3,-4,1,2,-1,106
4791,-4,1,2,-1,4,-5,2,1,-2,-1,0,1,74
4792,-2,1,-4,-1,0,-1,-2,1,2,1,0,-1,34
4793,-4,-1,-2,1,2,-3,0,-1,4,-1,-2,1,58
4794,-6,3,-2,1,-2,1,-4,3,0,-1,2,-1,86
4795,-4,1,0,3,0,-1,-2,1,2,-3,0,1,46
4796,-2,1,-2,-3,2,-3,0,-1,0,3,0,-1,42
4797,-4,3,0,-1,4,-5,2,-3,2,1,-2,1,90
4798,-2,3,0,-1,0,-1,-2,1,-2,1,2,-1,30
4799,0,5,2,1,2,-3,0,-1,0,-1,0,1,46
4800,2,1,4,-3,0,1,0,1,0,1,0,-1,34
4801,0,-1,2,-5,-2,3,2,-1,2,-1,-2,1,58
4802,-2,-1,2,-5,2,3,-2,3,-2,-1,2,-1,70
4803,0,-3,0,-7,0,5,0,1,0,-3,0,1,94
4804,-2,-3,2,-1,2,-1,2,-1,-2,3,0,-1,42
4805,-4,-1,0,-3,0,1,4,-3,0,1,-2,1,58
4806,-2,-5,0,-3,4,1,0,1,-4,1,2,-1,78
4807,0,-3,-2,-5,2,3,2,-1,-2,-1,0,1,62
4808,-2,-3,4,-1,-2,3,-2,-1,2,1,0,-1,54
4809,-4,-5,6,-3,-4,5,0,-3,4,-1,-2,1,158
4810,-6,-1,2,-3,0,5,-4,1,0,-1,2,-1,98
4811,-4,-3,4,-5,-2,7,-2,-1,2,-3,0,1,138
4812,-2,-7,2,1,0,1,0,-3,0,3,0,-1,78
4813,-4,-5,4,-1,-2,3,2,-5,2,1,-2,1,110
4814,-2,-5,0,-1,2,3,-2,-1,-2,1,2,-1,58
4815,0,-3,2,-3,0,5,0,-3,0,-1,0,1,58
4816,-2,1,4,-7,2,-1,-2,3,0,1,0,-1,90
4817,-4,-1,2,-5,0,1,0,1,2,-1,-2,1,58
4818,-6,-1,6,-9,4,1,-4,5,-2,-1,2,-1,222
4819,-4,-3,4,-7,2,3,-2,3,0,-3,0,1,126
4820,-6,1,2,-5,4,-3,0,1,-2,3,0,-1,106
4821,-8,3,0,-3,2,-1,2,-1,0,1,-2,1,98
4822,-6,-1,4,-7,6,-1,-2,3,-4,1,2,-1,174
4823,-4,1,2,-5,4,1,0,1,-2,-1,0,1,70
4824,-2,-3,4,-5,0,1,-4,1,2,1,0,-1,78
4825,-4,-5,6,-3,-2,3,-2,-1,4,-1,-2,1,126
4826,-6,-1,6,-7,2,3,-6,3,0,-1,2,-1,186
4827,-4,-3,8,-5,0,5,-4,1,2,-3,0,1,170
4828,-2,-3,2,-3,2,-1,-2,-1,0,3,0,-1,46
4829,-4,-1,4,-1,0,1,0,-3,2,1,-2,1,54
4830,-2,-1,4,-5,4,1,-4,1,-2,1,2,-1,90
4831,0,1,6,-3,2,3,-2,-1,0,-1,0,1,66
4832,2,1,0,-3,-4,-1,2,1,0,1,0,-1,38
4833,0,-1,-2,-5,-2,1,4,-1,2,-1,-2,1,62
4834,-2,-1,-2,-1,-2,1,0,3,-2,-1,2,-1,34
4835,0,-3,-4,-3,0,3,2,1,0,-3,0,1,58
4836,-2,-3,2,-1,-2,-3,4,-1,-2,3,0,-1,62
4837,-4,-1,0,-3,0,-1,6,-3,0,1,-2,1,78
4838,-2,-5,0,1,0,-1,2,1,-4,1,2,-1,58
4839,0,-3,-2,-1,2,1,4,-1,-2,-1,0,1,42
4840,-2,1,0,-1,-6,1,0,-1,2,1,0,-1,50
4841,-4,-1,2,-3,-4,3,2,-3,4,-1,-2,1,90
4842,-6,3,-2,1,-4,3,-2,1,0,-1,2,-1,86
4843,-4,1,0,-1,-2,5,0,-1,2,-3,0,1,62
4844,-2,-3,2,1,-4,-1,2,-3,0,3,0,-1,58
4845,-4,-1,4,-1,-2,1,4,-5,2,1,-2,1,90
4846,-2,-1,0,3,-2,1,0,-1,-2,1,2,-1,30
4847,0,1,2,1,0,3,2,-3,0,-1,0,1,30
4848,2,1,0,-7,-2,-3,0,3,0,1,0,-1,78
4849,0,-1,-2,-5,0,-1,2,1,2,-1,-2,1,46
4850,-2,-1,2,-5,0,-1,-2,5,-2,-1,2,-1,74
4851,0,-3,0,-3,2,1,0,3,0,-3,0,1,42
4852,-2,1,2,-5,0,-5,2,1,-2,3,0,-1,78
4853,-4,3,0,-3,2,-3,4,-1,0,1,-2,1,70
4854,-2,-1,4,-3,2,-3,0,3,-4,1,2,-1,74
4855,0,1,2,-1,4,-1,2,1,-2,-1,0,1,34
4856,2,1,0,-5,-4,-1,-2,1,2,1,0,-1,58
4857,0,-1,2,-3,-2,1,0,-1,4,-1,-2,1,42
4858,-2,3,2,-3,-2,1,-4,3,0,-1,2,-1,62
4859,0,1,4,-1,0,3,-2,1,2,-3,0,1,46
4860,2,1,2,-3,-2,-3,0,-1,0,3,0,-1,42
4861,0,3,4,-1,0,-1,2,-3,2,1,-2,1,50
4862,2,3,4,-1,0,-1,-2,1,-2,1,2,-1,46
4863,4,5,6,1,2,1,0,-1,0,-1,0,1,86
4864,6,1,4,5,2,1,0,-1,0,1,0,-1,86
4865,4,-1,2,3,0,-1,-2,1,2,-1,-2,1,46
4866,2,-1,2,3,0,-1,2,1,-2,-1,2,-1,34
4867,4,-3,0,1,-2,-3,0,3,0,-3,0,1,58
4868,2,-3,2,3,0,3,2,-3,-2,3,0,-1,62
4869,0,-1,0,1,-2,1,0,-1,0,1,-2,1,14
4870,2,-5,0,1,-2,1,4,-1,-4,1,2,-1,74
4871,4,-3,-2,-1,-4,-1,2,1,-2,-1,0,1,58
4872,2,-3,0,3,4,3,-2,-3,2,1,0,-1,66
4873,0,-5,2,1,2,1,-4,-1,4,-1,-2,1,74
4874,-2,-1,-2,1,2,1,0,-1,0,-1,2,-1,22
4875,0,-3,0,-1,0,-1,-2,1,2,-3,0,1,30
4876,2,-7,-2,1,2,5,0,-5,0,3,0,-1,122
4877,0,-5,0,-1,0,3,-2,-3,2,1,-2,1,58
4878,2,-5,-4,-1,0,3,2,-3,-2,1,2,-1,78
4879,4,-3,-2,-3,-2,1,0,-1,0,-1,0,1,46
4880,2,-3,0,5,4,-1,-2,1,0,1,0,-1,62
4881,0,-5,-2,7,2,-3,-4,3,2,-1,-2,1,126
4882,-2,-5,2,3,2,-3,0,3,-2,-1,2,-1,74
4883,0,-7,0,5,0,-5,-2,5,0,-3,0,1,138
4884,-2,-3,-2,3,2,1,0,-1,-2,3,0,-1,46
4885,-4,-1,-4,5,0,-1,-2,1,0,1,-2,1,70
4886,-2,-5,0,1,0,-1,2,1,-4,1,2,-1,58
4887,0,-3,-2,3,-2,-3,0,3,-2,-1,0,1,50
4888,2,-7,-4,3,6,1,-4,-1,2,1,0,-1,138
4889,0,-9,-2,5,4,-1,-6,1,4,-1,-2,1,186
4890,-2,-5,-2,1,4,-1,-2,1,0,-1,2,-1,62
4891,0,-7,0,3,2,-3,-4,3,2,-3,0,1,110
4892,2,-7,-6,1,4,3,-2,-3,0,3,0,-1,138
4893,0,-5,-4,3,2,1,-4,-1,2,1,-2,1,82
4894,2,-5,-4,-1,2,1,0,-1,-2,1,2,-1,62
4895,4,-3,-2,1,0,-1,-2,1,0,-1,0,1,38
4896,2,-3,4,5,-2,-1,2,-1,0,1,0,-1,66
4897,0,-5,2,3,0,-3,0,1,2,-1,-2,1,58
4898,-2,-5,2,7,-4,-3,4,1,-2,-1,2,-1,134
4899,0,-7,0,5,-2,-5,2,3,0,-3,0,1,126
4900,-2,-7,6,3,-4,1,4,-3,-2,3,0,-1,154
4901,-4,-5,4,1,-2,-1,2,-1,0,1,-2,1,74
4902,-2,-9,4,5,-6,-1,6,-1,-4,1,2,-1,222
4903,0,-7,2,3,-4,-3,4,1,-2,-1,0,1,110
4904,-2,-3,0,3,0,1,0,-3,2,1,0,-1,38
4905,-4,-5,2,1,2,-1,-2,-1,4,-1,-2,1,78
4906,-6,-1,-2,5,-2,-1,2,-1,0,-1,2,-1,82
4907,-4,-3,0,3,0,-3,0,1,2,-3,0,1,58
4908,-2,-7,2,1,-2,3,2,-5,0,3,0,-1,110
4909,-4,-5,4,-1,0,1,0,-3,2,1,-2,1,78
4910,-2,-5,0,3,-4,1,4,-3,-2,1,2,-1,90
4911,0,-3,2,1,-2,-1,2,-1,0,-1,0,1,26
4912,2,-7,0,5,0,-3,0,1,0,1,0,-1,90
4913,0,-9,-2,7,2,-5,-2,3,2,-1,-2,1,186
4914,-2,-9,2,7,-2,-5,2,3,-2,-1,2,-1,190
4915,0,-11,0,9,0,-7,0,5,0,-3,0,1,286
4916,-2,-7,2,3,-2,-1,2,-1,-2,3,0,-1,90
4917,-4,-5,0,5,0,-3,0,1,0,1,-2,1,82
4918,-2,-9,4,5,-4,-3,4,1,-4,1,2,-1,190
4919,0,-7,2,7,-2,-5,2,3,-2,-1,0,1,150
4920,2,-7,-4,3,2,-1,-2,-1,2,1,0,-1,94
4921,0,-9,-2,5,4,-3,-4,1,4,-1,-2,1,174
4922,-2,-5,-2,5,0,-3,0,1,0,-1,2,-1,74
4923,0,-7,0,7,2,-5,-2,3,2,-3,0,1,154
4924,2,-7,-2,1,0,1,0,-3,0,3,0,-1,78
4925,0,-5,0,3,2,-1,-2,-1,2,1,-2,1,54
4926,2,-5,0,3,-2,-1,2,-1,-2,1,2,-1,58
4927,4,-3,2,5,0,-3,0,1,0,-1,0,1,66
4928,2,1,4,1,-2,1,0,-1,0,1,0,-1,30
4929,0,-1,2,-1,-4,3,-2,1,2,-1,-2,1,46
4930,-2,-1,2,-1,0,-1,2,1,-2,-1,2,-1,26
4931,0,-3,0,-3,-2,1,0,3,0,-3,0,1,42
4932,-2,-3,2,3,-4,3,2,-3,-2,3,0,-1,78
4933,-4,-1,0,1,-6,5,0,-1,0,1,-2,1,86
4934,-2,-5,0,1,-2,1,4,-1,-4,1,2,-1,74
4935,0,-3,-2,-1,-4,3,2,1,-2,-1,0,1,50
4936,-2,-3,4,-1,0,3,-2,-3,2,1,0,-1,58
4937,-4,-5,6,-3,-2,5,-4,-1,4,-1,-2,1,154
4938,-6,-1,2,-3,2,1,0,-1,0,-1,2,-1,62
4939,-4,-3,4,-5,0,3,-2,1,2,-3,0,1,94
4940,-2,-7,2,1,-2,5,0,-5,0,3,0,-1,122
4941,-4,-5,4,-1,-4,7,-2,-3,2,1,-2,1,146
4942,-2,-5,0,-1,0,3,2,-3,-2,1,2,-1,62
4943,0,-3,2,-3,-2,5,0,-1,0,-1,0,1,54
4944,-2,1,0,1,0,-1,-2,1,0,1,0,-1,14
4945,-4,-1,-2,3,-2,1,-4,3,2,-1,-2,1,70
4946,-6,-1,2,-1,2,-3,0,3,-2,-1,2,-1,74
4947,-4,-3,0,1,0,-1,-2,5,0,-3,0,1,66
4948,-6,1,-2,3,-2,1,0,-1,-2,3,0,-1,70
4949,-8,3,-4,5,-4,3,-2,1,0,1,-2,1,150
4950,-6,-1,0,1,0,-1,2,1,-4,1,2,-1,66
4951,-4,1,-2,3,-2,1,0,3,-2,-1,0,1,50
4952,-2,-3,0,-1,2,1,-4,-1,2,1,0,-1,42
4953,-4,-5,2,1,0,3,-6,1,4,-1,-2,1,114
4954,-6,-1,2,-3,4,-1,-2,1,0,-1,2,-1,78
4955,-4,-3,4,-1,2,1,-4,3,2,-3,0,1,86
4956,-2,-3,-2,1,0,3,-2,-3,0,3,0,-1,50
4957,-4,-1,0,3,-2,5,-4,-1,2,1,-2,1,82
4958,-2,-1,0,-1,2,1,0,-1,-2,1,2,-1,22
4959,0,1,2,1,0,3,-2,1,0,-1,0,1,22
4960,2,-3,4,1,-6,-1,2,-1,0,1,0,-1,74
4961,0,-5,2,-1,-4,1,0,1,2,-1,-2,1,58
4962,-2,-5,2,3,-4,-3,4,1,-2,-1,2,-1,94
4963,0,-7,0,1,-2,-1,2,3,0,-3,0,1,78
4964,-2,-7,6,3,-8,1,4,-3,-2,3,0,-1,202
4965,-4,-5,4,1,-6,3,2,-1,0,1,-2,1,114
4966,-2,-9,4,5,-6,-1,6,-1,-4,1,2,-1,222
4967,0,-7,2,3,-4,1,4,1,-2,-1,0,1,102
4968,-2,-3,4,-1,-4,1,0,-3,2,1,0,-1,62
4969,-4,-5,6,-3,-2,3,-2,-1,4,-1,-2,1,126
4970,-6,-1,2,1,-2,-1,2,-1,0,-1,2,-1,58
4971,-4,-3,4,-1,0,1,0,1,2,-3,0,1,58
4972,-2,-7,6,1,-6,3,2,-5,0,3,0,-1,174
4973,-4,-5,8,-1,-4,5,0,-3,2,1,-2,1,166
4974,-2,-5,4,3,-4,1,4,-3,-2,1,2,-1,106
4975,0,-3,6,1,-2,3,2,-1,0,-1,0,1,66
4976,2,-3,0,1,-4,-3,0,1,0,1,0,-1,42
4977,0,-5,-2,3,-2,-1,-2,3,2,-1,-2,1,66
4978,-2,-5,2,3,-2,-5,2,3,-2,-1,2,-1,94
4979,0,-7,0,5,0,-3,0,5,0,-3,0,1,118
4980,-2,-3,2,3,-6,-1,2,-1,-2,3,0,-1,82
4981,-4,-1,0,5,-4,1,0,1,0,1,-2,1,66
4982,-2,-5,4,5,-4,-3,4,1,-4,1,2,-1,134
4983,0,-3,2,7,-2,-1,2,3,-2,-1,0,1,86
4984,2,-3,0,-1,-2,-1,-2,-1,2,1,0,-1,30
4985,0,-5,2,1,0,1,-4,1,4,-1,-2,1,70
4986,-2,-1,2,1,0,-3,0,1,0,-1,2,-1,26
4987,0,-3,4,3,2,-1,-2,3,2,-3,0,1,66
4988,2,-3,2,1,-4,1,0,-3,0,3,0,-1,54
4989,0,-1,4,3,-2,3,-2,-1,2,1,-2,1,54
4990,2,-1,4,3,-2,-1,2,-1,-2,1,2,-1,50
4991,4,1,6,5,0,1,0,1,0,-1,0,1,82
4992,6,1,0,1,2,-1,-2,-1,0,1,0,-1,50
4993,4,-1,-2,-1,0,-3,0,1,2,-1,-2,1,42
4994,2,-1,-2,-1,0,1,0,1,-2,-1,2,-1,22
4995,4,-3,-4,-3,-2,-1,2,3,0,-3,0,1,78
4996,2,-3,-2,-1,4,1,0,-3,-2,3,0,-1,58
4997,0,-1,-4,-3,2,-1,2,-1,0,1,-2,1,42
4998,2,-5,-4,-3,2,3,2,-1,-4,1,2,-1,94
4999,4,-3,-6,-5,0,1,4,1,-2,-1,0,1,110
5000,2,-3,-4,3,4,1,-4,-3,2,1,0,-1,86
5001,0,-5,-2,1,2,-1,-2,-1,4,-1,-2,1,62
5002,-2,-1,-6,1,2,3,-2,-1,0,-1,2,-1,66
5003,0,-3,-4,-1,0,1,0,1,2,-3,0,1,42
5004,2,-7,-6,1,6,3,-2,-5,0,3,0,-1,174
5005,0,-5,-4,-1,4,1,0,-3,2,1,-2,1,78
5006,2,-5,-8,-1,4,5,0,-3,-2,1,2,-1,154
5007,4,-3,-6,-3,2,3,2,-1,0,-1,0,1,90
5008,2,-3,0,1,4,-3,-4,1,0,1,0,-1,58
5009,0,-5,-2,3,2,-5,-2,3,2,-1,-2,1,90
5010,-2,-5,2,-1,2,-1,-2,3,-2,-1,2,-1,62
5011,0,-7,0,1,0,-3,0,5,0,-3,0,1,94
5012,-2,-3,-2,-1,6,-1,-2,-1,-2,3,0,-1,74
5013,-4,-1,-4,1,4,-3,0,1,0,1,-2,1,66
5014,-2,-5,0,-3,4,1,0,1,-4,1,2,-1,78
5015,0,-3,-2,-1,2,-1,2,3,-2,-1,0,1,38
5016,2,-7,-4,3,6,-1,-6,-1,2,1,0,-1,158
5017,0,-9,-2,5,4,-3,-4,1,4,-1,-2,1,174
5018,-2,-5,-2,1,4,1,-4,1,0,-1,2,-1,74
5019,0,-7,0,3,2,-1,-2,3,2,-3,0,1,90
5020,2,-7,-6,1,8,1,-4,-3,0,3,0,-1,190
5021,0,-5,-4,3,6,-1,-2,-1,2,1,-2,1,102
5022,2,-5,-4,-1,6,3,-2,-1,-2,1,2,-1,106
5023,4,-3,-2,1,4,1,0,1,0,-1,0,1,50
5024,2,1,0,1,-2,-3,0,-1,0,1,0,-1,22
5025,0,-1,-2,-1,0,-5,2,1,2,-1,-2,1,46
5026,-2,-1,-2,3,-4,-1,2,1,-2,-1,2,-1,50
5027,0,-3,-4,1,-2,-3,4,3,0,-3,0,1,74
5028,-2,-3,2,-1,0,-1,2,-3,-2,3,0,-1,46
5029,-4,-1,0,-3,2,-3,4,-1,0,1,-2,1,62
5030,-2,-5,0,1,-2,1,4,-1,-4,1,2,-1,74
5031,0,-3,-2,-1,0,-1,6,1,-2,-1,0,1,58
5032,-2,1,-4,3,0,-1,-2,-3,2,1,0,-1,50
5033,-4,-1,-2,1,2,-3,0,-1,4,-1,-2,1,58
5034,-6,3,-6,5,-2,1,0,-1,0,-1,2,-1,118
5035,-4,1,-4,3,0,-1,2,1,2,-3,0,1,62
5036,-2,-3,-2,1,2,1,0,-5,0,3,0,-1,58
5037,-4,-1,0,-1,4,-1,2,-3,2,1,-2,1,58
5038,-2,-1,-4,3,0,3,2,-3,-2,1,2,-1,62
5039,0,1,-2,1,2,1,4,-1,0,-1,0,1,30
5040,2,-3,0,1,0,-5,-2,1,0,1,0,-1,46
5041,0,-5,-2,3,2,-7,0,3,2,-1,-2,1,110
5042,-2,-5,2,3,-2,-3,0,3,-2,-1,2,-1,74
5043,0,-7,0,5,0,-5,2,5,0,-3,0,1,138
5044,-2,-3,2,-1,2,-3,0,-1,-2,3,0,-1,46
5045,-4,-1,0,1,4,-5,2,1,0,1,-2,1,70
5046,-2,-5,4,1,0,-1,2,1,-4,1,2,-1,74
5047,0,-3,2,3,2,-3,4,3,-2,-1,0,1,66
5048,2,-3,-4,3,2,-3,-4,-1,2,1,0,-1,74
5049,0,-5,-2,5,4,-5,-2,1,4,-1,-2,1,122
5050,-2,-1,-2,5,0,-1,-2,1,0,-1,2,-1,46
5051,0,-3,0,7,2,-3,0,3,2,-3,0,1,94
5052,2,-3,-2,1,4,-1,-2,-3,0,3,0,-1,58
5053,0,-1,0,3,6,-3,0,-1,2,1,-2,1,66
5054,2,-1,0,3,2,1,0,-1,-2,1,2,-1,30
5055,4,1,2,5,4,-1,2,1,0,-1,0,1,70
5056,6,1,0,-3,-2,-1,-2,-1,0,1,0,-1,58
5057,4,-1,-2,-5,-4,1,0,1,2,-1,-2,1,74
5058,2,-1,-2,-5,0,1,0,1,-2,-1,2,-1,46
5059,4,-3,-4,-7,-2,3,2,3,0,-3,0,1,126
5060,2,-3,-2,-1,0,1,0,-3,-2,3,0,-1,42
5061,0,-1,-4,-3,-2,3,2,-1,0,1,-2,1,50
5062,2,-5,-4,-3,2,3,2,-1,-4,1,2,-1,94
5063,4,-3,-6,-5,0,5,4,1,-2,-1,0,1,134
5064,2,-3,0,-1,0,1,-4,-3,2,1,0,-1,46
5065,0,-5,2,-3,-2,3,-2,-1,4,-1,-2,1,78
5066,-2,-1,-2,-3,2,3,-2,-1,0,-1,2,-1,42
5067,0,-3,0,-5,0,5,0,1,2,-3,0,1,74
5068,2,-7,-2,1,2,3,-2,-5,0,3,0,-1,110
5069,0,-5,0,-1,0,5,0,-3,2,1,-2,1,70
5070,2,-5,-4,-1,4,5,0,-3,-2,1,2,-1,106
5071,4,-3,-2,-3,2,7,2,-1,0,-1,0,1,98
5072,2,1,0,-3,0,-3,-4,1,0,1,0,-1,42
5073,0,-1,-2,-1,-2,-1,-2,3,2,-1,-2,1,34
5074,-2,-1,2,-5,2,-1,-2,3,-2,-1,2,-1,62
5075,0,-3,0,-3,0,1,0,5,0,-3,0,1,54
5076,-2,1,-2,-1,2,-1,-2,-1,-2,3,0,-1,34
5077,-4,3,-4,1,0,1,0,1,0,1,-2,1,50
5078,-2,-1,0,-3,4,1,0,1,-4,1,2,-1,54
5079,0,1,-2,-1,2,3,2,3,-2,-1,0,1,38
5080,2,-3,0,-1,2,-1,-6,-1,2,1,0,-1,62
5081,0,-5,2,1,0,1,-4,1,4,-1,-2,1,70
5082,-2,-1,2,-3,4,1,-4,1,0,-1,2,-1,58
5083,0,-3,4,-1,2,3,-2,3,2,-3,0,1,66
5084,2,-3,-2,1,4,1,-4,-3,0,3,0,-1,70
5085,0,-1,0,3,2,3,-2,-1,2,1,-2,1,38
5086,2,-1,0,-1,6,3,-2,-1,-2,1,2,-1,66
5087,4,1,2,1,4,5,0,1,0,-1,0,1,66
5088,6,1,0,-3,-6,-3,0,-1,0,1,0,-1,94
5089,4,-1,-2,-5,-4,-1,2,1,2,-1,-2,1,78
5090,2,-1,-2,-1,-4,-1,2,1,-2,-1,2,-1,42
5091,4,-3,-4,-3,-2,1,4,3,0,-3,0,1,90
5092,2,-3,2,-1,-4,-1,2,-3,-2,3,0,-1,62
5093,0,-1,0,-3,-2,1,4,-1,0,1,-2,1,38
5094,2,-5,0,1,-2,1,4,-1,-4,1,2,-1,74
5095,4,-3,-2,-1,0,3,6,1,-2,-1,0,1,82
5096,2,1,0,-1,-4,-1,-2,-3,2,1,0,-1,42
5097,0,-1,2,-3,-2,1,0,-1,4,-1,-2,1,42
5098,-2,3,-2,1,-2,1,0,-1,0,-1,2,-1,30
5099,0,1,0,-1,0,3,2,1,2,-3,0,1,30
5100,2,-3,2,1,-2,1,0,-5,0,3,0,-1,58
5101,0,-1,4,-1,0,3,2,-3,2,1,-2,1,50
5102,2,-1,0,3,0,3,2,-3,-2,1,2,-1,46
5103,4,1,2,1,2,5,4,-1,0,-1,0,1,70
5104,6,1,0,-3,-4,-5,-2,1,0,1,0,-1,94
5105,4,-1,-2,-1,-2,-3,0,3,2,-1,-2,1,54
5106,2,-1,2,-1,-2,-3,0,3,-2,-1,2,-1,42
5107,4,-3,0,1,0,-1,2,5,0,-3,0,1,66
5108,2,1,2,-1,-2,-3,0,-1,-2,3,0,-1,38
5109,0,3,0,1,0,-1,2,1,0,1,-2,1,22
5110,2,-1,4,1,0,-1,2,1,-4,1,2,-1,50
5111,4,1,2,3,2,1,4,3,-2,-1,0,1,66
5112,6,1,0,-1,-2,-3,-4,-1,2,1,0,-1,74
5113,4,-1,2,1,0,-1,-2,1,4,-1,-2,1,50
5114,2,3,2,1,0,-1,-2,1,0,-1,2,-1,30
5115,4,1,4,3,2,1,0,3,2,-3,0,1,70
5116,6,1,2,1,0,-1,-2,-3,0,3,0,-1,66
5117,4,3,4,3,2,1,0,-1,2,1,-2,1,66
5118,6,3,4,3,2,1,0,-1,-2,1,2,-1,86
5119,8,5,6,5,4,3,2,1,0,-1,0,1,182
5120,6,9,6,5,4,3,2,1,0,-1,0,-1,210
5121,4,7,4,3,2,1,0,-1,-2,1,-2,1,106
5122,2,7,4,3,2,1,0,-1,2,-3,2,-1,102
5123,4,5,2,1,0,-1,-2,-3,0,-1,0,1,62
5124,2,5,4,3,2,1,0,3,-2,1,0,-1,74
5125,0,7,2,1,0,-1,-2,1,-4,3,-2,1,90
5126,2,3,2,1,0,-1,-2,1,0,-1,2,-1,30
5127,4,5,0,-1,-2,-3,-4,-1,-2,1,0,1,78
5128,2,5,2,3,2,1,4,-1,2,-1,0,-1,70
5129,0,3,4,1,0,-1,2,-3,0,1,-2,1,46
5130,-2,7,0,1,0,-1,2,-3,4,-3,2,-1,98
5131,0,5,2,-1,-2,-3,0,-5,2,-1,0,1,74
5132,2,1,0,1,0,-1,2,1,0,1,0,-1,14
5133,0,3,2,-1,-2,-3,0,-1,-2,3,-2,1,46
5134,2,3,-2,-1,-2,-3,0,-1,2,-1,2,-1,42
5135,4,5,0,-3,-4,-5,-2,-3,0,1,0,1,106
5136,2,5,2,1,2,5,0,3,0,-1,0,-1,74
5137,0,3,0,3,0,3,-2,1,-2,1,-2,1,42
5138,-2,3,4,-1,0,3,-2,1,2,-3,2,-1,62
5139,0,1,2,1,-2,1,-4,-1,0,-1,0,1,30
5140,-2,5,0,-1,0,3,-2,5,-2,1,0,-1,74
5141,-4,7,-2,1,-2,1,-4,3,-4,3,-2,1,130
5142,-2,3,2,-3,-2,1,-4,3,0,-1,2,-1,62
5143,0,5,0,-1,-4,-1,-6,1,-2,1,0,1,86
5144,2,1,-2,-1,0,3,2,1,2,-1,0,-1,30
5145,0,-1,0,1,-2,1,0,-1,0,1,-2,1,14
5146,-2,3,0,-3,-2,1,0,-1,4,-3,2,-1,58
5147,0,1,2,-1,-4,-1,-2,-3,2,-1,0,1,42
5148,2,1,-4,-3,-2,1,0,3,0,1,0,-1,46
5149,0,3,-2,-1,-4,-1,-2,1,-2,3,-2,1,54
5150,2,3,-2,-5,-4,-1,-2,1,2,-1,2,-1,74
5151,4,5,0,-3,-6,-3,-4,-1,0,1,0,1,114
5152,2,5,2,1,4,1,4,1,0,-1,0,-1,70
5153,0,3,0,-1,6,-1,2,-1,-2,1,-2,1,62
5154,-2,3,0,3,2,-1,2,-1,2,-3,2,-1,50
5155,0,1,-2,1,4,-3,0,-3,0,-1,0,1,42
5156,-2,1,4,-1,2,-1,2,3,-2,1,0,-1,46
5157,-4,3,2,-3,4,-3,0,1,-4,3,-2,1,94
5158,-2,-1,2,1,0,-3,0,1,0,-1,2,-1,26
5159,0,1,0,-1,2,-5,-2,-1,-2,1,0,1,42
5160,-2,5,-2,-1,2,-1,6,-1,2,-1,0,-1,82
5161,-4,3,0,-3,4,-3,4,-3,0,1,-2,1,90
5162,-6,7,-4,1,0,-3,4,-3,4,-3,2,-1,166
5163,-4,5,-2,-1,2,-5,2,-5,2,-1,0,1,110
5164,-2,1,0,-3,0,-3,4,1,0,1,0,-1,42
5165,-4,3,2,-5,2,-5,2,-1,-2,3,-2,1,106
5166,-2,3,-2,-1,-2,-5,2,-1,2,-1,2,-1,62
5167,0,5,0,-3,0,-7,0,-3,0,1,0,1,94
5168,2,1,-2,-3,2,3,2,3,0,-1,0,-1,46
5169,0,-1,-4,-1,4,1,0,1,-2,1,-2,1,46
5170,-2,-1,0,-1,0,1,0,1,2,-3,2,-1,26
5171,0,-3,-2,1,2,-1,-2,-1,0,-1,0,1,26
5172,-2,1,0,-5,0,1,0,5,-2,1,0,-1,62
5173,-4,3,-2,-3,2,-1,-2,3,-4,3,-2,1,86
5174,-2,-1,2,-3,-2,-1,-2,3,0,-1,2,-1,42
5175,0,1,0,-1,0,-3,-4,1,-2,1,0,1,34
5176,2,1,-6,-5,0,1,4,1,2,-1,0,-1,90
5177,0,-1,-4,-3,2,-1,2,-1,0,1,-2,1,42
5178,-2,3,-4,-3,-2,-1,2,-1,4,-3,2,-1,78
5179,0,1,-2,-1,0,-3,0,-3,2,-1,0,1,30
5180,2,1,-4,-7,-2,-1,2,3,0,1,0,-1,90
5181,0,3,-2,-5,0,-3,0,1,-2,3,-2,1,66
5182,2,3,-2,-5,-4,-3,0,1,2,-1,2,-1,78
5183,4,5,0,-3,-2,-5,-2,-1,0,1,0,1,86
5184,2,5,2,5,0,3,2,1,0,-1,0,-1,74
5185,0,3,0,3,-2,5,0,-1,-2,1,-2,1,58
5186,-2,3,0,3,2,1,0,-1,2,-3,2,-1,46
5187,0,1,-2,1,0,3,-2,-3,0,-1,0,1,30
5188,-2,1,0,7,-2,1,0,3,-2,1,0,-1,74
5189,-4,3,-2,5,-4,3,-2,1,-4,3,-2,1,114
5190,-2,-1,-2,5,0,-1,-2,1,0,-1,2,-1,46
5191,0,1,-4,3,-2,1,-4,-1,-2,1,0,1,54
5192,-2,1,2,3,-2,1,4,-1,2,-1,0,-1,46
5193,-4,-1,4,1,-4,3,2,-3,0,1,-2,1,78
5194,-6,3,0,1,0,-1,2,-3,4,-3,2,-1,90
5195,-4,1,2,-1,-2,1,0,-5,2,-1,0,1,58
5196,-2,-3,0,5,-4,-1,2,1,0,1,0,-1,62
5197,-4,-1,2,3,-6,1,0,-1,-2,3,-2,1,86
5198,-2,-1,-2,3,-2,-3,0,-1,2,-1,2,-1,42
5199,0,1,0,1,-4,-1,-2,-3,0,1,0,1,34
5200,-2,5,-2,1,-2,5,0,3,0,-1,0,-1,74
5201,-4,3,-4,3,-4,7,-2,1,-2,1,-2,1,130
5202,-6,3,0,-1,0,3,-2,1,2,-3,2,-1,78
5203,-4,1,-2,1,-2,5,-4,-1,0,-1,0,1,70
5204,-6,5,-4,3,-4,3,-2,5,-2,1,0,-1,146
5205,-8,7,-6,5,-6,5,-4,3,-4,3,-2,1,290
5206,-6,3,-2,1,-2,1,-4,3,0,-1,2,-1,86
5207,-4,5,-4,3,-4,3,-6,1,-2,1,0,1,134
5208,-2,1,-2,-1,-4,3,2,1,2,-1,0,-1,46
5209,-4,-1,0,1,-6,5,0,-1,0,1,-2,1,86
5210,-6,3,0,-3,-2,1,0,-1,4,-3,2,-1,90
5211,-4,1,2,-1,-4,3,-2,-3,2,-1,0,1,66
5212,-2,1,-4,1,-6,1,0,3,0,1,0,-1,70
5213,-4,3,-2,3,-8,3,-2,1,-2,3,-2,1,134
5214,-2,3,-2,-1,-4,-1,-2,1,2,-1,2,-1,50
5215,0,5,0,1,-6,1,-4,-1,0,1,0,1,82
5216,2,1,-2,1,0,1,4,1,0,-1,0,-1,30
5217,0,-1,-4,-1,2,3,2,-1,-2,1,-2,1,46
5218,-2,-1,-4,3,2,-1,2,-1,2,-3,2,-1,58
5219,0,-3,-6,1,4,1,0,-3,0,-1,0,1,74
5220,-2,-3,0,3,-2,-1,2,3,-2,1,0,-1,46
5221,-4,-1,-2,1,0,1,0,1,-4,3,-2,1,54
5222,-2,-5,-2,5,0,-3,0,1,0,-1,2,-1,74
5223,0,-3,-4,3,2,-1,-2,-1,-2,1,0,1,50
5224,-2,1,-2,-1,-2,-1,6,-1,2,-1,0,-1,58
5225,-4,-1,0,-3,0,1,4,-3,0,1,-2,1,58
5226,-6,3,-4,1,0,-3,4,-3,4,-3,2,-1,126
5227,-4,1,-2,-1,2,-1,2,-5,2,-1,0,1,62
5228,-2,-3,0,1,-4,-3,4,1,0,1,0,-1,58
5229,-4,-1,2,-1,-2,-1,2,-1,-2,3,-2,1,50
5230,-2,-1,-2,3,-2,-5,2,-1,2,-1,2,-1,62
5231,0,1,0,1,0,-3,0,-3,0,1,0,1,22
5232,2,1,-6,-3,-2,3,2,3,0,-1,0,-1,78
5233,0,-1,-8,-1,0,5,0,1,-2,1,-2,1,102
5234,-2,-1,-4,-1,0,1,0,1,2,-3,2,-1,42
5235,0,-3,-6,1,2,3,-2,-1,0,-1,0,1,66
5236,-2,1,-4,-1,-4,1,0,5,-2,1,0,-1,70
5237,-4,3,-6,1,-2,3,-2,3,-4,3,-2,1,118
5238,-2,-1,-2,1,-2,-1,-2,3,0,-1,2,-1,34
5239,0,1,-4,3,0,1,-4,1,-2,1,0,1,50
5240,2,1,-6,-5,-4,1,4,1,2,-1,0,-1,106
5241,0,-1,-4,-3,-2,3,2,-1,0,1,-2,1,50
5242,-2,3,-4,-3,-2,-1,2,-1,4,-3,2,-1,78
5243,0,1,-2,-1,0,1,0,-3,2,-1,0,1,22
5244,2,1,-4,-3,-6,-1,2,3,0,1,0,-1,82
5245,0,3,-2,-1,-4,1,0,1,-2,3,-2,1,50
5246,2,3,-2,-1,-4,-3,0,1,2,-1,2,-1,54
5247,4,5,0,1,-2,-1,-2,-1,0,1,0,1,54
5248,2,5,6,1,4,1,0,1,0,-1,0,-1,86
5249,0,3,4,-1,2,-1,2,-1,-2,1,-2,1,46
5250,-2,3,4,-1,2,3,-2,-1,2,-3,2,-1,66
5251,0,1,2,-3,0,1,0,-3,0,-1,0,1,26
5252,-2,1,4,-1,6,-1,-2,3,-2,1,0,-1,78
5253,-4,3,2,-3,4,-3,0,1,-4,3,-2,1,94
5254,-2,-1,2,-3,4,1,-4,1,0,-1,2,-1,58
5255,0,1,0,-5,2,-1,-2,-1,-2,1,0,1,42
5256,-2,1,2,3,2,-1,2,-1,2,-1,0,-1,34
5257,-4,-1,4,1,0,-3,4,-3,0,1,-2,1,74
5258,-6,3,0,1,0,1,0,-3,4,-3,2,-1,86
5259,-4,1,2,-1,-2,-1,2,-5,2,-1,0,1,62
5260,-2,-3,0,1,4,-3,0,1,0,1,0,-1,42
5261,-4,-1,2,-1,2,-5,2,-1,-2,3,-2,1,74
5262,-2,-1,-2,-1,2,-1,-2,-1,2,-1,2,-1,30
5263,0,1,0,-3,0,-3,0,-3,0,1,0,1,30
5264,-2,1,6,-3,2,3,-2,3,0,-1,0,-1,78
5265,-4,-1,4,-1,0,1,0,1,-2,1,-2,1,46
5266,-6,-1,8,-5,0,5,-4,1,2,-3,2,-1,186
5267,-4,-3,6,-3,-2,3,-2,-1,0,-1,0,1,90
5268,-6,1,4,-5,4,1,-4,5,-2,1,0,-1,142
5269,-8,3,2,-3,2,-1,-2,3,-4,3,-2,1,134
5270,-6,-1,6,-7,2,3,-6,3,0,-1,2,-1,186
5271,-4,1,4,-5,0,1,-4,1,-2,1,0,1,82
5272,-2,-3,2,-1,0,1,0,1,2,-1,0,-1,26
5273,-4,-5,4,1,-2,-1,2,-1,0,1,-2,1,74
5274,-6,-1,4,-3,-2,3,-2,-1,4,-3,2,-1,110
5275,-4,-3,6,-1,-4,1,0,-3,2,-1,0,1,94
5276,-2,-3,0,-3,2,-1,-2,3,0,1,0,-1,42
5277,-4,-1,2,-1,0,-3,0,1,-2,3,-2,1,50
5278,-2,-1,2,-5,0,1,-4,1,2,-1,2,-1,62
5279,0,1,4,-3,-2,-1,-2,-1,0,1,0,1,38
5280,-2,5,2,-3,4,-1,2,1,0,-1,0,-1,66
5281,-4,3,0,-5,6,-3,4,-1,-2,1,-2,1,122
5282,-6,3,0,-1,2,1,0,-1,2,-3,2,-1,70
5283,-4,1,-2,-3,4,-1,2,-3,0,-1,0,1,62
5284,-6,1,4,-5,6,-3,0,3,-2,1,0,-1,138
5285,-8,3,2,-7,8,-5,2,1,-4,3,-2,1,250
5286,-6,-1,2,-3,4,-1,-2,1,0,-1,2,-1,78
5287,-4,1,0,-5,6,-3,0,-1,-2,1,0,1,94
5288,-6,5,-2,-1,2,-3,4,-1,2,-1,0,-1,102
5289,-8,3,0,-3,4,-5,6,-3,0,1,-2,1,174
5290,-10,7,-4,1,0,-1,2,-3,4,-3,2,-1,210
5291,-8,5,-2,-1,2,-3,4,-5,2,-1,0,1,154
5292,-6,1,0,-3,4,-5,2,1,0,1,0,-1,94
5293,-8,3,2,-5,6,-7,4,-1,-2,3,-2,1,222
5294,-6,3,-2,-1,2,-3,0,-1,2,-1,2,-1,74
5295,-4,5,0,-3,4,-5,2,-3,0,1,0,1,106
5296,-2,1,2,-7,2,1,0,3,0,-1,0,-1,74
5297,-4,-1,0,-5,4,-1,2,1,-2,1,-2,1,74
5298,-6,-1,4,-5,0,3,-2,1,2,-3,2,-1,110
5299,-4,-3,2,-3,2,1,0,-1,0,-1,0,1,46
5300,-6,1,4,-9,4,-1,-2,5,-2,1,0,-1,186
5301,-8,3,2,-7,6,-3,0,3,-4,3,-2,1,210
5302,-6,-1,6,-7,2,1,-4,3,0,-1,2,-1,158
5303,-4,1,4,-5,4,-1,-2,1,-2,1,0,1,86
5304,-2,1,-2,-5,0,-1,2,1,2,-1,0,-1,46
5305,-4,-1,0,-3,2,-3,4,-1,0,1,-2,1,62
5306,-6,3,0,-3,-2,1,0,-1,4,-3,2,-1,90
5307,-4,1,2,-1,0,-1,2,-3,2,-1,0,1,42
5308,-2,1,0,-7,2,-3,0,3,0,1,0,-1,78
5309,-4,3,2,-5,4,-5,2,1,-2,3,-2,1,118
5310,-2,3,2,-5,0,-1,-2,1,2,-1,2,-1,58
5311,0,5,4,-3,2,-3,0,-1,0,1,0,1,66
5312,2,1,2,1,0,1,0,1,0,-1,0,-1,14
5313,0,-1,0,-1,-2,3,2,-1,-2,1,-2,1,30
5314,-2,-1,0,-1,2,3,-2,-1,2,-3,2,-1,42
5315,0,-3,-2,-3,0,5,0,-3,0,-1,0,1,58
5316,-2,-3,0,3,2,-1,-2,3,-2,1,0,-1,46
5317,-4,-1,-2,1,0,1,0,1,-4,3,-2,1,54
5318,-2,-5,-2,1,4,1,-4,1,0,-1,2,-1,74
5319,0,-3,-4,-1,2,3,-2,-1,-2,1,0,1,50
5320,-2,-3,2,3,-2,-1,2,-1,2,-1,0,-1,42
5321,-4,-5,4,1,-4,1,4,-3,0,1,-2,1,106
5322,-6,-1,0,1,0,1,0,-3,4,-3,2,-1,78
5323,-4,-3,2,-1,-2,3,2,-5,2,-1,0,1,78
5324,-2,-7,0,5,0,-3,0,1,0,1,0,-1,90
5325,-4,-5,2,3,-2,-1,2,-1,-2,3,-2,1,82
5326,-2,-5,-2,3,2,-1,-2,-1,2,-1,2,-1,62
5327,0,-3,0,1,0,1,0,-3,0,1,0,1,22
5328,-2,1,2,-3,-2,3,-2,3,0,-1,0,-1,46
5329,-4,-1,0,-1,-4,5,0,1,-2,1,-2,1,70
5330,-6,-1,4,-5,0,5,-4,1,2,-3,2,-1,138
5331,-4,-3,2,-3,-2,7,-2,-1,0,-1,0,1,98
5332,-6,1,0,-1,0,1,-4,5,-2,1,0,-1,86
5333,-8,3,-2,1,-2,3,-2,3,-4,3,-2,1,134
5334,-6,-1,2,-3,2,3,-6,3,0,-1,2,-1,114
5335,-4,1,0,-1,0,5,-4,1,-2,1,0,1,66
5336,-2,-3,2,-1,-4,1,0,1,2,-1,0,-1,42
5337,-4,-5,4,1,-6,3,2,-1,0,1,-2,1,114
5338,-6,-1,4,-3,-2,3,-2,-1,4,-3,2,-1,110
5339,-4,-3,6,-1,-4,5,0,-3,2,-1,0,1,118
5340,-2,-3,0,1,-2,-1,-2,3,0,1,0,-1,34
5341,-4,-1,2,3,-4,1,0,1,-2,3,-2,1,66
5342,-2,-1,2,-1,0,1,-4,1,2,-1,2,-1,38
5343,0,1,4,1,-2,3,-2,-1,0,1,0,1,38
5344,2,1,-2,-3,0,-1,2,1,0,-1,0,-1,26
5345,0,-1,-4,-5,2,1,4,-1,-2,1,-2,1,74
5346,-2,-1,-4,-1,2,1,0,-1,2,-3,2,-1,46
5347,0,-3,-6,-3,4,3,2,-3,0,-1,0,1,94
5348,-2,-3,0,-1,2,-3,0,3,-2,1,0,-1,42
5349,-4,-1,-2,-3,4,-1,2,1,-4,3,-2,1,82
5350,-2,-5,-2,1,4,-1,-2,1,0,-1,2,-1,62
5351,0,-3,-4,-1,6,1,0,-1,-2,1,0,1,70
5352,-2,1,-2,-1,-2,-3,4,-1,2,-1,0,-1,46
5353,-4,-1,0,-3,0,-1,6,-3,0,1,-2,1,78
5354,-6,3,-4,1,0,-1,2,-3,4,-3,2,-1,106
5355,-4,1,-2,-1,2,1,4,-5,2,-1,0,1,74
5356,-2,-3,0,1,0,-5,2,1,0,1,0,-1,46
5357,-4,-1,2,-1,2,-3,4,-1,-2,3,-2,1,70
5358,-2,-1,-2,3,2,-3,0,-1,2,-1,2,-1,42
5359,0,1,0,1,4,-1,2,-3,0,1,0,1,34
5360,2,1,-2,-7,-2,1,0,3,0,-1,0,-1,74
5361,0,-1,-4,-5,0,3,2,1,-2,1,-2,1,66
5362,-2,-1,0,-5,0,3,-2,1,2,-3,2,-1,62
5363,0,-3,-2,-3,2,5,0,-1,0,-1,0,1,54
5364,-2,1,0,-5,0,-1,-2,5,-2,1,0,-1,66
5365,-4,3,-2,-3,2,1,0,3,-4,3,-2,1,82
5366,-2,-1,2,-3,2,1,-4,3,0,-1,2,-1,54
5367,0,1,0,-1,4,3,-2,1,-2,1,0,1,38
5368,2,1,-2,-5,-4,-1,2,1,2,-1,0,-1,62
5369,0,-1,0,-3,-2,1,4,-1,0,1,-2,1,38
5370,-2,3,0,-3,-2,1,0,-1,4,-3,2,-1,58
5371,0,1,2,-1,0,3,2,-3,2,-1,0,1,34
5372,2,1,0,-3,-2,-3,0,3,0,1,0,-1,38
5373,0,3,2,-1,0,-1,2,1,-2,3,-2,1,38
5374,2,3,2,-1,0,-1,-2,1,2,-1,2,-1,34
5375,4,5,4,1,2,1,0,-1,0,1,0,1,66
5376,2,9,2,5,2,1,0,-1,0,-1,0,-1,122
5377,0,7,0,3,0,-1,-2,1,-2,1,-2,1,74
5378,-2,7,0,3,0,-1,2,-3,2,-3,2,-1,94
5379,0,5,-2,1,-2,-3,0,-1,0,-1,0,1,46
5380,-2,5,0,3,0,3,-2,1,-2,1,0,-1,58
5381,-4,7,-2,1,-2,1,-4,3,-4,3,-2,1,130
5382,-2,3,-2,1,-2,1,0,-1,0,-1,2,-1,30
5383,0,5,-4,-1,-4,-1,-2,1,-2,1,0,1,70
5384,-2,5,-2,3,4,-1,2,-3,2,-1,0,-1,78
5385,-4,3,0,1,2,-3,0,-1,0,1,-2,1,46
5386,-6,7,-4,1,2,-3,4,-5,4,-3,2,-1,186
5387,-4,5,-2,-1,0,-5,2,-3,2,-1,0,1,90
5388,-2,1,-4,1,2,1,0,-1,0,1,0,-1,30
5389,-4,3,-2,-1,0,-1,-2,1,-2,3,-2,1,54
5390,-2,3,-6,-1,0,-1,2,-3,2,-1,2,-1,74
5391,0,5,-4,-3,-2,-3,0,-1,0,1,0,1,66
5392,-2,5,-2,5,0,3,-2,1,0,-1,0,-1,74
5393,-4,3,-4,7,-2,1,-4,3,-2,1,-2,1,130
5394,-6,3,0,3,-2,1,0,-1,2,-3,2,-1,78
5395,-4,1,-2,5,-4,-1,-2,1,0,-1,0,1,70
5396,-6,5,-4,3,-2,5,-4,3,-2,1,0,-1,146
5397,-8,7,-6,5,-4,3,-6,5,-4,3,-2,1,290
5398,-6,3,-2,1,-4,3,-2,1,0,-1,2,-1,86
5399,-4,5,-4,3,-6,1,-4,3,-2,1,0,1,134
5400,-2,1,-6,3,2,1,0,-1,2,-1,0,-1,62
5401,-4,-1,-4,5,0,-1,-2,1,0,1,-2,1,70
5402,-6,3,-4,1,0,-1,2,-3,4,-3,2,-1,106
5403,-4,1,-2,3,-2,-3,0,-1,2,-1,0,1,50
5404,-2,1,-8,1,0,3,-2,1,0,1,0,-1,86
5405,-4,3,-6,3,-2,1,-4,3,-2,3,-2,1,118
5406,-2,3,-6,-1,-2,1,0,-1,2,-1,2,-1,66
5407,0,5,-4,1,-4,-1,-2,1,0,1,0,1,66
5408,-2,5,2,1,2,-1,2,-1,0,-1,0,-1,46
5409,-4,3,0,-1,4,-3,0,1,-2,1,-2,1,62
5410,-6,3,0,3,0,-3,4,-3,2,-3,2,-1,106
5411,-4,1,-2,1,2,-5,2,-1,0,-1,0,1,58
5412,-6,1,4,-1,0,1,0,1,-2,1,0,-1,62
5413,-8,3,2,-3,2,-1,-2,3,-4,3,-2,1,134
5414,-6,-1,2,1,-2,-1,2,-1,0,-1,2,-1,58
5415,-4,1,0,-1,0,-3,0,1,-2,1,0,1,34
5416,-6,5,-2,-1,4,-3,4,-3,2,-1,0,-1,122
5417,-8,3,0,-3,6,-5,2,-1,0,1,-2,1,154
5418,-10,7,-4,1,2,-5,6,-5,4,-3,2,-1,286
5419,-8,5,-2,-1,4,-7,4,-3,2,-1,0,1,190
5420,-6,1,0,-3,2,-1,2,-1,0,1,0,-1,58
5421,-8,3,2,-5,4,-3,0,1,-2,3,-2,1,146
5422,-6,3,-2,-1,0,-3,4,-3,2,-1,2,-1,94
5423,-4,5,0,-3,2,-5,2,-1,0,1,0,1,86
5424,-2,1,-2,1,0,1,0,1,0,-1,0,-1,14
5425,-4,-1,-4,3,2,-1,-2,3,-2,1,-2,1,70
5426,-6,-1,0,3,-2,-1,2,-1,2,-3,2,-1,74
5427,-4,-3,-2,5,0,-3,0,1,0,-1,0,1,66
5428,-6,1,0,-1,-2,3,-2,3,-2,1,0,-1,70
5429,-8,3,-2,1,0,1,-4,5,-4,3,-2,1,150
5430,-6,-1,2,1,-4,1,0,1,0,-1,2,-1,66
5431,-4,1,0,3,-2,-1,-2,3,-2,1,0,1,50
5432,-2,1,-6,-1,2,-1,2,-1,2,-1,0,-1,58
5433,-4,-1,-4,1,4,-3,0,1,0,1,-2,1,66
5434,-6,3,-4,1,0,-3,4,-3,4,-3,2,-1,126
5435,-4,1,-2,3,2,-5,2,-1,2,-1,0,1,70
5436,-2,1,-4,-3,0,1,0,1,0,1,0,-1,34
5437,-4,3,-2,-1,2,-1,-2,3,-2,3,-2,1,66
5438,-2,3,-2,-1,-2,-1,2,-1,2,-1,2,-1,38
5439,0,5,0,1,0,-3,0,1,0,1,0,1,38
5440,-2,9,-2,5,-2,1,0,-1,0,-1,0,-1,122
5441,-4,7,-4,3,-4,3,-2,1,-2,1,-2,1,130
5442,-6,7,-4,3,0,-1,2,-3,2,-3,2,-1,142
5443,-4,5,-6,1,-2,1,0,-1,0,-1,0,1,86
5444,-6,5,-4,7,-4,3,-2,1,-2,1,0,-1,162
5445,-8,7,-6,5,-6,5,-4,3,-4,3,-2,1,290
5446,-6,3,-6,5,-2,1,0,-1,0,-1,2,-1,118
5447,-4,5,-8,3,-4,3,-2,1,-2,1,0,1,150
5448,-6,5,-2,3,0,-1,2,-3,2,-1,0,-1,94
5449,-8,3,0,1,-2,1,0,-1,0,1,-2,1,86
5450,-10,7,-4,1,2,-3,4,-5,4,-3,2,-1,250
5451,-8,5,-2,-1,0,-1,2,-3,2,-1,0,1,114
5452,-6,1,-4,5,-2,1,0,-1,0,1,0,-1,86
5453,-8,3,-2,3,-4,3,-2,1,-2,3,-2,1,134
5454,-6,3,-6,3,0,-1,2,-3,2,-1,2,-1,114
5455,-4,5,-4,1,-2,1,0,-1,0,1,0,1,66
5456,-6,9,-6,5,-4,3,-2,1,0,-1,0,-1,210
5457,-8,7,-8,7,-6,5,-4,3,-2,1,-2,1,322
5458,-10,7,-4,3,-2,1,0,-1,2,-3,2,-1,198
5459,-8,5,-6,5,-4,3,-2,1,0,-1,0,1,182
5460,-10,9,-8,7,-6,5,-4,3,-2,1,0,-1,386
5461,-12,11,-10,9,-8,7,-6,5,-4,3,-2,1,650
5462,-10,7,-6,5,-4,3,-2,1,0,-1,2,-1,246
5463,-8,9,-8,7,-6,5,-4,3,-2,1,0,1,350
5464,-6,5,-6,3,-2,1,0,-1,2,-1,0,-1,118
5465,-8,3,-4,5,-4,3,-2,1,0,1,-2,1,150
5466,-10,7,-4,1,0,-1,2,-3,4,-3,2,-1,210
5467,-8,5,-2,3,-2,1,0,-1,2,-1,0,1,114
5468,-6,5,-8,5,-4,3,-2,1,0,1,0,-1,182
5469,-8,7,-6,7,-6,5,-4,3,-2,3,-2,1,302
5470,-6,7,-6,3,-2,1,0,-1,2,-1,2,-1,146
5471,-4,9,-4,5,-4,3,-2,1,0,1,0,1,170
5472,-2,5,-2,1,-2,-1,2,-1,0,-1,0,-1,46
5473,-4,3,-4,-1,0,1,0,1,-2,1,-2,1,54
5474,-6,3,-4,3,0,-3,4,-3,2,-3,2,-1,122
5475,-4,1,-6,1,2,-1,2,-1,0,-1,0,1,66
5476,-6,1,0,3,-4,1,0,1,-2,1,0,-1,70
5477,-8,3,-2,1,-2,3,-2,3,-4,3,-2,1,134
5478,-6,-1,-2,5,-2,-1,2,-1,0,-1,2,-1,82
5479,-4,1,-4,3,0,1,0,1,-2,1,0,1,50
5480,-6,5,-2,-1,0,-3,4,-3,2,-1,0,-1,106
5481,-8,3,0,-3,2,-1,2,-1,0,1,-2,1,98
5482,-10,7,-4,1,2,-5,6,-5,4,-3,2,-1,286
5483,-8,5,-2,-1,4,-3,4,-3,2,-1,0,1,150
5484,-6,1,0,1,-2,-1,2,-1,0,1,0,-1,50
5485,-8,3,2,-1,0,1,0,1,-2,3,-2,1,98
5486,-6,3,-2,3,0,-3,4,-3,2,-1,2,-1,102
5487,-4,5,0,1,2,-1,2,-1,0,1,0,1,54
5488,-2,5,-6,1,-4,1,0,1,0,-1,0,-1,86
5489,-4,3,-8,3,-2,3,-2,3,-2,1,-2,1,134
5490,-6,3,-4,3,-2,-1,2,-1,2,-3,2,-1,98
5491,-4,1,-6,5,0,1,0,1,0,-1,0,1,82
5492,-6,5,-4,3,-6,3,-2,3,-2,1,0,-1,150
5493,-8,7,-6,5,-4,5,-4,5,-4,3,-2,1,286
5494,-6,3,-2,5,-4,1,0,1,0,-1,2,-1,98
5495,-4,5,-4,7,-2,3,-2,3,-2,1,0,1,138
5496,-2,5,-6,-1,-2,-1,2,-1,2,-1,0,-1,82
5497,-4,3,-4,1,0,1,0,1,0,1,-2,1,50
5498,-6,7,-4,1,0,-3,4,-3,4,-3,2,-1,166
5499,-4,5,-2,3,2,-1,2,-1,2,-1,0,1,70
5500,-2,5,-4,1,-4,1,0,1,0,1,0,-1,66
5501,-4,7,-2,3,-2,3,-2,3,-2,3,-2,1,122
5502,-2,7,-2,3,-2,-1,2,-1,2,-1,2,-1,86
5503,0,9,0,5,0,1,0,1,0,1,0,1,110
5504,2,5,2,1,2,-1,-2,-1,0,-1,0,-1,46
5505,0,3,0,-1,0,-3,0,1,-2,1,-2,1,30
5506,-2,3,0,-1,0,1,0,-3,2,-3,2,-1,42
5507,0,1,-2,-3,-2,-1,2,-1,0,-1,0,1,26
5508,-2,1,0,-1,4,1,-4,1,-2,1,0,-1,46
5509,-4,3,-2,-3,2,-1,-2,3,-4,3,-2,1,86
5510,-2,-1,-2,-3,2,3,-2,-1,0,-1,2,-1,42
5511,0,1,-4,-5,0,1,0,1,-2,1,0,1,50
5512,-2,1,-2,3,4,-3,0,-3,2,-1,0,-1,58
5513,-4,-1,0,1,2,-5,2,-1,0,1,-2,1,58
5514,-6,3,-4,1,2,-1,2,-5,4,-3,2,-1,126
5515,-4,1,-2,-1,0,-3,4,-3,2,-1,0,1,62
5516,-2,-3,-4,1,6,-1,-2,-1,0,1,0,-1,74
5517,-4,-1,-2,-1,4,-3,0,1,-2,3,-2,1,66
5518,-2,-1,-6,-1,4,1,0,-3,2,-1,2,-1,78
5519,0,1,-4,-3,2,-1,2,-1,0,1,0,1,38
5520,-2,1,2,1,0,1,-4,1,0,-1,0,-1,30
5521,-4,-1,0,3,-2,-1,-2,3,-2,1,-2,1,54
5522,-6,-1,4,-1,-2,3,-2,-1,2,-3,2,-1,90
5523,-4,-3,2,1,-4,1,0,1,0,-1,0,1,50
5524,-6,1,0,-1,2,3,-6,3,-2,1,0,-1,102
5525,-8,3,-2,1,0,1,-4,5,-4,3,-2,1,150
5526,-6,-1,2,-3,0,5,-4,1,0,-1,2,-1,98
5527,-4,1,0,-1,-2,3,-2,3,-2,1,0,1,50
5528,-2,-3,-2,3,2,-1,-2,-1,2,-1,0,-1,42
5529,-4,-5,0,5,0,-3,0,1,0,1,-2,1,82
5530,-6,-1,0,1,0,1,0,-3,4,-3,2,-1,78
5531,-4,-3,2,3,-2,-1,2,-1,2,-1,0,1,54
5532,-2,-3,-4,1,4,1,-4,1,0,1,0,-1,66
5533,-4,-1,-2,3,2,-1,-2,3,-2,3,-2,1,66
5534,-2,-1,-2,-1,2,3,-2,-1,2,-1,2,-1,38
5535,0,1,0,1,0,1,0,1,0,1,0,1,6
5536,-2,5,2,-3,2,-3,0,-1,0,-1,0,-1,58
5537,-4,3,0,-5,4,-5,2,1,-2,1,-2,1,106
5538,-6,3,0,-1,0,-1,2,-3,2,-3,2,-1,78
5539,-4,1,-2,-3,2,-3,4,-1,0,-1,0,1,62
5540,-6,1,4,-5,4,-1,-2,1,-2,1,0,-1,106
5541,-8,3,2,-7,6,-3,0,3,-4,3,-2,1,210
5542,-6,-1,2,-3,2,1,0,-1,0,-1,2,-1,62
5543,-4,1,0,-5,4,-1,2,1,-2,1,0,1,70
5544,-6,5,-2,-1,4,-5,2,-3,2,-1,0,-1,126
5545,-8,3,0,-3,6,-7,4,-1,0,1,-2,1,190
5546,-10,7,-4,1,2,-3,4,-5,4,-3,2,-1,250
5547,-8,5,-2,-1,4,-5,6,-3,2,-1,0,1,186
5548,-6,1,0,-3,6,-3,0,-1,0,1,0,-1,94
5549,-8,3,2,-5,8,-5,2,1,-2,3,-2,1,214
5550,-6,3,-2,-1,4,-1,2,-3,2,-1,2,-1,90
5551,-4,5,0,-3,6,-3,4,-1,0,1,0,1,114
5552,-2,1,2,-3,0,-1,-2,1,0,-1,0,-1,26
5553,-4,-1,0,-1,2,-3,0,3,-2,1,-2,1,50
5554,-6,-1,4,-1,-2,1,0,-1,2,-3,2,-1,78
5555,-4,-3,2,1,0,-1,2,1,0,-1,0,1,38
5556,-6,1,4,-5,2,1,-4,3,-2,1,0,-1,114
5557,-8,3,2,-3,4,-1,-2,5,-4,3,-2,1,162
5558,-6,-1,6,-3,0,3,-2,1,0,-1,2,-1,102
5559,-4,1,4,-1,2,1,0,3,-2,1,0,1,54
5560,-2,1,-2,-1,2,-3,0,-1,2,-1,0,-1,30
5561,-4,-1,0,1,4,-5,2,1,0,1,-2,1,70
5562,-6,3,0,1,0,-1,2,-3,4,-3,2,-1,90
5563,-4,1,2,3,2,-3,4,-1,2,-1,0,1,66
5564,-2,1,0,-3,4,-1,-2,1,0,1,0,-1,38
5565,-4,3,2,-1,6,-3,0,3,-2,3,-2,1,102
5566,-2,3,2,-1,2,1,0,-1,2,-1,2,-1,34
5567,0,5,4,1,4,-1,2,1,0,1,0,1,66
5568,2,5,-2,1,-2,-1,-2,-1,0,-1,0,-1,46
5569,0,3,-4,-1,-4,1,0,1,-2,1,-2,1,54
5570,-2,3,-4,-1,0,1,0,-3,2,-3,2,-1,58
5571,0,1,-6,-3,-2,3,2,-1,0,-1,0,1,66
5572,-2,1,-4,3,0,1,-4,1,-2,1,0,-1,54
5573,-4,3,-6,1,-2,3,-2,3,-4,3,-2,1,118
5574,-2,-1,-6,1,2,3,-2,-1,0,-1,2,-1,66
5575,0,1,-8,-1,0,5,0,1,-2,1,0,1,98
5576,-2,1,-2,3,0,-3,0,-3,2,-1,0,-1,42
5577,-4,-1,0,1,-2,-1,2,-1,0,1,-2,1,34
5578,-6,3,-4,1,2,-1,2,-5,4,-3,2,-1,126
5579,-4,1,-2,-1,0,1,4,-3,2,-1,0,1,54
5580,-2,-3,-4,5,2,-1,-2,-1,0,1,0,-1,66
5581,-4,-1,-2,3,0,1,0,1,-2,3,-2,1,50
5582,-2,-1,-6,3,4,1,0,-3,2,-1,2,-1,86
5583,0,1,-4,1,2,3,2,-1,0,1,0,1,38
5584,-2,5,-2,1,-4,1,-4,1,0,-1,0,-1,70
5585,-4,3,-4,3,-6,3,-2,3,-2,1,-2,1,118
5586,-6,3,0,-1,-2,3,-2,-1,2,-3,2,-1,82
5587,-4,1,-2,1,-4,5,0,1,0,-1,0,1,66
5588,-6,5,-4,3,-2,3,-6,3,-2,1,0,-1,150
5589,-8,7,-6,5,-4,5,-4,5,-4,3,-2,1,286
5590,-6,3,-2,1,0,5,-4,1,0,-1,2,-1,98
5591,-4,5,-4,3,-2,7,-2,3,-2,1,0,1,138
5592,-2,1,-2,3,-2,-1,-2,-1,2,-1,0,-1,34
5593,-4,-1,0,5,-4,1,0,1,0,1,-2,1,66
5594,-6,3,0,1,0,1,0,-3,4,-3,2,-1,86
5595,-4,1,2,3,-2,3,2,-1,2,-1,0,1,54
5596,-2,1,-4,5,0,1,-4,1,0,1,0,-1,66
5597,-4,3,-2,7,-2,3,-2,3,-2,3,-2,1,122
5598,-2,3,-2,3,2,3,-2,-1,2,-1,2,-1,54
5599,0,5,0,5,0,5,0,1,0,1,0,1,78
5600,2,5,-2,-3,-2,-3,0,-1,0,-1,0,-1,58
5601,0,3,-4,-5,0,-1,2,1,-2,1,-2,1,66
5602,-2,3,-4,-1,0,-1,2,-3,2,-3,2,-1,62
5603,0,1,-6,-3,2,1,4,-1,0,-1,0,1,70
5604,-2,1,0,-1,0,-1,-2,1,-2,1,0,-1,18
5605,-4,3,-2,-3,2,1,0,3,-4,3,-2,1,82
5606,-2,-1,-2,1,2,1,0,-1,0,-1,2,-1,22
5607,0,1,-4,-1,4,3,2,1,-2,1,0,1,54
5608,-2,5,-2,-1,0,-5,2,-3,2,-1,0,-1,78
5609,-4,3,0,-3,2,-3,4,-1,0,1,-2,1,70
5610,-6,7,-4,1,2,-3,4,-5,4,-3,2,-1,186
5611,-4,5,-2,-1,4,-1,6,-3,2,-1,0,1,114
5612,-2,1,0,1,2,-3,0,-1,0,1,0,-1,22
5613,-4,3,2,-1,4,-1,2,1,-2,3,-2,1,70
5614,-2,3,-2,3,4,-1,2,-3,2,-1,2,-1,66
5615,0,5,0,1,6,1,4,-1,0,1,0,1,82
5616,2,5,-2,-3,-4,-1,-2,1,0,-1,0,-1,66
5617,0,3,-4,-1,-2,1,0,3,-2,1,-2,1,50
5618,-2,3,0,-1,-2,1,0,-1,2,-3,2,-1,38
5619,0,1,-2,1,0,3,2,1,0,-1,0,1,22
5620,-2,5,0,-1,-2,1,-4,3,-2,1,0,-1,66
5621,-4,7,-2,1,0,3,-2,5,-4,3,-2,1,138
5622,-2,3,2,1,0,3,-2,1,0,-1,2,-1,38
5623,0,5,0,3,2,5,0,3,-2,1,0,1,78
5624,2,5,-2,-1,-2,-3,0,-1,2,-1,0,-1,54
5625,0,3,0,1,0,-1,2,1,0,1,-2,1,22
5626,-2,7,0,1,0,-1,2,-3,4,-3,2,-1,98
5627,0,5,2,3,2,1,4,-1,2,-1,0,1,66
5628,2,5,0,1,0,-1,-2,1,0,1,0,-1,38
5629,0,7,2,3,2,1,0,3,-2,3,-2,1,94
5630,2,7,2,3,2,1,0,-1,2,-1,2,-1,82
5631,4,9,4,5,4,3,2,1,0,1,0,1,170
5632,6,5,6,3,2,1,0,-1,-2,-1,0,-1,118
5633,4,3,4,1,0,-1,-2,-3,0,1,-2,1,62
5634,2,3,4,1,0,-1,-2,1,0,-3,2,-1,50
5635,4,1,2,-1,-2,-3,-4,-1,2,-1,0,1,58
5636,2,1,4,1,0,-1,2,1,-4,1,0,-1,46
5637,0,3,2,-1,-2,-3,0,-1,-2,3,-2,1,46
5638,2,-1,2,-1,-2,-3,0,3,-2,-1,2,-1,42
5639,4,1,0,-3,-4,-5,-2,1,0,1,0,1,74
5640,2,1,2,1,0,3,2,-3,0,-1,0,-1,34
5641,0,-1,4,-1,-2,1,0,-5,2,1,-2,1,58
5642,-2,3,0,-1,-2,1,0,-1,2,-3,2,-1,38
5643,0,1,2,-3,-4,-1,-2,-3,4,-1,0,1,62
5644,2,-3,0,-1,-2,1,4,-1,-2,1,0,-1,42
5645,0,-1,2,-3,-4,-1,2,-3,0,3,-2,1,58
5646,2,-1,-2,-3,-4,-1,2,1,0,-1,2,-1,46
5647,4,1,0,-5,-6,-3,0,-1,2,1,0,1,94
5648,2,1,2,-1,4,3,-2,1,-2,-1,0,-1,46
5649,0,-1,0,1,2,1,-4,-1,0,1,-2,1,30
5650,-2,-1,4,-3,2,1,-4,3,0,-3,2,-1,74
5651,0,-3,2,-1,0,-1,-6,1,2,-1,0,1,58
5652,-2,1,0,-3,2,1,0,3,-4,1,0,-1,46
5653,-4,3,-2,-1,0,-1,-2,1,-2,3,-2,1,54
5654,-2,-1,2,-5,0,-1,-2,5,-2,-1,2,-1,74
5655,0,1,0,-3,-2,-3,-4,3,0,1,0,1,50
5656,2,-3,-2,-3,2,5,0,-1,0,-1,0,-1,58
5657,0,-5,0,-1,0,3,-2,-3,2,1,-2,1,58
5658,-2,-1,0,-5,0,3,-2,1,2,-3,2,-1,62
5659,0,-3,2,-3,-2,1,-4,-1,4,-1,0,1,62
5660,2,-3,-4,-5,0,3,2,1,-2,1,0,-1,74
5661,0,-1,-2,-3,-2,1,0,-1,0,3,-2,1,34
5662,2,-1,-2,-7,-2,1,0,3,0,-1,2,-1,78
5663,4,1,0,-5,-4,-1,-2,1,2,1,0,1,70
5664,2,1,2,3,2,-1,2,-1,-2,-1,0,-1,34
5665,0,-1,0,1,4,-3,0,-3,0,1,-2,1,42
5666,-2,-1,0,5,0,-3,0,1,0,-3,2,-1,54
5667,0,-3,-2,3,2,-5,-2,-1,2,-1,0,1,62
5668,-2,-3,4,1,0,-3,4,1,-4,1,0,-1,74
5669,-4,-1,2,-1,2,-5,2,-1,-2,3,-2,1,74
5670,-2,-5,2,3,-2,-5,2,3,-2,-1,2,-1,94
5671,0,-3,0,1,0,-7,0,1,0,1,0,1,62
5672,-2,1,-2,1,0,1,4,-3,0,-1,0,-1,38
5673,-4,-1,0,-1,2,-1,2,-5,2,1,-2,1,62
5674,-6,3,-4,3,-2,-1,2,-1,2,-3,2,-1,98
5675,-4,1,-2,1,0,-3,0,-3,4,-1,0,1,58
5676,-2,-3,0,-1,-2,-1,6,-1,-2,1,0,-1,62
5677,-4,-1,2,-3,0,-3,4,-3,0,3,-2,1,78
5678,-2,-1,-2,1,-4,-3,4,1,0,-1,2,-1,58
5679,0,1,0,-1,-2,-5,2,-1,2,1,0,1,42
5680,2,-3,-2,-1,4,1,0,1,-2,-1,0,-1,42
5681,0,-5,-4,1,6,-1,-2,-1,0,1,-2,1,90
5682,-2,-5,0,1,2,-1,-2,3,0,-3,2,-1,62
5683,0,-7,-2,3,4,-3,-4,1,2,-1,0,1,110
5684,-2,-3,0,-3,2,-1,2,3,-4,1,0,-1,58
5685,-4,-1,-2,-1,4,-3,0,1,-2,3,-2,1,66
5686,-2,-5,2,-1,0,-3,0,5,-2,-1,2,-1,78
5687,0,-3,0,1,2,-5,-2,3,0,1,0,1,54
5688,2,-3,-6,-3,2,3,2,-1,0,-1,0,-1,78
5689,0,-5,-4,-1,4,1,0,-3,2,1,-2,1,78
5690,-2,-1,-4,-1,0,1,0,1,2,-3,2,-1,42
5691,0,-3,-2,1,2,-1,-2,-1,4,-1,0,1,42
5692,2,-3,-4,-5,0,1,4,1,-2,1,0,-1,78
5693,0,-1,-2,-3,2,-1,2,-1,0,3,-2,1,38
5694,2,-1,-2,-3,-2,-1,2,3,0,-1,2,-1,42
5695,4,1,0,-1,0,-3,0,1,2,1,0,1,34
5696,2,1,6,3,-2,1,0,-1,-2,-1,0,-1,62
5697,0,-1,4,1,-4,3,-2,-3,0,1,-2,1,62
5698,-2,-1,4,1,0,-1,-2,1,0,-3,2,-1,42
5699,0,-3,2,-1,-2,1,-4,-1,2,-1,0,1,42
5700,-2,-3,4,5,-4,-1,2,1,-4,1,0,-1,94
5701,-4,-1,2,3,-6,1,0,-1,-2,3,-2,1,86
5702,-2,-5,2,3,-2,-3,0,3,-2,-1,2,-1,74
5703,0,-3,0,1,-4,-1,-2,1,0,1,0,1,34
5704,-2,-3,6,1,-4,3,2,-3,0,-1,0,-1,90
5705,-4,-5,8,-1,-6,5,0,-5,2,1,-2,1,202
5706,-6,-1,4,-1,-2,1,0,-1,2,-3,2,-1,78
5707,-4,-3,6,-3,-4,3,-2,-3,4,-1,0,1,126
5708,-2,-7,4,3,-6,1,4,-1,-2,1,0,-1,138
5709,-4,-5,6,1,-8,3,2,-3,0,3,-2,1,178
5710,-2,-5,2,1,-4,-1,2,1,0,-1,2,-1,62
5711,0,-3,4,-1,-6,1,0,-1,2,1,0,1,70
5712,-2,1,2,-1,0,3,-2,1,-2,-1,0,-1,30
5713,-4,-1,0,1,-2,5,-4,-1,0,1,-2,1,70
5714,-6,-1,4,-3,2,1,-4,3,0,-3,2,-1,106
5715,-4,-3,2,-1,0,3,-6,1,2,-1,0,1,82
5716,-6,1,0,1,-2,1,0,3,-4,1,0,-1,70
5717,-8,3,-2,3,-4,3,-2,1,-2,3,-2,1,134
5718,-6,-1,2,-1,0,-1,-2,5,-2,-1,2,-1,82
5719,-4,1,0,1,-2,1,-4,3,0,1,0,1,50
5720,-2,-3,2,-3,-2,5,0,-1,0,-1,0,-1,58
5721,-4,-5,4,-1,-4,7,-2,-3,2,1,-2,1,146
5722,-6,-1,4,-5,0,3,-2,1,2,-3,2,-1,110
5723,-4,-3,6,-3,-2,5,-4,-1,4,-1,0,1,134
5724,-2,-3,0,-1,-4,3,2,1,-2,1,0,-1,50
5725,-4,-1,2,1,-6,5,0,-1,0,3,-2,1,98
5726,-2,-1,2,-3,-2,1,0,3,0,-1,2,-1,38
5727,0,1,4,-1,-4,3,-2,1,2,1,0,1,54
5728,2,-3,2,3,-2,-1,2,-1,-2,-1,0,-1,42
5729,0,-5,0,1,0,1,0,-3,0,1,-2,1,42
5730,-2,-5,0,5,0,-3,0,1,0,-3,2,-1,78
5731,0,-7,-2,3,2,-1,-2,-1,2,-1,0,1,78
5732,-2,-7,4,5,-4,-3,4,1,-4,1,0,-1,154
5733,-4,-5,2,3,-2,-1,2,-1,-2,3,-2,1,82
5734,-2,-9,2,7,-2,-5,2,3,-2,-1,2,-1,190
5735,0,-7,0,5,0,-3,0,1,0,1,0,1,86
5736,-2,-3,2,1,-4,1,4,-3,0,-1,0,-1,62
5737,-4,-5,4,-1,-2,3,2,-5,2,1,-2,1,110
5738,-6,-1,0,3,-2,-1,2,-1,2,-3,2,-1,74
5739,-4,-3,2,1,0,1,0,-3,4,-1,0,1,58
5740,-2,-7,4,3,-6,-1,6,-1,-2,1,0,-1,158
5741,-4,-5,6,1,-4,1,4,-3,0,3,-2,1,134
5742,-2,-5,2,5,-4,-3,4,1,0,-1,2,-1,106
5743,0,-3,4,3,-2,-1,2,-1,2,1,0,1,50
5744,2,-3,-2,-1,0,1,0,1,-2,-1,0,-1,26
5745,0,-5,-4,1,2,3,-2,-1,0,1,-2,1,66
5746,-2,-5,0,1,2,-1,-2,3,0,-3,2,-1,62
5747,0,-7,-2,3,4,1,-4,1,2,-1,0,1,102
5748,-2,-3,0,1,-2,-1,2,3,-4,1,0,-1,50
5749,-4,-1,-2,3,0,1,0,1,-2,3,-2,1,50
5750,-2,-5,2,3,0,-3,0,5,-2,-1,2,-1,86
5751,0,-3,0,5,2,-1,-2,3,0,1,0,1,54
5752,2,-3,-2,-3,-2,3,2,-1,0,-1,0,-1,46
5753,0,-5,0,-1,0,5,0,-3,2,1,-2,1,70
5754,-2,-1,0,-1,0,1,0,1,2,-3,2,-1,26
5755,0,-3,2,1,2,3,-2,-1,4,-1,0,1,50
5756,2,-3,0,-1,-4,1,4,1,-2,1,0,-1,54
5757,0,-1,2,1,-2,3,2,-1,0,3,-2,1,38
5758,2,-1,2,1,-2,-1,2,3,0,-1,2,-1,34
5759,4,1,4,3,0,1,0,1,2,1,0,1,50
5760,2,5,6,-1,2,-1,-2,-1,-2,-1,0,-1,82
5761,0,3,4,-3,0,-3,0,-3,0,1,-2,1,58
5762,-2,3,4,-3,0,1,-4,1,0,-3,2,-1,70
5763,0,1,2,-5,-2,-1,-2,-1,2,-1,0,1,46
5764,-2,1,4,-3,4,-3,0,1,-4,1,0,-1,74
5765,-4,3,2,-5,2,-5,2,-1,-2,3,-2,1,106
5766,-2,-1,2,-5,2,-1,-2,3,-2,-1,2,-1,62
5767,0,1,0,-7,0,-3,0,1,0,1,0,1,62
5768,-2,1,2,1,0,1,0,-3,0,-1,0,-1,22
5769,-4,-1,4,-1,-2,-1,2,-5,2,1,-2,1,78
5770,-6,3,0,-1,-2,3,-2,-1,2,-3,2,-1,82
5771,-4,1,2,-3,-4,1,0,-3,4,-1,0,1,74
5772,-2,-3,0,-1,2,-1,2,-1,-2,1,0,-1,30
5773,-4,-1,2,-3,0,-3,4,-3,0,3,-2,1,78
5774,-2,-1,-2,-3,0,1,0,1,0,-1,2,-1,26
5775,0,1,0,-5,-2,-1,2,-1,2,1,0,1,42
5776,-2,1,6,-5,4,1,-4,1,-2,-1,0,-1,106
5777,-4,-1,4,-3,2,-1,-2,-1,0,1,-2,1,58
5778,-6,-1,8,-7,2,3,-6,3,0,-3,2,-1,222
5779,-4,-3,6,-5,0,1,-4,1,2,-1,0,1,110
5780,-6,1,4,-7,6,-1,-2,3,-4,1,0,-1,170
5781,-8,3,2,-5,4,-3,0,1,-2,3,-2,1,146
5782,-6,-1,6,-9,4,1,-4,5,-2,-1,2,-1,222
5783,-4,1,4,-7,2,-1,-2,3,0,1,0,1,102
5784,-2,-3,2,-3,2,3,-2,-1,0,-1,0,-1,46
5785,-4,-5,4,-1,0,1,0,-3,2,1,-2,1,78
5786,-6,-1,4,-5,0,5,-4,1,2,-3,2,-1,138
5787,-4,-3,6,-3,-2,3,-2,-1,4,-1,0,1,106
5788,-2,-3,0,-5,4,1,0,1,-2,1,0,-1,62
5789,-4,-1,2,-3,2,-1,2,-1,0,3,-2,1,54
5790,-2,-1,2,-7,2,3,-2,3,0,-1,2,-1,90
5791,0,1,4,-5,0,1,0,1,2,1,0,1,50
5792,-2,5,2,-1,2,-3,0,-1,-2,-1,0,-1,54
5793,-4,3,0,-3,4,-5,2,-3,0,1,-2,1,94
5794,-6,3,0,1,0,-1,-2,1,0,-3,2,-1,66
5795,-4,1,-2,-1,2,-3,0,-1,2,-1,0,1,42
5796,-6,1,4,-3,4,-5,2,1,-4,1,0,-1,126
5797,-8,3,2,-5,6,-7,4,-1,-2,3,-2,1,222
5798,-6,-1,2,-1,2,-3,0,3,-2,-1,2,-1,74
5799,-4,1,0,-3,4,-5,2,1,0,1,0,1,74
5800,-6,5,-2,1,0,-1,2,-3,0,-1,0,-1,82
5801,-8,3,0,-1,2,-3,4,-5,2,1,-2,1,138
5802,-10,7,-4,3,-2,1,0,-1,2,-3,2,-1,198
5803,-8,5,-2,1,0,-1,2,-3,4,-1,0,1,126
5804,-6,1,0,-1,2,-3,4,-1,-2,1,0,-1,74
5805,-8,3,2,-3,4,-5,6,-3,0,3,-2,1,186
5806,-6,3,-2,1,0,-1,2,1,0,-1,2,-1,62
5807,-4,5,0,-1,2,-3,4,-1,2,1,0,1,78
5808,-2,1,2,-5,4,-1,-2,1,-2,-1,0,-1,62
5809,-4,-1,0,-3,6,-3,0,-1,0,1,-2,1,78
5810,-6,-1,4,-3,2,1,-4,3,0,-3,2,-1,106
5811,-4,-3,2,-1,4,-1,-2,1,2,-1,0,1,58
5812,-6,1,4,-7,6,-3,0,3,-4,1,0,-1,174
5813,-8,3,2,-5,8,-5,2,1,-2,3,-2,1,214
5814,-6,-1,6,-5,4,-1,-2,5,-2,-1,2,-1,154
5815,-4,1,4,-3,6,-3,0,3,0,1,0,1,98
5816,-2,1,-2,-3,2,1,0,-1,0,-1,0,-1,26
5817,-4,-1,0,-1,4,-1,2,-3,2,1,-2,1,58
5818,-6,3,0,-1,0,3,-2,1,2,-3,2,-1,78
5819,-4,1,2,1,2,1,0,-1,4,-1,0,1,46
5820,-2,1,0,-5,4,-1,2,1,-2,1,0,-1,58
5821,-4,3,2,-3,6,-3,4,-1,0,3,-2,1,114
5822,-2,3,2,-3,2,1,0,3,0,-1,2,-1,46
5823,0,5,4,-1,4,-1,2,1,2,1,0,1,70
5824,2,1,6,-1,-2,-1,-2,-1,-2,-1,0,-1,58
5825,0,-1,4,-3,-4,1,0,-3,0,1,-2,1,58
5826,-2,-1,4,-3,0,1,-4,1,0,-3,2,-1,62
5827,0,-3,2,-5,-2,3,-2,-1,2,-1,0,1,62
5828,-2,-3,4,1,0,-3,0,1,-4,1,0,-1,58
5829,-4,-1,2,-1,-2,-1,2,-1,-2,3,-2,1,50
5830,-2,-5,2,-1,2,-1,-2,3,-2,-1,2,-1,62
5831,0,-3,0,-3,0,1,0,1,0,1,0,1,22
5832,-2,-3,6,1,-4,1,0,-3,0,-1,0,-1,78
5833,-4,-5,8,-1,-6,3,2,-5,2,1,-2,1,190
5834,-6,-1,4,-1,-2,3,-2,-1,2,-3,2,-1,90
5835,-4,-3,6,-3,-4,5,0,-3,4,-1,0,1,138
5836,-2,-7,4,3,-2,-1,2,-1,-2,1,0,-1,94
5837,-4,-5,6,1,-4,1,4,-3,0,3,-2,1,134
5838,-2,-5,2,1,0,1,0,1,0,-1,2,-1,42
5839,0,-3,4,-1,-2,3,2,-1,2,1,0,1,50
5840,-2,1,6,-5,0,1,-4,1,-2,-1,0,-1,90
5841,-4,-1,4,-3,-2,3,-2,-1,0,1,-2,1,66
5842,-6,-1,8,-7,2,3,-6,3,0,-3,2,-1,222
5843,-4,-3,6,-5,0,5,-4,1,2,-1,0,1,134
5844,-6,1,4,-3,2,-1,-2,3,-4,1,0,-1,98
5845,-8,3,2,-1,0,1,0,1,-2,3,-2,1,98
5846,-6,-1,6,-5,4,1,-4,5,-2,-1,2,-1,166
5847,-4,1,4,-3,2,3,-2,3,0,1,0,1,70
5848,-2,-3,6,-3,-2,3,-2,-1,0,-1,0,-1,78
5849,-4,-5,8,-1,-4,5,0,-3,2,1,-2,1,166
5850,-6,-1,8,-5,0,5,-4,1,2,-3,2,-1,186
5851,-4,-3,10,-3,-2,7,-2,-1,4,-1,0,1,210
5852,-2,-3,4,-1,0,1,0,1,-2,1,0,-1,38
5853,-4,-1,6,1,-2,3,2,-1,0,3,-2,1,86
5854,-2,-1,6,-3,2,3,-2,3,0,-1,2,-1,82
5855,0,1,8,-1,0,5,0,1,2,1,0,1,98
5856,2,1,2,-1,-2,-3,0,-1,-2,-1,0,-1,30
5857,0,-1,0,-3,0,-1,2,-3,0,1,-2,1,30
5858,-2,-1,0,1,0,-1,-2,1,0,-3,2,-1,26
5859,0,-3,-2,-1,2,1,0,-1,2,-1,0,1,26
5860,-2,-3,4,1,0,-5,2,1,-4,1,0,-1,78
5861,-4,-1,2,-1,2,-3,4,-1,-2,3,-2,1,70
5862,-2,-5,2,3,2,-3,0,3,-2,-1,2,-1,74
5863,0,-3,0,1,4,-1,2,1,0,1,0,1,34
5864,-2,1,2,1,-4,-1,2,-3,0,-1,0,-1,42
5865,-4,-1,4,-1,-2,1,4,-5,2,1,-2,1,90
5866,-6,3,0,3,-2,1,0,-1,2,-3,2,-1,78
5867,-4,1,2,1,0,3,2,-3,4,-1,0,1,62
5868,-2,-3,4,3,-2,-3,4,-1,-2,1,0,-1,74
5869,-4,-1,6,1,0,-1,6,-3,0,3,-2,1,114
5870,-2,-1,2,5,0,-1,2,1,0,-1,2,-1,46
5871,0,1,4,3,2,1,4,-1,2,1,0,1,54
5872,2,1,2,-5,0,-1,-2,1,-2,-1,0,-1,46
5873,0,-1,0,-3,2,1,0,-1,0,1,-2,1,22
5874,-2,-1,4,-3,2,1,-4,3,0,-3,2,-1,74
5875,0,-3,2,-1,4,3,-2,1,2,-1,0,1,50
5876,-2,1,4,-3,2,-3,0,3,-4,1,0,-1,70
5877,-4,3,2,-1,4,-1,2,1,-2,3,-2,1,70
5878,-2,-1,6,-1,4,-1,-2,5,-2,-1,2,-1,98
5879,0,1,4,1,6,1,0,3,0,1,0,1,66
5880,2,1,2,-3,-2,1,0,-1,0,-1,0,-1,26
5881,0,-1,4,-1,0,3,2,-3,2,1,-2,1,50
5882,-2,3,4,-1,0,3,-2,1,2,-3,2,-1,62
5883,0,1,6,1,2,5,0,-1,4,-1,0,1,86
5884,2,1,4,-1,0,-1,2,1,-2,1,0,-1,34
5885,0,3,6,1,2,1,4,-1,0,3,-2,1,82
5886,2,3,6,1,2,1,0,3,0,-1,2,-1,70
5887,4,5,8,3,4,3,2,1,2,1,0,1,150
5888,6,5,2,3,0,-1,-2,-3,-2,-1,0,-1,94
5889,4,3,0,1,-2,-3,-4,-1,0,1,-2,1,62
5890,2,3,0,1,-2,-3,0,-1,0,-3,2,-1,42
5891,4,1,-2,-1,-4,-5,-2,1,2,-1,0,1,74
5892,2,1,0,1,-2,1,0,-1,-4,1,0,-1,30
5893,0,3,-2,-1,-4,-1,-2,1,-2,3,-2,1,54
5894,2,-1,-2,-1,-4,-1,2,1,-2,-1,2,-1,42
5895,4,1,-4,-3,-6,-3,0,3,0,1,0,1,98
5896,2,1,-2,1,2,1,0,-5,0,-1,0,-1,42
5897,0,-1,0,-1,0,-1,-2,-3,2,1,-2,1,26
5898,-2,3,-4,-1,0,-1,2,-3,2,-3,2,-1,62
5899,0,1,-2,-3,-2,-3,0,-1,4,-1,0,1,46
5900,2,-3,-4,-1,0,3,2,-3,-2,1,0,-1,58
5901,0,-1,-2,-3,-2,1,0,-1,0,3,-2,1,34
5902,2,-1,-6,-3,-2,1,4,-1,0,-1,2,-1,78
5903,4,1,-4,-5,-4,-1,2,1,2,1,0,1,86
5904,2,1,-2,3,2,1,-4,-1,-2,-1,0,-1,46
5905,0,-1,-4,5,0,-1,-6,1,0,1,-2,1,86
5906,-2,-1,0,1,0,-1,-2,1,0,-3,2,-1,26
5907,0,-3,-2,3,-2,-3,-4,3,2,-1,0,1,66
5908,-2,1,-4,1,0,3,-2,1,-4,1,0,-1,54
5909,-4,3,-6,3,-2,1,-4,3,-2,3,-2,1,118
5910,-2,-1,-2,-1,-2,1,0,3,-2,-1,2,-1,34
5911,0,1,-4,1,-4,-1,-2,5,0,1,0,1,66
5912,2,-3,-6,1,4,3,-2,-3,0,-1,0,-1,90
5913,0,-5,-4,3,2,1,-4,-1,2,1,-2,1,82
5914,-2,-1,-4,-1,2,1,0,-1,2,-3,2,-1,46
5915,0,-3,-2,1,0,-1,-2,1,4,-1,0,1,38
5916,2,-3,-8,-1,2,5,0,-1,-2,1,0,-1,114
5917,0,-1,-6,1,0,3,-2,1,0,3,-2,1,66
5918,2,-1,-6,-3,0,3,2,1,0,-1,2,-1,70
5919,4,1,-4,-1,-2,1,0,3,2,1,0,1,54
5920,2,1,2,3,0,-3,0,-3,-2,-1,0,-1,42
5921,0,-1,0,1,2,-5,-2,-1,0,1,-2,1,42
5922,-2,-1,0,5,-2,-5,2,-1,0,-3,2,-1,78
5923,0,-3,-2,3,0,-7,0,1,2,-1,0,1,78
5924,-2,-3,4,1,-2,-1,2,-1,-4,1,0,-1,58
5925,-4,-1,2,-1,0,-3,0,1,-2,3,-2,1,50
5926,-2,-5,2,3,-4,-3,4,1,-2,-1,2,-1,94
5927,0,-3,0,1,-2,-5,2,3,0,1,0,1,54
5928,-2,1,-2,1,2,-1,2,-5,0,-1,0,-1,46
5929,-4,-1,0,-1,4,-3,0,-3,2,1,-2,1,62
5930,-6,3,-4,3,0,-3,4,-3,2,-3,2,-1,122
5931,-4,1,-2,1,2,-5,2,-1,4,-1,0,1,74
5932,-2,-3,0,-1,0,1,4,-3,-2,1,0,-1,46
5933,-4,-1,2,-3,2,-1,2,-1,0,3,-2,1,54
5934,-2,-1,-2,1,-2,-1,6,-1,0,-1,2,-1,58
5935,0,1,0,-1,0,-3,4,1,2,1,0,1,34
5936,2,-3,-2,3,2,-1,-2,-1,-2,-1,0,-1,42
5937,0,-5,-4,5,4,-3,-4,1,0,1,-2,1,114
5938,-2,-5,0,5,0,-3,0,1,0,-3,2,-1,78
5939,0,-7,-2,7,2,-5,-2,3,2,-1,0,1,150
5940,-2,-3,0,1,0,1,0,1,-4,1,0,-1,34
5941,-4,-1,-2,3,2,-1,-2,3,-2,3,-2,1,66
5942,-2,-5,2,3,-2,-1,2,3,-2,-1,2,-1,70
5943,0,-3,0,5,0,-3,0,5,0,1,0,1,70
5944,2,-3,-6,1,4,1,0,-3,0,-1,0,-1,78
5945,0,-5,-4,3,6,-1,-2,-1,2,1,-2,1,102
5946,-2,-1,-4,3,2,-1,2,-1,2,-3,2,-1,58
5947,0,-3,-2,5,4,-3,0,1,4,-1,0,1,82
5948,2,-3,-4,-1,2,3,2,-1,-2,1,0,-1,54
5949,0,-1,-2,1,4,1,0,1,0,3,-2,1,38
5950,2,-1,-2,1,0,1,4,1,0,-1,2,-1,34
5951,4,1,0,3,2,-1,2,3,2,1,0,1,50
5952,2,5,2,3,-4,-1,-2,-3,-2,-1,0,-1,78
5953,0,3,0,1,-6,1,-4,-1,0,1,-2,1,70
5954,-2,3,0,1,-2,-3,0,-1,0,-3,2,-1,42
5955,0,1,-2,-1,-4,-1,-2,1,2,-1,0,1,34
5956,-2,1,0,5,-6,1,0,-1,-4,1,0,-1,86
5957,-4,3,-2,3,-8,3,-2,1,-2,3,-2,1,134
5958,-2,-1,-2,3,-4,-1,2,1,-2,-1,2,-1,50
5959,0,1,-4,1,-6,1,0,3,0,1,0,1,66
5960,-2,1,2,1,-2,1,0,-5,0,-1,0,-1,42
5961,-4,-1,4,-1,-4,3,-2,-3,2,1,-2,1,82
5962,-6,3,0,-1,0,-1,2,-3,2,-3,2,-1,78
5963,-4,1,2,-3,-2,1,0,-1,4,-1,0,1,54
5964,-2,-3,0,3,-4,3,2,-3,-2,1,0,-1,66
5965,-4,-1,2,1,-6,5,0,-1,0,3,-2,1,98
5966,-2,-1,-2,1,-2,1,4,-1,0,-1,2,-1,38
5967,0,1,0,-1,-4,3,2,1,2,1,0,1,38
5968,-2,5,-2,3,-2,1,-4,-1,-2,-1,0,-1,70
5969,-4,3,-4,5,-4,3,-6,1,0,1,-2,1,134
5970,-6,3,0,1,0,-1,-2,1,0,-3,2,-1,66
5971,-4,1,-2,3,-2,1,-4,3,2,-1,0,1,66
5972,-6,5,-4,5,-4,3,-2,1,-4,1,0,-1,150
5973,-8,7,-6,7,-6,5,-4,3,-2,3,-2,1,302
5974,-6,3,-2,3,-2,1,0,3,-2,-1,2,-1,82
5975,-4,5,-4,5,-4,3,-2,5,0,1,0,1,138
5976,-2,1,-2,1,0,3,-2,-3,0,-1,0,-1,34
5977,-4,-1,0,3,-2,5,-4,-1,2,1,-2,1,82
5978,-6,3,0,-1,2,1,0,-1,2,-3,2,-1,70
5979,-4,1,2,1,0,3,-2,1,4,-1,0,1,54
5980,-2,1,-4,3,-2,5,0,-1,-2,1,0,-1,66
5981,-4,3,-2,5,-4,7,-2,1,0,3,-2,1,138
5982,-2,3,-2,1,0,3,2,1,0,-1,2,-1,38
5983,0,5,0,3,-2,5,0,3,2,1,0,1,78
5984,2,1,2,3,-4,-3,0,-3,-2,-1,0,-1,58
5985,0,-1,0,1,-2,-1,-2,-1,0,1,-2,1,18
5986,-2,-1,0,5,-2,-5,2,-1,0,-3,2,-1,78
5987,0,-3,-2,3,0,-3,0,1,2,-1,0,1,38
5988,-2,-3,4,5,-6,-1,2,-1,-4,1,0,-1,114
5989,-4,-1,2,3,-4,1,0,1,-2,3,-2,1,66
5990,-2,-5,2,7,-4,-3,4,1,-2,-1,2,-1,134
5991,0,-3,0,5,-2,-1,2,3,0,1,0,1,54
5992,-2,1,2,1,-2,-1,2,-5,0,-1,0,-1,46
5993,-4,-1,4,-1,0,1,0,-3,2,1,-2,1,54
5994,-6,3,0,3,0,-3,4,-3,2,-3,2,-1,106
5995,-4,1,2,1,2,-1,2,-1,4,-1,0,1,50
5996,-2,-3,4,3,-4,1,4,-3,-2,1,0,-1,86
5997,-4,-1,6,1,-2,3,2,-1,0,3,-2,1,86
5998,-2,-1,2,5,-2,-1,6,-1,0,-1,2,-1,82
5999,0,1,4,3,0,1,4,1,2,1,0,1,50
6000,2,1,-2,3,-2,-1,-2,-1,-2,-1,0,-1,34
6001,0,-1,-4,5,0,1,-4,1,0,1,-2,1,66
6002,-2,-1,0,5,0,-3,0,1,0,-3,2,-1,54
6003,0,-3,-2,7,2,-1,-2,3,2,-1,0,1,86
6004,-2,1,0,5,-4,1,0,1,-4,1,0,-1,66
6005,-4,3,-2,7,-2,3,-2,3,-2,3,-2,1,122
6006,-2,-1,2,7,-2,-1,2,3,-2,-1,2,-1,86
6007,0,1,0,9,0,1,0,5,0,1,0,1,110
6008,2,1,-2,1,0,1,0,-3,0,-1,0,-1,22
6009,0,-1,0,3,2,3,-2,-1,2,1,-2,1,38
6010,-2,3,0,3,2,-1,2,-1,2,-3,2,-1,50
6011,0,1,2,5,4,1,0,1,4,-1,0,1,66
6012,2,1,0,3,-2,3,2,-1,-2,1,0,-1,38
6013,0,3,2,5,0,5,0,1,0,3,-2,1,78
6014,2,3,2,5,0,1,4,1,0,-1,2,-1,66
6015,4,5,4,7,2,3,2,3,2,1,0,1,138
6016,6,5,2,-1,0,-3,-4,-3,-2,-1,0,-1,106
6017,4,3,0,-3,-2,-5,-2,-1,0,1,-2,1,74
6018,2,3,0,-3,-2,-1,-2,-1,0,-3,2,-1,46
6019,4,1,-2,-5,-4,-3,0,1,2,-1,0,1,78
6020,2,1,0,-3,2,-1,-2,-1,-4,1,0,-1,42
6021,0,3,-2,-5,0,-3,0,1,-2,3,-2,1,66
6022,2,-1,-2,-5,0,1,0,1,-2,-1,2,-1,46
6023,4,1,-4,-7,-2,-1,2,3,0,1,0,1,102
6024,2,1,-2,1,2,-1,-2,-5,0,-1,0,-1,46
6025,0,-1,0,-1,0,-3,0,-3,2,1,-2,1,30
6026,-2,3,-4,-1,0,1,0,-3,2,-3,2,-1,58
6027,0,1,-2,-3,-2,-1,2,-1,4,-1,0,1,42
6028,2,-3,-4,-1,4,1,0,-3,-2,1,0,-1,62
6029,0,-1,-2,-3,2,-1,2,-1,0,3,-2,1,38
6030,2,-1,-6,-3,2,3,2,-1,0,-1,2,-1,74
6031,4,1,-4,-5,0,1,4,1,2,1,0,1,82
6032,2,1,2,-1,2,-1,-6,-1,-2,-1,0,-1,58
6033,0,-1,0,1,0,-3,-4,1,0,1,-2,1,34
6034,-2,-1,4,-3,0,1,-4,1,0,-3,2,-1,62
6035,0,-3,2,-1,-2,-1,-2,3,2,-1,0,1,38
6036,-2,1,0,-3,4,1,-4,1,-4,1,0,-1,66
6037,-4,3,-2,-1,2,-1,-2,3,-2,3,-2,1,66
6038,-2,-1,2,-5,2,3,-2,3,-2,-1,2,-1,70
6039,0,1,0,-3,0,1,0,5,0,1,0,1,38
6040,2,-3,-2,1,4,1,-4,-3,0,-1,0,-1,62
6041,0,-5,0,3,2,-1,-2,-1,2,1,-2,1,54
6042,-2,-1,0,-1,2,3,-2,-1,2,-3,2,-1,42
6043,0,-3,2,1,0,1,0,1,4,-1,0,1,34
6044,2,-3,-4,-1,6,3,-2,-1,-2,1,0,-1,86
6045,0,-1,-2,1,4,1,0,1,0,3,-2,1,38
6046,2,-1,-2,-3,4,5,0,1,0,-1,2,-1,66
6047,4,1,0,-1,2,3,2,3,2,1,0,1,50
6048,2,5,2,-1,0,-5,-2,-3,-2,-1,0,-1,78
6049,0,3,0,-3,2,-7,0,-1,0,1,-2,1,78
6050,-2,3,0,1,-2,-3,0,-1,0,-3,2,-1,42
6051,0,1,-2,-1,0,-5,2,1,2,-1,0,1,42
6052,-2,1,4,-3,2,-3,0,-1,-4,1,0,-1,62
6053,-4,3,2,-5,4,-5,2,1,-2,3,-2,1,118
6054,-2,-1,2,-1,0,-1,2,1,-2,-1,2,-1,26
6055,0,1,0,-3,2,-3,4,3,0,1,0,1,50
6056,-2,5,-2,1,2,-3,0,-5,0,-1,0,-1,74
6057,-4,3,0,-1,4,-5,2,-3,2,1,-2,1,90
6058,-6,7,-4,3,0,-1,2,-3,2,-3,2,-1,142
6059,-4,5,-2,1,2,-3,4,-1,4,-1,0,1,94
6060,-2,1,0,-1,4,-1,2,-3,-2,1,0,-1,42
6061,-4,3,2,-3,6,-3,4,-1,0,3,-2,1,114
6062,-2,3,-2,1,2,1,4,-1,0,-1,2,-1,46
6063,0,5,0,-1,4,-1,6,1,2,1,0,1,86
6064,2,1,2,-1,2,-3,-4,-1,-2,-1,0,-1,46
6065,0,-1,0,1,4,-5,-2,1,0,1,-2,1,54
6066,-2,-1,4,1,0,-1,-2,1,0,-3,2,-1,42
6067,0,-3,2,3,2,-3,0,3,2,-1,0,1,50
6068,-2,1,4,-3,4,-1,-2,1,-4,1,0,-1,70
6069,-4,3,2,-1,6,-3,0,3,-2,3,-2,1,102
6070,-2,-1,6,-1,2,1,0,3,-2,-1,2,-1,66
6071,0,1,4,1,4,-1,2,5,0,1,0,1,66
6072,2,1,-2,1,4,-1,-2,-3,0,-1,0,-1,42
6073,0,-1,0,3,6,-3,0,-1,2,1,-2,1,66
6074,-2,3,0,3,2,1,0,-1,2,-3,2,-1,46
6075,0,1,2,5,4,-1,2,1,4,-1,0,1,70
6076,2,1,0,-1,6,1,0,-1,-2,1,0,-1,50
6077,0,3,2,1,8,-1,2,1,0,3,-2,1,98
6078,2,3,2,1,4,3,2,1,0,-1,2,-1,54
6079,4,5,4,3,6,1,4,3,2,1,0,1,134
6080,6,5,2,-1,-4,-3,-4,-3,-2,-1,0,-1,122
6081,4,3,0,-3,-6,-1,-2,-1,0,1,-2,1,82
6082,2,3,0,-3,-2,-1,-2,-1,0,-3,2,-1,46
6083,4,1,-2,-5,-4,1,0,1,2,-1,0,1,70
6084,2,1,0,1,-2,-1,-2,-1,-4,1,0,-1,34
6085,0,3,-2,-1,-4,1,0,1,-2,3,-2,1,50
6086,2,-1,-2,-1,0,1,0,1,-2,-1,2,-1,22
6087,4,1,-4,-3,-2,3,2,3,0,1,0,1,70
6088,2,1,2,1,-2,-1,-2,-5,0,-1,0,-1,46
6089,0,-1,4,-1,-4,1,0,-3,2,1,-2,1,54
6090,-2,3,0,-1,0,1,0,-3,2,-3,2,-1,42
6091,0,1,2,-3,-2,3,2,-1,4,-1,0,1,50
6092,2,-3,0,3,0,1,0,-3,-2,1,0,-1,38
6093,0,-1,2,1,-2,3,2,-1,0,3,-2,1,38
6094,2,-1,-2,1,2,3,2,-1,0,-1,2,-1,34
6095,4,1,0,-1,0,5,4,1,2,1,0,1,66
6096,2,5,2,-1,-2,-1,-6,-1,-2,-1,0,-1,82
6097,0,3,0,1,-4,1,-4,1,0,1,-2,1,50
6098,-2,3,4,-3,0,1,-4,1,0,-3,2,-1,70
6099,0,1,2,-1,-2,3,-2,3,2,-1,0,1,38
6100,-2,5,0,1,0,1,-4,1,-4,1,0,-1,66
6101,-4,7,-2,3,-2,3,-2,3,-2,3,-2,1,122
6102,-2,3,2,-1,2,3,-2,3,-2,-1,2,-1,54
6103,0,5,0,1,0,5,0,5,0,1,0,1,78
6104,2,1,2,1,0,1,-4,-3,0,-1,0,-1,38
6105,0,-1,4,3,-2,3,-2,-1,2,1,-2,1,54
6106,-2,3,4,-1,2,3,-2,-1,2,-3,2,-1,66
6107,0,1,6,1,0,5,0,1,4,-1,0,1,82
6108,2,1,0,3,2,3,-2,-1,-2,1,0,-1,38
6109,0,3,2,5,0,5,0,1,0,3,-2,1,78
6110,2,3,2,1,4,5,0,1,0,-1,2,-1,66
6111,4,5,4,3,2,7,2,3,2,1,0,1,138
6112,6,5,2,-1,-4,-5,-2,-3,-2,-1,0,-1,126
6113,4,3,0,-3,-2,-3,0,-1,0,1,-2,1,54
6114,2,3,0,1,-2,-3,0,-1,0,-3,2,-1,42
6115,4,1,-2,-1,0,-1,2,1,2,-1,0,1,34
6116,2,1,4,1,-2,-3,0,-1,-4,1,0,-1,54
6117,0,3,2,-1,0,-1,2,1,-2,3,-2,1,38
6118,2,-1,2,3,0,-1,2,1,-2,-1,2,-1,34
6119,4,1,0,1,2,1,4,3,0,1,0,1,50
6120,2,5,2,1,-2,-3,0,-5,0,-1,0,-1,74
6121,0,3,4,-1,0,-1,2,-3,2,1,-2,1,50
6122,-2,7,0,3,0,-1,2,-3,2,-3,2,-1,94
6123,0,5,2,1,2,1,4,-1,4,-1,0,1,70
6124,2,1,4,3,0,-1,2,-3,-2,1,0,-1,50
6125,0,3,6,1,2,1,4,-1,0,3,-2,1,82
6126,2,3,2,5,2,1,4,-1,0,-1,2,-1,70
6127,4,5,4,3,4,3,6,1,2,1,0,1,134
6128,6,5,2,-1,-2,-3,-4,-1,-2,-1,0,-1,102
6129,4,3,0,1,0,-1,-2,1,0,1,-2,1,38
6130,2,3,4,1,0,-1,-2,1,0,-3,2,-1,50
6131,4,1,2,3,2,1,0,3,2,-1,0,1,50
6132,2,5,4,1,0,-1,-2,1,-4,1,0,-1,70
6133,0,7,2,3,2,1,0,3,-2,3,-2,1,94
6134,2,3,6,3,2,1,0,3,-2,-1,2,-1,82
6135,4,5,4,5,4,3,2,5,0,1,0,1,138
6136,6,5,2,1,0,-1,-2,-3,0,-1,0,-1,82
6137,4,3,4,3,2,1,0,-1,2,1,-2,1,66
6138,2,7,4,3,2,1,0,-1,2,-3,2,-1,102
6139,4,5,6,5,4,3,2,1,4,-1,0,1,150
6140,6,5,4,3,2,1,0,-1,-2,1,0,-1,98
6141,4,7,6,5,4,3,2,1,0,3,-2,1,170
6142,6,7,6,5,4,3,2,1,0,-1,2,-1,182
6143,8,9,8,7,6,5,4,3,2,1,0,1,350
6144,10,7,6,5,4,3,2,1,0,-1,-2,-1,246
6145,8,5,4,3,2,1,0,-1,-2,-3,0,1,134
6146,6,5,4,3,2,1,0,-1,-2,1,0,-1,98
6147,8,3,2,1,0,-1,-2,-3,-4,-1,2,1,114
6148,6,3,4,3,2,1,0,-1,2,1,-2,-1,86
6149,4,5,2,1,0,-1,-2,-3,0,-1,0,1,62
6150,6,1,2,1,0,-1,-2,-3,0,3,0,-1,66
6151,8,3,0,-1,-2,-3,-4,-5,-2,1,2,1,138
6152,6,3,2,3,2,1,0,3,2,-1,-2,-1,82
6153,4,1,4,1,0,-1,-2,1,0,-3,0,1,50
6154,2,5,0,1,0,-1,-2,1,0,1,0,-1,38
6155,4,3,2,-1,-2,-3,-4,-1,-2,-1,2,1,70
6156,6,-1,0,1,0,-1,-2,1,4,1,-2,-1,66
6157,4,1,2,-1,-2,-3,-4,-1,2,-1,0,1,58
6158,6,1,-2,-1,-2,-3,-4,-1,2,3,0,-1,86
6159,8,3,0,-3,-4,-5,-6,-3,0,1,2,1,174
6160,6,3,2,1,2,1,4,3,0,-1,-2,-1,86
6161,4,1,0,3,0,-1,2,1,-2,-3,0,1,46
6162,2,1,4,-1,0,-1,2,1,-2,1,0,-1,34
6163,4,-1,2,1,-2,-3,0,-1,-4,-1,2,1,58
6164,2,3,0,-1,0,-1,2,1,2,1,-2,-1,30
6165,0,5,-2,1,-2,-3,0,-1,0,-1,0,1,46
6166,2,1,2,-3,-2,-3,0,-1,0,3,0,-1,42
6167,4,3,0,-1,-4,-5,-2,-3,-2,1,2,1,90
6168,6,-1,-2,-1,0,-1,2,5,2,-1,-2,-1,82
6169,4,-3,0,1,-2,-3,0,3,0,-3,0,1,58
6170,2,1,0,-3,-2,-3,0,3,0,1,0,-1,38
6171,4,-1,2,-1,-4,-5,-2,1,-2,-1,2,1,78
6172,6,-1,-4,-3,-2,-3,0,3,4,1,-2,-1,106
6173,4,1,-2,-1,-4,-5,-2,1,2,-1,0,1,74
6174,6,1,-2,-5,-4,-5,-2,1,2,3,0,-1,126
6175,8,3,0,-3,-6,-7,-4,-1,0,1,2,1,190
6176,6,3,2,1,0,5,4,1,0,-1,-2,-1,98
6177,4,1,0,-1,2,3,2,-1,-2,-3,0,1,50
6178,2,1,0,3,-2,3,2,-1,-2,1,0,-1,38
6179,4,-1,-2,1,0,1,0,-3,-4,-1,2,1,54
6180,2,-1,4,-1,-2,3,2,-1,2,1,-2,-1,50
6181,0,1,2,-3,0,1,0,-3,0,-1,0,1,26
6182,2,-3,2,1,-4,1,0,-3,0,3,0,-1,54
6183,4,-1,0,-1,-2,-1,-2,-5,-2,1,2,1,62
6184,2,3,-2,-1,-2,3,2,3,2,-1,-2,-1,54
6185,0,1,0,-3,0,1,0,1,0,-3,0,1,22
6186,-2,5,-4,1,-4,1,0,1,0,1,0,-1,66
6187,0,3,-2,-1,-2,-1,-2,-1,-2,-1,2,1,34
6188,2,-1,0,-3,-4,1,0,1,4,1,-2,-1,54
6189,0,1,2,-5,-2,-1,-2,-1,2,-1,0,1,46
6190,2,1,-2,-1,-6,-1,-2,-1,2,3,0,-1,66
6191,4,3,0,-3,-4,-3,-4,-3,0,1,2,1,90
6192,6,-1,-2,-3,-2,3,6,3,0,-1,-2,-1,114
6193,4,-3,-4,-1,0,1,4,1,-2,-3,0,1,74
6194,2,-3,0,-1,-4,1,4,1,-2,1,0,-1,54
6195,4,-5,-2,1,-2,-1,2,-1,-4,-1,2,1,78
6196,2,-1,0,-5,-4,1,4,1,2,1,-2,-1,74
6197,0,1,-2,-3,-2,-1,2,-1,0,-1,0,1,26
6198,2,-3,2,-3,-6,-1,2,-1,0,3,0,-1,78
6199,4,-1,0,-1,-4,-3,0,-3,-2,1,2,1,62
6200,6,-1,-6,-5,-4,1,4,5,2,-1,-2,-1,166
6201,4,-3,-4,-3,-2,-1,2,3,0,-3,0,1,78
6202,2,1,-4,-3,-6,-1,2,3,0,1,0,-1,82
6203,4,-1,-2,-1,-4,-3,0,1,-2,-1,2,1,58
6204,6,-1,-4,-7,-6,-1,2,3,4,1,-2,-1,174
6205,4,1,-2,-5,-4,-3,0,1,2,-1,0,1,78
6206,6,1,-2,-5,-8,-3,0,1,2,3,0,-1,154
6207,8,3,0,-3,-6,-5,-2,-1,0,1,2,1,154
6208,6,3,2,1,4,3,2,1,0,-1,-2,-1,86
6209,4,1,0,-1,2,5,0,-1,-2,-3,0,1,62
6210,2,1,0,-1,6,1,0,-1,-2,1,0,-1,50
6211,4,-1,-2,-3,4,3,-2,-3,-4,-1,2,1,90
6212,2,-1,0,3,2,1,0,-1,2,1,-2,-1,30
6213,0,1,-2,1,0,3,-2,-3,0,-1,0,1,30
6214,2,-3,-2,1,4,-1,-2,-3,0,3,0,-1,58
6215,4,-1,-4,-1,2,1,-4,-5,-2,1,2,1,90
6216,2,-1,2,-1,2,1,0,3,2,-1,-2,-1,34
6217,0,-3,4,-3,0,3,-2,1,0,-3,0,1,58
6218,-2,1,0,-3,4,-1,-2,1,0,1,0,-1,38
6219,0,-1,2,-5,2,1,-4,-1,-2,-1,2,1,62
6220,2,-5,0,1,0,-1,-2,1,4,1,-2,-1,58
6221,0,-3,2,-1,-2,1,-4,-1,2,-1,0,1,42
6222,2,-3,-2,-1,2,-3,-4,-1,2,3,0,-1,62
6223,4,-1,0,-3,0,-1,-6,-3,0,1,2,1,78
6224,2,3,-2,-3,2,1,4,3,0,-1,-2,-1,62
6225,0,1,-4,-1,0,3,2,1,-2,-3,0,1,46
6226,-2,1,0,-5,4,-1,2,1,-2,1,0,-1,58
6227,0,-1,-2,-3,2,1,0,-1,-4,-1,2,1,42
6228,-2,3,-4,-1,0,-1,2,1,2,1,-2,-1,46
6229,-4,5,-6,1,-2,1,0,-1,0,-1,0,1,86
6230,-2,1,-2,-3,2,-3,0,-1,0,3,0,-1,42
6231,0,3,-4,-1,0,-1,-2,-3,-2,1,2,1,50
6232,2,-1,-2,-5,0,-1,2,5,2,-1,-2,-1,74
6233,0,-3,0,-3,-2,1,0,3,0,-3,0,1,42
6234,-2,1,0,-7,2,-3,0,3,0,1,0,-1,78
6235,0,-1,2,-5,0,-1,-2,1,-2,-1,2,1,46
6236,2,-1,-4,-3,-2,-3,0,3,4,1,-2,-1,74
6237,0,1,-2,-1,-4,-1,-2,1,2,-1,0,1,34
6238,2,1,-2,-5,0,-5,-2,1,2,3,0,-1,78
6239,4,3,0,-3,-2,-3,-4,-1,0,1,2,1,70
6240,6,-1,-2,-3,0,5,4,1,0,-1,-2,-1,98
6241,4,-3,-4,-5,2,7,2,-1,-2,-3,0,1,138
6242,2,-3,-4,-1,2,3,2,-1,-2,1,0,-1,54
6243,4,-5,-6,-3,4,5,0,-3,-4,-1,2,1,158
6244,2,-5,0,-1,-2,3,2,-1,2,1,-2,-1,58
6245,0,-3,-2,-3,0,5,0,-3,0,-1,0,1,58
6246,2,-7,-2,1,0,1,0,-3,0,3,0,-1,78
6247,4,-5,-4,-1,2,3,-2,-5,-2,1,2,1,110
6248,2,-1,-2,-5,-2,3,2,3,2,-1,-2,-1,70
6249,0,-3,0,-7,0,5,0,1,0,-3,0,1,94
6250,-2,1,-4,-3,0,1,0,1,0,1,0,-1,34
6251,0,-1,-2,-5,2,3,-2,-1,-2,-1,2,1,58
6252,2,-5,0,-3,-4,1,0,1,4,1,-2,-1,78
6253,0,-3,2,-5,-2,3,-2,-1,2,-1,0,1,62
6254,2,-3,-2,-1,-2,-1,-2,-1,2,3,0,-1,42
6255,4,-1,0,-3,0,1,-4,-3,0,1,2,1,58
6256,6,-1,-6,-7,-2,3,6,3,0,-1,-2,-1,186
6257,4,-3,-8,-5,0,5,4,1,-2,-3,0,1,170
6258,2,-3,-4,-5,0,1,4,1,-2,1,0,-1,78
6259,4,-5,-6,-3,2,3,2,-1,-4,-1,2,1,126
6260,2,-1,-4,-5,-4,1,4,1,2,1,-2,-1,90
6261,0,1,-6,-3,-2,3,2,-1,0,-1,0,1,66
6262,2,-3,-2,-3,-2,-1,2,-1,0,3,0,-1,46
6263,4,-1,-4,-1,0,1,0,-3,-2,1,2,1,54
6264,6,-1,-6,-9,-4,1,4,5,2,-1,-2,-1,222
6265,4,-3,-4,-7,-2,3,2,3,0,-3,0,1,126
6266,2,1,-4,-7,-2,-1,2,3,0,1,0,-1,90
6267,4,-1,-2,-5,0,1,0,1,-2,-1,2,1,58
6268,6,-1,-4,-7,-6,-1,2,3,4,1,-2,-1,174
6269,4,1,-2,-5,-4,1,0,1,2,-1,0,1,70
6270,6,1,-2,-5,-4,-3,0,1,2,3,0,-1,106
6271,8,3,0,-3,-2,-1,-2,-1,0,1,2,1,98
6272,6,3,2,5,4,1,0,1,0,-1,-2,-1,98
6273,4,1,0,3,2,-1,2,-1,-2,-3,0,1,50
6274,2,1,0,3,2,3,-2,-1,-2,1,0,-1,38
6275,4,-1,-2,1,0,1,0,-3,-4,-1,2,1,54
6276,2,-1,0,3,6,-1,-2,-1,2,1,-2,-1,66
6277,0,1,-2,1,4,-3,0,-3,0,-1,0,1,42
6278,2,-3,-2,1,4,1,-4,-3,0,3,0,-1,70
6279,4,-1,-4,-1,2,-1,-2,-5,-2,1,2,1,78
6280,2,-1,-2,7,2,-1,-2,3,2,-1,-2,-1,86
6281,0,-3,0,5,0,-3,0,1,0,-3,0,1,54
6282,-2,1,-4,5,0,1,-4,1,0,1,0,-1,66
6283,0,-1,-2,3,-2,-1,-2,-1,-2,-1,2,1,34
6284,2,-5,-4,5,4,-3,-4,1,4,1,-2,-1,134
6285,0,-3,-2,3,2,-5,-2,-1,2,-1,0,1,62
6286,2,-3,-6,3,2,-1,-6,-1,2,3,0,-1,114
6287,4,-1,-4,1,0,-3,-4,-3,0,1,2,1,74
6288,2,-1,2,1,2,-1,2,3,0,-1,-2,-1,34
6289,0,-3,0,3,0,-3,4,1,-2,-3,0,1,58
6290,-2,-3,4,-1,0,1,0,1,-2,1,0,-1,38
6291,0,-5,2,1,-2,-1,2,-1,-4,-1,2,1,62
6292,-2,-1,0,-1,4,-3,0,1,2,1,-2,-1,42
6293,-4,1,-2,1,2,-5,2,-1,0,-1,0,1,58
6294,-2,-3,2,-3,2,-1,-2,-1,0,3,0,-1,46
6295,0,-1,0,-1,0,-3,0,-3,-2,1,2,1,30
6296,2,-5,-2,3,0,-3,0,5,2,-1,-2,-1,86
6297,0,-7,0,5,-2,-5,2,3,0,-3,0,1,126
6298,-2,-3,0,1,-2,-1,-2,3,0,1,0,-1,34
6299,0,-5,2,3,-4,-3,0,1,-2,-1,2,1,74
6300,2,-5,-4,1,2,-5,-2,3,4,1,-2,-1,110
6301,0,-3,-2,3,0,-7,0,1,2,-1,0,1,78
6302,2,-3,-2,-1,0,-3,-4,1,2,3,0,-1,58
6303,4,-1,0,1,-2,-5,-2,-1,0,1,2,1,58
6304,2,3,-2,1,0,3,2,1,0,-1,-2,-1,38
6305,0,1,-4,-1,2,1,4,-1,-2,-3,0,1,54
6306,-2,1,-4,3,-2,5,0,-1,-2,1,0,-1,66
6307,0,-1,-6,1,0,3,2,-3,-4,-1,2,1,82
6308,-2,-1,0,-1,2,1,0,-1,2,1,-2,-1,22
6309,-4,1,-2,-3,4,-1,2,-3,0,-1,0,1,62
6310,-2,-3,-2,1,0,3,-2,-3,0,3,0,-1,50
6311,0,-1,-4,-1,2,1,0,-5,-2,1,2,1,58
6312,-2,3,-6,3,-2,1,0,3,2,-1,-2,-1,82
6313,-4,1,-4,1,0,-1,2,1,0,-3,0,1,50
6314,-6,5,-8,5,-4,3,-2,1,0,1,0,-1,182
6315,-4,3,-6,3,-2,1,0,-1,-2,-1,2,1,86
6316,-2,-1,-4,1,0,-1,-2,1,4,1,-2,-1,50
6317,-4,1,-2,-1,2,-3,0,-1,2,-1,0,1,42
6318,-2,1,-6,3,-2,1,-4,-1,2,3,0,-1,86
6319,0,3,-4,1,0,-1,-2,-3,0,1,2,1,46
6320,2,-1,-2,-3,-2,1,4,3,0,-1,-2,-1,54
6321,0,-3,-4,-1,0,-1,6,1,-2,-3,0,1,78
6322,-2,-3,0,-1,-4,3,2,1,-2,1,0,-1,50
6323,0,-5,-2,1,-2,1,4,-1,-4,-1,2,1,74
6324,-2,-1,0,-5,0,-1,2,1,2,1,-2,-1,46
6325,-4,1,-2,-3,2,-3,4,-1,0,-1,0,1,62
6326,-2,-3,2,-3,-2,1,0,-1,0,3,0,-1,42
6327,0,-1,0,-1,0,-1,2,-3,-2,1,2,1,26
6328,2,-1,-6,-1,-4,-1,2,5,2,-1,-2,-1,98
6329,0,-3,-4,1,-2,-3,4,3,0,-3,0,1,74
6330,-2,1,-4,1,-6,1,0,3,0,1,0,-1,70
6331,0,-1,-2,3,-4,-1,2,1,-2,-1,2,1,46
6332,2,-1,-4,-3,-2,-3,0,3,4,1,-2,-1,74
6333,0,1,-2,-1,0,-5,2,1,2,-1,0,1,42
6334,2,1,-2,-1,-4,-1,-2,1,2,3,0,-1,46
6335,4,3,0,1,-2,-3,0,-1,0,1,2,1,46
6336,6,-1,-2,1,4,1,0,1,0,-1,-2,-1,66
6337,4,-3,-4,-1,2,3,2,-1,-2,-3,0,1,74
6338,2,-3,-4,-1,6,3,-2,-1,-2,1,0,-1,86
6339,4,-5,-6,-3,4,5,0,-3,-4,-1,2,1,158
6340,2,-5,-4,3,6,-1,-2,-1,2,1,-2,-1,106
6341,0,-3,-6,1,4,1,0,-3,0,-1,0,1,74
6342,2,-7,-6,1,8,1,-4,-3,0,3,0,-1,190
6343,4,-5,-8,-1,6,3,-2,-5,-2,1,2,1,190
6344,2,-5,-2,3,2,-1,-2,3,2,-1,-2,-1,70
6345,0,-7,0,1,0,1,0,1,0,-3,0,1,62
6346,-2,-3,-4,1,4,1,-4,1,0,1,0,-1,66
6347,0,-5,-2,-1,2,3,-2,-1,-2,-1,2,1,58
6348,2,-9,-4,5,4,-3,-4,1,4,1,-2,-1,190
6349,0,-7,-2,3,2,-1,-2,-1,2,-1,0,1,78
6350,2,-7,-6,3,6,-1,-6,-1,2,3,0,-1,186
6351,4,-5,-4,1,4,1,-4,-3,0,1,2,1,106
6352,2,-1,-2,-3,2,-1,2,3,0,-1,-2,-1,42
6353,0,-3,-4,-1,0,1,4,1,-2,-3,0,1,58
6354,-2,-3,0,-5,4,1,0,1,-2,1,0,-1,62
6355,0,-5,-2,-3,2,3,2,-1,-4,-1,2,1,78
6356,-2,-1,-4,-1,4,-3,0,1,2,1,-2,-1,58
6357,-4,1,-6,1,2,-1,2,-1,0,-1,0,1,66
6358,-2,-3,-2,-3,6,-1,-2,-1,0,3,0,-1,78
6359,0,-1,-4,-1,4,1,0,-3,-2,1,2,1,54
6360,2,-5,-2,-1,0,-3,0,5,2,-1,-2,-1,78
6361,0,-7,0,1,-2,-1,2,3,0,-3,0,1,78
6362,-2,-3,0,-3,2,-1,-2,3,0,1,0,-1,42
6363,0,-5,2,-1,0,1,0,1,-2,-1,2,1,42
6364,2,-5,-4,1,2,-5,-2,3,4,1,-2,-1,110
6365,0,-3,-2,3,0,-3,0,1,2,-1,0,1,38
6366,2,-3,-2,-1,4,-3,-4,1,2,3,0,-1,74
6367,4,-1,0,1,2,-1,-2,-1,0,1,2,1,34
6368,6,-1,-6,-3,0,3,2,1,0,-1,-2,-1,102
6369,4,-3,-8,-5,2,5,4,-1,-2,-3,0,1,174
6370,2,-3,-8,-1,2,5,0,-1,-2,1,0,-1,114
6371,4,-5,-10,-3,4,7,2,-3,-4,-1,2,1,250
6372,2,-5,-4,-1,2,1,0,-1,2,1,-2,-1,62
6373,0,-3,-6,-3,4,3,2,-3,0,-1,0,1,94
6374,2,-7,-6,1,4,3,-2,-3,0,3,0,-1,138
6375,4,-5,-8,-1,6,5,0,-5,-2,1,2,1,202
6376,2,-1,-6,-1,-2,1,0,3,2,-1,-2,-1,66
6377,0,-3,-4,-3,0,3,2,1,0,-3,0,1,58
6378,-2,1,-8,1,0,3,-2,1,0,1,0,-1,86
6379,0,-1,-6,-1,2,5,0,-1,-2,-1,2,1,78
6380,2,-5,-4,1,0,-1,-2,1,4,1,-2,-1,74
6381,0,-3,-2,-1,2,1,0,-1,2,-1,0,1,26
6382,2,-3,-6,3,2,1,-4,-1,2,3,0,-1,94
6383,4,-1,-4,1,4,3,-2,-3,0,1,2,1,78
6384,6,-1,-6,-7,-2,1,4,3,0,-1,-2,-1,158
6385,4,-3,-8,-5,0,3,6,1,-2,-3,0,1,174
6386,2,-3,-4,-5,0,3,2,1,-2,1,0,-1,74
6387,4,-5,-6,-3,2,5,4,-1,-4,-1,2,1,154
6388,2,-1,-4,-5,0,-1,2,1,2,1,-2,-1,62
6389,0,1,-6,-3,2,1,4,-1,0,-1,0,1,70
6390,2,-3,-2,-3,2,1,0,-1,0,3,0,-1,42
6391,4,-1,-4,-1,4,3,2,-3,-2,1,2,1,82
6392,6,-1,-6,-5,-4,-1,2,5,2,-1,-2,-1,154
6393,4,-3,-4,-3,-2,1,4,3,0,-3,0,1,90
6394,2,1,-4,-3,-2,1,0,3,0,1,0,-1,46
6395,4,-1,-2,-1,0,3,2,1,-2,-1,2,1,46
6396,6,-1,-4,-3,-2,-3,0,3,4,1,-2,-1,106
6397,4,1,-2,-1,0,-1,2,1,2,-1,0,1,34
6398,6,1,-2,-1,0,-1,-2,1,2,3,0,-1,62
6399,8,3,0,1,2,1,0,-1,0,1,2,1,86
6400,6,3,6,5,2,1,0,-1,0,-1,-2,-1,118
6401,4,1,4,3,0,-1,-2,1,-2,-3,0,1,62
6402,2,1,4,3,0,-1,2,-3,-2,1,0,-1,50
6403,4,-1,2,1,-2,-3,0,-1,-4,-1,2,1,58
6404,2,-1,4,3,0,3,-2,-3,2,1,-2,-1,62
6405,0,1,2,1,-2,1,-4,-1,0,-1,0,1,30
6406,2,-3,2,1,-2,1,0,-5,0,3,0,-1,58
6407,4,-1,0,-1,-4,-1,-2,-3,-2,1,2,1,58
6408,2,-1,2,3,4,-1,-2,1,2,-1,-2,-1,50
6409,0,-3,4,1,2,-3,-4,3,0,-3,0,1,74
6410,-2,1,0,1,2,-3,0,-1,0,1,0,-1,22
6411,0,-1,2,-1,0,-5,-2,1,-2,-1,2,1,46
6412,2,-5,0,1,2,1,-4,-1,4,1,-2,-1,74
6413,0,-3,2,-1,0,-1,-6,1,2,-1,0,1,58
6414,2,-3,-2,-1,0,-1,-2,-3,2,3,0,-1,46
6415,4,-1,0,-3,-2,-3,-4,-1,0,1,2,1,62
6416,2,-1,2,5,0,-1,2,1,0,-1,-2,-1,46
6417,0,-3,0,7,-2,-3,0,3,-2,-3,0,1,94
6418,-2,-3,4,3,-2,-3,4,-1,-2,1,0,-1,74
6419,0,-5,2,5,-4,-5,2,1,-4,-1,2,1,122
6420,-2,-1,0,3,-2,1,0,-1,2,1,-2,-1,30
6421,-4,1,-2,5,-4,-1,-2,1,0,-1,0,1,70
6422,-2,-3,2,1,-4,-1,2,-3,0,3,0,-1,58
6423,0,-1,0,3,-6,-3,0,-1,-2,1,2,1,66
6424,2,-5,-2,3,2,-3,0,3,2,-1,-2,-1,74
6425,0,-7,0,5,0,-5,-2,5,0,-3,0,1,138
6426,-2,-3,0,1,0,-5,2,1,0,1,0,-1,46
6427,0,-5,2,3,-2,-7,0,3,-2,-1,2,1,110
6428,2,-5,-4,1,0,-1,-2,1,4,1,-2,-1,74
6429,0,-3,-2,3,-2,-3,-4,3,2,-1,0,1,66
6430,2,-3,-2,-1,-2,-3,0,-1,2,3,0,-1,46
6431,4,-1,0,1,-4,-5,-2,1,0,1,2,1,70
6432,2,-1,6,1,-2,3,2,-1,0,-1,-2,-1,66
6433,0,-3,4,-1,0,1,0,1,-2,-3,0,1,42
6434,-2,-3,4,3,-4,1,4,-3,-2,1,0,-1,86
6435,0,-5,2,1,-2,-1,2,-1,-4,-1,2,1,62
6436,-2,-5,8,-1,-4,5,0,-3,2,1,-2,-1,154
6437,-4,-3,6,-3,-2,3,-2,-1,0,-1,0,1,90
6438,-2,-7,6,1,-6,3,2,-5,0,3,0,-1,174
6439,0,-5,4,-1,-4,1,0,-3,-2,1,2,1,78
6440,-2,-1,2,-1,0,1,0,1,2,-1,-2,-1,22
6441,-4,-3,4,-3,2,-1,-2,3,0,-3,0,1,78
6442,-6,1,0,1,-2,-1,2,-1,0,1,0,-1,50
6443,-4,-1,2,-1,0,-3,0,1,-2,-1,2,1,42
6444,-2,-5,4,-3,-2,3,-2,-1,4,1,-2,-1,94
6445,-4,-3,6,-5,0,1,-4,1,2,-1,0,1,110
6446,-2,-3,2,-1,-4,1,0,-3,2,3,0,-1,58
6447,0,-1,4,-3,-2,-1,-2,-1,0,1,2,1,42
6448,2,-5,2,1,-4,1,4,1,0,-1,-2,-1,74
6449,0,-7,0,3,-2,-1,2,3,-2,-3,0,1,90
6450,-2,-7,4,3,-6,-1,6,-1,-2,1,0,-1,158
6451,0,-9,2,5,-4,-3,4,1,-4,-1,2,1,174
6452,-2,-5,4,-1,-6,3,2,-1,2,1,-2,-1,106
6453,-4,-3,2,1,-4,1,0,1,0,-1,0,1,50
6454,-2,-7,6,1,-8,1,4,-3,0,3,0,-1,190
6455,0,-5,4,3,-6,-1,2,-1,-2,1,2,1,102
6456,2,-5,-2,-1,-2,-1,2,3,2,-1,-2,-1,62
6457,0,-7,0,1,0,-3,0,5,0,-3,0,1,94
6458,-2,-3,0,1,-4,-3,4,1,0,1,0,-1,58
6459,0,-5,2,3,-2,-5,2,3,-2,-1,2,1,90
6460,2,-5,0,-3,-4,1,0,1,4,1,-2,-1,78
6461,0,-3,2,-1,-2,-1,-2,3,2,-1,0,1,38
6462,2,-3,2,-1,-6,-1,2,-1,2,3,0,-1,74
6463,4,-1,4,1,-4,-3,0,1,0,1,2,1,66
6464,2,3,2,1,2,1,0,-1,0,-1,-2,-1,30
6465,0,1,0,-1,0,3,-2,1,-2,-3,0,1,30
6466,-2,1,0,-1,4,-1,2,-3,-2,1,0,-1,42
6467,0,-1,-2,-3,2,1,0,-1,-4,-1,2,1,42
6468,-2,-1,0,3,0,3,-2,-3,2,1,-2,-1,46
6469,-4,1,-2,1,-2,5,-4,-1,0,-1,0,1,70
6470,-2,-3,-2,1,2,1,0,-5,0,3,0,-1,58
6471,0,-1,-4,-1,0,3,-2,-3,-2,1,2,1,50
6472,-2,-1,2,-1,4,-1,-2,1,2,-1,-2,-1,42
6473,-4,-3,4,-3,2,1,-4,3,0,-3,0,1,90
6474,-6,1,0,-3,6,-3,0,-1,0,1,0,-1,94
6475,-4,-1,2,-5,4,-1,-2,1,-2,-1,2,1,78
6476,-2,-5,0,1,2,1,-4,-1,4,1,-2,-1,74
6477,-4,-3,2,-1,0,3,-6,1,2,-1,0,1,82
6478,-2,-3,-2,-1,4,-1,-2,-3,2,3,0,-1,62
6479,0,-1,0,-3,2,1,-4,-1,0,1,2,1,38
6480,-2,3,-2,1,0,-1,2,1,0,-1,-2,-1,30
6481,-4,1,-4,3,-2,1,0,3,-2,-3,0,1,70
6482,-6,1,0,-1,2,-3,4,-1,-2,1,0,-1,74
6483,-4,-1,-2,1,0,-1,2,1,-4,-1,2,1,50
6484,-6,3,-4,3,-2,1,0,-1,2,1,-2,-1,86
6485,-8,5,-6,5,-4,3,-2,1,0,-1,0,1,182
6486,-6,1,-2,1,0,-1,2,-3,0,3,0,-1,66
6487,-4,3,-4,3,-2,1,0,-1,-2,1,2,1,66
6488,-2,-1,-2,-1,2,-3,0,3,2,-1,-2,-1,42
6489,-4,-3,0,1,0,-1,-2,5,0,-3,0,1,66
6490,-6,1,0,-3,4,-5,2,1,0,1,0,-1,94
6491,-4,-1,2,-1,2,-3,0,3,-2,-1,2,1,54
6492,-2,-1,-4,1,0,-1,-2,1,4,1,-2,-1,50
6493,-4,1,-2,3,-2,1,-4,3,2,-1,0,1,66
6494,-2,1,-2,-1,2,-3,0,-1,2,3,0,-1,38
6495,0,3,0,1,0,-1,-2,1,0,1,2,1,22
6496,2,-1,2,-3,-2,3,2,-1,0,-1,-2,-1,42
6497,0,-3,0,-5,0,5,0,1,-2,-3,0,1,74
6498,-2,-3,0,-1,0,1,4,-3,-2,1,0,-1,46
6499,0,-5,-2,-3,2,3,2,-1,-4,-1,2,1,78
6500,-2,-5,4,-1,-4,5,0,-3,2,1,-2,-1,106
6501,-4,-3,2,-3,-2,7,-2,-1,0,-1,0,1,98
6502,-2,-7,2,1,-2,3,2,-5,0,3,0,-1,110
6503,0,-5,0,-1,0,5,0,-3,-2,1,2,1,70
6504,-2,-1,2,-5,0,1,0,1,2,-1,-2,-1,46
6505,-4,-3,4,-7,2,3,-2,3,0,-3,0,1,126
6506,-6,1,0,-3,2,-1,2,-1,0,1,0,-1,58
6507,-4,-1,2,-5,4,1,0,1,-2,-1,2,1,74
6508,-2,-5,4,-3,-2,3,-2,-1,4,1,-2,-1,94
6509,-4,-3,6,-5,0,5,-4,1,2,-1,0,1,134
6510,-2,-3,2,-1,0,1,0,-3,2,3,0,-1,42
6511,0,-1,4,-3,2,3,-2,-1,0,1,2,1,50
6512,2,-1,-2,-3,-4,1,4,1,0,-1,-2,-1,58
6513,0,-3,-4,-1,-2,3,2,3,-2,-3,0,1,66
6514,-2,-3,0,-1,-2,-1,6,-1,-2,1,0,-1,62
6515,0,-5,-2,1,0,1,4,1,-4,-1,2,1,70
6516,-2,-1,0,-1,-6,3,2,-1,2,1,-2,-1,66
6517,-4,1,-2,1,-4,5,0,1,0,-1,0,1,66
6518,-2,-3,2,1,-4,1,4,-3,0,3,0,-1,70
6519,0,-1,0,3,-2,3,2,-1,-2,1,2,1,38
6520,2,-1,-2,-5,-2,-1,2,3,2,-1,-2,-1,62
6521,0,-3,0,-3,0,1,0,5,0,-3,0,1,54
6522,-2,1,0,-3,0,-3,4,1,0,1,0,-1,42
6523,0,-1,2,-1,2,-1,2,3,-2,-1,2,1,34
6524,2,-1,0,-3,-4,1,0,1,4,1,-2,-1,54
6525,0,1,2,-1,-2,3,-2,3,2,-1,0,1,38
6526,2,1,2,-1,-2,-1,2,-1,2,3,0,-1,34
6527,4,3,4,1,0,1,0,1,0,1,2,1,50
6528,6,-1,2,5,2,-1,-2,-1,0,-1,-2,-1,82
6529,4,-3,0,3,0,-3,0,1,-2,-3,0,1,58
6530,2,-3,0,3,0,1,0,-3,-2,1,0,-1,38
6531,4,-5,-2,1,-2,-1,2,-1,-4,-1,2,1,78
6532,2,-5,0,3,4,1,-4,-3,2,1,-2,-1,90
6533,0,-3,-2,1,2,-1,-2,-1,0,-1,0,1,26
6534,2,-7,-2,1,2,3,-2,-5,0,3,0,-1,110
6535,4,-5,-4,-1,0,1,0,-3,-2,1,2,1,78
6536,2,-5,-2,7,4,-3,-4,1,2,-1,-2,-1,134
6537,0,-7,0,5,2,-5,-2,3,0,-3,0,1,126
6538,-2,-3,-4,5,2,-1,-2,-1,0,1,0,-1,66
6539,0,-5,-2,3,0,-3,0,1,-2,-1,2,1,58
6540,2,-9,-4,5,6,-1,-6,-1,4,1,-2,-1,222
6541,0,-7,-2,3,4,-3,-4,1,2,-1,0,1,110
6542,2,-7,-6,3,4,1,-4,-3,2,3,0,-1,154
6543,4,-5,-4,1,2,-1,-2,-1,0,1,2,1,74
6544,2,-5,2,5,0,-3,0,1,0,-1,-2,-1,74
6545,0,-7,0,7,-2,-5,2,3,-2,-3,0,1,154
6546,-2,-7,4,3,-2,-1,2,-1,-2,1,0,-1,94
6547,0,-9,2,5,-4,-3,4,1,-4,-1,2,1,174
6548,-2,-5,0,3,2,-1,-2,-1,2,1,-2,-1,58
6549,-4,-3,-2,5,0,-3,0,1,0,-1,0,1,66
6550,-2,-7,2,1,0,1,0,-3,0,3,0,-1,78
6551,0,-5,0,3,-2,-1,2,-1,-2,1,2,1,54
6552,2,-9,-2,7,2,-5,-2,3,2,-1,-2,-1,190
6553,0,-11,0,9,0,-7,0,5,0,-3,0,1,286
6554,-2,-7,0,5,0,-3,0,1,0,1,0,-1,90
6555,0,-9,2,7,-2,-5,2,3,-2,-1,2,1,186
6556,2,-9,-4,5,4,-3,-4,1,4,1,-2,-1,190
6557,0,-7,-2,7,2,-5,-2,3,2,-1,0,1,150
6558,2,-7,-2,3,2,-1,-2,-1,2,3,0,-1,90
6559,4,-5,0,5,0,-3,0,1,0,1,2,1,82
6560,2,-1,2,1,-2,1,0,-1,0,-1,-2,-1,22
6561,0,-3,0,-1,0,-1,2,1,-2,-3,0,1,30
6562,-2,-3,0,3,-4,3,2,-3,-2,1,0,-1,66
6563,0,-5,-2,1,-2,1,4,-1,-4,-1,2,1,74
6564,-2,-5,4,-1,0,3,-2,-3,2,1,-2,-1,78
6565,-4,-3,2,-3,2,1,0,-1,0,-1,0,1,46
6566,-2,-7,2,1,-2,5,0,-5,0,3,0,-1,122
6567,0,-5,0,-1,0,3,2,-3,-2,1,2,1,58
6568,-2,-1,-2,3,0,-1,-2,1,2,-1,-2,-1,34
6569,-4,-3,0,1,2,-3,0,3,0,-3,0,1,58
6570,-6,1,-4,5,-2,1,0,-1,0,1,0,-1,86
6571,-4,-1,-2,3,0,-1,2,1,-2,-1,2,1,46
6572,-2,-5,0,1,2,1,-4,-1,4,1,-2,-1,74
6573,-4,-3,2,-1,4,-1,-2,1,2,-1,0,1,58
6574,-2,-3,-2,3,0,3,-2,-3,2,3,0,-1,62
6575,0,-1,0,1,2,1,0,-1,0,1,2,1,14
6576,2,-5,2,1,-4,-1,2,1,0,-1,-2,-1,62
6577,0,-7,0,3,-2,-3,4,3,-2,-3,0,1,110
6578,-2,-7,4,3,-6,1,4,-1,-2,1,0,-1,138
6579,0,-9,2,5,-4,-1,6,1,-4,-1,2,1,186
6580,-2,-5,4,-1,-2,1,0,-1,2,1,-2,-1,62
6581,-4,-3,2,1,0,-1,2,1,0,-1,0,1,38
6582,-2,-7,6,1,-4,3,2,-3,0,3,0,-1,138
6583,0,-5,4,3,-2,1,4,-1,-2,1,2,1,82
6584,2,-5,-2,3,-2,-3,0,3,2,-1,-2,-1,74
6585,0,-7,0,5,0,-5,2,5,0,-3,0,1,138
6586,-2,-3,0,5,-4,-1,2,1,0,1,0,-1,62
6587,0,-5,2,7,-2,-3,4,3,-2,-1,2,1,126
6588,2,-5,0,1,0,-1,-2,1,4,1,-2,-1,58
6589,0,-3,2,3,2,-3,0,3,2,-1,0,1,50
6590,2,-3,2,3,-2,1,0,-1,2,3,0,-1,46
6591,4,-1,4,5,0,-1,2,1,0,1,2,1,70
6592,6,-1,-2,1,2,-1,-2,-1,0,-1,-2,-1,58
6593,4,-3,-4,-1,0,1,0,1,-2,-3,0,1,58
6594,2,-3,-4,-1,4,1,0,-3,-2,1,0,-1,62
6595,4,-5,-6,-3,2,3,2,-1,-4,-1,2,1,126
6596,2,-5,-4,3,4,1,-4,-3,2,1,-2,-1,106
6597,0,-3,-6,1,2,3,-2,-1,0,-1,0,1,66
6598,2,-7,-6,1,6,3,-2,-5,0,3,0,-1,174
6599,4,-5,-8,-1,4,5,0,-3,-2,1,2,1,166
6600,2,-5,-2,3,4,-3,-4,1,2,-1,-2,-1,94
6601,0,-7,0,1,2,-1,-2,3,0,-3,0,1,78
6602,-2,-3,-4,1,6,-1,-2,-1,0,1,0,-1,74
6603,0,-5,-2,-1,4,1,0,1,-2,-1,2,1,58
6604,2,-9,-4,5,6,-1,-6,-1,4,1,-2,-1,222
6605,0,-7,-2,3,4,1,-4,1,2,-1,0,1,102
6606,2,-7,-6,3,8,1,-4,-3,2,3,0,-1,202
6607,4,-5,-4,1,6,3,-2,-1,0,1,2,1,114
6608,2,-1,-2,1,0,-3,0,1,0,-1,-2,-1,26
6609,0,-3,-4,3,-2,-1,2,3,-2,-3,0,1,66
6610,-2,-3,0,-1,2,-1,2,-1,-2,1,0,-1,30
6611,0,-5,-2,1,0,1,4,1,-4,-1,2,1,70
6612,-2,-1,-4,3,2,-1,-2,-1,2,1,-2,-1,50
6613,-4,1,-6,5,0,1,0,1,0,-1,0,1,82
6614,-2,-3,-2,1,4,1,0,-3,0,3,0,-1,54
6615,0,-1,-4,3,2,3,2,-1,-2,1,2,1,54
6616,2,-5,-2,3,2,-5,-2,3,2,-1,-2,-1,94
6617,0,-7,0,5,0,-3,0,5,0,-3,0,1,118
6618,-2,-3,0,1,4,-3,0,1,0,1,0,-1,42
6619,0,-5,2,3,2,-1,2,3,-2,-1,2,1,66
6620,2,-5,-4,5,4,-3,-4,1,4,1,-2,-1,134
6621,0,-3,-2,7,2,-1,-2,3,2,-1,0,1,86
6622,2,-3,-2,3,6,-1,-2,-1,2,3,0,-1,82
6623,4,-1,0,5,4,1,0,1,0,1,2,1,66
6624,6,-1,-2,-3,-2,1,0,-1,0,-1,-2,-1,62
6625,4,-3,-4,-5,0,3,2,1,-2,-3,0,1,94
6626,2,-3,-4,-1,0,3,2,-3,-2,1,0,-1,58
6627,4,-5,-6,-3,2,5,4,-1,-4,-1,2,1,154
6628,2,-5,0,-1,0,3,-2,-3,2,1,-2,-1,62
6629,0,-3,-2,-3,2,5,0,-1,0,-1,0,1,54
6630,2,-7,-2,1,2,5,0,-5,0,3,0,-1,122
6631,4,-5,-4,-1,4,7,2,-3,-2,1,2,1,146
6632,2,-1,-2,-1,0,-1,-2,1,2,-1,-2,-1,26
6633,0,-3,0,-3,2,1,0,3,0,-3,0,1,42
6634,-2,1,-4,1,2,1,0,-1,0,1,0,-1,30
6635,0,-1,-2,-1,4,3,2,1,-2,-1,2,1,46
6636,2,-5,0,1,2,1,-4,-1,4,1,-2,-1,74
6637,0,-3,2,-1,4,3,-2,1,2,-1,0,1,50
6638,2,-3,-2,3,4,3,-2,-3,2,3,0,-1,78
6639,4,-1,0,1,6,5,0,-1,0,1,2,1,86
6640,6,-1,-2,-3,-4,-1,2,1,0,-1,-2,-1,78
6641,4,-3,-4,-1,-2,1,4,3,-2,-3,0,1,86
6642,2,-3,0,-1,-2,1,4,-1,-2,1,0,-1,42
6643,4,-5,-2,1,0,3,6,1,-4,-1,2,1,114
6644,2,-1,0,-1,-2,1,0,-1,2,1,-2,-1,22
6645,0,1,-2,1,0,3,2,1,0,-1,0,1,22
6646,2,-3,2,1,0,3,2,-3,0,3,0,-1,50
6647,4,-1,0,3,2,5,4,-1,-2,1,2,1,82
6648,6,-1,-2,-1,-2,-3,0,3,2,-1,-2,-1,74
6649,4,-3,0,1,0,-1,2,5,0,-3,0,1,66
6650,2,1,0,1,0,-1,2,1,0,1,0,-1,14
6651,4,-1,2,3,2,1,4,3,-2,-1,2,1,70
6652,6,-1,0,1,0,-1,-2,1,4,1,-2,-1,66
6653,4,1,2,3,2,1,0,3,2,-1,0,1,50
6654,6,1,2,3,2,1,0,-1,2,3,0,-1,70
6655,8,3,4,5,4,3,2,1,0,1,2,1,150
6656,6,7,6,3,2,1,0,-1,-2,-1,-2,-1,146
6657,4,5,4,1,0,-1,-2,-3,0,-3,0,1,82
6658,2,5,4,1,0,-1,-2,1,-4,1,0,-1,70
6659,4,3,2,-1,-2,-3,-4,-1,-2,-1,2,1,70
6660,2,3,4,1,0,-1,2,-3,0,1,-2,-1,50
6661,0,5,2,-1,-2,-3,0,-5,2,-1,0,1,74
6662,2,1,2,-1,-2,-3,0,-1,-2,3,0,-1,38
6663,4,3,0,-3,-4,-5,-2,-3,0,1,2,1,94
6664,2,3,2,1,0,3,-2,1,0,-1,-2,-1,38
6665,0,1,4,-1,-2,1,-4,-1,2,-3,0,1,54
6666,-2,5,0,-1,-2,1,-4,3,-2,1,0,-1,66
6667,0,3,2,-3,-4,-1,-6,1,0,-1,2,1,82
6668,2,-1,0,-1,-2,1,0,-1,2,1,-2,-1,22
6669,0,1,2,-3,-4,-1,-2,-3,4,-1,0,1,62
6670,2,1,-2,-3,-4,-1,-2,1,0,3,0,-1,50
6671,4,3,0,-5,-6,-3,-4,-1,2,1,2,1,122
6672,2,3,2,-1,4,-1,2,1,-2,-1,-2,-1,50
6673,0,1,0,1,2,-3,0,-1,0,-3,0,1,26
6674,-2,1,4,-3,2,-3,0,3,-4,1,0,-1,70
6675,0,-1,2,-1,0,-5,-2,1,-2,-1,2,1,46
6676,-2,3,0,-3,2,-3,4,-1,0,1,-2,-1,58
6677,-4,5,-2,-1,0,-5,2,-3,2,-1,0,1,90
6678,-2,1,2,-5,0,-5,2,1,-2,3,0,-1,78
6679,0,3,0,-3,-2,-7,0,-1,0,1,2,1,78
6680,2,-1,-2,-3,2,1,0,3,0,-1,-2,-1,38
6681,0,-3,0,-1,0,-1,-2,1,2,-3,0,1,30
6682,-2,1,0,-5,0,-1,-2,5,-2,1,0,-1,66
6683,0,-1,2,-3,-2,-3,-4,3,0,-1,2,1,58
6684,2,-1,-4,-5,0,-1,2,1,2,1,-2,-1,62
6685,0,1,-2,-3,-2,-3,0,-1,4,-1,0,1,46
6686,2,1,-2,-7,-2,-3,0,3,0,3,0,-1,90
6687,4,3,0,-5,-4,-5,-2,1,2,1,2,1,106
6688,2,3,2,3,-2,3,2,-1,-2,-1,-2,-1,54
6689,0,1,0,1,0,1,0,-3,0,-3,0,1,22
6690,-2,1,0,5,-4,1,0,1,-4,1,0,-1,66
6691,0,-1,-2,3,-2,-1,-2,-1,-2,-1,2,1,34
6692,-2,-1,4,1,-4,1,4,-3,0,1,-2,-1,70
6693,-4,1,2,-1,-2,-1,2,-5,2,-1,0,1,62
6694,-2,-3,2,3,-6,-1,2,-1,-2,3,0,-1,82
6695,0,-1,0,1,-4,-3,0,-3,0,1,2,1,42
6696,-2,3,-2,1,-4,5,0,1,0,-1,-2,-1,66
6697,-4,1,0,-1,-2,3,-2,-1,2,-3,0,1,50
6698,-6,5,-4,3,-6,3,-2,3,-2,1,0,-1,150
6699,-4,3,-2,1,-4,1,-4,1,0,-1,2,1,70
6700,-2,-1,0,-1,-6,3,2,-1,2,1,-2,-1,66
6701,-4,1,2,-3,-4,1,0,-3,4,-1,0,1,74
6702,-2,1,-2,1,-8,1,0,1,0,3,0,-1,86
6703,0,3,0,-1,-6,-1,-2,-1,2,1,2,1,62
6704,2,-1,-2,-1,0,1,4,1,-2,-1,-2,-1,38
6705,0,-3,-4,1,2,-1,2,-1,0,-3,0,1,46
6706,-2,-3,0,1,-2,-1,2,3,-4,1,0,-1,50
6707,0,-5,-2,3,0,-3,0,1,-2,-1,2,1,58
6708,-2,-1,0,-3,-2,-1,6,-1,0,1,-2,-1,62
6709,-4,1,-2,-1,0,-3,4,-3,2,-1,0,1,62
6710,-2,-3,2,-1,-4,-3,4,1,-2,3,0,-1,74
6711,0,-1,0,1,-2,-5,2,-1,0,1,2,1,42
6712,2,-1,-6,-3,-2,3,2,3,0,-1,-2,-1,82
6713,0,-3,-4,-1,0,1,0,1,2,-3,0,1,42
6714,-2,1,-4,-1,-4,1,0,5,-2,1,0,-1,70
6715,0,-1,-2,1,-2,-1,-2,3,0,-1,2,1,30
6716,2,-1,-4,-5,-4,1,4,1,2,1,-2,-1,90
6717,0,1,-2,-3,-2,-1,2,-1,4,-1,0,1,42
6718,2,1,-2,-3,-6,-1,2,3,0,3,0,-1,78
6719,4,3,0,-1,-4,-3,0,1,2,1,2,1,62
6720,2,3,6,-1,2,1,0,-1,-2,-1,-2,-1,66
6721,0,1,4,-3,0,3,-2,-3,0,-3,0,1,58
6722,-2,1,4,-3,4,-1,-2,1,-4,1,0,-1,70
6723,0,-1,2,-5,2,1,-4,-1,-2,-1,2,1,62
6724,-2,-1,4,1,0,-1,2,-3,0,1,-2,-1,42
6725,-4,1,2,-1,-2,1,0,-5,2,-1,0,1,58
6726,-2,-3,2,-1,2,-3,0,-1,-2,3,0,-1,46
6727,0,-1,0,-3,0,-1,-2,-3,0,1,2,1,30
6728,-2,-1,6,-3,0,3,-2,1,0,-1,-2,-1,70
6729,-4,-3,8,-5,-2,5,-4,-1,2,-3,0,1,174
6730,-6,1,4,-5,2,1,-4,3,-2,1,0,-1,114
6731,-4,-1,6,-7,0,3,-6,1,0,-1,2,1,154
6732,-2,-5,4,-1,-2,1,0,-1,2,1,-2,-1,62
6733,-4,-3,6,-3,-4,3,-2,-3,4,-1,0,1,126
6734,-2,-3,2,-3,0,-1,-2,1,0,3,0,-1,42
6735,0,-1,4,-5,-2,1,-4,-1,2,1,2,1,74
6736,-2,3,2,-5,4,-1,2,1,-2,-1,-2,-1,74
6737,-4,1,0,-3,2,1,0,-1,0,-3,0,1,42
6738,-6,1,4,-7,6,-3,0,3,-4,1,0,-1,174
6739,-4,-1,2,-5,4,-1,-2,1,-2,-1,2,1,78
6740,-6,3,0,-3,2,-3,4,-1,0,1,-2,-1,90
6741,-8,5,-2,-1,0,-1,2,-3,2,-1,0,1,114
6742,-6,1,2,-5,4,-5,2,1,-2,3,0,-1,126
6743,-4,3,0,-3,2,-3,0,-1,0,1,2,1,54
6744,-2,-1,2,-7,2,1,0,3,0,-1,-2,-1,78
6745,-4,-3,4,-5,0,3,-2,1,2,-3,0,1,94
6746,-6,1,4,-9,4,-1,-2,5,-2,1,0,-1,186
6747,-4,-1,6,-7,2,1,-4,3,0,-1,2,1,138
6748,-2,-1,0,-5,0,-1,2,1,2,1,-2,-1,46
6749,-4,1,2,-3,-2,1,0,-1,4,-1,0,1,54
6750,-2,1,2,-7,2,-3,0,3,0,3,0,-1,90
6751,0,3,4,-5,0,-1,-2,1,2,1,2,1,66
6752,2,-1,2,-1,-2,3,2,-1,-2,-1,-2,-1,38
6753,0,-3,0,-3,0,5,0,-3,0,-3,0,1,62
6754,-2,-3,0,1,0,1,0,1,-4,1,0,-1,34
6755,0,-5,-2,-1,2,3,-2,-1,-2,-1,2,1,58
6756,-2,-5,4,1,-4,1,4,-3,0,1,-2,-1,94
6757,-4,-3,2,-1,-2,3,2,-5,2,-1,0,1,78
6758,-2,-7,2,3,-2,-1,2,-1,-2,3,0,-1,90
6759,0,-5,0,1,0,1,0,-3,0,1,2,1,42
6760,-2,-1,2,-3,-4,5,0,1,0,-1,-2,-1,66
6761,-4,-3,4,-5,-2,7,-2,-1,2,-3,0,1,138
6762,-6,1,0,-1,-2,3,-2,3,-2,1,0,-1,70
6763,-4,-1,2,-3,0,5,-4,1,0,-1,2,1,78
6764,-2,-5,4,-1,-6,3,2,-1,2,1,-2,-1,106
6765,-4,-3,6,-3,-4,5,0,-3,4,-1,0,1,138
6766,-2,-3,2,1,-4,1,0,1,0,3,0,-1,46
6767,0,-1,4,-1,-2,3,-2,-1,2,1,2,1,46
6768,2,-1,-2,-5,0,1,4,1,-2,-1,-2,-1,62
6769,0,-3,-4,-3,2,3,2,-1,0,-3,0,1,62
6770,-2,-3,0,-3,2,-1,2,3,-4,1,0,-1,58
6771,0,-5,-2,-1,4,1,0,1,-2,-1,2,1,58
6772,-2,-1,0,-3,-2,-1,6,-1,0,1,-2,-1,62
6773,-4,1,-2,-1,0,1,4,-3,2,-1,0,1,54
6774,-2,-3,2,-1,0,-3,4,1,-2,3,0,-1,58
6775,0,-1,0,1,2,-1,2,-1,0,1,2,1,18
6776,2,-1,-2,-7,-2,3,2,3,0,-1,-2,-1,90
6777,0,-3,0,-5,0,5,0,1,2,-3,0,1,74
6778,-2,1,0,-5,0,1,0,5,-2,1,0,-1,62
6779,0,-1,2,-3,2,3,-2,3,0,-1,2,1,46
6780,2,-1,0,-5,-4,1,4,1,2,1,-2,-1,74
6781,0,1,2,-3,-2,3,2,-1,4,-1,0,1,50
6782,2,1,2,-3,-2,-1,2,3,0,3,0,-1,46
6783,4,3,4,-1,0,1,0,1,2,1,2,1,54
6784,2,7,2,3,2,-1,-2,-1,-2,-1,-2,-1,86
6785,0,5,0,1,0,-3,0,-3,0,-3,0,1,54
6786,-2,5,0,1,0,1,-4,1,-4,1,0,-1,66
6787,0,3,-2,-1,-2,-1,-2,-1,-2,-1,2,1,34
6788,-2,3,0,1,4,-3,0,-3,0,1,-2,-1,54
6789,-4,5,-2,-1,2,-5,2,-5,2,-1,0,1,110
6790,-2,1,-2,-1,2,-1,-2,-1,-2,3,0,-1,34
6791,0,3,-4,-3,0,-3,0,-3,0,1,2,1,58
6792,-2,3,-2,5,0,1,-4,1,0,-1,-2,-1,66
6793,-4,1,0,3,-2,-1,-2,-1,2,-3,0,1,50
6794,-6,5,-4,3,-2,3,-6,3,-2,1,0,-1,150
6795,-4,3,-2,1,-4,1,-4,1,0,-1,2,1,70
6796,-2,-1,-4,3,2,-1,-2,-1,2,1,-2,-1,50
6797,-4,1,-2,1,0,-3,0,-3,4,-1,0,1,58
6798,-2,1,-6,1,0,1,-4,1,0,3,0,-1,70
6799,0,3,-4,-1,-2,-1,-2,-1,2,1,2,1,46
6800,-2,3,2,-1,4,-3,0,1,-2,-1,-2,-1,54
6801,-4,1,0,1,2,-5,2,-1,0,-3,0,1,62
6802,-6,1,4,-3,2,-1,-2,3,-4,1,0,-1,98
6803,-4,-1,2,-1,0,-3,0,1,-2,-1,2,1,42
6804,-6,3,0,-3,6,-5,2,-1,0,1,-2,-1,126
6805,-8,5,-2,-1,4,-7,4,-3,2,-1,0,1,190
6806,-6,1,2,-5,4,-3,0,1,-2,3,0,-1,106
6807,-4,3,0,-3,2,-5,2,-1,0,1,2,1,74
6808,-2,-1,-2,1,2,-1,-2,3,0,-1,-2,-1,34
6809,-4,-3,0,3,0,-3,0,1,2,-3,0,1,58
6810,-6,1,0,-1,0,1,-4,5,-2,1,0,-1,86
6811,-4,-1,2,1,-2,-1,-2,3,0,-1,2,1,46
6812,-2,-1,-4,-1,4,-3,0,1,2,1,-2,-1,58
6813,-4,1,-2,1,2,-5,2,-1,4,-1,0,1,74
6814,-2,1,-2,-3,2,-1,-2,3,0,3,0,-1,46
6815,0,3,0,-1,0,-3,0,1,2,1,2,1,30
6816,-2,7,-2,3,-2,1,0,-1,-2,-1,-2,-1,82
6817,-4,5,-4,1,0,-1,2,-3,0,-3,0,1,82
6818,-6,5,-4,5,-4,3,-2,1,-4,1,0,-1,150
6819,-4,3,-6,3,-2,1,0,-1,-2,-1,2,1,86
6820,-6,3,0,1,0,-1,2,-3,0,1,-2,-1,66
6821,-8,5,-2,-1,2,-3,4,-5,2,-1,0,1,154
6822,-6,1,-2,3,-2,1,0,-1,-2,3,0,-1,70
6823,-4,3,-4,1,0,-1,2,-3,0,1,2,1,62
6824,-6,7,-6,5,-4,3,-2,1,0,-1,-2,-1,182
6825,-8,5,-4,3,-2,1,0,-1,2,-3,0,1,134
6826,-10,9,-8,7,-6,5,-4,3,-2,1,0,-1,386
6827,-8,7,-6,5,-4,3,-2,1,0,-1,2,1,210
6828,-6,3,-4,3,-2,1,0,-1,2,1,-2,-1,86
6829,-8,5,-2,1,0,-1,2,-3,4,-1,0,1,126
6830,-6,5,-6,5,-4,3,-2,1,0,3,0,-1,162
6831,-4,7,-4,3,-2,1,0,-1,2,1,2,1,106
6832,-2,3,-2,-1,0,-1,2,1,-2,-1,-2,-1,34
6833,-4,1,-4,1,2,-3,4,-1,0,-3,0,1,74
6834,-6,1,0,1,-2,1,0,3,-4,1,0,-1,70
6835,-4,-1,-2,3,0,-1,2,1,-2,-1,2,1,46
6836,-6,3,0,-3,2,-3,4,-1,0,1,-2,-1,90
6837,-8,5,-2,-1,4,-5,6,-3,2,-1,0,1,186
6838,-6,1,2,-1,0,-1,2,1,-2,3,0,-1,62
6839,-4,3,0,1,2,-3,4,-1,0,1,2,1,62
6840,-2,3,-6,1,-2,1,0,3,0,-1,-2,-1,70
6841,-4,1,-4,3,0,-1,2,1,2,-3,0,1,62
6842,-6,5,-4,3,-4,3,-2,5,-2,1,0,-1,146
6843,-4,3,-2,5,-2,1,0,3,0,-1,2,1,74
6844,-2,3,-4,-1,0,-1,2,1,2,1,-2,-1,46
6845,-4,5,-2,1,2,-3,4,-1,4,-1,0,1,94
6846,-2,5,-2,1,-2,1,0,3,0,3,0,-1,58
6847,0,7,0,3,0,-1,2,1,2,1,2,1,74
6848,2,3,2,-1,2,-1,-2,-1,-2,-1,-2,-1,38
6849,0,1,0,-3,0,1,0,-3,0,-3,0,1,30
6850,-2,1,0,-3,4,1,-4,1,-4,1,0,-1,66
6851,0,-1,-2,-5,2,3,-2,-1,-2,-1,2,1,58
6852,-2,-1,0,1,4,-3,0,-3,0,1,-2,-1,46
6853,-4,1,-2,-1,2,-1,2,-5,2,-1,0,1,62
6854,-2,-3,-2,-1,6,-1,-2,-1,-2,3,0,-1,74
6855,0,-1,-4,-3,4,1,0,-3,0,1,2,1,58
6856,-2,-1,2,1,0,1,-4,1,0,-1,-2,-1,34
6857,-4,-3,4,-1,-2,3,-2,-1,2,-3,0,1,74
6858,-6,1,0,-1,2,3,-6,3,-2,1,0,-1,102
6859,-4,-1,2,-3,0,5,-4,1,0,-1,2,1,78
6860,-2,-5,0,3,2,-1,-2,-1,2,1,-2,-1,58
6861,-4,-3,2,1,0,1,0,-3,4,-1,0,1,58
6862,-2,-3,-2,1,4,1,-4,1,0,3,0,-1,62
6863,0,-1,0,-1,2,3,-2,-1,2,1,2,1,30
6864,-2,3,2,-5,4,-3,0,1,-2,-1,-2,-1,78
6865,-4,1,0,-3,2,-1,2,-1,0,-3,0,1,46
6866,-6,1,4,-7,6,-1,-2,3,-4,1,0,-1,170
6867,-4,-1,2,-5,4,1,0,1,-2,-1,2,1,74
6868,-6,3,0,-3,6,-5,2,-1,0,1,-2,-1,126
6869,-8,5,-2,-1,4,-3,4,-3,2,-1,0,1,150
6870,-6,1,2,-5,8,-3,0,1,-2,3,0,-1,154
6871,-4,3,0,-3,6,-1,2,-1,0,1,2,1,82
6872,-2,-1,2,-3,2,-1,-2,3,0,-1,-2,-1,42
6873,-4,-3,4,-1,0,1,0,1,2,-3,0,1,58
6874,-6,1,4,-5,4,1,-4,5,-2,1,0,-1,142
6875,-4,-1,6,-3,2,3,-2,3,0,-1,2,1,94
6876,-2,-1,0,-1,4,-3,0,1,2,1,-2,-1,42
6877,-4,1,2,1,2,-1,2,-1,4,-1,0,1,50
6878,-2,1,2,-3,6,-1,-2,3,0,3,0,-1,78
6879,0,3,4,-1,4,1,0,1,2,1,2,1,54
6880,2,3,-2,-1,-2,1,0,-1,-2,-1,-2,-1,34
6881,0,1,-4,-3,0,3,2,-3,0,-3,0,1,58
6882,-2,1,-4,1,0,3,-2,1,-4,1,0,-1,54
6883,0,-1,-6,-1,2,5,0,-1,-2,-1,2,1,78
6884,-2,-1,0,1,0,-1,2,-3,0,1,-2,-1,26
6885,-4,1,-2,-1,2,1,4,-5,2,-1,0,1,74
6886,-2,-3,-2,3,2,1,0,-1,-2,3,0,-1,46
6887,0,-1,-4,1,4,3,2,-3,0,1,2,1,62
6888,-2,3,-2,1,-4,3,-2,1,0,-1,-2,-1,54
6889,-4,1,0,-1,-2,5,0,-1,2,-3,0,1,62
6890,-6,5,-4,3,-2,5,-4,3,-2,1,0,-1,146
6891,-4,3,-2,1,0,7,-2,1,0,-1,2,1,90
6892,-2,-1,0,3,-2,1,0,-1,2,1,-2,-1,30
6893,-4,1,2,1,0,3,2,-3,4,-1,0,1,62
6894,-2,1,-2,5,0,3,-2,1,0,3,0,-1,58
6895,0,3,0,3,2,5,0,-1,2,1,2,1,58
6896,2,3,-2,-5,0,-1,2,1,-2,-1,-2,-1,58
6897,0,1,-4,-3,2,1,4,-1,0,-3,0,1,58
6898,-2,1,0,-3,2,1,0,3,-4,1,0,-1,46
6899,0,-1,-2,-1,4,3,2,1,-2,-1,2,1,46
6900,-2,3,0,-3,2,-3,4,-1,0,1,-2,-1,58
6901,-4,5,-2,-1,4,-1,6,-3,2,-1,0,1,114
6902,-2,1,2,-1,4,-1,2,1,-2,3,0,-1,46
6903,0,3,0,1,6,1,4,-1,0,1,2,1,70
6904,2,3,-2,-3,-2,1,0,3,0,-1,-2,-1,46
6905,0,1,0,-1,0,3,2,1,2,-3,0,1,30
6906,-2,5,0,-1,0,3,-2,5,-2,1,0,-1,74
6907,0,3,2,1,2,5,0,3,0,-1,2,1,58
6908,2,3,0,-1,0,-1,2,1,2,1,-2,-1,30
6909,0,5,2,1,2,1,4,-1,4,-1,0,1,70
6910,2,5,2,1,2,1,0,3,0,3,0,-1,58
6911,4,7,4,3,4,3,2,1,2,1,2,1,130
6912,6,3,6,3,0,-1,-2,-3,-2,-1,-2,-1,114
6913,4,1,4,1,-2,-3,-4,-1,0,-3,0,1,74
6914,2,1,4,1,-2,-3,0,-1,-4,1,0,-1,54
6915,4,-1,2,-1,-4,-5,-2,1,-2,-1,2,1,78
6916,2,-1,4,1,-2,1,0,-5,0,1,-2,-1,58
6917,0,1,2,-1,-4,-1,-2,-3,2,-1,0,1,42
6918,2,-3,2,-1,-4,-1,2,-3,-2,3,0,-1,62
6919,4,-1,0,-3,-6,-3,0,-1,0,1,2,1,78
6920,2,-1,2,1,2,1,-4,-1,0,-1,-2,-1,38
6921,0,-3,4,-1,0,-1,-6,1,2,-3,0,1,78
6922,-2,1,0,-1,0,-1,-2,1,-2,1,0,-1,18
6923,0,-1,2,-3,-2,-3,-4,3,0,-1,2,1,58
6924,2,-5,0,-1,0,3,-2,-3,2,1,-2,-1,62
6925,0,-3,2,-3,-2,1,-4,-1,4,-1,0,1,62
6926,2,-3,-2,-3,-2,1,0,-1,0,3,0,-1,42
6927,4,-1,0,-5,-4,-1,-2,1,2,1,2,1,74
6928,2,-1,2,3,2,-3,0,-1,-2,-1,-2,-1,42
6929,0,-3,0,5,0,-5,-2,1,0,-3,0,1,74
6930,-2,-3,4,1,0,-5,2,1,-4,1,0,-1,78
6931,0,-5,2,3,-2,-7,0,3,-2,-1,2,1,110
6932,-2,-1,0,1,0,-1,2,-3,0,1,-2,-1,26
6933,-4,1,-2,3,-2,-3,0,-1,2,-1,0,1,50
6934,-2,-3,2,-1,-2,-3,4,-1,-2,3,0,-1,62
6935,0,-1,0,1,-4,-5,2,1,0,1,2,1,54
6936,2,-5,-2,1,4,-1,-2,1,0,-1,-2,-1,62
6937,0,-7,0,3,2,-3,-4,3,2,-3,0,1,110
6938,-2,-3,0,-1,2,-3,0,3,-2,1,0,-1,42
6939,0,-5,2,1,0,-5,-2,5,0,-1,2,1,90
6940,2,-5,-4,-1,2,1,0,-1,2,1,-2,-1,62
6941,0,-3,-2,1,0,-1,-2,1,4,-1,0,1,38
6942,2,-3,-2,-3,0,-1,2,1,0,3,0,-1,42
6943,4,-1,0,-1,-2,-3,0,3,2,1,2,1,50
6944,2,-1,6,3,-4,1,0,-3,-2,-1,-2,-1,86
6945,0,-3,4,1,-2,-1,-2,-1,0,-3,0,1,46
6946,-2,-3,4,5,-6,-1,2,-1,-4,1,0,-1,114
6947,0,-5,2,3,-4,-3,0,1,-2,-1,2,1,74
6948,-2,-5,8,1,-6,3,2,-5,0,1,-2,-1,174
6949,-4,-3,6,-1,-4,1,0,-3,2,-1,0,1,94
6950,-2,-7,6,3,-8,1,4,-3,-2,3,0,-1,202
6951,0,-5,4,1,-6,-1,2,-1,0,1,2,1,90
6952,-2,-1,2,1,-2,3,-2,-1,0,-1,-2,-1,34
6953,-4,-3,4,-1,0,1,-4,1,2,-3,0,1,74
6954,-6,1,0,3,-4,1,0,1,-2,1,0,-1,70
6955,-4,-1,2,1,-2,-1,-2,3,0,-1,2,1,46
6956,-2,-5,4,-1,-4,5,0,-3,2,1,-2,-1,106
6957,-4,-3,6,-3,-2,3,-2,-1,4,-1,0,1,106
6958,-2,-3,2,1,-6,3,2,-1,0,3,0,-1,78
6959,0,-1,4,-1,-4,1,0,1,2,1,2,1,46
6960,2,-5,2,3,-2,-1,2,-1,-2,-1,-2,-1,62
6961,0,-7,0,5,0,-3,0,1,0,-3,0,1,94
6962,-2,-7,4,5,-4,-3,4,1,-4,1,0,-1,154
6963,0,-9,2,7,-2,-5,2,3,-2,-1,2,1,186
6964,-2,-5,4,1,-4,1,4,-3,0,1,-2,-1,94
6965,-4,-3,2,3,-2,-1,2,-1,2,-1,0,1,54
6966,-2,-7,6,3,-6,-1,6,-1,-2,3,0,-1,186
6967,0,-5,4,5,-4,-3,4,1,0,1,2,1,114
6968,2,-5,-2,1,0,1,0,1,0,-1,-2,-1,42
6969,0,-7,0,3,2,-1,-2,3,2,-3,0,1,90
6970,-2,-3,0,3,-2,-1,2,3,-2,1,0,-1,46
6971,0,-5,2,5,0,-3,0,5,0,-1,2,1,94
6972,2,-5,0,-1,-2,3,2,-1,2,1,-2,-1,58
6973,0,-3,2,1,0,1,0,1,4,-1,0,1,34
6974,2,-3,2,1,-4,1,4,1,0,3,0,-1,62
6975,4,-1,4,3,-2,-1,2,3,2,1,2,1,70
6976,2,3,6,-1,0,-1,-2,-3,-2,-1,-2,-1,74
6977,0,1,4,-3,-2,1,-4,-1,0,-3,0,1,58
6978,-2,1,4,-3,2,-3,0,-1,-4,1,0,-1,62
6979,0,-1,2,-5,0,-1,-2,1,-2,-1,2,1,46
6980,-2,-1,4,1,-2,1,0,-5,0,1,-2,-1,58
6981,-4,1,2,-1,-4,3,-2,-3,2,-1,0,1,66
6982,-2,-3,2,-1,0,-1,2,-3,-2,3,0,-1,46
6983,0,-1,0,-3,-2,1,0,-1,0,1,2,1,22
6984,-2,-1,6,-3,2,1,-4,-1,0,-1,-2,-1,78
6985,-4,-3,8,-5,0,3,-6,1,2,-3,0,1,174
6986,-6,1,4,-5,4,-1,-2,1,-2,1,0,-1,106
6987,-4,-1,6,-7,2,1,-4,3,0,-1,2,1,138
6988,-2,-5,4,-1,0,3,-2,-3,2,1,-2,-1,78
6989,-4,-3,6,-3,-2,5,-4,-1,4,-1,0,1,134
6990,-2,-3,2,-3,2,1,0,-1,0,3,0,-1,42
6991,0,-1,4,-5,0,3,-2,1,2,1,2,1,66
6992,-2,3,2,-1,2,-3,0,-1,-2,-1,-2,-1,42
6993,-4,1,0,1,0,-1,-2,1,0,-3,0,1,34
6994,-6,1,4,-3,4,-5,2,1,-4,1,0,-1,126
6995,-4,-1,2,-1,2,-3,0,3,-2,-1,2,1,54
6996,-6,3,0,1,0,-1,2,-3,0,1,-2,-1,66
6997,-8,5,-2,3,-2,1,0,-1,2,-1,0,1,114
6998,-6,1,2,-1,2,-3,4,-1,-2,3,0,-1,86
6999,-4,3,0,1,0,-1,2,1,0,1,2,1,38
7000,-2,-1,2,-3,4,-1,-2,1,0,-1,-2,-1,46
7001,-4,-3,4,-1,2,1,-4,3,2,-3,0,1,86
7002,-6,1,4,-5,6,-3,0,3,-2,1,0,-1,138
7003,-4,-1,6,-3,4,-1,-2,5,0,-1,2,1,114
7004,-2,-1,0,-1,2,1,0,-1,2,1,-2,-1,22
7005,-4,1,2,1,0,3,-2,1,4,-1,0,1,54
7006,-2,1,2,-3,4,-1,2,1,0,3,0,-1,50
7007,0,3,4,-1,2,1,0,3,2,1,2,1,50
7008,2,-1,6,-1,-4,1,0,-3,-2,-1,-2,-1,78
7009,0,-3,4,-3,-2,3,-2,-1,0,-3,0,1,62
7010,-2,-3,4,1,-2,-1,2,-1,-4,1,0,-1,58
7011,0,-5,2,-1,0,1,0,1,-2,-1,2,1,42
7012,-2,-5,8,1,-6,3,2,-5,0,1,-2,-1,174
7013,-4,-3,6,-1,-4,5,0,-3,2,-1,0,1,118
7014,-2,-7,6,3,-4,1,4,-3,-2,3,0,-1,154
7015,0,-5,4,1,-2,3,2,-1,0,1,2,1,66
7016,-2,-1,6,-3,-2,3,-2,-1,0,-1,-2,-1,74
7017,-4,-3,8,-5,0,5,-4,1,2,-3,0,1,170
7018,-6,1,4,-1,0,1,0,1,-2,1,0,-1,62
7019,-4,-1,6,-3,2,3,-2,3,0,-1,2,1,94
7020,-2,-5,8,-1,-4,5,0,-3,2,1,-2,-1,154
7021,-4,-3,10,-3,-2,7,-2,-1,4,-1,0,1,210
7022,-2,-3,6,1,-2,3,2,-1,0,3,0,-1,78
7023,0,-1,8,-1,0,5,0,1,2,1,2,1,102
7024,2,-1,2,-1,-2,-1,2,-1,-2,-1,-2,-1,30
7025,0,-3,0,1,0,1,0,1,0,-3,0,1,22
7026,-2,-3,4,1,0,-3,4,1,-4,1,0,-1,74
7027,0,-5,2,3,2,-1,2,3,-2,-1,2,1,66
7028,-2,-1,4,1,-4,1,4,-3,0,1,-2,-1,70
7029,-4,1,2,3,-2,3,2,-1,2,-1,0,1,54
7030,-2,-3,6,3,-2,-1,6,-1,-2,3,0,-1,114
7031,0,-1,4,5,0,1,4,1,0,1,2,1,66
7032,2,-1,2,-3,0,1,0,1,0,-1,-2,-1,26
7033,0,-3,4,-1,2,3,-2,3,2,-3,0,1,66
7034,-2,1,4,-1,2,-1,2,3,-2,1,0,-1,46
7035,0,-1,6,1,4,1,0,5,0,-1,2,1,86
7036,2,-1,4,-1,-2,3,2,-1,2,1,-2,-1,50
7037,0,1,6,1,0,5,0,1,4,-1,0,1,82
7038,2,1,6,1,0,1,4,1,0,3,0,-1,70
7039,4,3,8,3,2,3,2,3,2,1,2,1,134
7040,6,3,2,3,0,-3,-4,-3,-2,-1,-2,-1,102
7041,4,1,0,1,-2,-5,-2,-1,0,-3,0,1,62
7042,2,1,0,1,-2,-1,-2,-1,-4,1,0,-1,34
7043,4,-1,-2,-1,-4,-3,0,1,-2,-1,2,1,58
7044,2,-1,0,1,2,-1,-2,-5,0,1,-2,-1,46
7045,0,1,-2,-1,0,-3,0,-3,2,-1,0,1,30
7046,2,-3,-2,-1,0,1,0,-3,-2,3,0,-1,42
7047,4,-1,-4,-3,-2,-1,2,-1,0,1,2,1,58
7048,2,-1,-2,5,2,-1,-6,-1,0,-1,-2,-1,82
7049,0,-3,0,3,0,-3,-4,1,2,-3,0,1,58
7050,-2,1,-4,3,0,1,-4,1,-2,1,0,-1,54
7051,0,-1,-2,1,-2,-1,-2,3,0,-1,2,1,30
7052,2,-5,-4,3,4,1,-4,-3,2,1,-2,-1,106
7053,0,-3,-2,1,2,-1,-2,-1,4,-1,0,1,42
7054,2,-3,-6,1,2,3,-2,-1,0,3,0,-1,78
7055,4,-1,-4,-1,0,1,0,1,2,1,2,1,46
7056,2,-1,2,3,2,-5,-2,-1,-2,-1,-2,-1,62
7057,0,-3,0,5,0,-7,0,1,0,-3,0,1,94
7058,-2,-3,4,1,0,-3,0,1,-4,1,0,-1,58
7059,0,-5,2,3,-2,-5,2,3,-2,-1,2,1,90
7060,-2,-1,0,1,4,-3,0,-3,0,1,-2,-1,46
7061,-4,1,-2,3,2,-5,2,-1,2,-1,0,1,70
7062,-2,-3,2,-1,2,-1,2,-1,-2,3,0,-1,42
7063,0,-1,0,1,0,-3,4,1,0,1,2,1,34
7064,2,-5,-2,5,4,-3,-4,1,0,-1,-2,-1,106
7065,0,-7,0,7,2,-5,-2,3,2,-3,0,1,154
7066,-2,-3,0,3,2,-1,-2,3,-2,1,0,-1,46
7067,0,-5,2,5,0,-3,0,5,0,-1,2,1,94
7068,2,-5,-4,3,6,-1,-2,-1,2,1,-2,-1,106
7069,0,-3,-2,5,4,-3,0,1,4,-1,0,1,82
7070,2,-3,-2,1,4,1,0,1,0,3,0,-1,46
7071,4,-1,0,3,2,-1,2,3,2,1,2,1,54
7072,2,3,2,3,-4,-1,-2,-3,-2,-1,-2,-1,66
7073,0,1,0,1,-2,-3,0,-1,0,-3,0,1,26
7074,-2,1,0,5,-6,1,0,-1,-4,1,0,-1,86
7075,0,-1,-2,3,-4,-1,2,1,-2,-1,2,1,46
7076,-2,-1,4,1,-2,1,0,-5,0,1,-2,-1,58
7077,-4,1,2,-1,0,-1,2,-3,2,-1,0,1,42
7078,-2,-3,2,3,-4,3,2,-3,-2,3,0,-1,78
7079,0,-1,0,1,-2,1,4,-1,0,1,2,1,30
7080,-2,3,-2,5,-2,1,-4,-1,0,-1,-2,-1,70
7081,-4,1,0,3,0,-1,-2,1,2,-3,0,1,46
7082,-6,5,-4,7,-4,3,-2,1,-2,1,0,-1,162
7083,-4,3,-2,5,-2,1,0,3,0,-1,2,1,74
7084,-2,-1,0,3,0,3,-2,-3,2,1,-2,-1,46
7085,-4,1,2,1,2,1,0,-1,4,-1,0,1,46
7086,-2,1,-2,5,-2,5,0,-1,0,3,0,-1,74
7087,0,3,0,3,0,3,2,1,2,1,2,1,42
7088,2,-1,2,3,-2,-3,0,-1,-2,-1,-2,-1,42
7089,0,-3,0,5,0,-5,2,1,0,-3,0,1,74
7090,-2,-3,4,5,-4,-1,2,1,-4,1,0,-1,94
7091,0,-5,2,7,-2,-3,4,3,-2,-1,2,1,126
7092,-2,-1,4,1,0,-1,2,-3,0,1,-2,-1,42
7093,-4,1,2,3,2,-3,4,-1,2,-1,0,1,66
7094,-2,-3,6,3,-2,1,4,-1,-2,3,0,-1,94
7095,0,-1,4,5,0,-1,6,1,0,1,2,1,86
7096,2,-1,-2,5,0,-1,-2,1,0,-1,-2,-1,46
7097,0,-3,0,7,2,-3,0,3,2,-3,0,1,94
7098,-2,1,0,7,-2,1,0,3,-2,1,0,-1,74
7099,0,-1,2,9,0,-1,2,5,0,-1,2,1,122
7100,2,-1,0,3,2,1,0,-1,2,1,-2,-1,30
7101,0,1,2,5,4,-1,2,1,4,-1,0,1,70
7102,2,1,2,5,0,3,2,1,0,3,0,-1,58
7103,4,3,4,7,2,1,4,3,2,1,2,1,130
7104,6,3,2,-1,0,-3,-4,-3,-2,-1,-2,-1,94
7105,4,1,0,-3,-2,-1,-2,-1,0,-3,0,1,46
7106,2,1,0,-3,2,-1,-2,-1,-4,1,0,-1,42
7107,4,-1,-2,-5,0,1,0,1,-2,-1,2,1,58
7108,2,-1,0,1,2,-1,-2,-5,0,1,-2,-1,46
7109,0,1,-2,-1,0,1,0,-3,2,-1,0,1,22
7110,2,-3,-2,-1,4,1,0,-3,-2,3,0,-1,58
7111,4,-1,-4,-3,2,3,2,-1,0,1,2,1,66
7112,2,-1,2,1,2,-1,-6,-1,0,-1,-2,-1,58
7113,0,-3,4,-1,0,1,-4,1,2,-3,0,1,58
7114,-2,1,0,-1,4,1,-4,1,-2,1,0,-1,46
7115,0,-1,2,-3,2,3,-2,3,0,-1,2,1,46
7116,2,-5,0,3,4,1,-4,-3,2,1,-2,-1,90
7117,0,-3,2,1,2,3,-2,-1,4,-1,0,1,50
7118,2,-3,-2,1,6,3,-2,-1,0,3,0,-1,78
7119,4,-1,0,-1,4,5,0,1,2,1,2,1,70
7120,2,3,2,-1,2,-5,-2,-1,-2,-1,-2,-1,62
7121,0,1,0,1,0,-3,0,1,0,-3,0,1,22
7122,-2,1,4,-3,4,-3,0,1,-4,1,0,-1,74
7123,0,-1,2,-1,2,-1,2,3,-2,-1,2,1,34
7124,-2,3,0,1,4,-3,0,-3,0,1,-2,-1,54
7125,-4,5,-2,3,2,-1,2,-1,2,-1,0,1,70
7126,-2,1,2,-1,6,-1,2,-1,-2,3,0,-1,66
7127,0,3,0,1,4,1,4,1,0,1,2,1,50
7128,2,-1,2,1,4,-3,-4,1,0,-1,-2,-1,58
7129,0,-3,4,3,2,-1,-2,3,2,-3,0,1,66
7130,-2,1,4,-1,6,-1,-2,3,-2,1,0,-1,78
7131,0,-1,6,1,4,1,0,5,0,-1,2,1,86
7132,2,-1,0,3,6,-1,-2,-1,2,1,-2,-1,66
7133,0,1,2,5,4,1,0,1,4,-1,0,1,66
7134,2,1,2,1,8,1,0,1,0,3,0,-1,86
7135,4,3,4,3,6,3,2,3,2,1,2,1,118
7136,6,3,2,-1,-4,-1,-2,-3,-2,-1,-2,-1,90
7137,4,1,0,-3,-2,1,0,-1,0,-3,0,1,42
7138,2,1,0,1,-2,1,0,-1,-4,1,0,-1,30
7139,4,-1,-2,-1,0,3,2,1,-2,-1,2,1,46
7140,2,-1,4,1,-2,1,0,-5,0,1,-2,-1,58
7141,0,1,2,-1,0,3,2,-3,2,-1,0,1,34
7142,2,-3,2,3,0,3,2,-3,-2,3,0,-1,62
7143,4,-1,0,1,2,5,4,-1,0,1,2,1,70
7144,2,3,2,1,-2,1,-4,-1,0,-1,-2,-1,46
7145,0,1,4,-1,0,3,-2,1,2,-3,0,1,46
7146,-2,5,0,3,0,3,-2,1,-2,1,0,-1,58
7147,0,3,2,1,2,5,0,3,0,-1,2,1,58
7148,2,-1,4,3,0,3,-2,-3,2,1,-2,-1,62
7149,0,1,6,1,2,5,0,-1,4,-1,0,1,86
7150,2,1,2,5,2,5,0,-1,0,3,0,-1,74
7151,4,3,4,3,4,7,2,1,2,1,2,1,130
7152,6,3,2,-1,-2,-3,0,-1,-2,-1,-2,-1,74
7153,4,1,0,1,0,-1,2,1,0,-3,0,1,34
7154,2,1,4,1,0,-1,2,1,-4,1,0,-1,46
7155,4,-1,2,3,2,1,4,3,-2,-1,2,1,70
7156,2,3,4,1,0,-1,2,-3,0,1,-2,-1,50
7157,0,5,2,3,2,1,4,-1,2,-1,0,1,66
7158,2,1,6,3,2,1,4,-1,-2,3,0,-1,86
7159,4,3,4,5,4,3,6,1,0,1,2,1,134
7160,6,3,2,1,0,-1,-2,1,0,-1,-2,-1,62
7161,4,1,4,3,2,1,0,3,2,-3,0,1,70
7162,2,5,4,3,2,1,0,3,-2,1,0,-1,74
7163,4,3,6,5,4,3,2,5,0,-1,2,1,146
7164,6,3,4,3,2,1,0,-1,2,1,-2,-1,86
7165,4,5,6,5,4,3,2,1,4,-1,0,1,150
7166,6,5,6,5,4,3,2,1,0,3,0,-1,162
7167,8,7,8,7,6,5,4,3,2,1,2,1,322
7168,10,7,4,3,2,1,0,-1,-2,-3,-2,-1,198
7169,8,5,2,1,0,-1,-2,-3,-4,-1,0,1,126
7170,6,5,2,1,0,-1,-2,-3,0,-1,0,-1,82
7171,8,3,0,-1,-2,-3,-4,-5,-2,1,2,1,138
7172,6,3,2,1,0,-1,-2,1,0,-1,-2,-1,62
7173,4,5,0,-1,-2,-3,-4,-1,-2,1,0,1,78
7174,6,1,0,-1,-2,-3,-4,-1,2,1,0,-1,74
7175,8,3,-2,-3,-4,-5,-6,-3,0,3,2,1,186
7176,6,3,0,1,0,-1,2,1,0,-3,-2,-1,66
7177,4,1,2,-1,-2,-3,0,-1,-2,-1,0,1,42
7178,2,5,-2,-1,-2,-3,0,-1,2,-1,0,-1,54
7179,4,3,0,-3,-4,-5,-2,-3,0,1,2,1,94
7180,6,-1,-2,-1,-2,-3,0,3,2,-1,-2,-1,74
7181,4,1,0,-3,-4,-5,-2,1,0,1,0,1,74
7182,6,1,-4,-3,-4,-5,-2,1,4,1,0,-1,126
7183,8,3,-2,-5,-6,-7,-4,-1,2,3,2,1,222
7184,6,3,0,-1,0,3,2,1,-2,-3,-2,-1,78
7185,4,1,-2,1,-2,1,0,-1,-4,-1,0,1,46
7186,2,1,2,-3,-2,1,0,-1,0,-1,0,-1,26
7187,4,-1,0,-1,-4,-1,-2,-3,-2,1,2,1,58
7188,2,3,-2,-3,-2,1,0,3,0,-1,-2,-1,46
7189,0,5,-4,-1,-4,-1,-2,1,-2,1,0,1,70
7190,2,1,0,-5,-4,-1,-2,1,2,1,0,-1,58
7191,4,3,-2,-3,-6,-3,-4,-1,0,3,2,1,114
7192,6,-1,-4,-3,-2,1,4,3,0,-3,-2,-1,106
7193,4,-3,-2,-1,-4,-1,2,1,-2,-1,0,1,58
7194,2,1,-2,-5,-4,-1,2,1,2,-1,0,-1,62
7195,4,-1,0,-3,-6,-3,0,-1,0,1,2,1,78
7196,6,-1,-6,-5,-4,-1,2,5,2,-1,-2,-1,154
7197,4,1,-4,-3,-6,-3,0,3,0,1,0,1,98
7198,6,1,-4,-7,-6,-3,0,3,4,1,0,-1,174
7199,8,3,-2,-5,-8,-5,-2,1,2,3,2,1,214
7200,6,3,0,-1,2,3,2,-1,-2,-3,-2,-1,82
7201,4,1,-2,-3,4,1,0,-3,-4,-1,0,1,74
7202,2,1,-2,1,0,1,0,-3,0,-1,0,-1,22
7203,4,-1,-4,-1,2,-1,-2,-5,-2,1,2,1,78
7204,2,-1,2,-3,0,1,0,1,0,-1,-2,-1,26
7205,0,1,0,-5,2,-1,-2,-1,-2,1,0,1,42
7206,2,-3,0,-1,-2,-1,-2,-1,2,1,0,-1,30
7207,4,-1,-2,-3,0,-3,-4,-3,0,3,2,1,78
7208,2,3,-4,-3,0,1,4,1,0,-3,-2,-1,70
7209,0,1,-2,-5,2,-1,2,-1,-2,-1,0,1,46
7210,-2,5,-6,-1,-2,-1,2,-1,2,-1,0,-1,82
7211,0,3,-4,-3,0,-3,0,-3,0,1,2,1,58
7212,2,-1,-2,-5,-2,-1,2,3,2,-1,-2,-1,62
7213,0,1,0,-7,0,-3,0,1,0,1,0,1,62
7214,2,1,-4,-3,-4,-3,0,1,4,1,0,-1,74
7215,4,3,-2,-5,-2,-5,-2,-1,2,3,2,1,106
7216,6,-1,-4,-5,0,5,4,1,-2,-3,-2,-1,138
7217,4,-3,-6,-3,2,3,2,-1,-4,-1,0,1,106
7218,2,-3,-2,-3,-2,3,2,-1,0,-1,0,-1,46
7219,4,-5,-4,-1,0,1,0,-3,-2,1,2,1,78
7220,2,-1,-2,-7,-2,3,2,3,0,-1,-2,-1,90
7221,0,1,-4,-5,0,1,0,1,-2,1,0,1,50
7222,2,-3,0,-5,-4,1,0,1,2,1,0,-1,62
7223,4,-1,-2,-3,-2,-1,-2,-1,0,3,2,1,54
7224,6,-1,-8,-7,-2,3,6,3,0,-3,-2,-1,222
7225,4,-3,-6,-5,0,1,4,1,-2,-1,0,1,110
7226,2,1,-6,-5,-4,1,4,1,2,-1,0,-1,106
7227,4,-1,-4,-3,-2,-1,2,-1,0,1,2,1,58
7228,6,-1,-6,-9,-4,1,4,5,2,-1,-2,-1,222
7229,4,1,-4,-7,-2,-1,2,3,0,1,0,1,102
7230,6,1,-4,-7,-6,-1,2,3,4,1,0,-1,170
7231,8,3,-2,-5,-4,-3,0,1,2,3,2,1,146
7232,6,3,0,3,2,1,0,-1,-2,-3,-2,-1,78
7233,4,1,-2,1,0,3,-2,-3,-4,-1,0,1,62
7234,2,1,-2,1,4,-1,-2,-3,0,-1,0,-1,42
7235,4,-1,-4,-1,2,1,-4,-5,-2,1,2,1,90
7236,2,-1,-2,5,0,-1,-2,1,0,-1,-2,-1,46
7237,0,1,-4,3,-2,1,-4,-1,-2,1,0,1,54
7238,2,-3,-4,3,2,-3,-4,-1,2,1,0,-1,74
7239,4,-1,-6,1,0,-1,-6,-3,0,3,2,1,114
7240,2,-1,0,1,0,-1,2,1,0,-3,-2,-1,26
7241,0,-3,2,-1,-2,1,0,-1,-2,-1,0,1,26
7242,-2,1,-2,-1,2,-3,0,-1,2,-1,0,-1,30
7243,0,-1,0,-3,0,-1,-2,-3,0,1,2,1,30
7244,2,-5,-2,3,-2,-3,0,3,2,-1,-2,-1,74
7245,0,-3,0,1,-4,-1,-2,1,0,1,0,1,34
7246,2,-3,-4,1,0,-5,-2,1,4,1,0,-1,78
7247,4,-1,-2,-1,-2,-3,-4,-1,2,3,2,1,70
7248,2,3,-4,-1,0,3,2,1,-2,-3,-2,-1,62
7249,0,1,-6,1,-2,5,0,-1,-4,-1,0,1,86
7250,-2,1,-2,-3,2,1,0,-1,0,-1,0,-1,26
7251,0,-1,-4,-1,0,3,-2,-3,-2,1,2,1,50
7252,-2,3,-6,1,-2,1,0,3,0,-1,-2,-1,70
7253,-4,5,-8,3,-4,3,-2,1,-2,1,0,1,150
7254,-2,1,-4,-1,0,-1,-2,1,2,1,0,-1,34
7255,0,3,-6,1,-2,1,-4,-1,0,3,2,1,82
7256,2,-1,-4,-3,-2,1,4,3,0,-3,-2,-1,74
7257,0,-3,-2,-1,-4,3,2,1,-2,-1,0,1,50
7258,-2,1,-2,-5,0,-1,2,1,2,-1,0,-1,46
7259,0,-1,0,-3,-2,1,0,-1,0,1,2,1,22
7260,2,-1,-6,-1,-4,-1,2,5,2,-1,-2,-1,98
7261,0,1,-4,1,-6,1,0,3,0,1,0,1,66
7262,2,1,-4,-3,-2,-3,0,3,4,1,0,-1,70
7263,4,3,-2,-1,-4,-1,-2,1,2,3,2,1,70
7264,6,-1,-4,-1,2,3,2,-1,-2,-3,-2,-1,90
7265,4,-3,-6,-3,4,5,0,-3,-4,-1,0,1,138
7266,2,-3,-6,1,4,1,0,-3,0,-1,0,-1,78
7267,4,-5,-8,-1,6,3,-2,-5,-2,1,2,1,190
7268,2,-5,-2,1,0,1,0,1,0,-1,-2,-1,42
7269,0,-3,-4,-1,2,3,-2,-1,-2,1,0,1,50
7270,2,-7,-4,3,2,-1,-2,-1,2,1,0,-1,94
7271,4,-5,-6,1,4,1,-4,-3,0,3,2,1,134
7272,2,-1,-4,-3,0,1,4,1,0,-3,-2,-1,62
7273,0,-3,-2,-5,2,3,2,-1,-2,-1,0,1,62
7274,-2,1,-6,-1,2,-1,2,-1,2,-1,0,-1,58
7275,0,-1,-4,-3,4,1,0,-3,0,1,2,1,58
7276,2,-5,-2,-1,-2,-1,2,3,2,-1,-2,-1,62
7277,0,-3,0,-3,0,1,0,1,0,1,0,1,22
7278,2,-3,-4,1,0,-3,0,1,4,1,0,-1,58
7279,4,-1,-2,-1,2,-1,-2,-1,2,3,2,1,50
7280,6,-1,-8,-5,0,5,4,1,-2,-3,-2,-1,186
7281,4,-3,-10,-3,2,7,2,-1,-4,-1,0,1,210
7282,2,-3,-6,-3,2,3,2,-1,0,-1,0,-1,78
7283,4,-5,-8,-1,4,5,0,-3,-2,1,2,1,166
7284,2,-1,-6,-3,-2,3,2,3,0,-1,-2,-1,82
7285,0,1,-8,-1,0,5,0,1,-2,1,0,1,98
7286,2,-3,-4,-1,0,1,0,1,2,1,0,-1,38
7287,4,-1,-6,1,2,3,-2,-1,0,3,2,1,86
7288,6,-1,-8,-7,-2,3,6,3,0,-3,-2,-1,222
7289,4,-3,-6,-5,0,5,4,1,-2,-1,0,1,134
7290,2,1,-6,-5,0,1,4,1,2,-1,0,-1,90
7291,4,-1,-4,-3,2,3,2,-1,0,1,2,1,66
7292,6,-1,-6,-5,-4,1,4,5,2,-1,-2,-1,166
7293,4,1,-4,-3,-2,3,2,3,0,1,0,1,70
7294,6,1,-4,-3,-2,-1,2,3,4,1,0,-1,98
7295,8,3,-2,-1,0,1,0,1,2,3,2,1,98
7296,6,3,4,3,2,-1,-2,-1,-2,-3,-2,-1,98
7297,4,1,2,1,0,-3,0,-3,-4,-1,0,1,58
7298,2,1,2,1,0,1,-4,-3,0,-1,0,-1,38
7299,4,-1,0,-1,-2,-1,-2,-5,-2,1,2,1,62
7300,2,-1,2,1,4,-3,-4,1,0,-1,-2,-1,58
7301,0,1,0,-1,2,-5,-2,-1,-2,1,0,1,42
7302,2,-3,0,-1,2,-1,-6,-1,2,1,0,-1,62
7303,4,-1,-2,-3,0,-3,-4,-3,0,3,2,1,78
7304,2,-1,0,5,0,-3,0,1,0,-3,-2,-1,54
7305,0,-3,2,3,-2,-5,2,-1,-2,-1,0,1,62
7306,-2,1,-2,3,-2,-1,-2,-1,2,-1,0,-1,34
7307,0,-1,0,1,-4,-3,0,-3,0,1,2,1,42
7308,2,-5,-2,3,2,-5,-2,3,2,-1,-2,-1,94
7309,0,-3,0,1,0,-7,0,1,0,1,0,1,62
7310,2,-3,-4,1,0,-3,-4,1,4,1,0,-1,74
7311,4,-1,-2,-1,-2,-5,-2,-1,2,3,2,1,74
7312,2,-1,4,-1,0,1,0,1,-2,-3,-2,-1,42
7313,0,-3,2,1,-2,-1,2,-1,-4,-1,0,1,42
7314,-2,-3,6,-3,-2,3,-2,-1,0,-1,0,-1,78
7315,0,-5,4,-1,-4,1,0,-3,-2,1,2,1,78
7316,-2,-1,2,-3,2,-1,-2,3,0,-1,-2,-1,42
7317,-4,1,0,-1,0,-3,0,1,-2,1,0,1,34
7318,-2,-3,4,-5,0,1,-4,1,2,1,0,-1,78
7319,0,-1,2,-3,-2,-1,-2,-1,0,3,2,1,38
7320,2,-5,0,1,-2,-1,2,3,0,-3,-2,-1,62
7321,0,-7,2,3,-4,-3,4,1,-2,-1,0,1,110
7322,-2,-3,2,-1,-4,1,0,1,2,-1,0,-1,42
7323,0,-5,4,1,-6,-1,2,-1,0,1,2,1,90
7324,2,-5,-2,-1,0,-3,0,5,2,-1,-2,-1,78
7325,0,-3,0,1,-2,-5,2,3,0,1,0,1,54
7326,2,-3,0,-3,-2,-1,-2,3,4,1,0,-1,58
7327,4,-1,2,-1,-4,-3,0,1,2,3,2,1,66
7328,2,3,0,-1,2,1,0,-1,-2,-3,-2,-1,38
7329,0,1,-2,-3,4,-1,2,-3,-4,-1,0,1,62
7330,-2,1,-2,1,0,3,-2,-3,0,-1,0,-1,34
7331,0,-1,-4,-1,2,1,0,-5,-2,1,2,1,58
7332,-2,-1,2,-3,4,-1,-2,1,0,-1,-2,-1,46
7333,-4,1,0,-5,6,-3,0,-1,-2,1,0,1,94
7334,-2,-3,0,-1,2,1,-4,-1,2,1,0,-1,42
7335,0,-1,-2,-3,4,-1,-2,-3,0,3,2,1,58
7336,-2,3,-4,1,0,-1,2,1,0,-3,-2,-1,50
7337,-4,1,-2,-1,2,-3,4,-1,-2,-1,0,1,58
7338,-6,5,-6,3,-2,1,0,-1,2,-1,0,-1,118
7339,-4,3,-4,1,0,-1,2,-3,0,1,2,1,62
7340,-2,-1,-2,-1,2,-3,0,3,2,-1,-2,-1,42
7341,-4,1,0,-3,4,-5,2,1,0,1,0,1,74
7342,-2,1,-4,1,0,-1,-2,1,4,1,0,-1,46
7343,0,3,-2,-1,2,-3,0,-1,2,3,2,1,46
7344,2,-1,0,-5,0,3,2,1,-2,-3,-2,-1,62
7345,0,-3,-2,-3,2,1,4,-1,-4,-1,0,1,62
7346,-2,-3,2,-3,-2,5,0,-1,0,-1,0,-1,58
7347,0,-5,0,-1,0,3,2,-3,-2,1,2,1,58
7348,-2,-1,2,-7,2,1,0,3,0,-1,-2,-1,78
7349,-4,1,0,-5,4,-1,2,1,-2,1,0,1,70
7350,-2,-3,4,-5,0,3,-2,1,2,1,0,-1,74
7351,0,-1,2,-3,2,1,0,-1,0,3,2,1,34
7352,2,-1,-4,-3,-2,1,4,3,0,-3,-2,-1,74
7353,0,-3,-2,-1,0,-1,6,1,-2,-1,0,1,58
7354,-2,1,-2,-1,-4,3,2,1,2,-1,0,-1,46
7355,0,-1,0,1,-2,1,4,-1,0,1,2,1,30
7356,2,-1,-2,-5,0,-1,2,5,2,-1,-2,-1,74
7357,0,1,0,-3,2,-3,4,3,0,1,0,1,50
7358,2,1,0,-3,-2,1,0,3,4,1,0,-1,46
7359,4,3,2,-1,0,-1,2,1,2,3,2,1,54
7360,6,-1,0,3,2,-1,-2,-1,-2,-3,-2,-1,74
7361,4,-3,-2,1,0,1,0,-3,-4,-1,0,1,58
7362,2,-3,-2,1,4,1,-4,-3,0,-1,0,-1,62
7363,4,-5,-4,-1,2,3,-2,-5,-2,1,2,1,110
7364,2,-5,-2,5,4,-3,-4,1,0,-1,-2,-1,106
7365,0,-3,-4,3,2,-1,-2,-1,-2,1,0,1,50
7366,2,-7,-4,3,6,-1,-6,-1,2,1,0,-1,158
7367,4,-5,-6,1,4,1,-4,-3,0,3,2,1,134
7368,2,-5,0,5,0,-3,0,1,0,-3,-2,-1,78
7369,0,-7,2,3,-2,-1,2,-1,-2,-1,0,1,78
7370,-2,-3,-2,3,2,-1,-2,-1,2,-1,0,-1,42
7371,0,-5,0,1,0,1,0,-3,0,1,2,1,42
7372,2,-9,-2,7,2,-5,-2,3,2,-1,-2,-1,190
7373,0,-7,0,5,0,-3,0,1,0,1,0,1,86
7374,2,-7,-4,5,4,-3,-4,1,4,1,0,-1,154
7375,4,-5,-2,3,2,-1,-2,-1,2,3,2,1,82
7376,2,-1,0,-1,0,1,0,1,-2,-3,-2,-1,26
7377,0,-3,-2,1,-2,3,2,-1,-4,-1,0,1,50
7378,-2,-3,2,-3,2,3,-2,-1,0,-1,0,-1,46
7379,0,-5,0,-1,0,5,0,-3,-2,1,2,1,70
7380,-2,-1,-2,1,2,-1,-2,3,0,-1,-2,-1,34
7381,-4,1,-4,3,0,1,0,1,-2,1,0,1,50
7382,-2,-3,0,-1,4,1,-4,1,2,1,0,-1,54
7383,0,-1,-2,1,2,3,-2,-1,0,3,2,1,38
7384,2,-5,0,1,-2,-1,2,3,0,-3,-2,-1,62
7385,0,-7,2,3,-4,1,4,1,-2,-1,0,1,102
7386,-2,-3,2,-1,0,1,0,1,2,-1,0,-1,26
7387,0,-5,4,1,-2,3,2,-1,0,1,2,1,66
7388,2,-5,-2,3,0,-3,0,5,2,-1,-2,-1,86
7389,0,-3,0,5,-2,-1,2,3,0,1,0,1,54
7390,2,-3,0,1,2,-1,-2,3,4,1,0,-1,50
7391,4,-1,2,3,0,1,0,1,2,3,2,1,50
7392,6,-1,-4,-1,2,1,0,-1,-2,-3,-2,-1,78
7393,4,-3,-6,-3,4,3,2,-3,-4,-1,0,1,126
7394,2,-3,-6,1,4,3,-2,-3,0,-1,0,-1,90
7395,4,-5,-8,-1,6,5,0,-5,-2,1,2,1,202
7396,2,-5,-2,1,4,-1,-2,1,0,-1,-2,-1,62
7397,0,-3,-4,-1,6,1,0,-1,-2,1,0,1,70
7398,2,-7,-4,3,6,1,-4,-1,2,1,0,-1,138
7399,4,-5,-6,1,8,3,-2,-3,0,3,2,1,178
7400,2,-1,-4,1,0,-1,2,1,0,-3,-2,-1,42
7401,0,-3,-2,-1,2,1,4,-1,-2,-1,0,1,42
7402,-2,1,-6,3,2,1,0,-1,2,-1,0,-1,62
7403,0,-1,-4,1,4,3,2,-3,0,1,2,1,62
7404,2,-5,-2,3,2,-3,0,3,2,-1,-2,-1,74
7405,0,-3,0,1,4,-1,2,1,0,1,0,1,34
7406,2,-3,-4,5,4,-1,-2,1,4,1,0,-1,94
7407,4,-1,-2,3,6,1,0,-1,2,3,2,1,86
7408,6,-1,-4,-5,0,3,2,1,-2,-3,-2,-1,110
7409,4,-3,-6,-3,2,5,4,-1,-4,-1,0,1,134
7410,2,-3,-2,-3,2,5,0,-1,0,-1,0,-1,58
7411,4,-5,-4,-1,4,7,2,-3,-2,1,2,1,146
7412,2,-1,-2,-3,2,1,0,3,0,-1,-2,-1,38
7413,0,1,-4,-1,4,3,2,1,-2,1,0,1,54
7414,2,-3,0,-1,4,3,-2,1,2,1,0,-1,50
7415,4,-1,-2,1,6,5,0,-1,0,3,2,1,98
7416,6,-1,-4,-3,-2,1,4,3,0,-3,-2,-1,106
7417,4,-3,-2,-1,0,3,6,1,-2,-1,0,1,82
7418,2,1,-2,-1,0,3,2,1,2,-1,0,-1,30
7419,4,-1,0,1,2,5,4,-1,0,1,2,1,70
7420,6,-1,-2,-1,0,-1,2,5,2,-1,-2,-1,82
7421,4,1,0,1,2,1,4,3,0,1,0,1,50
7422,6,1,0,1,2,1,0,3,4,1,0,-1,70
7423,8,3,2,3,4,3,2,1,2,3,2,1,134
7424,6,7,4,3,0,-1,-2,-3,-2,-3,-2,-1,142
7425,4,5,2,1,-2,-3,-4,-1,-4,-1,0,1,94
7426,2,5,2,1,-2,-3,0,-5,0,-1,0,-1,74
7427,4,3,0,-1,-4,-5,-2,-3,-2,1,2,1,90
7428,2,3,2,1,-2,1,-4,-1,0,-1,-2,-1,46
7429,0,5,0,-1,-4,-1,-6,1,-2,1,0,1,86
7430,2,1,0,-1,-4,-1,-2,-3,2,1,0,-1,42
7431,4,3,-2,-3,-6,-3,-4,-1,0,3,2,1,114
7432,2,3,0,1,2,-3,0,-1,0,-3,-2,-1,42
7433,0,1,2,-1,0,-5,-2,1,-2,-1,0,1,42
7434,-2,5,-2,-1,0,-5,2,-3,2,-1,0,-1,78
7435,0,3,0,-3,-2,-7,0,-1,0,1,2,1,78
7436,2,-1,-2,-1,0,-1,-2,1,2,-1,-2,-1,26
7437,0,1,0,-3,-2,-3,-4,3,0,1,0,1,50
7438,2,1,-4,-3,-2,-3,0,-1,4,1,0,-1,62
7439,4,3,-2,-5,-4,-5,-2,1,2,3,2,1,118
7440,2,3,0,3,-2,1,0,-1,-2,-3,-2,-1,46
7441,0,1,-2,5,-4,-1,-2,1,-4,-1,0,1,70
7442,-2,1,2,1,-4,-1,2,-3,0,-1,0,-1,42
7443,0,-1,0,3,-6,-3,0,-1,-2,1,2,1,66
7444,-2,3,-2,1,-4,3,-2,1,0,-1,-2,-1,54
7445,-4,5,-4,3,-6,1,-4,3,-2,1,0,1,134
7446,-2,1,0,-1,-6,1,0,-1,2,1,0,-1,50
7447,0,3,-2,1,-8,-1,-2,1,0,3,2,1,98
7448,2,-1,-4,1,0,-1,2,1,0,-3,-2,-1,42
7449,0,-3,-2,3,-2,-3,0,3,-2,-1,0,1,50
7450,-2,1,-2,-1,-2,-3,4,-1,2,-1,0,-1,46
7451,0,-1,0,1,-4,-5,2,1,0,1,2,1,54
7452,2,-1,-6,-1,-2,1,0,3,2,-1,-2,-1,66
7453,0,1,-4,1,-4,-1,-2,5,0,1,0,1,66
7454,2,1,-4,-3,-4,-1,2,1,4,1,0,-1,70
7455,4,3,-2,-1,-6,-3,0,3,2,3,2,1,102
7456,2,3,4,-1,0,1,0,-3,-2,-3,-2,-1,58
7457,0,1,2,-3,2,-1,-2,-1,-4,-1,0,1,42
7458,-2,1,2,1,-2,-1,2,-5,0,-1,0,-1,46
7459,0,-1,0,-1,0,-3,0,-3,-2,1,2,1,30
7460,-2,-1,6,-3,-2,3,-2,-1,0,-1,-2,-1,74
7461,-4,1,4,-5,0,1,-4,1,-2,1,0,1,82
7462,-2,-3,4,-1,-4,1,0,-3,2,1,0,-1,62
7463,0,-1,2,-3,-2,-1,-2,-1,0,3,2,1,38
7464,-2,3,0,-3,2,-1,2,-1,0,-3,-2,-1,46
7465,-4,1,2,-5,4,-3,0,1,-2,-1,0,1,78
7466,-6,5,-2,-1,0,-3,4,-3,2,-1,0,-1,106
7467,-4,3,0,-3,2,-5,2,-1,0,1,2,1,74
7468,-2,-1,2,-5,0,1,0,1,2,-1,-2,-1,46
7469,-4,1,4,-7,2,-1,-2,3,0,1,0,1,102
7470,-2,1,0,-3,-2,-1,2,-1,4,1,0,-1,42
7471,0,3,2,-5,0,-3,0,1,2,3,2,1,66
7472,2,-1,0,-1,-2,3,2,-1,-2,-3,-2,-1,42
7473,0,-3,-2,1,0,1,0,1,-4,-1,0,1,34
7474,-2,-3,2,1,-4,1,4,-3,0,-1,0,-1,62
7475,0,-5,0,3,-2,-1,2,-1,-2,1,2,1,54
7476,-2,-1,2,-3,-4,5,0,1,0,-1,-2,-1,66
7477,-4,1,0,-1,-2,3,-2,3,-2,1,0,1,50
7478,-2,-3,4,-1,-6,3,2,-1,2,1,0,-1,86
7479,0,-1,2,1,-4,1,0,1,0,3,2,1,38
7480,2,-1,-4,-3,0,1,4,1,0,-3,-2,-1,62
7481,0,-3,-2,-1,2,-1,2,3,-2,-1,0,1,38
7482,-2,1,-2,-1,-2,-1,6,-1,2,-1,0,-1,58
7483,0,-1,0,1,0,-3,4,1,0,1,2,1,34
7484,2,-1,-2,-5,-2,3,2,3,2,-1,-2,-1,70
7485,0,1,0,-3,0,1,0,5,0,1,0,1,38
7486,2,1,0,-3,-4,1,4,1,4,1,0,-1,66
7487,4,3,2,-1,-2,-1,2,3,2,3,2,1,66
7488,2,7,0,3,0,-1,-2,-3,-2,-3,-2,-1,94
7489,0,5,-2,1,-2,1,-4,-1,-4,-1,0,1,70
7490,-2,5,-2,1,2,-3,0,-5,0,-1,0,-1,74
7491,0,3,-4,-1,0,-1,-2,-3,-2,1,2,1,50
7492,-2,3,-2,5,-2,1,-4,-1,0,-1,-2,-1,70
7493,-4,5,-4,3,-4,3,-6,1,-2,1,0,1,134
7494,-2,1,-4,3,0,-1,-2,-3,2,1,0,-1,50
7495,0,3,-6,1,-2,1,-4,-1,0,3,2,1,82
7496,-2,3,0,1,2,-3,0,-1,0,-3,-2,-1,42
7497,-4,1,2,-1,0,-1,-2,1,-2,-1,0,1,34
7498,-6,5,-2,-1,4,-5,2,-3,2,-1,0,-1,126
7499,-4,3,0,-3,2,-3,0,-1,0,1,2,1,54
7500,-2,-1,-2,3,0,-1,-2,1,2,-1,-2,-1,34
7501,-4,1,0,1,-2,1,-4,3,0,1,0,1,50
7502,-2,1,-4,1,2,-3,0,-1,4,1,0,-1,54
7503,0,3,-2,-1,0,-1,-2,1,2,3,2,1,38
7504,-2,7,-4,3,-2,1,0,-1,-2,-3,-2,-1,102
7505,-4,5,-6,5,-4,3,-2,1,-4,-1,0,1,150
7506,-6,5,-2,1,0,-1,2,-3,0,-1,0,-1,82
7507,-4,3,-4,3,-2,1,0,-1,-2,1,2,1,66
7508,-6,7,-6,5,-4,3,-2,1,0,-1,-2,-1,182
7509,-8,9,-8,7,-6,5,-4,3,-2,1,0,1,350
7510,-6,5,-4,3,-2,1,0,-1,2,1,0,-1,98
7511,-4,7,-6,5,-4,3,-2,1,0,3,2,1,170
7512,-2,3,-4,1,0,-1,2,1,0,-3,-2,-1,50
7513,-4,1,-2,3,-2,1,0,3,-2,-1,0,1,50
7514,-6,5,-2,-1,2,-3,4,-1,2,-1,0,-1,102
7515,-4,3,0,1,0,-1,2,1,0,1,2,1,38
7516,-2,3,-6,3,-2,1,0,3,2,-1,-2,-1,82
7517,-4,5,-4,5,-4,3,-2,5,0,1,0,1,138
7518,-2,5,-4,1,0,-1,2,1,4,1,0,-1,70
7519,0,7,-2,3,-2,1,0,3,2,3,2,1,94
7520,2,3,0,-1,0,1,0,-3,-2,-3,-2,-1,42
7521,0,1,-2,-3,2,3,-2,-1,-4,-1,0,1,50
7522,-2,1,-2,1,2,-1,2,-5,0,-1,0,-1,46
7523,0,-1,-4,-1,4,1,0,-3,-2,1,2,1,54
7524,-2,-1,2,1,-2,3,-2,-1,0,-1,-2,-1,34
7525,-4,1,0,-1,0,5,-4,1,-2,1,0,1,66
7526,-2,-3,0,3,0,1,0,-3,2,1,0,-1,38
7527,0,-1,-2,1,2,3,-2,-1,0,3,2,1,38
7528,-2,3,0,-3,2,-1,2,-1,0,-3,-2,-1,46
7529,-4,1,2,-5,4,1,0,1,-2,-1,0,1,70
7530,-6,5,-2,-1,4,-3,4,-3,2,-1,0,-1,122
7531,-4,3,0,-3,6,-1,2,-1,0,1,2,1,82
7532,-2,-1,2,-1,0,1,0,1,2,-1,-2,-1,22
7533,-4,1,4,-3,2,3,-2,3,0,1,0,1,70
7534,-2,1,0,1,2,-1,2,-1,4,1,0,-1,34
7535,0,3,2,-1,4,1,0,1,2,3,2,1,50
7536,2,3,-4,-1,-2,3,2,-1,-2,-3,-2,-1,66
7537,0,1,-6,1,0,5,0,1,-4,-1,0,1,82
7538,-2,1,-2,1,0,1,4,-3,0,-1,0,-1,38
7539,0,-1,-4,3,2,3,2,-1,-2,1,2,1,54
7540,-2,3,-2,1,-4,5,0,1,0,-1,-2,-1,66
7541,-4,5,-4,3,-2,7,-2,3,-2,1,0,1,138
7542,-2,1,0,3,-2,3,2,-1,2,1,0,-1,38
7543,0,3,-2,5,0,5,0,1,0,3,2,1,78
7544,2,3,-4,-3,0,1,4,1,0,-3,-2,-1,70
7545,0,1,-2,-1,2,3,2,3,-2,-1,0,1,38
7546,-2,5,-2,-1,2,-1,6,-1,2,-1,0,-1,82
7547,0,3,0,1,4,1,4,1,0,1,2,1,50
7548,2,3,-2,-1,-2,3,2,3,2,-1,-2,-1,54
7549,0,5,0,1,0,5,0,5,0,1,0,1,78
7550,2,5,0,1,0,1,4,1,4,1,0,-1,66
7551,4,7,2,3,2,3,2,3,2,3,2,1,122
7552,6,3,4,3,0,-3,-4,-3,-2,-3,-2,-1,122
7553,4,1,2,1,-2,-5,-2,-1,-4,-1,0,1,74
7554,2,1,2,1,-2,-1,-2,-5,0,-1,0,-1,46
7555,4,-1,0,-1,-4,-3,0,-3,-2,1,2,1,62
7556,2,-1,2,1,2,-1,-6,-1,0,-1,-2,-1,58
7557,0,1,0,-1,0,-3,-4,1,-2,1,0,1,34
7558,2,-3,0,-1,0,1,-4,-3,2,1,0,-1,46
7559,4,-1,-2,-3,-2,-1,-2,-1,0,3,2,1,54
7560,2,-1,0,5,2,-5,-2,-1,0,-3,-2,-1,78
7561,0,-3,2,3,0,-7,0,1,-2,-1,0,1,78
7562,-2,1,-2,3,0,-3,0,-3,2,-1,0,-1,42
7563,0,-1,0,1,-2,-5,2,-1,0,1,2,1,42
7564,2,-5,-2,3,4,-3,-4,1,2,-1,-2,-1,94
7565,0,-3,0,1,2,-5,-2,3,0,1,0,1,54
7566,2,-3,-4,1,2,-1,-2,-1,4,1,0,-1,58
7567,4,-1,-2,-1,0,-3,0,1,2,3,2,1,50
7568,2,-1,4,3,-2,-1,-2,-1,-2,-3,-2,-1,58
7569,0,-3,2,5,-4,-3,0,1,-4,-1,0,1,82
7570,-2,-3,6,1,-4,1,0,-3,0,-1,0,-1,78
7571,0,-5,4,3,-6,-1,2,-1,-2,1,2,1,102
7572,-2,-1,2,1,0,1,-4,1,0,-1,-2,-1,34
7573,-4,1,0,3,-2,-1,-2,3,-2,1,0,1,50
7574,-2,-3,4,-1,-2,3,-2,-1,2,1,0,-1,54
7575,0,-1,2,1,-4,1,0,1,0,3,2,1,38
7576,2,-5,0,5,0,-3,0,1,0,-3,-2,-1,78
7577,0,-7,2,7,-2,-5,2,3,-2,-1,0,1,150
7578,-2,-3,2,3,-2,-1,2,-1,2,-1,0,-1,42
7579,0,-5,4,5,-4,-3,4,1,0,1,2,1,114
7580,2,-5,-2,3,2,-1,-2,3,2,-1,-2,-1,70
7581,0,-3,0,5,0,-3,0,5,0,1,0,1,70
7582,2,-3,0,1,0,1,0,1,4,1,0,-1,34
7583,4,-1,2,3,-2,-1,2,3,2,3,2,1,66
7584,2,3,4,-1,0,-1,-2,-3,-2,-3,-2,-1,62
7585,0,1,2,-3,2,-3,0,-1,-4,-1,0,1,46
7586,-2,1,2,1,-2,1,0,-5,0,-1,0,-1,42
7587,0,-1,0,-1,0,-1,2,-3,-2,1,2,1,26
7588,-2,-1,6,-3,2,1,-4,-1,0,-1,-2,-1,78
7589,-4,1,4,-5,4,-1,-2,1,-2,1,0,1,86
7590,-2,-3,4,-1,0,3,-2,-3,2,1,0,-1,58
7591,0,-1,2,-3,2,1,0,-1,0,3,2,1,34
7592,-2,3,0,1,2,-3,0,-1,0,-3,-2,-1,42
7593,-4,1,2,-1,4,-5,2,1,-2,-1,0,1,74
7594,-6,5,-2,3,0,-1,2,-3,2,-1,0,-1,94
7595,-4,3,0,1,2,-3,4,-1,0,1,2,1,62
7596,-2,-1,2,-1,4,-1,-2,1,2,-1,-2,-1,42
7597,-4,1,4,-3,6,-3,0,3,0,1,0,1,98
7598,-2,1,0,1,2,1,0,-1,4,1,0,-1,30
7599,0,3,2,-1,4,-1,2,1,2,3,2,1,54
7600,2,-1,4,-1,-2,1,0,-1,-2,-3,-2,-1,46
7601,0,-3,2,1,0,-1,2,1,-4,-1,0,1,38
7602,-2,-3,6,1,-4,3,2,-3,0,-1,0,-1,90
7603,0,-5,4,3,-2,1,4,-1,-2,1,2,1,82
7604,-2,-1,6,-3,0,3,-2,1,0,-1,-2,-1,70
7605,-4,1,4,-1,2,1,0,3,-2,1,0,1,54
7606,-2,-3,8,-1,-2,5,0,-1,2,1,0,-1,114
7607,0,-1,6,1,0,3,2,1,0,3,2,1,66
7608,2,-1,0,1,0,-1,2,1,0,-3,-2,-1,26
7609,0,-3,2,3,2,-3,4,3,-2,-1,0,1,66
7610,-2,1,2,3,-2,1,4,-1,2,-1,0,-1,46
7611,0,-1,4,5,0,-1,6,1,0,1,2,1,86
7612,2,-1,2,-1,2,1,0,3,2,-1,-2,-1,34
7613,0,1,4,1,4,-1,2,5,0,1,0,1,66
7614,2,1,4,1,0,3,2,1,4,1,0,-1,54
7615,4,3,6,3,2,1,4,3,2,3,2,1,118
7616,6,3,0,3,0,-3,-4,-3,-2,-3,-2,-1,106
7617,4,1,-2,1,-2,-1,-2,-1,-4,-1,0,1,50
7618,2,1,-2,1,2,-1,-2,-5,0,-1,0,-1,46
7619,4,-1,-4,-1,0,1,0,-3,-2,1,2,1,54
7620,2,-1,-2,5,2,-1,-6,-1,0,-1,-2,-1,82
7621,0,1,-4,3,0,1,-4,1,-2,1,0,1,50
7622,2,-3,-4,3,4,1,-4,-3,2,1,0,-1,86
7623,4,-1,-6,1,2,3,-2,-1,0,3,2,1,86
7624,2,-1,0,5,2,-5,-2,-1,0,-3,-2,-1,78
7625,0,-3,2,3,0,-3,0,1,-2,-1,0,1,38
7626,-2,1,-2,3,4,-3,0,-3,2,-1,0,-1,58
7627,0,-1,0,1,2,-1,2,-1,0,1,2,1,18
7628,2,-5,-2,7,4,-3,-4,1,2,-1,-2,-1,134
7629,0,-3,0,5,2,-1,-2,3,0,1,0,1,54
7630,2,-3,-4,5,6,-1,-2,-1,4,1,0,-1,114
7631,4,-1,-2,3,4,1,0,1,2,3,2,1,66
7632,2,3,0,3,-2,-1,-2,-1,-2,-3,-2,-1,50
7633,0,1,-2,5,-4,1,0,1,-4,-1,0,1,66
7634,-2,1,2,1,0,1,0,-3,0,-1,0,-1,22
7635,0,-1,0,3,-2,3,2,-1,-2,1,2,1,38
7636,-2,3,-2,5,0,1,-4,1,0,-1,-2,-1,66
7637,-4,5,-4,7,-2,3,-2,3,-2,1,0,1,138
7638,-2,1,0,3,2,3,-2,-1,2,1,0,-1,38
7639,0,3,-2,5,0,5,0,1,0,3,2,1,78
7640,2,-1,0,5,0,-3,0,1,0,-3,-2,-1,54
7641,0,-3,2,7,-2,-1,2,3,-2,-1,0,1,86
7642,-2,1,2,3,2,-1,2,-1,2,-1,0,-1,34
7643,0,-1,4,5,0,1,4,1,0,1,2,1,66
7644,2,-1,-2,7,2,-1,-2,3,2,-1,-2,-1,86
7645,0,1,0,9,0,1,0,5,0,1,0,1,110
7646,2,1,0,5,4,1,0,1,4,1,0,-1,66
7647,4,3,2,7,2,3,2,3,2,3,2,1,122
7648,6,3,0,-1,0,-1,-2,-3,-2,-3,-2,-1,78
7649,4,1,-2,-3,2,1,0,-1,-4,-1,0,1,54
7650,2,1,-2,1,2,1,0,-5,0,-1,0,-1,42
7651,4,-1,-4,-1,4,3,2,-3,-2,1,2,1,82
7652,2,-1,2,1,2,1,-4,-1,0,-1,-2,-1,38
7653,0,1,0,-1,4,3,-2,1,-2,1,0,1,38
7654,2,-3,0,3,4,3,-2,-3,2,1,0,-1,66
7655,4,-1,-2,1,6,5,0,-1,0,3,2,1,98
7656,2,3,0,1,2,-3,0,-1,0,-3,-2,-1,42
7657,0,1,2,-1,4,-1,2,1,-2,-1,0,1,34
7658,-2,5,-2,3,4,-1,2,-3,2,-1,0,-1,78
7659,0,3,0,1,6,1,4,-1,0,1,2,1,70
7660,2,-1,2,3,4,-1,-2,1,2,-1,-2,-1,50
7661,0,1,4,1,6,1,0,3,0,1,0,1,66
7662,2,1,0,5,6,1,0,-1,4,1,0,-1,86
7663,4,3,2,3,8,3,2,1,2,3,2,1,134
7664,6,3,0,-1,-2,1,0,-1,-2,-3,-2,-1,70
7665,4,1,-2,1,0,3,2,1,-4,-1,0,1,54
7666,2,1,2,1,0,3,2,-3,0,-1,0,-1,34
7667,4,-1,0,3,2,5,4,-1,-2,1,2,1,82
7668,2,3,2,1,0,3,-2,1,0,-1,-2,-1,38
7669,0,5,0,3,2,5,0,3,-2,1,0,1,78
7670,2,1,4,3,2,5,0,-1,2,1,0,-1,66
7671,4,3,2,5,4,7,2,1,0,3,2,1,138
7672,6,3,0,1,0,-1,2,1,0,-3,-2,-1,66
7673,4,1,2,3,2,1,4,3,-2,-1,0,1,66
7674,2,5,2,3,2,1,4,-1,2,-1,0,-1,70
7675,4,3,4,5,4,3,6,1,0,1,2,1,134
7676,6,3,2,3,2,1,0,3,2,-1,-2,-1,82
7677,4,5,4,5,4,3,2,5,0,1,0,1,138
7678,6,5,4,5,4,3,2,1,4,1,0,-1,150
7679,8,7,6,7,6,5,4,3,2,3,2,1,302
7680,10,7,4,1,0,-1,-2,-3,-4,-3,-2,-1,210
7681,8,5,2,-1,-2,-3,-4,-5,-2,-1,0,1,154
7682,6,5,2,-1,-2,-3,-4,-1,-2,-1,0,-1,102
7683,8,3,0,-3,-4,-5,-6,-3,0,1,2,1,174
7684,6,3,2,-1,-2,-3,0,-1,-2,-1,-2,-1,74
7685,4,5,0,-3,-4,-5,-2,-3,0,1,0,1,106
7686,6,1,0,-3,-4,-5,-2,1,0,1,0,-1,94
7687,8,3,-2,-5,-6,-7,-4,-1,2,3,2,1,222
7688,6,3,0,-1,-2,1,0,-1,-2,-3,-2,-1,70
7689,4,1,2,-3,-4,-1,-2,-3,0,-1,0,1,62
7690,2,5,-2,-3,-4,-1,-2,1,0,-1,0,-1,66
7691,4,3,0,-5,-6,-3,-4,-1,2,1,2,1,122
7692,6,-1,-2,-3,-4,-1,2,1,0,-1,-2,-1,78
7693,4,1,0,-5,-6,-3,0,-1,2,1,0,1,94
7694,6,1,-4,-5,-6,-3,0,3,2,1,0,-1,138
7695,8,3,-2,-7,-8,-5,-2,1,4,3,2,1,250
7696,6,3,0,-3,2,1,0,-1,-4,-3,-2,-1,90
7697,4,1,-2,-1,0,-1,-2,-3,-2,-1,0,1,42
7698,2,1,2,-5,0,-1,-2,1,-2,-1,0,-1,46
7699,4,-1,0,-3,-2,-3,-4,-1,0,1,2,1,62
7700,2,3,-2,-5,0,-1,2,1,-2,-1,-2,-1,58
7701,0,5,-4,-3,-2,-3,0,-1,0,1,0,1,66
7702,2,1,0,-7,-2,-3,0,3,0,1,0,-1,78
7703,4,3,-2,-5,-4,-5,-2,1,2,3,2,1,118
7704,6,-1,-4,-5,0,3,2,1,-2,-3,-2,-1,110
7705,4,-3,-2,-3,-2,1,0,-1,0,-1,0,1,46
7706,2,1,-2,-7,-2,1,0,3,0,-1,0,-1,74
7707,4,-1,0,-5,-4,-1,-2,1,2,1,2,1,74
7708,6,-1,-6,-7,-2,1,4,3,0,-1,-2,-1,158
7709,4,1,-4,-5,-4,-1,2,1,2,1,0,1,86
7710,6,1,-4,-9,-4,-1,2,5,2,1,0,-1,186
7711,8,3,-2,-7,-6,-3,0,3,4,3,2,1,210
7712,6,3,0,1,0,1,0,-3,-4,-3,-2,-1,86
7713,4,1,-2,-1,2,-1,-2,-5,-2,-1,0,1,62
7714,2,1,-2,3,-2,-1,-2,-1,-2,-1,0,-1,34
7715,4,-1,-4,1,0,-3,-4,-3,0,1,2,1,74
7716,2,-1,2,-1,-2,-1,2,-1,-2,-1,-2,-1,30
7717,0,1,0,-3,0,-3,0,-3,0,1,0,1,30
7718,2,-3,0,1,-4,-3,0,1,0,1,0,-1,42
7719,4,-1,-2,-1,-2,-5,-2,-1,2,3,2,1,74
7720,2,3,-4,-1,-2,3,2,-1,-2,-3,-2,-1,66
7721,0,1,-2,-3,0,1,0,-3,0,-1,0,1,26
7722,-2,5,-6,1,-4,1,0,1,0,-1,0,-1,86
7723,0,3,-4,-1,-2,-1,-2,-1,2,1,2,1,46
7724,2,-1,-2,-3,-4,1,4,1,0,-1,-2,-1,58
7725,0,1,0,-5,-2,-1,2,-1,2,1,0,1,42
7726,2,1,-4,-1,-6,-1,2,3,2,1,0,-1,78
7727,4,3,-2,-3,-4,-3,0,1,4,3,2,1,94
7728,6,-1,-4,-3,2,3,2,-1,-4,-3,-2,-1,110
7729,4,-3,-6,-1,4,1,0,-3,-2,-1,0,1,94
7730,2,-3,-2,-1,0,1,0,1,-2,-1,0,-1,26
7731,4,-5,-4,1,2,-1,-2,-1,0,1,2,1,74
7732,2,-1,-2,-5,0,1,4,1,-2,-1,-2,-1,62
7733,0,1,-4,-3,2,-1,2,-1,0,1,0,1,38
7734,2,-3,0,-3,-2,-1,2,3,0,1,0,-1,42
7735,4,-1,-2,-1,0,-3,0,1,2,3,2,1,50
7736,6,-1,-8,-5,0,5,4,1,-2,-3,-2,-1,186
7737,4,-3,-6,-3,2,3,2,-1,0,-1,0,1,90
7738,2,1,-6,-3,-2,3,2,3,0,-1,0,-1,78
7739,4,-1,-4,-1,0,1,0,1,2,1,2,1,46
7740,6,-1,-6,-7,-2,3,6,3,0,-1,-2,-1,186
7741,4,1,-4,-5,0,1,4,1,2,1,0,1,82
7742,6,1,-4,-5,-4,1,4,5,2,1,0,-1,142
7743,8,3,-2,-3,-2,-1,2,3,4,3,2,1,134
7744,6,3,4,1,0,-1,-2,-3,-4,-3,-2,-1,106
7745,4,1,2,-1,-2,1,-4,-5,-2,-1,0,1,74
7746,2,1,2,-1,2,-3,-4,-1,-2,-1,0,-1,46
7747,4,-1,0,-3,0,-1,-6,-3,0,1,2,1,78
7748,2,-1,2,3,-2,-3,0,-1,-2,-1,-2,-1,42
7749,0,1,0,1,-4,-1,-2,-3,0,1,0,1,34
7750,2,-3,0,1,0,-5,-2,1,0,1,0,-1,46
7751,4,-1,-2,-1,-2,-3,-4,-1,2,3,2,1,70
7752,2,-1,4,-1,-2,1,0,-1,-2,-3,-2,-1,46
7753,0,-3,6,-3,-4,3,-2,-3,0,-1,0,1,94
7754,-2,1,2,-3,0,-1,-2,1,0,-1,0,-1,26
7755,0,-1,4,-5,-2,1,-4,-1,2,1,2,1,74
7756,2,-5,2,1,-4,-1,2,1,0,-1,-2,-1,62
7757,0,-3,4,-1,-6,1,0,-1,2,1,0,1,70
7758,2,-3,0,-1,-2,-3,0,3,2,1,0,-1,42
7759,4,-1,2,-3,-4,-1,-2,1,4,3,2,1,82
7760,2,3,0,-3,2,1,0,-1,-4,-3,-2,-1,58
7761,0,1,-2,-1,0,3,-2,-3,-2,-1,0,1,34
7762,-2,1,2,-5,4,-1,-2,1,-2,-1,0,-1,62
7763,0,-1,0,-3,2,1,-4,-1,0,1,2,1,38
7764,-2,3,-2,-1,0,-1,2,1,-2,-1,-2,-1,34
7765,-4,5,-4,1,-2,1,0,-1,0,1,0,1,66
7766,-2,1,0,-3,2,-3,0,3,0,1,0,-1,38
7767,0,3,-2,-1,0,-1,-2,1,2,3,2,1,38
7768,2,-1,0,-5,0,3,2,1,-2,-3,-2,-1,62
7769,0,-3,2,-3,-2,5,0,-1,0,-1,0,1,54
7770,-2,1,2,-7,2,1,0,3,0,-1,0,-1,74
7771,0,-1,4,-5,0,3,-2,1,2,1,2,1,66
7772,2,-1,-2,-3,-2,1,4,3,0,-1,-2,-1,54
7773,0,1,0,-1,-4,3,2,1,2,1,0,1,38
7774,2,1,0,-5,0,-1,2,5,2,1,0,-1,66
7775,4,3,2,-3,-2,1,0,3,4,3,2,1,82
7776,6,-1,0,1,0,1,0,-3,-4,-3,-2,-1,78
7777,4,-3,-2,-1,2,3,-2,-5,-2,-1,0,1,78
7778,2,-3,-2,3,2,-1,-2,-1,-2,-1,0,-1,42
7779,4,-5,-4,1,4,1,-4,-3,0,1,2,1,106
7780,2,-5,2,3,-2,-1,2,-1,-2,-1,-2,-1,62
7781,0,-3,0,1,0,1,0,-3,0,1,0,1,22
7782,2,-7,0,5,0,-3,0,1,0,1,0,-1,90
7783,4,-5,-2,3,2,-1,-2,-1,2,3,2,1,82
7784,2,-1,0,-1,-2,3,2,-1,-2,-3,-2,-1,42
7785,0,-3,2,-3,0,5,0,-3,0,-1,0,1,58
7786,-2,1,-2,1,0,1,0,1,0,-1,0,-1,14
7787,0,-1,0,-1,2,3,-2,-1,2,1,2,1,30
7788,2,-5,2,1,-4,1,4,1,0,-1,-2,-1,74
7789,0,-3,4,-1,-2,3,2,-1,2,1,0,1,50
7790,2,-3,0,3,-2,-1,2,3,2,1,0,-1,46
7791,4,-1,2,1,0,1,0,1,4,3,2,1,54
7792,6,-1,-4,-3,2,3,2,-1,-4,-3,-2,-1,110
7793,4,-3,-6,-1,4,5,0,-3,-2,-1,0,1,118
7794,2,-3,-2,-1,4,1,0,1,-2,-1,0,-1,42
7795,4,-5,-4,1,6,3,-2,-1,0,1,2,1,114
7796,2,-1,-2,-1,0,1,4,1,-2,-1,-2,-1,38
7797,0,1,-4,1,2,3,2,-1,0,1,0,1,38
7798,2,-3,0,1,2,-1,2,3,0,1,0,-1,34
7799,4,-1,-2,3,4,1,0,1,2,3,2,1,66
7800,6,-1,-4,-5,0,5,4,1,-2,-3,-2,-1,138
7801,4,-3,-2,-3,2,7,2,-1,0,-1,0,1,98
7802,2,1,-2,-3,2,3,2,3,0,-1,0,-1,46
7803,4,-1,0,-1,4,5,0,1,2,1,2,1,70
7804,6,-1,-2,-3,-2,3,6,3,0,-1,-2,-1,114
7805,4,1,0,-1,0,5,4,1,2,1,0,1,66
7806,6,1,0,-1,0,1,4,5,2,1,0,-1,86
7807,8,3,2,1,2,3,2,3,4,3,2,1,134
7808,6,7,4,1,0,-3,-4,-3,-4,-3,-2,-1,166
7809,4,5,2,-1,-2,-5,-2,-5,-2,-1,0,1,110
7810,2,5,2,-1,-2,-1,-6,-1,-2,-1,0,-1,82
7811,4,3,0,-3,-4,-3,-4,-3,0,1,2,1,90
7812,2,3,2,-1,2,-5,-2,-1,-2,-1,-2,-1,62
7813,0,5,0,-3,0,-7,0,-3,0,1,0,1,94
7814,2,1,0,-3,0,-3,-4,1,0,1,0,-1,42
7815,4,3,-2,-5,-2,-5,-2,-1,2,3,2,1,106
7816,2,3,0,3,-2,-1,-2,-1,-2,-3,-2,-1,50
7817,0,1,2,1,-4,-3,0,-3,0,-1,0,1,42
7818,-2,5,-2,1,-4,1,-4,1,0,-1,0,-1,70
7819,0,3,0,-1,-6,-1,-2,-1,2,1,2,1,62
7820,2,-1,-2,1,0,-3,0,1,0,-1,-2,-1,26
7821,0,1,0,-1,-2,-5,2,-1,2,1,0,1,42
7822,2,1,-4,-1,-2,-1,-2,3,2,1,0,-1,46
7823,4,3,-2,-3,-4,-3,0,1,4,3,2,1,94
7824,2,3,4,-3,2,-1,-2,-1,-4,-3,-2,-1,78
7825,0,1,2,-1,0,-3,0,-3,-2,-1,0,1,30
7826,-2,1,6,-5,0,1,-4,1,-2,-1,0,-1,90
7827,0,-1,4,-3,-2,-1,-2,-1,0,1,2,1,42
7828,-2,3,2,-5,4,-3,0,1,-2,-1,-2,-1,78
7829,-4,5,0,-3,2,-5,2,-1,0,1,0,1,86
7830,-2,1,4,-7,2,-1,-2,3,0,1,0,-1,90
7831,0,3,2,-5,0,-3,0,1,2,3,2,1,66
7832,2,-1,0,-1,0,1,0,1,-2,-3,-2,-1,26
7833,0,-3,2,1,-2,-1,2,-1,0,-1,0,1,26
7834,-2,1,2,-3,-2,3,-2,3,0,-1,0,-1,46
7835,0,-1,4,-1,-4,1,0,1,2,1,2,1,46
7836,2,-1,-2,-3,2,-1,2,3,0,-1,-2,-1,42
7837,0,1,0,-1,0,-3,4,1,2,1,0,1,34
7838,2,1,0,-5,0,1,0,5,2,1,0,-1,62
7839,4,3,2,-3,-2,-1,2,3,4,3,2,1,86
7840,2,7,0,1,0,-1,-2,-3,-4,-3,-2,-1,98
7841,0,5,-2,-1,2,-3,0,-5,-2,-1,0,1,74
7842,-2,5,-2,3,-2,1,-4,-1,-2,-1,0,-1,70
7843,0,3,-4,1,0,-1,-2,-3,0,1,2,1,46
7844,-2,3,2,-1,2,-3,0,-1,-2,-1,-2,-1,42
7845,-4,5,0,-3,4,-5,2,-3,0,1,0,1,106
7846,-2,1,0,1,0,-1,-2,1,0,1,0,-1,14
7847,0,3,-2,-1,2,-3,0,-1,2,3,2,1,46
7848,-2,7,-4,3,-2,1,0,-1,-2,-3,-2,-1,102
7849,-4,5,-2,1,0,-1,2,-3,0,-1,0,1,62
7850,-6,9,-6,5,-4,3,-2,1,0,-1,0,-1,210
7851,-4,7,-4,3,-2,1,0,-1,2,1,2,1,106
7852,-2,3,-2,1,0,-1,2,1,0,-1,-2,-1,30
7853,-4,5,0,-1,2,-3,4,-1,2,1,0,1,78
7854,-2,5,-4,3,-2,1,0,3,2,1,0,-1,74
7855,0,7,-2,1,0,-1,2,1,4,3,2,1,90
7856,2,3,0,-3,2,1,0,-1,-4,-3,-2,-1,58
7857,0,1,-2,-1,4,-1,2,-3,-2,-1,0,1,42
7858,-2,1,2,-1,0,3,-2,1,-2,-1,0,-1,30
7859,0,-1,0,1,2,1,0,-1,0,1,2,1,14
7860,-2,3,2,-5,4,-1,2,1,-2,-1,-2,-1,74
7861,-4,5,0,-3,6,-3,4,-1,0,1,0,1,114
7862,-2,1,4,-3,2,1,0,3,0,1,0,-1,46
7863,0,3,2,-1,4,-1,2,1,2,3,2,1,54
7864,2,3,-4,-1,0,3,2,1,-2,-3,-2,-1,62
7865,0,1,-2,1,2,1,4,-1,0,-1,0,1,30
7866,-2,5,-2,1,-2,5,0,3,0,-1,0,-1,74
7867,0,3,0,3,0,3,2,1,2,1,2,1,42
7868,2,3,-2,-3,2,1,4,3,0,-1,-2,-1,62
7869,0,5,0,-1,4,-1,6,1,2,1,0,1,86
7870,2,5,0,-1,0,3,2,5,2,1,0,-1,74
7871,4,7,2,1,2,1,4,3,4,3,2,1,130
7872,6,3,4,1,0,-3,-4,-3,-4,-3,-2,-1,126
7873,4,1,2,-1,-2,-1,-2,-5,-2,-1,0,1,62
7874,2,1,2,-1,2,-1,-6,-1,-2,-1,0,-1,58
7875,4,-1,0,-3,0,1,-4,-3,0,1,2,1,58
7876,2,-1,2,3,2,-5,-2,-1,-2,-1,-2,-1,62
7877,0,1,0,1,0,-3,0,-3,0,1,0,1,22
7878,2,-3,0,1,4,-3,-4,1,0,1,0,-1,58
7879,4,-1,-2,-1,2,-1,-2,-1,2,3,2,1,50
7880,2,-1,4,3,-2,-1,-2,-1,-2,-3,-2,-1,58
7881,0,-3,6,1,-4,1,0,-3,0,-1,0,1,74
7882,-2,1,2,1,0,1,-4,1,0,-1,0,-1,30
7883,0,-1,4,-1,-2,3,-2,-1,2,1,2,1,46
7884,2,-5,2,5,0,-3,0,1,0,-1,-2,-1,74
7885,0,-3,4,3,-2,-1,2,-1,2,1,0,1,50
7886,2,-3,0,3,2,-1,-2,3,2,1,0,-1,46
7887,4,-1,2,1,0,1,0,1,4,3,2,1,54
7888,2,3,4,-3,2,-1,-2,-1,-4,-3,-2,-1,78
7889,0,1,2,-1,0,1,0,-3,-2,-1,0,1,22
7890,-2,1,6,-5,4,1,-4,1,-2,-1,0,-1,106
7891,0,-1,4,-3,2,3,-2,-1,0,1,2,1,50
7892,-2,3,2,-1,4,-3,0,1,-2,-1,-2,-1,54
7893,-4,5,0,1,2,-1,2,-1,0,1,0,1,54
7894,-2,1,4,-3,6,-1,-2,3,0,1,0,-1,82
7895,0,3,2,-1,4,1,0,1,2,3,2,1,50
7896,2,-1,4,-1,0,1,0,1,-2,-3,-2,-1,42
7897,0,-3,6,1,-2,3,2,-1,0,-1,0,1,66
7898,-2,1,6,-3,2,3,-2,3,0,-1,0,-1,78
7899,0,-1,8,-1,0,5,0,1,2,1,2,1,102
7900,2,-1,2,1,2,-1,2,3,0,-1,-2,-1,34
7901,0,1,4,3,0,1,4,1,2,1,0,1,50
7902,2,1,4,-1,4,1,0,5,2,1,0,-1,70
7903,4,3,6,1,2,3,2,3,4,3,2,1,118
7904,6,3,0,1,0,-1,-2,-3,-4,-3,-2,-1,90
7905,4,1,-2,-1,2,1,0,-5,-2,-1,0,1,58
7906,2,1,-2,3,2,1,-4,-1,-2,-1,0,-1,46
7907,4,-1,-4,1,4,3,-2,-3,0,1,2,1,78
7908,2,-1,2,3,2,-3,0,-1,-2,-1,-2,-1,42
7909,0,1,0,1,4,-1,2,-3,0,1,0,1,34
7910,2,-3,0,5,4,-1,-2,1,0,1,0,-1,62
7911,4,-1,-2,3,6,1,0,-1,2,3,2,1,86
7912,2,3,0,3,-2,1,0,-1,-2,-3,-2,-1,46
7913,0,1,2,1,0,3,2,-3,0,-1,0,1,30
7914,-2,5,-2,5,0,3,-2,1,0,-1,0,-1,74
7915,0,3,0,3,2,5,0,-1,2,1,2,1,58
7916,2,-1,2,5,0,-1,2,1,0,-1,-2,-1,46
7917,0,1,4,3,2,1,4,-1,2,1,0,1,54
7918,2,1,0,7,2,1,0,3,2,1,0,-1,74
7919,4,3,2,5,4,3,2,1,4,3,2,1,114
7920,6,3,0,-3,2,1,0,-1,-4,-3,-2,-1,90
7921,4,1,-2,-1,4,3,2,-3,-2,-1,0,1,66
7922,2,1,2,-1,4,3,-2,1,-2,-1,0,-1,46
7923,4,-1,0,1,6,5,0,-1,0,1,2,1,86
7924,2,3,2,-1,4,-1,2,1,-2,-1,-2,-1,50
7925,0,5,0,1,6,1,4,-1,0,1,0,1,82
7926,2,1,4,1,6,1,0,3,0,1,0,-1,70
7927,4,3,2,3,8,3,2,1,2,3,2,1,134
7928,6,3,0,-1,0,3,2,1,-2,-3,-2,-1,78
7929,4,1,2,1,2,5,4,-1,0,-1,0,1,70
7930,2,5,2,1,2,5,0,3,0,-1,0,-1,74
7931,4,3,4,3,4,7,2,1,2,1,2,1,130
7932,6,3,2,1,2,1,4,3,0,-1,-2,-1,86
7933,4,5,4,3,4,3,6,1,2,1,0,1,134
7934,6,5,4,3,4,3,2,5,2,1,0,-1,146
7935,8,7,6,5,6,5,4,3,4,3,2,1,290
7936,10,7,4,1,-2,-3,-4,-5,-4,-3,-2,-1,250
7937,8,5,2,-1,-4,-5,-6,-3,-2,-1,0,1,186
7938,6,5,2,-1,-4,-5,-2,-3,-2,-1,0,-1,126
7939,8,3,0,-3,-6,-7,-4,-1,0,1,2,1,190
7940,6,3,2,-1,-4,-1,-2,-3,-2,-1,-2,-1,90
7941,4,5,0,-3,-6,-3,-4,-1,0,1,0,1,114
7942,6,1,0,-3,-6,-3,0,-1,0,1,0,-1,94
7943,8,3,-2,-5,-8,-5,-2,1,2,3,2,1,214
7944,6,3,0,-1,0,-1,-2,-3,-2,-3,-2,-1,78
7945,4,1,2,-3,-2,-3,-4,-1,0,-1,0,1,62
7946,2,5,-2,-3,-2,-3,0,-1,0,-1,0,-1,58
7947,4,3,0,-5,-4,-5,-2,1,2,1,2,1,106
7948,6,-1,-2,-3,-2,1,0,-1,0,-1,-2,-1,62
7949,4,1,0,-5,-4,-1,-2,1,2,1,0,1,70
7950,6,1,-4,-5,-4,-1,2,1,2,1,0,-1,106
7951,8,3,-2,-7,-6,-3,0,3,4,3,2,1,210
7952,6,3,0,1,0,-1,-2,-3,-4,-3,-2,-1,90
7953,4,1,-2,3,-2,-3,-4,-1,-2,-1,0,1,66
7954,2,1,2,-1,-2,-3,0,-1,-2,-1,0,-1,30
7955,4,-1,0,1,-4,-5,-2,1,0,1,2,1,70
7956,2,3,-2,-1,-2,1,0,-1,-2,-1,-2,-1,34
7957,0,5,-4,1,-4,-1,-2,1,0,1,0,1,66
7958,2,1,0,-3,-4,-1,2,1,0,1,0,-1,38
7959,4,3,-2,-1,-6,-3,0,3,2,3,2,1,102
7960,6,-1,-4,-1,2,1,0,-1,-2,-3,-2,-1,78
7961,4,-3,-2,1,0,-1,-2,1,0,-1,0,1,38
7962,2,1,-2,-3,0,-1,2,1,0,-1,0,-1,26
7963,4,-1,0,-1,-2,-3,0,3,2,1,2,1,50
7964,6,-1,-6,-3,0,3,2,1,0,-1,-2,-1,102
7965,4,1,-4,-1,-2,1,0,3,2,1,0,1,54
7966,6,1,-4,-5,-2,1,4,3,2,1,0,-1,114
7967,8,3,-2,-3,-4,-1,2,5,4,3,2,1,162
7968,6,3,4,1,-2,-1,-2,-5,-4,-3,-2,-1,126
7969,4,1,2,-1,0,-3,-4,-3,-2,-1,0,1,62
7970,2,1,2,3,-4,-3,0,-3,-2,-1,0,-1,58
7971,4,-1,0,1,-2,-5,-2,-1,0,1,2,1,58
7972,2,-1,6,-1,-4,1,0,-3,-2,-1,-2,-1,78
7973,0,1,4,-3,-2,-1,-2,-1,0,1,0,1,38
7974,2,-3,4,1,-6,-1,2,-1,0,1,0,-1,74
7975,4,-1,2,-1,-4,-3,0,1,2,3,2,1,66
7976,2,3,0,-1,0,1,0,-3,-2,-3,-2,-1,42
7977,0,1,2,-3,2,-1,-2,-1,0,-1,0,1,26
7978,-2,5,-2,1,-2,-1,2,-1,0,-1,0,-1,46
7979,0,3,0,-1,0,-3,0,1,2,1,2,1,30
7980,2,-1,2,-3,-2,3,2,-1,0,-1,-2,-1,42
7981,0,1,4,-5,0,1,0,1,2,1,0,1,50
7982,2,1,0,-1,-4,1,4,1,2,1,0,-1,46
7983,4,3,2,-3,-2,-1,2,3,4,3,2,1,86
7984,6,-1,0,1,0,1,0,-3,-4,-3,-2,-1,78
7985,4,-3,-2,3,2,-1,-2,-1,-2,-1,0,1,54
7986,2,-3,2,3,-2,-1,2,-1,-2,-1,0,-1,42
7987,4,-5,0,5,0,-3,0,1,0,1,2,1,82
7988,2,-1,2,-1,-2,3,2,-1,-2,-1,-2,-1,38
7989,0,1,0,1,0,1,0,1,0,1,0,1,6
7990,2,-3,4,1,-4,1,4,1,0,1,0,-1,66
7991,4,-1,2,3,-2,-1,2,3,2,3,2,1,66
7992,6,-1,-4,-1,2,3,2,-1,-2,-3,-2,-1,90
7993,4,-3,-2,1,4,1,0,1,0,-1,0,1,50
7994,2,1,-2,1,0,1,4,1,0,-1,0,-1,30
7995,4,-1,0,3,2,-1,2,3,2,1,2,1,54
7996,6,-1,-2,-3,0,5,4,1,0,-1,-2,-1,98
7997,4,1,0,-1,2,3,2,3,2,1,0,1,50
7998,6,1,0,-1,-2,3,6,3,2,1,0,-1,102
7999,8,3,2,1,0,1,4,5,4,3,2,1,150
8000,6,7,4,1,-2,-3,-4,-5,-4,-3,-2,-1,186
8001,4,5,2,-1,-4,-1,-6,-3,-2,-1,0,1,114
8002,2,5,2,-1,0,-5,-2,-3,-2,-1,0,-1,78
8003,4,3,0,-3,-2,-3,-4,-1,0,1,2,1,70
8004,2,3,2,3,-4,-1,-2,-3,-2,-1,-2,-1,66
8005,0,5,0,1,-6,1,-4,-1,0,1,0,1,82
8006,2,1,0,1,-2,-3,0,-1,0,1,0,-1,22
8007,4,3,-2,-1,-4,-1,-2,1,2,3,2,1,70
8008,2,3,4,-1,0,-1,-2,-3,-2,-3,-2,-1,62
8009,0,1,6,-3,-2,1,-4,-1,0,-1,0,1,70
8010,-2,5,2,-3,2,-3,0,-1,0,-1,0,-1,58
8011,0,3,4,-5,0,-1,-2,1,2,1,2,1,66
8012,2,-1,2,1,-2,1,0,-1,0,-1,-2,-1,22
8013,0,1,4,-1,-4,3,-2,1,2,1,0,1,54
8014,2,1,0,-1,0,-1,2,1,2,1,0,-1,18
8015,4,3,2,-3,-2,1,0,3,4,3,2,1,82
8016,2,7,0,1,0,-1,-2,-3,-4,-3,-2,-1,98
8017,0,5,-2,3,-2,1,-4,-1,-2,-1,0,1,66
8018,-2,5,2,-1,2,-3,0,-1,-2,-1,0,-1,54
8019,0,3,0,1,0,-1,-2,1,0,1,2,1,22
8020,-2,7,-2,3,-2,1,0,-1,-2,-1,-2,-1,82
8021,-4,9,-4,5,-4,3,-2,1,0,1,0,1,170
8022,-2,5,0,1,0,-1,2,1,0,1,0,-1,38
8023,0,7,-2,3,-2,1,0,3,2,3,2,1,94
8024,2,3,0,-1,2,1,0,-1,-2,-3,-2,-1,38
8025,0,1,2,1,0,3,-2,1,0,-1,0,1,22
8026,-2,5,2,-3,4,-1,2,1,0,-1,0,-1,66
8027,0,3,4,-1,2,1,0,3,2,1,2,1,50
8028,2,3,-2,1,0,3,2,1,0,-1,-2,-1,38
8029,0,5,0,3,-2,5,0,3,2,1,0,1,78
8030,2,5,0,-1,2,1,4,3,2,1,0,-1,66
8031,4,7,2,1,0,3,2,5,4,3,2,1,138
8032,6,3,4,1,-2,-1,-2,-5,-4,-3,-2,-1,126
8033,4,1,2,-1,0,1,-4,-3,-2,-1,0,1,54
8034,2,1,2,3,0,-3,0,-3,-2,-1,0,-1,42
8035,4,-1,0,1,2,-1,-2,-1,0,1,2,1,34
8036,2,-1,6,3,-4,1,0,-3,-2,-1,-2,-1,86
8037,0,1,4,1,-2,3,-2,-1,0,1,0,1,38
8038,2,-3,4,5,-2,-1,2,-1,0,1,0,-1,66
8039,4,-1,2,3,0,1,0,1,2,3,2,1,50
8040,2,3,4,-1,0,1,0,-3,-2,-3,-2,-1,58
8041,0,1,6,-3,2,3,-2,-1,0,-1,0,1,66
8042,-2,5,2,1,2,-1,2,-1,0,-1,0,-1,46
8043,0,3,4,-1,4,1,0,1,2,1,2,1,54
8044,2,-1,6,1,-2,3,2,-1,0,-1,-2,-1,66
8045,0,1,8,-1,0,5,0,1,2,1,0,1,98
8046,2,1,4,3,0,1,4,1,2,1,0,-1,54
8047,4,3,6,1,2,3,2,3,4,3,2,1,118
8048,6,3,0,1,0,1,0,-3,-4,-3,-2,-1,86
8049,4,1,-2,3,2,3,-2,-1,-2,-1,0,1,54
8050,2,1,2,3,2,-1,2,-1,-2,-1,0,-1,34
8051,4,-1,0,5,4,1,0,1,0,1,2,1,66
8052,2,3,2,3,-2,3,2,-1,-2,-1,-2,-1,54
8053,0,5,0,5,0,5,0,1,0,1,0,1,78
8054,2,1,4,5,0,1,4,1,0,1,0,-1,66
8055,4,3,2,7,2,3,2,3,2,3,2,1,122
8056,6,3,0,-1,2,3,2,-1,-2,-3,-2,-1,82
8057,4,1,2,1,4,5,0,1,0,-1,0,1,66
8058,2,5,2,1,4,1,4,1,0,-1,0,-1,70
8059,4,3,4,3,6,3,2,3,2,1,2,1,118
8060,6,3,2,1,0,5,4,1,0,-1,-2,-1,98
8061,4,5,4,3,2,7,2,3,2,1,0,1,138
8062,6,5,4,3,2,3,6,3,2,1,0,-1,150
8063,8,7,6,5,4,5,4,5,4,3,2,1,286
8064,10,7,4,1,-2,-5,-6,-5,-4,-3,-2,-1,286
8065,8,5,2,-1,-4,-7,-4,-3,-2,-1,0,1,190
8066,6,5,2,-1,-4,-3,-4,-3,-2,-1,0,-1,122
8067,8,3,0,-3,-6,-5,-2,-1,0,1,2,1,154
8068,6,3,2,-1,0,-3,-4,-3,-2,-1,-2,-1,94
8069,4,5,0,-3,-2,-5,-2,-1,0,1,0,1,86
8070,6,1,0,-3,-2,-1,-2,-1,0,1,0,-1,58
8071,8,3,-2,-5,-4,-3,0,1,2,3,2,1,146
8072,6,3,0,3,0,-3,-4,-3,-2,-3,-2,-1,106
8073,4,1,2,1,-2,-5,-2,-1,0,-1,0,1,58
8074,2,5,-2,1,-2,-1,-2,-1,0,-1,0,-1,46
8075,4,3,0,-1,-4,-3,0,1,2,1,2,1,62
8076,6,-1,-2,1,2,-1,-2,-1,0,-1,-2,-1,58
8077,4,1,0,-1,0,-3,0,1,2,1,0,1,34
8078,6,1,-4,-1,0,1,0,1,2,1,0,-1,62
8079,8,3,-2,-3,-2,-1,2,3,4,3,2,1,134
8080,6,3,4,1,0,-3,-4,-3,-4,-3,-2,-1,126
8081,4,1,2,3,-2,-5,-2,-1,-2,-1,0,1,70
8082,2,1,6,-1,-2,-1,-2,-1,-2,-1,0,-1,58
8083,4,-1,4,1,-4,-3,0,1,0,1,2,1,66
8084,2,3,2,-1,2,-1,-2,-1,-2,-1,-2,-1,38
8085,0,5,0,1,0,-3,0,1,0,1,0,1,38
8086,2,1,4,-3,0,1,0,1,0,1,0,-1,34
8087,4,3,2,-1,-2,-1,2,3,2,3,2,1,66
8088,6,-1,0,3,2,-1,-2,-1,-2,-3,-2,-1,74
8089,4,-3,2,5,0,-3,0,1,0,-1,0,1,66
8090,2,1,2,1,0,1,0,1,0,-1,0,-1,14
8091,4,-1,4,3,-2,-1,2,3,2,1,2,1,70
8092,6,-1,-2,1,4,1,0,1,0,-1,-2,-1,66
8093,4,1,0,3,2,-1,2,3,2,1,0,1,50
8094,6,1,0,-1,2,3,2,3,2,1,0,-1,70
8095,8,3,2,1,0,1,4,5,4,3,2,1,150
8096,6,7,4,1,-2,-3,-4,-5,-4,-3,-2,-1,186
8097,4,5,2,-1,0,-5,-2,-3,-2,-1,0,1,90
8098,2,5,2,3,-4,-1,-2,-3,-2,-1,0,-1,78
8099,4,3,0,1,-2,-3,0,-1,0,1,2,1,46
8100,2,3,6,-1,0,-1,-2,-3,-2,-1,-2,-1,74
8101,0,5,4,-3,2,-3,0,-1,0,1,0,1,66
8102,2,1,4,1,-2,1,0,-1,0,1,0,-1,30
8103,4,3,2,-1,0,-1,2,1,2,3,2,1,54
8104,2,7,0,3,0,-1,-2,-3,-2,-3,-2,-1,94
8105,0,5,2,1,2,-3,0,-1,0,-1,0,1,46
8106,-2,9,-2,5,-2,1,0,-1,0,-1,0,-1,122
8107,0,7,0,3,0,-1,2,1,2,1,2,1,74
8108,2,3,2,1,2,1,0,-1,0,-1,-2,-1,30
8109,0,5,4,-1,4,-1,2,1,2,1,0,1,70
8110,2,5,0,3,0,3,2,1,2,1,0,-1,58
8111,4,7,2,1,2,1,4,3,4,3,2,1,130
8112,6,3,4,1,0,-1,-2,-3,-4,-3,-2,-1,106
8113,4,1,2,3,2,-3,0,-1,-2,-1,0,1,50
8114,2,1,6,3,-2,1,0,-1,-2,-1,0,-1,62
8115,4,-1,4,5,0,-1,2,1,0,1,2,1,70
8116,2,3,6,-1,2,1,0,-1,-2,-1,-2,-1,66
8117,0,5,4,1,4,-1,2,1,0,1,0,1,66
8118,2,1,8,1,0,3,2,1,0,1,0,-1,86
8119,4,3,6,3,2,1,4,3,2,3,2,1,118
8120,6,3,0,3,2,1,0,-1,-2,-3,-2,-1,78
8121,4,1,2,5,4,-1,2,1,0,-1,0,1,70
8122,2,5,2,5,0,3,2,1,0,-1,0,-1,74
8123,4,3,4,7,2,1,4,3,2,1,2,1,130
8124,6,3,2,1,4,3,2,1,0,-1,-2,-1,86
8125,4,5,4,3,6,1,4,3,2,1,0,1,134
8126,6,5,4,3,2,5,4,3,2,1,0,-1,146
8127,8,7,6,5,4,3,6,5,4,3,2,1,290
8128,10,7,4,1,-2,-5,-6,-5,-4,-3,-2,-1,286
8129,8,5,2,-1,-4,-3,-4,-3,-2,-1,0,1,150
8130,6,5,2,-1,0,-3,-4,-3,-2,-1,0,-1,106
8131,8,3,0,-3,-2,-1,-2,-1,0,1,2,1,98
8132,6,3,2,3,0,-3,-4,-3,-2,-1,-2,-1,102
8133,4,5,0,1,-2,-1,-2,-1,0,1,0,1,54
8134,6,1,0,1,2,-1,-2,-1,0,1,0,-1,50
8135,8,3,-2,-1,0,1,0,1,2,3,2,1,98
8136,6,3,4,3,0,-3,-4,-3,-2,-3,-2,-1,122
8137,4,1,6,1,-2,-1,-2,-1,0,-1,0,1,66
8138,2,5,2,1,2,-1,-2,-1,0,-1,0,-1,46
8139,4,3,4,-1,0,1,0,1,2,1,2,1,54
8140,6,-1,2,5,2,-1,-2,-1,0,-1,-2,-1,82
8141,4,1,4,3,0,1,0,1,2,1,0,1,50
8142,6,1,0,3,4,1,0,1,2,1,0,-1,70
8143,8,3,2,1,2,3,2,3,4,3,2,1,134
8144,6,7,4,1,0,-3,-4,-3,-4,-3,-2,-1,166
8145,4,5,2,3,-2,-1,-2,-1,-2,-1,0,1,70
8146,2,5,6,-1,2,-1,-2,-1,-2,-1,0,-1,82
8147,4,3,4,1,0,1,0,1,0,1,2,1,50
8148,2,7,2,3,2,-1,-2,-1,-2,-1,-2,-1,86
8149,0,9,0,5,0,1,0,1,0,1,0,1,110
8150,2,5,4,1,4,1,0,1,0,1,0,-1,66
8151,4,7,2,3,2,3,2,3,2,3,2,1,122
8152,6,3,4,3,2,-1,-2,-1,-2,-3,-2,-1,98
8153,4,1,6,5,0,1,0,1,0,-1,0,1,82
8154,2,5,6,1,4,1,0,1,0,-1,0,-1,86
8155,4,3,8,3,2,3,2,3,2,1,2,1,134
8156,6,3,2,5,4,1,0,1,0,-1,-2,-1,98
8157,4,5,4,7,2,3,2,3,2,1,0,1,138
8158,6,5,4,3,6,3,2,3,2,1,0,-1,150
8159,8,7,6,5,4,5,4,5,4,3,2,1,286
8160,10,7,4,1,-2,-3,-4,-5,-4,-3,-2,-1,250
8161,8,5,2,-1,0,-1,-2,-3,-2,-1,0,1,114
8162,6,5,2,3,0,-1,-2,-3,-2,-1,0,-1,94
8163,8,3,0,1,2,1,0,-1,0,1,2,1,86
8164,6,3,6,3,0,-1,-2,-3,-2,-1,-2,-1,114
8165,4,5,4,1,2,1,0,-1,0,1,0,1,66
8166,6,1,4,5,2,1,0,-1,0,1,0,-1,86
8167,8,3,2,3,4,3,2,1,2,3,2,1,134
8168,6,7,4,3,0,-1,-2,-3,-2,-3,-2,-1,142
8169,4,5,6,1,2,1,0,-1,0,-1,0,1,86
8170,2,9,2,5,2,1,0,-1,0,-1,0,-1,122
8171,4,7,4,3,4,3,2,1,2,1,2,1,130
8172,6,3,6,5,2,1,0,-1,0,-1,-2,-1,118
8173,4,5,8,3,4,3,2,1,2,1,0,1,150
8174,6,5,4,7,4,3,2,1,2,1,0,-1,162
8175,8,7,6,5,6,5,4,3,4,3,2,1,290
8176,10,7,4,1,0,-1,-2,-3,-4,-3,-2,-1,210
8177,8,5,2,3,2,1,0,-1,-2,-1,0,1,114
8178,6,5,6,3,2,1,0,-1,-2,-1,0,-1,118
8179,8,3,4,5,4,3,2,1,0,1,2,1,150
8180,6,7,6,3,2,1,0,-1,-2,-1,-2,-1,146
8181,4,9,4,5,4,3,2,1,0,1,0,1,170
8182,6,5,8,5,4,3,2,1,0,1,0,-1,182
8183,8,7,6,7,6,5,4,3,2,3,2,1,302
8184,10,7,4,3,2,1,0,-1,-2,-3,-2,-1,198
8185,8,5,6,5,4,3,2,1,0,-1,0,1,182
8186,6,9,6,5,4,3,2,1,0,-1,0,-1,210
8187,8,7,8,7,6,5,4,3,2,1,2,1,322
8188,10,7,6,5,4,3,2,1,0,-1,-2,-1,246
8189,8,9,8,7,6,5,4,3,2,1,0,1,350
8190,10,9,8,7,6,5,4,3,2,1,0,-1,386
8191,12,11,10,9,8,7,6,5,4,3,2,1,650
