Sequence,C1,C2,C3,C4,C5,C6,C7,C8,C9,C10,C11,C12,C13,E(s)
0,13,12,11,10,9,8,7,6,5,4,3,2,1,819
1,11,10,9,8,7,6,5,4,3,2,1,0,-1,507
2,9,10,9,8,7,6,5,4,3,2,1,0,1,467
3,11,8,7,6,5,4,3,2,1,0,-1,-2,-1,331
4,9,8,9,8,7,6,5,4,3,2,1,2,1,435
5,7,10,7,6,5,4,3,2,1,0,-1,0,-1,291
6,9,6,7,6,5,4,3,2,1,0,-1,0,1,259
7,11,8,5,4,3,2,1,0,-1,-2,-3,-2,-1,259
8,9,8,7,8,7,6,5,4,3,2,3,2,1,411
9,7,6,9,6,5,4,3,2,1,0,1,0,-1,259
10,5,10,5,6,5,4,3,2,1,0,1,0,1,243
11,7,8,7,4,3,2,1,0,-1,-2,-1,-2,-1,203
12,9,4,5,6,5,4,3,2,1,0,1,2,1,219
13,7,6,7,4,3,2,1,0,-1,-2,-1,0,-1,171
14,9,6,3,4,3,2,1,0,-1,-2,-1,0,1,163
15,11,8,5,2,1,0,-1,-2,-3,-4,-3,-2,-1,259
16,9,8,7,6,7,6,5,4,3,4,3,2,1,395
17,7,6,5,8,5,4,3,2,1,2,1,0,-1,235
18,5,6,9,4,5,4,3,2,1,2,1,0,1,219
19,7,4,7,6,3,2,1,0,-1,0,-1,-2,-1,171
20,5,8,5,4,5,4,3,2,1,2,1,2,1,195
21,3,10,3,6,3,2,1,0,-1,0,-1,0,-1,171
22,5,6,7,2,3,2,1,0,-1,0,-1,0,1,131
23,7,8,5,4,1,0,-1,-2,-3,-2,-3,-2,-1,187
24,9,4,3,4,5,4,3,2,1,2,3,2,1,195
25,7,2,5,6,3,2,1,0,-1,0,1,0,-1,131
26,5,6,5,2,3,2,1,0,-1,0,1,0,1,107
27,7,4,7,4,1,0,-1,-2,-3,-2,-1,-2,-1,155
28,9,4,1,2,3,2,1,0,-1,0,1,2,1,123
29,7,6,3,4,1,0,-1,-2,-3,-2,-1,0,-1,131
30,9,6,3,0,1,0,-1,-2,-3,-2,-1,0,1,147
31,11,8,5,2,-1,-2,-3,-4,-5,-4,-3,-2,-1,299
32,9,8,7,6,5,6,5,4,5,4,3,2,1,387
33,7,6,5,4,7,4,3,2,3,2,1,0,-1,219
34,5,6,5,8,3,4,3,2,3,2,1,0,1,203
35,7,4,3,6,5,2,1,0,1,0,-1,-2,-1,147
36,5,4,9,4,3,4,3,2,3,2,1,2,1,195
37,3,6,7,2,5,2,1,0,1,0,-1,0,-1,131
38,5,2,7,6,1,2,1,0,1,0,-1,0,1,123
39,7,4,5,4,3,0,-1,-2,-1,-2,-3,-2,-1,139
40,5,8,3,4,3,4,3,2,3,2,3,2,1,179
41,3,6,5,2,5,2,1,0,1,0,1,0,-1,107
42,1,10,1,6,1,2,1,0,1,0,1,0,1,147
43,3,8,3,4,3,0,-1,-2,-1,-2,-1,-2,-1,123
44,5,4,5,2,1,2,1,0,1,0,1,2,1,83
45,3,6,7,0,3,0,-1,-2,-1,-2,-1,0,-1,115
46,5,6,3,4,-1,0,-1,-2,-1,-2,-1,0,1,99
47,7,8,5,2,1,-2,-3,-4,-3,-4,-3,-2,-1,211
48,9,4,3,2,3,4,3,2,3,4,3,2,1,187
49,7,2,1,4,5,2,1,0,1,2,1,0,-1,107
50,5,2,5,4,1,2,1,0,1,2,1,0,1,83
51,7,0,3,6,3,0,-1,-2,-1,0,-1,-2,-1,115
52,5,4,5,0,1,2,1,0,1,2,1,2,1,83
53,3,6,3,2,3,0,-1,-2,-1,0,-1,0,-1,75
54,5,2,7,2,-1,0,-1,-2,-1,0,-1,0,1,91
55,7,4,5,4,1,-2,-3,-4,-3,-2,-3,-2,-1,163
56,9,4,-1,0,1,2,1,0,1,2,3,2,1,123
57,7,2,1,2,3,0,-1,-2,-1,0,1,0,-1,75
58,5,6,1,2,-1,0,-1,-2,-1,0,1,0,1,75
59,7,4,3,4,1,-2,-3,-4,-3,-2,-1,-2,-1,139
60,9,4,1,-2,-1,0,-1,-2,-1,0,1,2,1,115
61,7,6,3,0,1,-2,-3,-4,-3,-2,-1,0,-1,139
62,9,6,3,0,-3,-2,-3,-4,-3,-2,-1,0,1,179
63,11,8,5,2,-1,-4,-5,-6,-5,-4,-3,-2,-1,347
64,9,8,7,6,5,4,5,6,5,4,3,2,1,387
65,7,6,5,4,3,6,3,4,3,2,1,0,-1,211
66,5,6,5,4,7,2,3,4,3,2,1,0,1,195
67,7,4,3,2,5,4,1,2,1,0,-1,-2,-1,131
68,5,4,5,8,3,2,3,4,3,2,1,2,1,187
69,3,6,3,6,1,4,1,2,1,0,-1,0,-1,115
70,5,2,3,6,5,0,1,2,1,0,-1,0,1,107
71,7,4,1,4,3,2,-1,0,-1,-2,-3,-2,-1,115
72,5,4,7,4,3,2,3,4,3,2,3,2,1,171
73,3,2,9,2,1,4,1,2,1,0,1,0,-1,123
74,1,6,5,2,5,0,1,2,1,0,1,0,1,99
75,3,4,7,0,3,2,-1,0,-1,-2,-1,-2,-1,99
76,5,0,5,6,1,0,1,2,1,0,1,2,1,99
77,3,2,7,4,-1,2,-1,0,-1,-2,-1,0,-1,91
78,5,2,3,4,3,-2,-1,0,-1,-2,-1,0,1,75
79,7,4,5,2,1,0,-3,-2,-3,-4,-3,-2,-1,147
80,5,8,3,2,3,2,3,4,3,4,3,2,1,179
81,3,6,1,4,1,4,1,2,1,2,1,0,-1,91
82,1,6,5,0,5,0,1,2,1,2,1,0,1,99
83,3,4,3,2,3,2,-1,0,-1,0,-1,-2,-1,59
84,1,8,1,4,1,0,1,2,1,2,1,2,1,99
85,-1,10,-1,6,-1,2,-1,0,-1,0,-1,0,-1,147
86,1,6,3,2,3,-2,-1,0,-1,0,-1,0,1,67
87,3,8,1,4,1,0,-3,-2,-3,-2,-3,-2,-1,131
88,5,4,3,0,1,0,1,2,1,2,3,2,1,75
89,3,2,5,2,-1,2,-1,0,-1,0,1,0,-1,51
90,1,6,5,-2,3,-2,-1,0,-1,0,1,0,1,83
91,3,4,7,0,1,0,-3,-2,-3,-2,-1,-2,-1,107
92,5,4,1,2,-1,-2,-1,0,-1,0,1,2,1,59
93,3,6,3,4,-3,0,-3,-2,-3,-2,-1,0,-1,107
94,5,6,3,0,1,-4,-3,-2,-3,-2,-1,0,1,115
95,7,8,5,2,-1,-2,-5,-4,-5,-4,-3,-2,-1,243
96,9,4,3,2,1,2,3,4,5,4,3,2,1,195
97,7,2,1,0,3,4,1,2,3,2,1,0,-1,99
98,5,2,1,4,3,0,1,2,3,2,1,0,1,75
99,7,0,-1,2,5,2,-1,0,1,0,-1,-2,-1,91
100,5,0,5,4,-1,0,1,2,3,2,1,2,1,91
101,3,2,3,2,1,2,-1,0,1,0,-1,0,-1,35
102,5,-2,3,6,1,-2,-1,0,1,0,-1,0,1,83
103,7,0,1,4,3,0,-3,-2,-1,-2,-3,-2,-1,107
104,5,4,3,0,-1,0,1,2,3,2,3,2,1,83
105,3,2,5,-2,1,2,-1,0,1,0,1,0,-1,51
106,1,6,1,2,1,-2,-1,0,1,0,1,0,1,51
107,3,4,3,0,3,0,-3,-2,-1,-2,-1,-2,-1,67
108,5,0,5,2,-3,-2,-1,0,1,0,1,2,1,75
109,3,2,7,0,-1,0,-3,-2,-1,-2,-1,0,-1,83
110,5,2,3,4,-1,-4,-3,-2,-1,-2,-1,0,1,91
111,7,4,5,2,1,-2,-5,-4,-3,-4,-3,-2,-1,179
112,9,4,-1,-2,-1,0,1,2,3,4,3,2,1,147
113,7,2,-3,0,1,2,-1,0,1,2,1,0,-1,75
114,5,2,1,0,1,-2,-1,0,1,2,1,0,1,43
115,7,0,-1,2,3,0,-3,-2,-1,0,-1,-2,-1,83
116,5,4,1,0,-3,-2,-1,0,1,2,1,2,1,67
117,3,6,-1,2,-1,0,-3,-2,-1,0,-1,0,-1,67
118,5,2,3,2,-1,-4,-3,-2,-1,0,-1,0,1,75
119,7,4,1,4,1,-2,-5,-4,-3,-2,-3,-2,-1,155
120,9,4,-1,-4,-3,-2,-1,0,1,2,3,2,1,147
121,7,2,1,-2,-1,0,-3,-2,-1,0,1,0,-1,75
122,5,6,1,-2,-1,-4,-3,-2,-1,0,1,0,1,99
123,7,4,3,0,1,-2,-5,-4,-3,-2,-1,-2,-1,139
124,9,4,1,-2,-5,-4,-3,-2,-1,0,1,2,1,163
125,7,6,3,0,-3,-2,-5,-4,-3,-2,-1,0,-1,163
126,9,6,3,0,-3,-6,-5,-4,-3,-2,-1,0,1,227
127,11,8,5,2,-1,-4,-7,-6,-5,-4,-3,-2,-1,371
128,9,8,7,6,5,4,5,6,5,4,3,2,1,387
129,7,6,5,4,3,2,7,4,3,2,1,0,-1,219
130,5,6,5,4,3,6,3,4,3,2,1,0,1,187
131,7,4,3,2,1,4,5,2,1,0,-1,-2,-1,131
132,5,4,5,4,7,2,3,4,3,2,1,2,1,179
133,3,6,3,2,5,0,5,2,1,0,-1,0,-1,115
134,5,2,3,2,5,4,1,2,1,0,-1,0,1,91
135,7,4,1,0,3,2,3,0,-1,-2,-3,-2,-1,107
136,5,4,3,8,3,2,3,4,3,2,3,2,1,179
137,3,2,5,6,1,0,5,2,1,0,1,0,-1,107
138,1,6,1,6,1,4,1,2,1,0,1,0,1,99
139,3,4,3,4,-1,2,3,0,-1,-2,-1,-2,-1,75
140,5,0,1,6,5,0,1,2,1,0,1,2,1,99
141,3,2,3,4,3,-2,3,0,-1,-2,-1,0,-1,67
142,5,2,-1,4,3,2,-1,0,-1,-2,-1,0,1,67
143,7,4,1,2,1,0,1,-2,-3,-4,-3,-2,-1,115
144,5,4,7,2,3,2,3,4,3,4,3,2,1,171
145,3,2,5,4,1,0,5,2,1,2,1,0,-1,91
146,1,2,9,0,1,4,1,2,1,2,1,0,1,115
147,3,0,7,2,-1,2,3,0,-1,0,-1,-2,-1,83
148,1,4,5,0,5,0,1,2,1,2,1,2,1,83
149,-1,6,3,2,3,-2,3,0,-1,0,-1,0,-1,75
150,1,2,7,-2,3,2,-1,0,-1,0,-1,0,1,75
151,3,4,5,0,1,0,1,-2,-3,-2,-3,-2,-1,83
152,5,0,3,4,1,0,1,2,1,2,3,2,1,75
153,3,-2,5,6,-1,-2,3,0,-1,0,1,0,-1,91
154,1,2,5,2,-1,2,-1,0,-1,0,1,0,1,43
155,3,0,7,4,-3,0,1,-2,-3,-2,-1,-2,-1,107
156,5,0,1,2,3,-2,-1,0,-1,0,1,2,1,51
157,3,2,3,4,1,-4,1,-2,-3,-2,-1,0,-1,75
158,5,2,3,0,1,0,-3,-2,-3,-2,-1,0,1,67
159,7,4,5,2,-1,-2,-1,-4,-5,-4,-3,-2,-1,171
160,5,8,3,2,1,2,3,4,5,4,3,2,1,187
161,3,6,1,0,3,0,5,2,3,2,1,0,-1,99
162,1,6,1,4,-1,4,1,2,3,2,1,0,1,91
163,3,4,-1,2,1,2,3,0,1,0,-1,-2,-1,51
164,1,4,5,0,3,0,1,2,3,2,1,2,1,75
165,-1,6,3,-2,5,-2,3,0,1,0,-1,0,-1,91
166,1,2,3,2,1,2,-1,0,1,0,-1,0,1,27
167,3,4,1,0,3,0,1,-2,-1,-2,-3,-2,-1,59
168,1,8,-1,4,-1,0,1,2,3,2,3,2,1,115
169,-1,6,1,2,1,-2,3,0,1,0,1,0,-1,59
170,-3,10,-3,6,-3,2,-1,0,1,0,1,0,1,171
171,-1,8,-1,4,-1,0,1,-2,-1,-2,-1,-2,-1,99
172,1,4,1,2,1,-2,-1,0,1,0,1,2,1,35
173,-1,6,3,0,3,-4,1,-2,-1,-2,-1,0,-1,83
174,1,6,-1,4,-1,0,-3,-2,-1,-2,-1,0,1,75
175,3,8,1,2,1,-2,-1,-4,-3,-4,-3,-2,-1,139
176,5,4,3,-2,-1,0,1,2,3,4,3,2,1,99
177,3,2,1,0,1,-2,3,0,1,2,1,0,-1,35
178,1,2,5,0,-3,2,-1,0,1,2,1,0,1,51
179,3,0,3,2,-1,0,1,-2,-1,0,-1,-2,-1,35
180,1,4,5,-4,1,-2,-1,0,1,2,1,2,1,75
181,-1,6,3,-2,3,-4,1,-2,-1,0,-1,0,-1,83
182,1,2,7,-2,-1,0,-3,-2,-1,0,-1,0,1,75
183,3,4,5,0,1,-2,-1,-4,-3,-2,-3,-2,-1,99
184,5,4,-1,0,-3,-2,-1,0,1,2,3,2,1,75
185,3,2,1,2,-1,-4,1,-2,-1,0,1,0,-1,43
186,1,6,1,2,-5,0,-3,-2,-1,0,1,0,1,83
187,3,4,3,4,-3,-2,-1,-4,-3,-2,-1,-2,-1,99
188,5,4,1,-2,-1,-4,-3,-2,-1,0,1,2,1,83
189,3,6,3,0,1,-6,-1,-4,-3,-2,-1,0,-1,123
190,5,6,3,0,-3,-2,-5,-4,-3,-2,-1,0,1,139
191,7,8,5,2,-1,-4,-3,-6,-5,-4,-3,-2,-1,259
192,9,4,3,2,1,0,3,6,5,4,3,2,1,211
193,7,2,1,0,-1,2,5,4,3,2,1,0,-1,115
194,5,2,1,0,3,2,1,4,3,2,1,0,1,75
195,7,0,-1,-2,1,4,3,2,1,0,-1,-2,-1,91
196,5,0,1,4,3,-2,1,4,3,2,1,2,1,91
197,3,2,-1,2,1,0,3,2,1,0,-1,0,-1,35
198,5,-2,-1,2,5,0,-1,2,1,0,-1,0,1,67
199,7,0,-3,0,3,2,1,0,-1,-2,-3,-2,-1,91
200,5,0,3,4,-1,-2,1,4,3,2,3,2,1,99
201,3,-2,5,2,-3,0,3,2,1,0,1,0,-1,67
202,1,2,1,2,1,0,-1,2,1,0,1,0,1,19
203,3,0,3,0,-1,2,1,0,-1,-2,-1,-2,-1,35
204,5,-4,1,6,1,-4,-1,2,1,0,1,2,1,107
205,3,-2,3,4,-1,-2,1,0,-1,-2,-1,0,-1,51
206,5,-2,-1,4,3,-2,-3,0,-1,-2,-1,0,1,75
207,7,0,1,2,1,0,-1,-2,-3,-4,-3,-2,-1,99
208,5,4,3,-2,-1,-2,1,4,3,4,3,2,1,115
209,3,2,1,0,-3,0,3,2,1,2,1,0,-1,43
210,1,2,5,-4,1,0,-1,2,1,2,1,0,1,59
211,3,0,3,-2,-1,2,1,0,-1,0,-1,-2,-1,35
212,1,4,1,0,1,-4,-1,2,1,2,1,2,1,51
213,-1,6,-1,2,-1,-2,1,0,-1,0,-1,0,-1,51
214,1,2,3,-2,3,-2,-3,0,-1,0,-1,0,1,43
215,3,4,1,0,1,0,-1,-2,-3,-2,-3,-2,-1,59
216,5,0,3,0,-3,-4,-1,2,1,2,3,2,1,83
217,3,-2,5,2,-5,-2,1,0,-1,0,1,0,-1,75
218,1,2,5,-2,-1,-2,-3,0,-1,0,1,0,1,51
219,3,0,7,0,-3,0,-1,-2,-3,-2,-1,-2,-1,91
220,5,0,1,2,-1,-6,-3,0,-1,0,1,2,1,83
221,3,2,3,4,-3,-4,-1,-2,-3,-2,-1,0,-1,83
222,5,2,3,0,1,-4,-5,-2,-3,-2,-1,0,1,99
223,7,4,5,2,-1,-2,-3,-4,-5,-4,-3,-2,-1,179
224,9,4,-1,-2,-3,-2,1,4,5,4,3,2,1,187
225,7,2,-3,-4,-1,0,3,2,3,2,1,0,-1,107
226,5,2,-3,0,-1,0,-1,2,3,2,1,0,1,59
227,7,0,-5,-2,1,2,1,0,1,0,-1,-2,-1,91
228,5,0,1,0,-1,-4,-1,2,3,2,1,2,1,67
229,3,2,-1,-2,1,-2,1,0,1,0,-1,0,-1,27
230,5,-2,-1,2,1,-2,-3,0,1,0,-1,0,1,51
231,7,0,-3,0,3,0,-1,-2,-1,-2,-3,-2,-1,91
232,5,4,-1,0,-5,-4,-1,2,3,2,3,2,1,115
233,3,2,1,-2,-3,-2,1,0,1,0,1,0,-1,35
234,1,6,-3,2,-3,-2,-3,0,1,0,1,0,1,75
235,3,4,-1,0,-1,0,-1,-2,-1,-2,-1,-2,-1,43
236,5,0,1,2,-3,-6,-3,0,1,0,1,2,1,91
237,3,2,3,0,-1,-4,-1,-2,-1,-2,-1,0,-1,51
238,5,2,-1,4,-1,-4,-5,-2,-1,-2,-1,0,1,99
239,7,4,1,2,1,-2,-3,-4,-3,-4,-3,-2,-1,139
240,9,4,-1,-6,-5,-4,-1,2,3,4,3,2,1,219
241,7,2,-3,-4,-3,-2,1,0,1,2,1,0,-1,99
242,5,2,1,-4,-3,-2,-3,0,1,2,1,0,1,75
243,7,0,-1,-2,-1,0,-1,-2,-1,0,-1,-2,-1,67
244,5,4,1,-4,-3,-6,-3,0,1,2,1,2,1,123
245,3,6,-1,-2,-1,-4,-1,-2,-1,0,-1,0,-1,75
246,5,2,3,-2,-1,-4,-5,-2,-1,0,-1,0,1,91
247,7,4,1,0,1,-2,-3,-4,-3,-2,-3,-2,-1,123
248,9,4,-1,-4,-7,-6,-3,0,1,2,3,2,1,227
249,7,2,1,-2,-5,-4,-1,-2,-1,0,1,0,-1,107
250,5,6,1,-2,-5,-4,-5,-2,-1,0,1,0,1,139
251,7,4,3,0,-3,-2,-3,-4,-3,-2,-1,-2,-1,131
252,9,4,1,-2,-5,-8,-5,-2,-1,0,1,2,1,227
253,7,6,3,0,-3,-6,-3,-4,-3,-2,-1,0,-1,179
254,9,6,3,0,-3,-6,-7,-4,-3,-2,-1,0,1,251
255,11,8,5,2,-1,-4,-5,-6,-5,-4,-3,-2,-1,347
256,9,8,7,6,5,6,5,4,5,4,3,2,1,387
257,7,6,5,4,3,4,3,6,3,2,1,0,-1,211
258,5,6,5,4,3,4,7,2,3,2,1,0,1,195
259,7,4,3,2,1,2,5,4,1,0,-1,-2,-1,131
260,5,4,5,4,3,8,3,2,3,2,1,2,1,187
261,3,6,3,2,1,6,1,4,1,0,-1,0,-1,115
262,5,2,3,2,1,6,5,0,1,0,-1,0,1,107
263,7,4,1,0,-1,4,3,2,-1,-2,-3,-2,-1,115
264,5,4,3,4,7,4,3,2,3,2,3,2,1,171
265,3,2,5,2,5,2,1,4,1,0,1,0,-1,91
266,1,6,1,2,5,2,5,0,1,0,1,0,1,99
267,3,4,3,0,3,0,3,2,-1,-2,-1,-2,-1,67
268,5,0,1,2,5,6,1,0,1,0,1,2,1,99
269,3,2,3,0,3,4,-1,2,-1,-2,-1,0,-1,59
270,5,2,-1,0,3,4,3,-2,-1,-2,-1,0,1,75
271,7,4,1,-2,1,2,1,0,-3,-4,-3,-2,-1,115
272,5,4,3,6,3,4,3,2,3,4,3,2,1,163
273,3,2,1,8,1,2,1,4,1,2,1,0,-1,107
274,1,2,5,4,1,2,5,0,1,2,1,0,1,83
275,3,0,3,6,-1,0,3,2,-1,0,-1,-2,-1,75
276,1,4,1,4,1,6,1,0,1,2,1,2,1,83
277,-1,6,-1,6,-1,4,-1,2,-1,0,-1,0,-1,99
278,1,2,3,2,-1,4,3,-2,-1,0,-1,0,1,51
279,3,4,1,4,-3,2,1,0,-3,-2,-3,-2,-1,83
280,5,0,-1,4,5,2,1,0,1,2,3,2,1,91
281,3,-2,1,6,3,0,-1,2,-1,0,1,0,-1,67
282,1,2,1,2,3,0,3,-2,-1,0,1,0,1,35
283,3,0,3,4,1,-2,1,0,-3,-2,-1,-2,-1,59
284,5,0,-3,2,3,4,-1,-2,-1,0,1,2,1,75
285,3,2,-1,4,1,2,-3,0,-3,-2,-1,0,-1,59
286,5,2,-1,0,1,2,1,-4,-3,-2,-1,0,1,67
287,7,4,1,2,-1,0,-1,-2,-5,-4,-3,-2,-1,131
288,5,4,7,2,1,4,3,2,5,4,3,2,1,179
289,3,2,5,0,3,2,1,4,3,2,1,0,-1,83
290,1,2,5,4,-1,2,5,0,3,2,1,0,1,91
291,3,0,3,2,1,0,3,2,1,0,-1,-2,-1,43
292,1,0,9,0,-1,6,1,0,3,2,1,2,1,139
293,-1,2,7,-2,1,4,-1,2,1,0,-1,0,-1,83
294,1,-2,7,2,-3,4,3,-2,1,0,-1,0,1,99
295,3,0,5,0,-1,2,1,0,-1,-2,-3,-2,-1,59
296,1,4,3,0,3,2,1,0,3,2,3,2,1,67
297,-1,2,5,-2,5,0,-1,2,1,0,1,0,-1,67
298,-3,6,1,2,1,0,3,-2,1,0,1,0,1,67
299,-1,4,3,0,3,-2,1,0,-1,-2,-1,-2,-1,51
300,1,0,5,-2,1,4,-1,-2,1,0,1,2,1,59
301,-1,2,7,-4,3,2,-3,0,-1,-2,-1,0,-1,99
302,1,2,3,0,-1,2,1,-4,-1,-2,-1,0,1,43
303,3,4,5,-2,1,0,-1,-2,-3,-4,-3,-2,-1,99
304,5,0,3,2,-1,2,1,0,3,4,3,2,1,83
305,3,-2,1,4,1,0,-1,2,1,2,1,0,-1,43
306,1,-2,5,4,-3,0,3,-2,1,2,1,0,1,75
307,3,-4,3,6,-1,-2,1,0,-1,0,-1,-2,-1,83
308,1,0,5,0,-3,4,-1,-2,1,2,1,2,1,67
309,-1,2,3,2,-1,2,-3,0,-1,0,-1,0,-1,35
310,1,-2,7,2,-5,2,1,-4,-1,0,-1,0,1,107
311,3,0,5,4,-3,0,-1,-2,-3,-2,-3,-2,-1,91
312,5,0,-1,0,1,0,-1,-2,1,2,3,2,1,51
313,3,-2,1,2,3,-2,-3,0,-1,0,1,0,-1,43
314,1,2,1,2,-1,-2,1,-4,-1,0,1,0,1,35
315,3,0,3,4,1,-4,-1,-2,-3,-2,-1,-2,-1,75
316,5,0,1,-2,-1,2,-3,-4,-1,0,1,2,1,67
317,3,2,3,0,1,0,-5,-2,-3,-2,-1,0,-1,67
318,5,2,3,0,-3,0,-1,-6,-3,-2,-1,0,1,99
319,7,4,5,2,-1,-2,-3,-4,-5,-4,-3,-2,-1,179
320,5,8,3,2,1,2,3,4,5,4,3,2,1,187
321,3,6,1,0,-1,4,1,6,3,2,1,0,-1,115
322,1,6,1,0,3,0,5,2,3,2,1,0,1,91
323,3,4,-1,-2,1,2,3,4,1,0,-1,-2,-1,67
324,1,4,1,4,-1,4,1,2,3,2,1,2,1,75
325,-1,6,-1,2,-3,6,-1,4,1,0,-1,0,-1,107
326,1,2,-1,2,1,2,3,0,1,0,-1,0,1,27
327,3,4,-3,0,-1,4,1,2,-1,-2,-3,-2,-1,75
328,1,4,3,0,3,0,1,2,3,2,3,2,1,67
329,-1,2,5,-2,1,2,-1,4,1,0,1,0,-1,59
330,-3,6,1,-2,5,-2,3,0,1,0,1,0,1,91
331,-1,4,3,-4,3,0,1,2,-1,-2,-1,-2,-1,67
332,1,0,1,2,1,2,-1,0,1,0,1,2,1,19
333,-1,2,3,0,-1,4,-3,2,-1,-2,-1,0,-1,51
334,1,2,-1,0,3,0,1,-2,-1,-2,-1,0,1,27
335,3,4,1,-2,1,2,-1,0,-3,-4,-3,-2,-1,75
336,1,8,-1,2,-1,0,1,2,3,4,3,2,1,115
337,-1,6,-3,4,-3,2,-1,4,1,2,1,0,-1,99
338,-3,6,1,0,1,-2,3,0,1,2,1,0,1,67
339,-1,4,-1,2,-1,0,1,2,-1,0,-1,-2,-1,35
340,-3,8,-3,4,-3,2,-1,0,1,2,1,2,1,123
341,-5,10,-5,6,-5,4,-3,2,-1,0,-1,0,-1,243
342,-3,6,-1,2,-1,0,1,-2,-1,0,-1,0,1,59
343,-1,8,-3,4,-3,2,-1,0,-3,-2,-3,-2,-1,131
344,1,4,-1,0,1,-2,-1,0,1,2,3,2,1,43
345,-1,2,1,2,-1,0,-3,2,-1,0,1,0,-1,27
346,-3,6,1,-2,3,-4,1,-2,-1,0,1,0,1,83
347,-1,4,3,0,1,-2,-1,0,-3,-2,-1,-2,-1,51
348,1,4,-3,2,-1,0,-3,-2,-1,0,1,2,1,51
349,-1,6,-1,4,-3,2,-5,0,-3,-2,-1,0,-1,107
350,1,6,-1,0,1,-2,-1,-4,-3,-2,-1,0,1,75
351,3,8,1,2,-1,0,-3,-2,-5,-4,-3,-2,-1,147
352,5,4,3,-2,-3,0,1,2,5,4,3,2,1,123
353,3,2,1,-4,-1,2,-1,4,3,2,1,0,-1,67
354,1,2,1,0,-1,-2,3,0,3,2,1,0,1,35
355,3,0,-1,-2,1,0,1,2,1,0,-1,-2,-1,27
356,1,0,5,0,-5,2,-1,0,3,2,1,2,1,75
357,-1,2,3,-2,-3,4,-3,2,1,0,-1,0,-1,59
358,1,-2,3,2,-3,0,1,-2,1,0,-1,0,1,35
359,3,0,1,0,-1,2,-1,0,-1,-2,-3,-2,-1,35
360,1,4,3,-4,-1,-2,-1,0,3,2,3,2,1,75
361,-1,2,5,-6,1,0,-3,2,1,0,1,0,-1,83
362,-3,6,1,-2,1,-4,1,-2,1,0,1,0,1,75
363,-1,4,3,-4,3,-2,-1,0,-1,-2,-1,-2,-1,67
364,1,0,5,-2,-3,0,-3,-2,1,0,1,2,1,59
365,-1,2,7,-4,-1,2,-5,0,-1,-2,-1,0,-1,107
366,1,2,3,0,-1,-2,-1,-4,-1,-2,-1,0,1,43
367,3,4,5,-2,1,0,-3,-2,-3,-4,-3,-2,-1,107
368,5,4,-1,-2,-5,-2,-1,0,3,4,3,2,1,115
369,3,2,-3,0,-3,0,-3,2,1,2,1,0,-1,51
370,1,2,1,0,-3,-4,1,-2,1,2,1,0,1,43
371,3,0,-1,2,-1,-2,-1,0,-1,0,-1,-2,-1,27
372,1,4,1,0,-7,0,-3,-2,1,2,1,2,1,91
373,-1,6,-1,2,-5,2,-5,0,-1,0,-1,0,-1,99
374,1,2,3,2,-5,-2,-1,-4,-1,0,-1,0,1,67
375,3,4,1,4,-3,0,-3,-2,-3,-2,-3,-2,-1,91
376,5,4,-1,-4,-3,-4,-3,-2,1,2,3,2,1,115
377,3,2,1,-2,-1,-2,-5,0,-1,0,1,0,-1,51
378,1,6,1,-2,-1,-6,-1,-4,-1,0,1,0,1,99
379,3,4,3,0,1,-4,-3,-2,-3,-2,-1,-2,-1,83
380,5,4,1,-2,-5,-2,-5,-4,-1,0,1,2,1,123
381,3,6,3,0,-3,0,-7,-2,-3,-2,-1,0,-1,131
382,5,6,3,0,-3,-4,-3,-6,-3,-2,-1,0,1,155
383,7,8,5,2,-1,-2,-5,-4,-5,-4,-3,-2,-1,243
384,9,4,3,2,1,2,3,4,5,4,3,2,1,195
385,7,2,1,0,-1,0,5,6,3,2,1,0,-1,131
386,5,2,1,0,-1,4,5,2,3,2,1,0,1,91
387,7,0,-1,-2,-3,2,7,4,1,0,-1,-2,-1,139
388,5,0,1,0,3,4,1,2,3,2,1,2,1,75
389,3,2,-1,-2,1,2,3,4,1,0,-1,0,-1,51
390,5,-2,-1,-2,1,6,3,0,1,0,-1,0,1,83
391,7,0,-3,-4,-1,4,5,2,-1,-2,-3,-2,-1,139
392,5,0,-1,4,3,0,1,2,3,2,3,2,1,83
393,3,-2,1,2,1,-2,3,4,1,0,1,0,-1,51
394,1,2,-3,2,1,2,3,0,1,0,1,0,1,35
395,3,0,-1,0,-1,0,5,2,-1,-2,-1,-2,-1,51
396,5,-4,-3,2,5,2,-1,0,1,0,1,2,1,91
397,3,-2,-1,0,3,0,1,2,-1,-2,-1,0,-1,35
398,5,-2,-5,0,3,4,1,-2,-1,-2,-1,0,1,91
399,7,0,-3,-2,1,2,3,0,-3,-4,-3,-2,-1,115
400,5,0,3,2,-1,0,1,2,3,4,3,2,1,83
401,3,-2,1,4,-3,-2,3,4,1,2,1,0,-1,75
402,1,-2,5,0,-3,2,3,0,1,2,1,0,1,59
403,3,-4,3,2,-5,0,5,2,-1,0,-1,-2,-1,99
404,1,0,1,0,1,2,-1,0,1,2,1,2,1,19
405,-1,2,-1,2,-1,0,1,2,-1,0,-1,0,-1,19
406,1,-2,3,-2,-1,4,1,-2,-1,0,-1,0,1,43
407,3,0,1,0,-3,2,3,0,-3,-2,-3,-2,-1,59
408,5,-4,-1,4,1,-2,-1,0,1,2,3,2,1,83
409,3,-6,1,6,-1,-4,1,2,-1,0,1,0,-1,107
410,1,-2,1,2,-1,0,1,-2,-1,0,1,0,1,19
411,3,-4,3,4,-3,-2,3,0,-3,-2,-1,-2,-1,91
412,5,-4,-3,2,3,0,-3,-2,-1,0,1,2,1,83
413,3,-2,-1,4,1,-2,-1,0,-3,-2,-1,0,-1,51
414,5,-2,-1,0,1,2,-1,-4,-3,-2,-1,0,1,67
415,7,0,1,2,-1,0,1,-2,-5,-4,-3,-2,-1,115
416,5,4,3,-2,-3,0,1,2,5,4,3,2,1,123
417,3,2,1,-4,-1,-2,3,4,3,2,1,0,-1,75
418,1,2,1,0,-5,2,3,0,3,2,1,0,1,59
419,3,0,-1,-2,-3,0,5,2,1,0,-1,-2,-1,59
420,1,0,5,-4,-1,2,-1,0,3,2,1,2,1,67
421,-1,2,3,-6,1,0,1,2,1,0,-1,0,-1,59
422,1,-2,3,-2,-3,4,1,-2,1,0,-1,0,1,51
423,3,0,1,-4,-1,2,3,0,-1,-2,-3,-2,-1,59
424,1,4,-1,0,-1,-2,-1,0,3,2,3,2,1,51
425,-1,2,1,-2,1,-4,1,2,1,0,1,0,-1,35
426,-3,6,-3,2,-3,0,1,-2,1,0,1,0,1,75
427,-1,4,-1,0,-1,-2,3,0,-1,-2,-1,-2,-1,43
428,1,0,1,-2,1,0,-3,-2,1,0,1,2,1,27
429,-1,2,3,-4,3,-2,-1,0,-1,-2,-1,0,-1,51
430,1,2,-1,0,-1,2,-1,-4,-1,-2,-1,0,1,35
431,3,4,1,-2,1,0,1,-2,-3,-4,-3,-2,-1,75
432,5,0,3,-2,-5,-2,-1,0,3,4,3,2,1,107
433,3,-2,1,0,-3,-4,1,2,1,2,1,0,-1,51
434,1,-2,5,0,-7,0,1,-2,1,2,1,0,1,91
435,3,-4,3,2,-5,-2,3,0,-1,0,-1,-2,-1,83
436,1,0,5,-4,-3,0,-3,-2,1,2,1,2,1,75
437,-1,2,3,-2,-1,-2,-1,0,-1,0,-1,0,-1,27
438,1,-2,7,-2,-5,2,-1,-4,-1,0,-1,0,1,107
439,3,0,5,0,-3,0,1,-2,-3,-2,-3,-2,-1,75
440,5,0,-1,0,-3,-4,-3,-2,1,2,3,2,1,83
441,3,-2,1,2,-1,-6,-1,0,-1,0,1,0,-1,59
442,1,2,1,2,-5,-2,-1,-4,-1,0,1,0,1,59
443,3,0,3,4,-3,-4,1,-2,-3,-2,-1,-2,-1,83
444,5,0,1,-2,-1,-2,-5,-4,-1,0,1,2,1,83
445,3,2,3,0,1,-4,-3,-2,-3,-2,-1,0,-1,67
446,5,2,3,0,-3,0,-3,-6,-3,-2,-1,0,1,107
447,7,4,5,2,-1,-2,-1,-4,-5,-4,-3,-2,-1,171
448,9,4,-1,-2,-3,-2,1,4,5,4,3,2,1,187
449,7,2,-3,-4,-5,0,3,6,3,2,1,0,-1,163
450,5,2,-3,-4,-1,0,3,2,3,2,1,0,1,83
451,7,0,-5,-6,-3,2,5,4,1,0,-1,-2,-1,171
452,5,0,-3,0,-1,0,-1,2,3,2,1,2,1,59
453,3,2,-5,-2,-3,2,1,4,1,0,-1,0,-1,75
454,5,-2,-5,-2,1,2,1,0,1,0,-1,0,1,67
455,7,0,-7,-4,-1,4,3,2,-1,-2,-3,-2,-1,163
456,5,0,-1,0,-1,-4,-1,2,3,2,3,2,1,75
457,3,-2,1,-2,-3,-2,1,4,1,0,1,0,-1,51
458,1,2,-3,-2,1,-2,1,0,1,0,1,0,1,27
459,3,0,-1,-4,-1,0,3,2,-1,-2,-1,-2,-1,51
460,5,-4,-3,2,1,-2,-3,0,1,0,1,2,1,75
461,3,-2,-1,0,-1,0,-1,2,-1,-2,-1,0,-1,27
462,5,-2,-5,0,3,0,-1,-2,-1,-2,-1,0,1,75
463,7,0,-3,-2,1,2,1,0,-3,-4,-3,-2,-1,107
464,5,4,-1,-2,-5,-4,-1,2,3,4,3,2,1,131
465,3,2,-3,0,-7,-2,1,4,1,2,1,0,-1,99
466,1,2,1,-4,-3,-2,1,0,1,2,1,0,1,43
467,3,0,-1,-2,-5,0,3,2,-1,0,-1,-2,-1,59
468,1,4,-3,0,-3,-2,-3,0,1,2,1,2,1,59
469,-1,6,-5,2,-5,0,-1,2,-1,0,-1,0,-1,99
470,1,2,-1,-2,-1,0,-1,-2,-1,0,-1,0,1,19
471,3,4,-3,0,-3,2,1,0,-3,-2,-3,-2,-1,75
472,5,0,-1,0,-3,-6,-3,0,1,2,3,2,1,99
473,3,-2,1,2,-5,-4,-1,2,-1,0,1,0,-1,67
474,1,2,1,-2,-1,-4,-1,-2,-1,0,1,0,1,35
475,3,0,3,0,-3,-2,1,0,-3,-2,-1,-2,-1,51
476,5,0,-3,2,-1,-4,-5,-2,-1,0,1,2,1,91
477,3,2,-1,4,-3,-2,-3,0,-3,-2,-1,0,-1,67
478,5,2,-1,0,1,-2,-3,-4,-3,-2,-1,0,1,75
479,7,4,1,2,-1,0,-1,-2,-5,-4,-3,-2,-1,131
480,9,4,-1,-6,-7,-4,-1,2,5,4,3,2,1,259
481,7,2,-3,-8,-5,-2,1,4,3,2,1,0,-1,187
482,5,2,-3,-4,-5,-2,1,0,3,2,1,0,1,99
483,7,0,-5,-6,-3,0,3,2,1,0,-1,-2,-1,139
484,5,0,1,-4,-5,-2,-3,0,3,2,1,2,1,99
485,3,2,-1,-6,-3,0,-1,2,1,0,-1,0,-1,67
486,5,-2,-1,-2,-3,0,-1,-2,1,0,-1,0,1,51
487,7,0,-3,-4,-1,2,1,0,-1,-2,-3,-2,-1,99
488,5,4,-1,-4,-5,-6,-3,0,3,2,3,2,1,155
489,3,2,1,-6,-3,-4,-1,2,1,0,1,0,-1,83
490,1,6,-3,-2,-3,-4,-1,-2,1,0,1,0,1,83
491,3,4,-1,-4,-1,-2,1,0,-1,-2,-1,-2,-1,59
492,5,0,1,-2,-3,-4,-5,-2,1,0,1,2,1,91
493,3,2,3,-4,-1,-2,-3,0,-1,-2,-1,0,-1,59
494,5,2,-1,0,-1,-2,-3,-4,-1,-2,-1,0,1,67
495,7,4,1,-2,1,0,-1,-2,-3,-4,-3,-2,-1,115
496,9,4,-1,-6,-9,-6,-3,0,3,4,3,2,1,299
497,7,2,-3,-4,-7,-4,-1,2,1,2,1,0,-1,155
498,5,2,1,-4,-7,-4,-1,-2,1,2,1,0,1,123
499,7,0,-1,-2,-5,-2,1,0,-1,0,-1,-2,-1,91
500,5,4,1,-4,-7,-4,-5,-2,1,2,1,2,1,163
501,3,6,-1,-2,-5,-2,-3,0,-1,0,-1,0,-1,91
502,5,2,3,-2,-5,-2,-3,-4,-1,0,-1,0,1,99
503,7,4,1,0,-3,0,-1,-2,-3,-2,-3,-2,-1,107
504,9,4,-1,-4,-7,-8,-5,-2,1,2,3,2,1,275
505,7,2,1,-2,-5,-6,-3,0,-1,0,1,0,-1,131
506,5,6,1,-2,-5,-6,-3,-4,-1,0,1,0,1,155
507,7,4,3,0,-3,-4,-1,-2,-3,-2,-1,-2,-1,123
508,9,4,1,-2,-5,-6,-7,-4,-1,0,1,2,1,235
509,7,6,3,0,-3,-4,-5,-2,-3,-2,-1,0,-1,163
510,9,6,3,0,-3,-4,-5,-6,-3,-2,-1,0,1,227
511,11,8,5,2,-1,-2,-3,-4,-5,-4,-3,-2,-1,299
512,9,8,7,6,7,6,5,4,3,4,3,2,1,395
513,7,6,5,4,5,4,3,2,5,2,1,0,-1,211
514,5,6,5,4,5,4,3,6,1,2,1,0,1,195
515,7,4,3,2,3,2,1,4,3,0,-1,-2,-1,123
516,5,4,5,4,5,4,7,2,1,2,1,2,1,187
517,3,6,3,2,3,2,5,0,3,0,-1,0,-1,107
518,5,2,3,2,3,2,5,4,-1,0,-1,0,1,99
519,7,4,1,0,1,0,3,2,1,-2,-3,-2,-1,99
520,5,4,3,4,5,8,3,2,1,2,3,2,1,187
521,3,2,5,2,3,6,1,0,3,0,1,0,-1,99
522,1,6,1,2,3,6,1,4,-1,0,1,0,1,107
523,3,4,3,0,1,4,-1,2,1,-2,-1,-2,-1,67
524,5,0,1,2,3,6,5,0,-1,0,1,2,1,107
525,3,2,3,0,1,4,3,-2,1,-2,-1,0,-1,59
526,5,2,-1,0,1,4,3,2,-3,-2,-1,0,1,75
527,7,4,1,-2,-1,2,1,0,-1,-4,-3,-2,-1,107
528,5,4,3,2,9,4,3,2,1,4,3,2,1,195
529,3,2,1,4,7,2,1,0,3,2,1,0,-1,99
530,1,2,5,0,7,2,1,4,-1,2,1,0,1,107
531,3,0,3,2,5,0,-1,2,1,0,-1,-2,-1,59
532,1,4,1,0,7,2,5,0,-1,2,1,2,1,107
533,-1,6,-1,2,5,0,3,-2,1,0,-1,0,-1,83
534,1,2,3,-2,5,0,3,2,-3,0,-1,0,1,67
535,3,4,1,0,3,-2,1,0,-1,-2,-3,-2,-1,59
536,5,0,-1,0,7,6,1,0,-1,2,3,2,1,131
537,3,-2,1,2,5,4,-1,-2,1,0,1,0,-1,67
538,1,2,1,-2,5,4,-1,2,-3,0,1,0,1,67
539,3,0,3,0,3,2,-3,0,-1,-2,-1,-2,-1,51
540,5,0,-3,-2,5,4,3,-2,-3,0,1,2,1,107
541,3,2,-1,0,3,2,1,-4,-1,-2,-1,0,-1,51
542,5,2,-1,-4,3,2,1,0,-5,-2,-1,0,1,91
543,7,4,1,-2,1,0,-1,-2,-3,-4,-3,-2,-1,115
544,5,4,3,6,3,4,3,2,3,4,3,2,1,163
545,3,2,1,4,5,2,1,0,5,2,1,0,-1,91
546,1,2,1,8,1,2,1,4,1,2,1,0,1,99
547,3,0,-1,6,3,0,-1,2,3,0,-1,-2,-1,75
548,1,0,5,4,1,2,5,0,1,2,1,2,1,83
549,-1,2,3,2,3,0,3,-2,3,0,-1,0,-1,51
550,1,-2,3,6,-1,0,3,2,-1,0,-1,0,1,67
551,3,0,1,4,1,-2,1,0,1,-2,-3,-2,-1,51
552,1,4,-1,4,1,6,1,0,1,2,3,2,1,91
553,-1,2,1,2,3,4,-1,-2,3,0,1,0,-1,51
554,-3,6,-3,6,-1,4,-1,2,-1,0,1,0,1,115
555,-1,4,-1,4,1,2,-3,0,1,-2,-1,-2,-1,59
556,1,0,1,2,-1,4,3,-2,-1,0,1,2,1,43
557,-1,2,3,0,1,2,1,-4,1,-2,-1,0,-1,43
558,1,2,-1,4,-3,2,1,0,-3,-2,-1,0,1,51
559,3,4,1,2,-1,0,-1,-2,-1,-4,-3,-2,-1,67
560,5,0,-1,2,5,2,1,0,1,4,3,2,1,91
561,3,-2,-3,4,7,0,-1,-2,3,2,1,0,-1,107
562,1,-2,1,4,3,0,-1,2,-1,2,1,0,1,43
563,3,-4,-1,6,5,-2,-3,0,1,0,-1,-2,-1,107
564,1,0,1,0,3,0,3,-2,-1,2,1,2,1,35
565,-1,2,-1,2,5,-2,1,-4,1,0,-1,0,-1,59
566,1,-2,3,2,1,-2,1,0,-3,0,-1,0,1,35
567,3,0,1,4,3,-4,-1,-2,-1,-2,-3,-2,-1,75
568,5,0,-5,0,3,4,-1,-2,-1,2,3,2,1,99
569,3,-2,-3,2,5,2,-3,-4,1,0,1,0,-1,83
570,1,2,-3,2,1,2,-3,0,-3,0,1,0,1,43
571,3,0,-1,4,3,0,-5,-2,-1,-2,-1,-2,-1,75
572,5,0,-3,-2,1,2,1,-4,-3,0,1,2,1,75
573,3,2,-1,0,3,0,-1,-6,-1,-2,-1,0,-1,67
574,5,2,-1,0,-1,0,-1,-2,-5,-2,-1,0,1,67
575,7,4,1,2,1,-2,-3,-4,-3,-4,-3,-2,-1,139
576,5,4,7,2,3,2,3,4,3,4,3,2,1,171
577,3,2,5,0,1,4,1,2,5,2,1,0,-1,91
578,1,2,5,0,5,0,1,6,1,2,1,0,1,99
579,3,0,3,-2,3,2,-1,4,3,0,-1,-2,-1,67
580,1,0,5,4,1,0,5,2,1,2,1,2,1,83
581,-1,2,3,2,-1,2,3,0,3,0,-1,0,-1,43
582,1,-2,3,2,3,-2,3,4,-1,0,-1,0,1,59
583,3,0,1,0,1,0,1,2,1,-2,-3,-2,-1,35
584,1,0,7,0,1,4,1,2,1,2,3,2,1,91
585,-1,-2,9,-2,-1,6,-1,0,3,0,1,0,-1,139
586,-3,2,5,-2,3,2,-1,4,-1,0,1,0,1,75
587,-1,0,7,-4,1,4,-3,2,1,-2,-1,-2,-1,107
588,1,-4,5,2,-1,2,3,0,-1,0,1,2,1,67
589,-1,-2,7,0,-3,4,1,-2,1,-2,-1,0,-1,91
590,1,-2,3,0,1,0,1,2,-3,-2,-1,0,1,35
591,3,0,5,-2,-1,2,-1,0,-1,-4,-3,-2,-1,75
592,1,4,3,-2,5,0,1,2,1,4,3,2,1,91
593,-1,2,1,0,3,2,-1,0,3,2,1,0,-1,35
594,-3,2,5,-4,7,-2,-1,4,-1,2,1,0,1,131
595,-1,0,3,-2,5,0,-3,2,1,0,-1,-2,-1,59
596,-3,4,1,0,3,-2,3,0,-1,2,1,2,1,59
597,-5,6,-1,2,1,0,1,-2,1,0,-1,0,-1,75
598,-3,2,3,-2,5,-4,1,2,-3,0,-1,0,1,83
599,-1,4,1,0,3,-2,-1,0,-1,-2,-3,-2,-1,51
600,1,0,3,-4,3,2,-1,0,-1,2,3,2,1,59
601,-1,-2,5,-2,1,4,-3,-2,1,0,1,0,-1,67
602,-3,2,5,-6,5,0,-3,2,-3,0,1,0,1,123
603,-1,0,7,-4,3,2,-5,0,-1,-2,-1,-2,-1,115
604,1,0,1,-2,1,0,1,-2,-3,0,1,2,1,27
605,-1,2,3,0,-1,2,-1,-4,-1,-2,-1,0,-1,43
606,1,2,3,-4,3,-2,-1,0,-5,-2,-1,0,1,75
607,3,4,5,-2,1,0,-3,-2,-3,-4,-3,-2,-1,107
608,5,0,3,2,-1,0,1,2,3,4,3,2,1,83
609,3,-2,1,0,1,2,-1,0,5,2,1,0,-1,51
610,1,-2,1,4,1,-2,-1,4,1,2,1,0,1,51
611,3,-4,-1,2,3,0,-3,2,3,0,-1,-2,-1,67
612,1,-4,5,4,-3,-2,3,0,1,2,1,2,1,91
613,-1,-2,3,2,-1,0,1,-2,3,0,-1,0,-1,35
614,1,-6,3,6,-1,-4,1,2,-1,0,-1,0,1,107
615,3,-4,1,4,1,-2,-1,0,1,-2,-3,-2,-1,67
616,1,0,3,0,-3,2,-1,0,1,2,3,2,1,43
617,-1,-2,5,-2,-1,4,-3,-2,3,0,1,0,-1,75
618,-3,2,1,2,-1,0,-3,2,-1,0,1,0,1,35
619,-1,0,3,0,1,2,-5,0,1,-2,-1,-2,-1,51
620,1,-4,5,2,-5,0,1,-2,-1,0,1,2,1,83
621,-1,-2,7,0,-3,2,-1,-4,1,-2,-1,0,-1,91
622,1,-2,3,4,-3,-2,-1,0,-3,-2,-1,0,1,59
623,3,0,5,2,-1,0,-3,-2,-1,-4,-3,-2,-1,83
624,5,0,-1,-2,1,-2,-1,0,1,4,3,2,1,67
625,3,-2,-3,0,3,0,-3,-2,3,2,1,0,-1,59
626,1,-2,1,0,3,-4,-3,2,-1,2,1,0,1,51
627,3,-4,-1,2,5,-2,-5,0,1,0,-1,-2,-1,91
628,1,0,1,0,-1,-4,1,-2,-1,2,1,2,1,35
629,-1,2,-1,2,1,-2,-1,-4,1,0,-1,0,-1,35
630,1,-2,3,2,1,-6,-1,0,-3,0,-1,0,1,67
631,3,0,1,4,3,-4,-3,-2,-1,-2,-3,-2,-1,83
632,5,0,-1,-4,-1,0,-3,-2,-1,2,3,2,1,75
633,3,-2,1,-2,1,2,-5,-4,1,0,1,0,-1,67
634,1,2,1,-2,1,-2,-5,0,-3,0,1,0,1,51
635,3,0,3,0,3,0,-7,-2,-1,-2,-1,-2,-1,91
636,5,0,1,-2,-3,-2,-1,-4,-3,0,1,2,1,75
637,3,2,3,0,-1,0,-3,-6,-1,-2,-1,0,-1,75
638,5,2,3,0,-1,-4,-3,-2,-5,-2,-1,0,1,99
639,7,4,5,2,1,-2,-5,-4,-3,-4,-3,-2,-1,179
640,5,8,3,2,3,2,3,4,3,4,3,2,1,179
641,3,6,1,0,1,0,5,2,5,2,1,0,-1,107
642,1,6,1,0,1,4,1,6,1,2,1,0,1,99
643,3,4,-1,-2,-1,2,3,4,3,0,-1,-2,-1,75
644,1,4,1,0,5,0,5,2,1,2,1,2,1,83
645,-1,6,-1,-2,3,-2,7,0,3,0,-1,0,-1,115
646,1,2,-1,-2,3,2,3,4,-1,0,-1,0,1,51
647,3,4,-3,-4,1,0,5,2,1,-2,-3,-2,-1,99
648,1,4,-1,4,1,4,1,2,1,2,3,2,1,75
649,-1,2,1,2,-1,2,3,0,3,0,1,0,-1,35
650,-3,6,-3,2,-1,6,-1,4,-1,0,1,0,1,115
651,-1,4,-1,0,-3,4,1,2,1,-2,-1,-2,-1,59
652,1,0,-3,2,3,2,3,0,-1,0,1,2,1,43
653,-1,2,-1,0,1,0,5,-2,1,-2,-1,0,-1,43
654,1,2,-5,0,1,4,1,2,-3,-2,-1,0,1,67
655,3,4,-3,-2,-1,2,3,0,-1,-4,-3,-2,-1,83
656,1,4,3,-2,5,0,1,2,1,4,3,2,1,91
657,-1,2,1,0,3,-2,3,0,3,2,1,0,-1,43
658,-3,2,5,-4,3,2,-1,4,-1,2,1,0,1,91
659,-1,0,3,-2,1,0,1,2,1,0,-1,-2,-1,27
660,-3,4,1,-4,7,-2,3,0,-1,2,1,2,1,115
661,-5,6,-1,-2,5,-4,5,-2,1,0,-1,0,-1,139
662,-3,2,3,-6,5,0,1,2,-3,0,-1,0,1,99
663,-1,4,1,-4,3,-2,3,0,-1,-2,-3,-2,-1,75
664,1,0,-1,0,3,2,-1,0,-1,2,3,2,1,35
665,-1,-2,1,2,1,0,1,-2,1,0,1,0,-1,19
666,-3,2,1,-2,1,4,-3,2,-3,0,1,0,1,59
667,-1,0,3,0,-1,2,-1,0,-1,-2,-1,-2,-1,27
668,1,0,-3,-2,5,0,1,-2,-3,0,1,2,1,59
669,-1,2,-1,0,3,-2,3,-4,-1,-2,-1,0,-1,51
670,1,2,-1,-4,3,2,-1,0,-5,-2,-1,0,1,67
671,3,4,1,-2,1,0,1,-2,-3,-4,-3,-2,-1,75
672,1,8,-1,2,-1,0,1,2,3,4,3,2,1,115
673,-1,6,-3,0,1,-2,3,0,5,2,1,0,-1,91
674,-3,6,-3,4,-3,2,-1,4,1,2,1,0,1,107
675,-1,4,-5,2,-1,0,1,2,3,0,-1,-2,-1,67
676,-3,4,1,0,1,-2,3,0,1,2,1,2,1,51
677,-5,6,-1,-2,3,-4,5,-2,3,0,-1,0,-1,131
678,-3,2,-1,2,-1,0,1,2,-1,0,-1,0,1,27
679,-1,4,-3,0,1,-2,3,0,1,-2,-3,-2,-1,59
680,-3,8,-5,4,-3,2,-1,0,1,2,3,2,1,147
681,-5,6,-3,2,-1,0,1,-2,3,0,1,0,-1,91
682,-7,10,-7,6,-5,4,-3,2,-1,0,1,0,1,291
683,-5,8,-5,4,-3,2,-1,0,1,-2,-1,-2,-1,155
684,-3,4,-3,2,-1,0,1,-2,-1,0,1,2,1,51
685,-5,6,-1,0,1,-2,3,-4,1,-2,-1,0,-1,99
686,-3,6,-5,4,-3,2,-1,0,-3,-2,-1,0,1,115
687,-1,8,-3,2,-1,0,1,-2,-1,-4,-3,-2,-1,115
688,1,4,-1,-2,1,-2,-1,0,1,4,3,2,1,59
689,-1,2,-3,0,3,-4,1,-2,3,2,1,0,-1,59
690,-3,2,1,0,-1,0,-3,2,-1,2,1,0,1,35
691,-1,0,-1,2,1,-2,-1,0,1,0,-1,-2,-1,19
692,-3,4,1,-4,3,-4,1,-2,-1,2,1,2,1,83
693,-5,6,-1,-2,5,-6,3,-4,1,0,-1,0,-1,155
694,-3,2,3,-2,1,-2,-1,0,-3,0,-1,0,1,43
695,-1,4,1,0,3,-4,1,-2,-1,-2,-3,-2,-1,67
696,1,4,-5,0,-1,0,-3,-2,-1,2,3,2,1,75
697,-1,2,-3,2,1,-2,-1,-4,1,0,1,0,-1,43
698,-3,6,-3,2,-3,2,-5,0,-3,0,1,0,1,107
699,-1,4,-1,4,-1,0,-3,-2,-1,-2,-1,-2,-1,59
700,1,4,-3,-2,1,-2,-1,-4,-3,0,1,2,1,67
701,-1,6,-1,0,3,-4,1,-6,-1,-2,-1,0,-1,107
702,1,6,-1,0,-1,0,-3,-2,-5,-2,-1,0,1,83
703,3,8,1,2,1,-2,-1,-4,-3,-4,-3,-2,-1,139
704,5,4,3,-2,-1,-2,1,4,3,4,3,2,1,115
705,3,2,1,-4,-3,0,3,2,5,2,1,0,-1,83
706,1,2,1,-4,1,0,-1,6,1,2,1,0,1,67
707,3,0,-1,-6,-1,2,1,4,3,0,-1,-2,-1,83
708,1,0,1,0,1,-4,3,2,1,2,1,2,1,43
709,-1,2,-1,-2,-1,-2,5,0,3,0,-1,0,-1,51
710,1,-2,-1,-2,3,-2,1,4,-1,0,-1,0,1,43
711,3,0,-3,-4,1,0,3,2,1,-2,-3,-2,-1,67
712,1,0,3,0,-3,0,-1,2,1,2,3,2,1,43
713,-1,-2,5,-2,-5,2,1,0,3,0,1,0,-1,75
714,-3,2,1,-2,-1,2,-3,4,-1,0,1,0,1,51
715,-1,0,3,-4,-3,4,-1,2,1,-2,-1,-2,-1,67
716,1,-4,1,2,-1,-2,1,0,-1,0,1,2,1,35
717,-1,-2,3,0,-3,0,3,-2,1,-2,-1,0,-1,43
718,1,-2,-1,0,1,0,-1,2,-3,-2,-1,0,1,27
719,3,0,1,-2,-1,2,1,0,-1,-4,-3,-2,-1,51
720,1,4,3,-6,1,-4,-1,2,1,4,3,2,1,115
721,-1,2,1,-4,-1,-2,1,0,3,2,1,0,-1,43
722,-3,2,5,-8,3,-2,-3,4,-1,2,1,0,1,147
723,-1,0,3,-6,1,0,-1,2,1,0,-1,-2,-1,59
724,-3,4,1,-4,3,-6,1,0,-1,2,1,2,1,99
725,-5,6,-1,-2,1,-4,3,-2,1,0,-1,0,-1,99
726,-3,2,3,-6,5,-4,-1,2,-3,0,-1,0,1,115
727,-1,4,1,-4,3,-2,1,0,-1,-2,-3,-2,-1,67
728,1,0,3,-4,-1,-2,-3,0,-1,2,3,2,1,59
729,-1,-2,5,-2,-3,0,-1,-2,1,0,1,0,-1,51
730,-3,2,5,-6,1,0,-5,2,-3,0,1,0,1,115
731,-1,0,7,-4,-1,2,-3,0,-1,-2,-1,-2,-1,91
732,1,0,1,-2,1,-4,-1,-2,-3,0,1,2,1,43
733,-1,2,3,0,-1,-2,1,-4,-1,-2,-1,0,-1,43
734,1,2,3,-4,3,-2,-3,0,-5,-2,-1,0,1,83
735,3,4,5,-2,1,0,-1,-2,-3,-4,-3,-2,-1,99
736,5,4,-1,-2,-5,-4,-1,2,3,4,3,2,1,131
737,3,2,-3,-4,-3,-2,1,0,5,2,1,0,-1,83
738,1,2,-3,0,-3,-2,-3,4,1,2,1,0,1,59
739,3,0,-5,-2,-1,0,-1,2,3,0,-1,-2,-1,59
740,1,0,1,0,-3,-6,1,0,1,2,1,2,1,59
741,-1,2,-1,-2,-1,-4,3,-2,3,0,-1,0,-1,51
742,1,-2,-1,2,-1,-4,-1,2,-1,0,-1,0,1,35
743,3,0,-3,0,1,-2,1,0,1,-2,-3,-2,-1,43
744,1,4,-1,0,-7,-2,-3,0,1,2,3,2,1,99
745,-1,2,1,-2,-5,0,-1,-2,3,0,1,0,-1,51
746,-3,6,-3,2,-5,0,-5,2,-1,0,1,0,1,115
747,-1,4,-1,0,-3,2,-3,0,1,-2,-1,-2,-1,51
748,1,0,1,2,-5,-4,-1,-2,-1,0,1,2,1,59
749,-1,2,3,0,-3,-2,1,-4,1,-2,-1,0,-1,51
750,1,2,-1,4,-3,-2,-3,0,-3,-2,-1,0,1,59
751,3,4,1,2,-1,0,-1,-2,-1,-4,-3,-2,-1,67
752,5,4,-1,-6,-3,-6,-3,0,1,4,3,2,1,163
753,3,2,-3,-4,-1,-4,-1,-2,3,2,1,0,-1,75
754,1,2,1,-4,-1,-4,-5,2,-1,2,1,0,1,75
755,3,0,-1,-2,1,-2,-3,0,1,0,-1,-2,-1,35
756,1,4,1,-4,-1,-8,-1,-2,-1,2,1,2,1,115
757,-1,6,-1,-2,1,-6,1,-4,1,0,-1,0,-1,99
758,1,2,3,-2,1,-6,-3,0,-3,0,-1,0,1,75
759,3,4,1,0,3,-4,-1,-2,-1,-2,-3,-2,-1,75
760,5,4,-1,-4,-5,-4,-5,-2,-1,2,3,2,1,147
761,3,2,1,-2,-3,-2,-3,-4,1,0,1,0,-1,59
762,1,6,1,-2,-3,-2,-7,0,-3,0,1,0,1,115
763,3,4,3,0,-1,0,-5,-2,-1,-2,-1,-2,-1,75
764,5,4,1,-2,-3,-6,-3,-4,-3,0,1,2,1,131
765,3,6,3,0,-1,-4,-1,-6,-1,-2,-1,0,-1,115
766,5,6,3,0,-1,-4,-5,-2,-5,-2,-1,0,1,147
767,7,8,5,2,1,-2,-3,-4,-3,-4,-3,-2,-1,211
768,9,4,3,2,3,4,3,2,3,4,3,2,1,187
769,7,2,1,0,1,2,1,4,5,2,1,0,-1,107
770,5,2,1,0,1,2,5,4,1,2,1,0,1,83
771,7,0,-1,-2,-1,0,3,6,3,0,-1,-2,-1,115
772,5,0,1,0,1,6,5,0,1,2,1,2,1,99
773,3,2,-1,-2,-1,4,3,2,3,0,-1,0,-1,59
774,5,-2,-1,-2,-1,4,7,2,-1,0,-1,0,1,107
775,7,0,-3,-4,-3,2,5,4,1,-2,-3,-2,-1,147
776,5,0,-1,0,5,6,1,0,1,2,3,2,1,107
777,3,-2,1,-2,3,4,-1,2,3,0,1,0,-1,59
778,1,2,-3,-2,3,4,3,2,-1,0,1,0,1,59
779,3,0,-1,-4,1,2,1,4,1,-2,-1,-2,-1,59
780,5,-4,-3,-2,3,8,3,-2,-1,0,1,2,1,147
781,3,-2,-1,-4,1,6,1,0,1,-2,-1,0,-1,75
782,5,-2,-5,-4,1,6,5,0,-3,-2,-1,0,1,147
783,7,0,-3,-6,-1,4,3,2,-1,-4,-3,-2,-1,155
784,5,0,-1,2,5,2,1,0,1,4,3,2,1,91
785,3,-2,-3,4,3,0,-1,2,3,2,1,0,-1,67
786,1,-2,1,0,3,0,3,2,-1,2,1,0,1,35
787,3,-4,-1,2,1,-2,1,4,1,0,-1,-2,-1,59
788,1,0,-3,0,3,4,3,-2,-1,2,1,2,1,59
789,-1,2,-5,2,1,2,1,0,1,0,-1,0,-1,43
790,1,-2,-1,-2,1,2,5,0,-3,0,-1,0,1,51
791,3,0,-3,0,-1,0,3,2,-1,-2,-3,-2,-1,51
792,5,-4,-5,0,7,4,-1,-2,-1,2,3,2,1,155
793,3,-6,-3,2,5,2,-3,0,1,0,1,0,-1,99
794,1,-2,-3,-2,5,2,1,0,-3,0,1,0,1,59
795,3,-4,-1,0,3,0,-1,2,-1,-2,-1,-2,-1,51
796,5,-4,-7,-2,5,6,1,-4,-3,0,1,2,1,187
797,3,-2,-5,0,3,4,-1,-2,-1,-2,-1,0,-1,75
798,5,-2,-5,-4,3,4,3,-2,-5,-2,-1,0,1,139
799,7,0,-3,-2,1,2,1,0,-3,-4,-3,-2,-1,107
800,5,0,3,2,-1,2,1,0,3,4,3,2,1,83
801,3,-2,1,0,1,0,-1,2,5,2,1,0,-1,51
802,1,-2,1,4,-3,0,3,2,1,2,1,0,1,51
803,3,-4,-1,2,-1,-2,1,4,3,0,-1,-2,-1,67
804,1,-4,5,0,-3,4,3,-2,1,2,1,2,1,91
805,-1,-2,3,-2,-1,2,1,0,3,0,-1,0,-1,35
806,1,-6,3,2,-5,2,5,0,-1,0,-1,0,1,107
807,3,-4,1,0,-3,0,3,2,1,-2,-3,-2,-1,67
808,1,0,-1,0,1,4,-1,-2,1,2,3,2,1,43
809,-1,-2,1,-2,3,2,-3,0,3,0,1,0,-1,43
810,-3,2,-3,2,-1,2,1,0,-1,0,1,0,1,35
811,-1,0,-1,0,1,0,-1,2,1,-2,-1,-2,-1,19
812,1,-4,1,-2,-1,6,1,-4,-1,0,1,2,1,83
813,-1,-2,3,-4,1,4,-1,-2,1,-2,-1,0,-1,59
814,1,-2,-1,0,-3,4,3,-2,-3,-2,-1,0,1,59
815,3,0,1,-2,-1,2,1,0,-1,-4,-3,-2,-1,51
816,5,-4,-1,2,1,0,-1,-2,1,4,3,2,1,83
817,3,-6,-3,4,3,-2,-3,0,3,2,1,0,-1,107
818,1,-6,1,4,-1,-2,1,0,-1,2,1,0,1,67
819,3,-8,-1,6,1,-4,-1,2,1,0,-1,-2,-1,139
820,1,-4,1,0,-1,2,1,-4,-1,2,1,2,1,51
821,-1,-2,-1,2,1,0,-1,-2,1,0,-1,0,-1,19
822,1,-6,3,2,-3,0,3,-2,-3,0,-1,0,1,83
823,3,-4,1,4,-1,-2,1,0,-1,-2,-3,-2,-1,67
824,5,-4,-5,0,3,2,-3,-4,-1,2,3,2,1,123
825,3,-6,-3,2,5,0,-5,-2,1,0,1,0,-1,115
826,1,-2,-3,2,1,0,-1,-2,-3,0,1,0,1,35
827,3,-4,-1,4,3,-2,-3,0,-1,-2,-1,-2,-1,75
828,5,-4,-3,-2,1,4,-1,-6,-3,0,1,2,1,123
829,3,-2,-1,0,3,2,-3,-4,-1,-2,-1,0,-1,59
830,5,-2,-1,0,-1,2,1,-4,-5,-2,-1,0,1,83
831,7,0,1,2,1,0,-1,-2,-3,-4,-3,-2,-1,99
832,5,4,3,-2,-1,0,1,2,3,4,3,2,1,99
833,3,2,1,-4,-3,2,-1,4,5,2,1,0,-1,91
834,1,2,1,-4,1,-2,3,4,1,2,1,0,1,59
835,3,0,-1,-6,-1,0,1,6,3,0,-1,-2,-1,99
836,1,0,1,0,-3,2,3,0,1,2,1,2,1,35
837,-1,2,-1,-2,-5,4,1,2,3,0,-1,0,-1,67
838,1,-2,-1,-2,-1,0,5,2,-1,0,-1,0,1,43
839,3,0,-3,-4,-3,2,3,4,1,-2,-3,-2,-1,91
840,1,0,3,-4,1,2,-1,0,1,2,3,2,1,51
841,-1,-2,5,-6,-1,4,-3,2,3,0,1,0,-1,107
842,-3,2,1,-6,3,0,1,2,-1,0,1,0,1,67
843,-1,0,3,-8,1,2,-1,4,1,-2,-1,-2,-1,107
844,1,-4,1,-2,-1,4,1,-2,-1,0,1,2,1,51
845,-1,-2,3,-4,-3,6,-1,0,1,-2,-1,0,-1,83
846,1,-2,-1,-4,1,2,3,0,-3,-2,-1,0,1,51
847,3,0,1,-6,-1,4,1,2,-1,-4,-3,-2,-1,99
848,1,4,-1,-2,1,-2,-1,0,1,4,3,2,1,59
849,-1,2,-3,0,-1,0,-3,2,3,2,1,0,-1,43
850,-3,2,1,-4,3,-4,1,2,-1,2,1,0,1,67
851,-1,0,-1,-2,1,-2,-1,4,1,0,-1,-2,-1,35
852,-3,4,-3,0,-1,0,1,-2,-1,2,1,2,1,51
853,-5,6,-5,2,-3,2,-1,0,1,0,-1,0,-1,107
854,-3,2,-1,-2,1,-2,3,0,-3,0,-1,0,1,43
855,-1,4,-3,0,-1,0,1,2,-1,-2,-3,-2,-1,51
856,1,0,-1,-4,3,0,-3,-2,-1,2,3,2,1,59
857,-1,-2,1,-2,1,2,-5,0,1,0,1,0,-1,43
858,-3,2,1,-6,5,-2,-1,0,-3,0,1,0,1,91
859,-1,0,3,-4,3,0,-3,2,-1,-2,-1,-2,-1,59
860,1,0,-3,-2,1,2,-1,-4,-3,0,1,2,1,51
861,-1,2,-1,0,-1,4,-3,-2,-1,-2,-1,0,-1,43
862,1,2,-1,-4,3,0,1,-2,-5,-2,-1,0,1,67
863,3,4,1,-2,1,2,-1,0,-3,-4,-3,-2,-1,75
864,5,0,3,-2,-5,-2,-1,0,3,4,3,2,1,107
865,3,-2,1,-4,-3,0,-3,2,5,2,1,0,-1,83
866,1,-2,1,0,-3,-4,1,2,1,2,1,0,1,43
867,3,-4,-1,-2,-1,-2,-1,4,3,0,-1,-2,-1,67
868,1,-4,5,0,-7,0,1,-2,1,2,1,2,1,107
869,-1,-2,3,-2,-5,2,-1,0,3,0,-1,0,-1,59
870,1,-6,3,2,-5,-2,3,0,-1,0,-1,0,1,91
871,3,-4,1,0,-3,0,1,2,1,-2,-3,-2,-1,59
872,1,0,3,-4,-3,0,-3,-2,1,2,3,2,1,67
873,-1,-2,5,-6,-1,2,-5,0,3,0,1,0,-1,107
874,-3,2,1,-2,-1,-2,-1,0,-1,0,1,0,1,27
875,-1,0,3,-4,1,0,-3,2,1,-2,-1,-2,-1,51
876,1,-4,5,-2,-5,2,-1,-4,-1,0,1,2,1,99
877,-1,-2,7,-4,-3,4,-3,-2,1,-2,-1,0,-1,115
878,1,-2,3,0,-3,0,1,-2,-3,-2,-1,0,1,43
879,3,0,5,-2,-1,2,-1,0,-1,-4,-3,-2,-1,75
880,5,0,-1,-2,-3,-4,-3,-2,1,4,3,2,1,99
881,3,-2,-3,0,-1,-2,-5,0,3,2,1,0,-1,67
882,1,-2,1,0,-1,-6,-1,0,-1,2,1,0,1,51
883,3,-4,-1,2,1,-4,-3,2,1,0,-1,-2,-1,67
884,1,0,1,0,-5,-2,-1,-4,-1,2,1,2,1,59
885,-1,2,-1,2,-3,0,-3,-2,1,0,-1,0,-1,35
886,1,-2,3,2,-3,-4,1,-2,-3,0,-1,0,1,59
887,3,0,1,4,-1,-2,-1,0,-1,-2,-3,-2,-1,51
888,5,0,-1,-4,-1,-2,-5,-4,-1,2,3,2,1,107
889,3,-2,1,-2,1,0,-7,-2,1,0,1,0,-1,75
890,1,2,1,-2,1,-4,-3,-2,-3,0,1,0,1,51
891,3,0,3,0,3,-2,-5,0,-1,-2,-1,-2,-1,67
892,5,0,1,-2,-3,0,-3,-6,-3,0,1,2,1,99
893,3,2,3,0,-1,2,-5,-4,-1,-2,-1,0,-1,75
894,5,2,3,0,-1,-2,-1,-4,-5,-2,-1,0,1,91
895,7,4,5,2,1,0,-3,-2,-3,-4,-3,-2,-1,147
896,9,4,-1,-2,-1,0,1,2,3,4,3,2,1,147
897,7,2,-3,-4,-3,-2,3,4,5,2,1,0,-1,147
898,5,2,-3,-4,-3,2,3,4,1,2,1,0,1,99
899,7,0,-5,-6,-5,0,5,6,3,0,-1,-2,-1,211
900,5,0,-3,-4,1,2,3,0,1,2,1,2,1,75
901,3,2,-5,-6,-1,0,5,2,3,0,-1,0,-1,115
902,5,-2,-5,-6,-1,4,5,2,-1,0,-1,0,1,139
903,7,0,-7,-8,-3,2,7,4,1,-2,-3,-2,-1,259
904,5,0,-5,0,1,2,-1,0,1,2,3,2,1,75
905,3,-2,-3,-2,-1,0,1,2,3,0,1,0,-1,43
906,1,2,-7,-2,-1,4,1,2,-1,0,1,0,1,83
907,3,0,-5,-4,-3,2,3,4,1,-2,-1,-2,-1,99
908,5,-4,-7,-2,3,4,1,-2,-1,0,1,2,1,131
909,3,-2,-5,-4,1,2,3,0,1,-2,-1,0,-1,75
910,5,-2,-9,-4,1,6,3,0,-3,-2,-1,0,1,187
911,7,0,-7,-6,-1,4,5,2,-1,-4,-3,-2,-1,211
912,5,0,-1,-2,1,-2,-1,0,1,4,3,2,1,67
913,3,-2,-3,0,-1,-4,1,2,3,2,1,0,-1,59
914,1,-2,1,-4,-1,0,1,2,-1,2,1,0,1,35
915,3,-4,-1,-2,-3,-2,3,4,1,0,-1,-2,-1,75
916,1,0,-3,-4,3,0,1,-2,-1,2,1,2,1,51
917,-1,2,-5,-2,1,-2,3,0,1,0,-1,0,-1,51
918,1,-2,-1,-6,1,2,3,0,-3,0,-1,0,1,67
919,3,0,-3,-4,-1,0,5,2,-1,-2,-3,-2,-1,83
920,5,-4,-5,0,3,0,-3,-2,-1,2,3,2,1,107
921,3,-6,-3,2,1,-2,-1,0,1,0,1,0,-1,67
922,1,-2,-3,-2,1,2,-1,0,-3,0,1,0,1,35
923,3,-4,-1,0,-1,0,1,2,-1,-2,-1,-2,-1,43
924,5,-4,-7,-2,5,2,-1,-4,-3,0,1,2,1,155
925,3,-2,-5,0,3,0,1,-2,-1,-2,-1,0,-1,59
926,5,-2,-5,-4,3,4,1,-2,-5,-2,-1,0,1,131
927,7,0,-3,-2,1,2,3,0,-3,-4,-3,-2,-1,115
928,5,4,-1,-2,-5,-2,-1,0,3,4,3,2,1,115
929,3,2,-3,-4,-3,-4,1,2,5,2,1,0,-1,99
930,1,2,-3,0,-7,0,1,2,1,2,1,0,1,75
931,3,0,-5,-2,-5,-2,3,4,3,0,-1,-2,-1,107
932,1,0,1,-4,-3,0,1,-2,1,2,1,2,1,43
933,-1,2,-1,-6,-1,-2,3,0,3,0,-1,0,-1,67
934,1,-2,-1,-2,-5,2,3,0,-1,0,-1,0,1,51
935,3,0,-3,-4,-3,0,5,2,1,-2,-3,-2,-1,91
936,1,4,-5,0,-3,0,-3,-2,1,2,3,2,1,83
937,-1,2,-3,-2,-1,-2,-1,0,3,0,1,0,-1,35
938,-3,6,-7,2,-5,2,-1,0,-1,0,1,0,1,131
939,-1,4,-5,0,-3,0,1,2,1,-2,-1,-2,-1,67
940,1,0,-3,-2,-1,2,-1,-4,-1,0,1,2,1,43
941,-1,2,-1,-4,1,0,1,-2,1,-2,-1,0,-1,35
942,1,2,-5,0,-3,4,1,-2,-3,-2,-1,0,1,75
943,3,4,-3,-2,-1,2,3,0,-1,-4,-3,-2,-1,83
944,5,0,-1,-2,-3,-4,-3,-2,1,4,3,2,1,99
945,3,-2,-3,0,-1,-6,-1,0,3,2,1,0,-1,75
946,1,-2,1,0,-5,-2,-1,0,-1,2,1,0,1,43
947,3,-4,-1,2,-3,-4,1,2,1,0,-1,-2,-1,67
948,1,0,1,-4,-1,-2,-1,-4,-1,2,1,2,1,51
949,-1,2,-1,-2,1,-4,1,-2,1,0,-1,0,-1,35
950,1,-2,3,-2,-3,0,1,-2,-3,0,-1,0,1,43
951,3,0,1,0,-1,-2,3,0,-1,-2,-3,-2,-1,43
952,5,0,-5,0,-1,-2,-5,-4,-1,2,3,2,1,115
953,3,-2,-3,2,1,-4,-3,-2,1,0,1,0,-1,59
954,1,2,-3,2,-3,0,-3,-2,-3,0,1,0,1,51
955,3,0,-1,4,-1,-2,-1,0,-1,-2,-1,-2,-1,43
956,5,0,-3,-2,1,0,-3,-6,-3,0,1,2,1,99
957,3,2,-1,0,3,-2,-1,-4,-1,-2,-1,0,-1,51
958,5,2,-1,0,-1,2,-1,-4,-5,-2,-1,0,1,83
959,7,4,1,2,1,0,1,-2,-3,-4,-3,-2,-1,115
960,9,4,-1,-6,-5,-4,-1,2,3,4,3,2,1,219
961,7,2,-3,-8,-7,-2,1,4,5,2,1,0,-1,227
962,5,2,-3,-8,-3,-2,1,4,1,2,1,0,1,139
963,7,0,-5,-10,-5,0,3,6,3,0,-1,-2,-1,259
964,5,0,-3,-4,-3,-2,1,0,1,2,1,2,1,75
965,3,2,-5,-6,-5,0,3,2,3,0,-1,0,-1,123
966,5,-2,-5,-6,-1,0,3,2,-1,0,-1,0,1,107
967,7,0,-7,-8,-3,2,5,4,1,-2,-3,-2,-1,235
968,5,0,-1,-4,-3,-2,-3,0,1,2,3,2,1,83
969,3,-2,1,-6,-5,0,-1,2,3,0,1,0,-1,91
970,1,2,-3,-6,-1,0,-1,2,-1,0,1,0,1,59
971,3,0,-1,-8,-3,2,1,4,1,-2,-1,-2,-1,115
972,5,-4,-3,-2,-1,0,-1,-2,-1,0,1,2,1,67
973,3,-2,-1,-4,-3,2,1,0,1,-2,-1,0,-1,51
974,5,-2,-5,-4,1,2,1,0,-3,-2,-1,0,1,91
975,7,0,-3,-6,-1,4,3,2,-1,-4,-3,-2,-1,155
976,5,4,-1,-6,-3,-6,-3,0,1,4,3,2,1,163
977,3,2,-3,-4,-5,-4,-1,2,3,2,1,0,-1,99
978,1,2,1,-8,-1,-4,-1,2,-1,2,1,0,1,99
979,3,0,-1,-6,-3,-2,1,4,1,0,-1,-2,-1,83
980,1,4,-3,-4,-1,-4,-1,-2,-1,2,1,2,1,75
981,-1,6,-5,-2,-3,-2,1,0,1,0,-1,0,-1,83
982,1,2,-1,-6,1,-2,1,0,-3,0,-1,0,1,59
983,3,4,-3,-4,-1,0,3,2,-1,-2,-3,-2,-1,83
984,5,0,-1,-4,-1,-4,-5,-2,-1,2,3,2,1,107
985,3,-2,1,-2,-3,-2,-3,0,1,0,1,0,-1,43
986,1,2,1,-6,1,-2,-3,0,-3,0,1,0,1,67
987,3,0,3,-4,-1,0,-1,2,-1,-2,-1,-2,-1,51
988,5,0,-3,-2,1,-2,-3,-4,-3,0,1,2,1,83
989,3,2,-1,0,-1,0,-1,-2,-1,-2,-1,0,-1,27
990,5,2,-1,-4,3,0,-1,-2,-5,-2,-1,0,1,91
991,7,4,1,-2,1,2,1,0,-3,-4,-3,-2,-1,115
992,9,4,-1,-6,-9,-6,-3,0,3,4,3,2,1,299
993,7,2,-3,-8,-7,-4,-1,2,5,2,1,0,-1,227
994,5,2,-3,-4,-7,-4,-1,2,1,2,1,0,1,131
995,7,0,-5,-6,-5,-2,1,4,3,0,-1,-2,-1,171
996,5,0,1,-4,-7,-4,-1,-2,1,2,1,2,1,123
997,3,2,-1,-6,-5,-2,1,0,3,0,-1,0,-1,91
998,5,-2,-1,-2,-5,-2,1,0,-1,0,-1,0,1,67
999,7,0,-3,-4,-3,0,3,2,1,-2,-3,-2,-1,115
1000,5,4,-1,-4,-7,-4,-5,-2,1,2,3,2,1,171
1001,3,2,1,-6,-5,-2,-3,0,3,0,1,0,-1,99
1002,1,6,-3,-2,-5,-2,-3,0,-1,0,1,0,1,91
1003,3,4,-1,-4,-3,0,-1,2,1,-2,-1,-2,-1,67
1004,5,0,1,-2,-5,-2,-3,-4,-1,0,1,2,1,91
1005,3,2,3,-4,-3,0,-1,-2,1,-2,-1,0,-1,59
1006,5,2,-1,0,-3,0,-1,-2,-3,-2,-1,0,1,59
1007,7,4,1,-2,-1,2,1,0,-1,-4,-3,-2,-1,107
1008,9,4,-1,-6,-7,-8,-5,-2,1,4,3,2,1,307
1009,7,2,-3,-4,-5,-6,-3,0,3,2,1,0,-1,163
1010,5,2,1,-4,-5,-6,-3,0,-1,2,1,0,1,123
1011,7,0,-1,-2,-3,-4,-1,2,1,0,-1,-2,-1,91
1012,5,4,1,-4,-5,-6,-3,-4,-1,2,1,2,1,155
1013,3,6,-1,-2,-3,-4,-1,-2,1,0,-1,0,-1,83
1014,5,2,3,-2,-3,-4,-1,-2,-3,0,-1,0,1,83
1015,7,4,1,0,-1,-2,1,0,-1,-2,-3,-2,-1,91
1016,9,4,-1,-4,-5,-6,-7,-4,-1,2,3,2,1,259
1017,7,2,1,-2,-3,-4,-5,-2,1,0,1,0,-1,115
1018,5,6,1,-2,-3,-4,-5,-2,-3,0,1,0,1,131
1019,7,4,3,0,-1,-2,-3,0,-1,-2,-1,-2,-1,99
1020,9,4,1,-2,-3,-4,-5,-6,-3,0,1,2,1,203
1021,7,6,3,0,-1,-2,-3,-4,-1,-2,-1,0,-1,131
1022,9,6,3,0,-1,-2,-3,-4,-5,-2,-1,0,1,187
1023,11,8,5,2,1,0,-1,-2,-3,-4,-3,-2,-1,259
1024,9,8,7,8,7,6,5,4,3,2,3,2,1,411
1025,7,6,5,6,5,4,3,2,1,4,1,0,-1,219
1026,5,6,5,6,5,4,3,2,5,0,1,0,1,203
1027,7,4,3,4,3,2,1,0,3,2,-1,-2,-1,123
1028,5,4,5,6,5,4,3,6,1,0,1,2,1,195
1029,3,6,3,4,3,2,1,4,-1,2,-1,0,-1,107
1030,5,2,3,4,3,2,1,4,3,-2,-1,0,1,99
1031,7,4,1,2,1,0,-1,2,1,0,-3,-2,-1,91
1032,5,4,3,6,5,4,7,2,1,0,3,2,1,195
1033,3,2,5,4,3,2,5,0,-1,2,1,0,-1,99
1034,1,6,1,4,3,2,5,0,3,-2,1,0,1,107
1035,3,4,3,2,1,0,3,-2,1,0,-1,-2,-1,59
1036,5,0,1,4,3,2,5,4,-1,-2,1,2,1,107
1037,3,2,3,2,1,0,3,2,-3,0,-1,0,-1,51
1038,5,2,-1,2,1,0,3,2,1,-4,-1,0,1,67
1039,7,4,1,0,-1,-2,1,0,-1,-2,-3,-2,-1,91
1040,5,4,3,4,5,8,3,2,1,2,3,2,1,187
1041,3,2,1,6,3,6,1,0,-1,4,1,0,-1,115
1042,1,2,5,2,3,6,1,0,3,0,1,0,1,91
1043,3,0,3,4,1,4,-1,-2,1,2,-1,-2,-1,67
1044,1,4,1,2,3,6,1,4,-1,0,1,2,1,91
1045,-1,6,-1,4,1,4,-1,2,-3,2,-1,0,-1,91
1046,1,2,3,0,1,4,-1,2,1,-2,-1,0,1,43
1047,3,4,1,2,-1,2,-3,0,-1,0,-3,-2,-1,59
1048,5,0,-1,2,3,6,5,0,-1,0,3,2,1,115
1049,3,-2,1,4,1,4,3,-2,-3,2,1,0,-1,75
1050,1,2,1,0,1,4,3,-2,1,-2,1,0,1,43
1051,3,0,3,2,-1,2,1,-4,-1,0,-1,-2,-1,51
1052,5,0,-3,0,1,4,3,2,-3,-2,1,2,1,83
1053,3,2,-1,2,-1,2,1,0,-5,0,-1,0,-1,51
1054,5,2,-1,-2,-1,2,1,0,-1,-4,-1,0,1,59
1055,7,4,1,0,-3,0,-1,-2,-3,-2,-3,-2,-1,107
1056,5,4,3,4,7,4,3,2,3,2,3,2,1,171
1057,3,2,1,2,9,2,1,0,1,4,1,0,-1,123
1058,1,2,1,6,5,2,1,0,5,0,1,0,1,99
1059,3,0,-1,4,7,0,-1,-2,3,2,-1,-2,-1,99
1060,1,0,5,2,5,2,1,4,1,0,1,2,1,83
1061,-1,2,3,0,7,0,-1,2,-1,2,-1,0,-1,75
1062,1,-2,3,4,3,0,-1,2,3,-2,-1,0,1,59
1063,3,0,1,2,5,-2,-3,0,1,0,-3,-2,-1,67
1064,1,4,-1,2,5,2,5,0,1,0,3,2,1,91
1065,-1,2,1,0,7,0,3,-2,-1,2,1,0,-1,75
1066,-3,6,-3,4,3,0,3,-2,3,-2,1,0,1,107
1067,-1,4,-1,2,5,-2,1,-4,1,0,-1,-2,-1,75
1068,1,0,1,0,3,0,3,2,-1,-2,1,2,1,35
1069,-1,2,3,-2,5,-2,1,0,-3,0,-1,0,-1,59
1070,1,2,-1,2,1,-2,1,0,1,-4,-1,0,1,35
1071,3,4,1,0,3,-4,-1,-2,-1,-2,-3,-2,-1,75
1072,5,0,-1,0,5,6,1,0,1,2,3,2,1,107
1073,3,-2,-3,2,7,4,-1,-2,-1,4,1,0,-1,115
1074,1,-2,1,2,3,4,-1,-2,3,0,1,0,1,51
1075,3,-4,-1,4,5,2,-3,-4,1,2,-1,-2,-1,107
1076,1,0,1,-2,3,4,-1,2,-1,0,1,2,1,43
1077,-1,2,-1,0,5,2,-3,0,-3,2,-1,0,-1,59
1078,1,-2,3,0,1,2,-3,0,1,-2,-1,0,1,35
1079,3,0,1,2,3,0,-5,-2,-1,0,-3,-2,-1,67
1080,5,0,-5,-2,3,4,3,-2,-1,0,3,2,1,107
1081,3,-2,-3,0,5,2,1,-4,-3,2,1,0,-1,83
1082,1,2,-3,0,1,2,1,-4,1,-2,1,0,1,43
1083,3,0,-1,2,3,0,-1,-6,-1,0,-1,-2,-1,67
1084,5,0,-3,-4,1,2,1,0,-3,-2,1,2,1,75
1085,3,2,-1,-2,3,0,-1,-2,-5,0,-1,0,-1,59
1086,5,2,-1,-2,-1,0,-1,-2,-1,-4,-1,0,1,59
1087,7,4,1,0,1,-2,-3,-4,-3,-2,-3,-2,-1,123
1088,5,4,3,8,3,2,3,4,3,2,3,2,1,179
1089,3,2,1,6,1,4,1,2,1,4,1,0,-1,91
1090,1,2,1,6,5,0,1,2,5,0,1,0,1,99
1091,3,0,-1,4,3,2,-1,0,3,2,-1,-2,-1,59
1092,1,0,1,10,1,0,1,6,1,0,1,2,1,147
1093,-1,2,-1,8,-1,2,-1,4,-1,2,-1,0,-1,99
1094,1,-2,-1,8,3,-2,-1,4,3,-2,-1,0,1,115
1095,3,0,-3,6,1,0,-3,2,1,0,-3,-2,-1,83
1096,1,0,3,6,1,0,5,2,1,0,3,2,1,91
1097,-1,-2,5,4,-1,2,3,0,-1,2,1,0,-1,67
1098,-3,2,1,4,3,-2,3,0,3,-2,1,0,1,67
1099,-1,0,3,2,1,0,1,-2,1,0,-1,-2,-1,27
1100,1,-4,1,8,-1,-2,3,4,-1,-2,1,2,1,123
1101,-1,-2,3,6,-3,0,1,2,-3,0,-1,0,-1,75
1102,1,-2,-1,6,1,-4,1,2,1,-4,-1,0,1,83
1103,3,0,1,4,-1,-2,-1,0,-1,-2,-3,-2,-1,51
1104,1,4,-1,4,1,4,1,2,1,2,3,2,1,75
1105,-1,2,-3,6,-1,6,-1,0,-1,4,1,0,-1,107
1106,-3,2,1,2,3,2,-1,0,3,0,1,0,1,43
1107,-1,0,-1,4,1,4,-3,-2,1,2,-1,-2,-1,59
1108,-3,4,-3,6,-1,2,-1,4,-1,0,1,2,1,99
1109,-5,6,-5,8,-3,4,-3,2,-3,2,-1,0,-1,203
1110,-3,2,-1,4,1,0,-3,2,1,-2,-1,0,1,51
1111,-1,4,-3,6,-1,2,-5,0,-1,0,-3,-2,-1,107
1112,1,0,-1,2,-1,2,3,0,-1,0,3,2,1,35
1113,-1,-2,1,4,-3,4,1,-2,-3,2,1,0,-1,67
1114,-3,2,1,0,1,0,1,-2,1,-2,1,0,1,27
1115,-1,0,3,2,-1,2,-1,-4,-1,0,-1,-2,-1,43
1116,1,0,-3,4,-3,0,1,2,-3,-2,1,2,1,59
1117,-1,2,-1,6,-5,2,-1,0,-5,0,-1,0,-1,99
1118,1,2,-1,2,-1,-2,-1,0,-1,-4,-1,0,1,35
1119,3,4,1,4,-3,0,-3,-2,-3,-2,-3,-2,-1,91
1120,5,0,-1,4,3,0,1,2,3,2,3,2,1,83
1121,3,-2,-3,2,5,2,-1,0,1,4,1,0,-1,75
1122,1,-2,-3,6,5,-2,-1,0,5,0,1,0,1,107
1123,3,-4,-5,4,7,0,-3,-2,3,2,-1,-2,-1,147
1124,1,-4,1,6,1,-2,-1,4,1,0,1,2,1,83
1125,-1,-2,-1,4,3,0,-3,2,-1,2,-1,0,-1,51
1126,1,-6,-1,8,3,-4,-3,2,3,-2,-1,0,1,155
1127,3,-4,-3,6,5,-2,-5,0,1,0,-3,-2,-1,139
1128,1,0,-1,2,1,-2,3,0,1,0,3,2,1,35
1129,-1,-2,1,0,3,0,1,-2,-1,2,1,0,-1,27
1130,-3,2,-3,4,3,-4,1,-2,3,-2,1,0,1,83
1131,-1,0,-1,2,5,-2,-1,-4,1,0,-1,-2,-1,59
1132,1,-4,1,4,-1,-4,1,2,-1,-2,1,2,1,67
1133,-1,-2,3,2,1,-2,-1,0,-3,0,-1,0,-1,35
1134,1,-2,-1,6,1,-6,-1,0,1,-4,-1,0,1,99
1135,3,0,1,4,3,-4,-3,-2,-1,-2,-3,-2,-1,83
1136,5,0,-5,0,1,2,-1,0,1,2,3,2,1,75
1137,3,-2,-7,2,3,4,-3,-2,-1,4,1,0,-1,123
1138,1,-2,-3,2,3,0,-3,-2,3,0,1,0,1,51
1139,3,-4,-5,4,5,2,-5,-4,1,2,-1,-2,-1,147
1140,1,0,-3,2,-1,0,-3,2,-1,0,1,2,1,35
1141,-1,2,-5,4,1,2,-5,0,-3,2,-1,0,-1,91
1142,1,-2,-1,4,1,-2,-5,0,1,-2,-1,0,1,59
1143,3,0,-3,6,3,0,-7,-2,-1,0,-3,-2,-1,131
1144,5,0,-5,-2,-1,0,1,-2,-1,0,3,2,1,75
1145,3,-2,-3,0,1,2,-1,-4,-3,2,1,0,-1,59
1146,1,2,-3,0,1,-2,-1,-4,1,-2,1,0,1,43
1147,3,0,-1,2,3,0,-3,-6,-1,0,-1,-2,-1,75
1148,5,0,-3,0,-3,-2,-1,0,-3,-2,1,2,1,67
1149,3,2,-1,2,-1,0,-3,-2,-5,0,-1,0,-1,59
1150,5,2,-1,2,-1,-4,-3,-2,-1,-4,-1,0,1,83
1151,7,4,1,4,1,-2,-5,-4,-3,-2,-3,-2,-1,155
1152,5,4,7,4,3,2,3,4,3,2,3,2,1,171
1153,3,2,5,2,1,0,5,2,1,4,1,0,-1,91
1154,1,2,5,2,1,4,1,2,5,0,1,0,1,83
1155,3,0,3,0,-1,2,3,0,3,2,-1,-2,-1,51
1156,1,0,5,2,5,0,1,6,1,0,1,2,1,99
1157,-1,2,3,0,3,-2,3,4,-1,2,-1,0,-1,59
1158,1,-2,3,0,3,2,-1,4,3,-2,-1,0,1,59
1159,3,0,1,-2,1,0,1,2,1,0,-3,-2,-1,35
1160,1,0,3,6,1,0,5,2,1,0,3,2,1,91
1161,-1,-2,5,4,-1,-2,7,0,-1,2,1,0,-1,107
1162,-3,2,1,4,-1,2,3,0,3,-2,1,0,1,59
1163,-1,0,3,2,-3,0,5,-2,1,0,-1,-2,-1,59
1164,1,-4,1,4,3,-2,3,4,-1,-2,1,2,1,83
1165,-1,-2,3,2,1,-4,5,2,-3,0,-1,0,-1,75
1166,1,-2,-1,2,1,0,1,2,1,-4,-1,0,1,35
1167,3,0,1,0,-1,-2,3,0,-1,-2,-3,-2,-1,43
1168,1,0,7,0,1,4,1,2,1,2,3,2,1,91
1169,-1,-2,5,2,-1,2,3,0,-1,4,1,0,-1,67
1170,-3,-2,9,-2,-1,6,-1,0,3,0,1,0,1,147
1171,-1,-4,7,0,-3,4,1,-2,1,2,-1,-2,-1,107
1172,-3,0,5,-2,3,2,-1,4,-1,0,1,2,1,75
1173,-5,2,3,0,1,0,1,2,-3,2,-1,0,-1,59
1174,-3,-2,7,-4,1,4,-3,2,1,-2,-1,0,1,115
1175,-1,0,5,-2,-1,2,-1,0,-1,0,-3,-2,-1,51
1176,1,-4,3,2,-1,2,3,0,-1,0,3,2,1,59
1177,-1,-6,5,4,-3,0,5,-2,-3,2,1,0,-1,131
1178,-3,-2,5,0,-3,4,1,-2,1,-2,1,0,1,75
1179,-1,-4,7,2,-5,2,3,-4,-1,0,-1,-2,-1,131
1180,1,-4,1,0,1,0,1,2,-3,-2,1,2,1,43
1181,-1,-2,3,2,-1,-2,3,0,-5,0,-1,0,-1,59
1182,1,-2,3,-2,-1,2,-1,0,-1,-4,-1,0,1,43
1183,3,0,5,0,-3,0,1,-2,-3,-2,-3,-2,-1,75
1184,1,4,3,0,3,0,1,2,3,2,3,2,1,67
1185,-1,2,1,-2,5,-2,3,0,1,4,1,0,-1,67
1186,-3,2,1,2,1,2,-1,0,5,0,1,0,1,51
1187,-1,0,-1,0,3,0,1,-2,3,2,-1,-2,-1,35
1188,-3,0,5,-2,5,-2,-1,4,1,0,1,2,1,91
1189,-5,2,3,-4,7,-4,1,2,-1,2,-1,0,-1,131
1190,-3,-2,3,0,3,0,-3,2,3,-2,-1,0,1,59
1191,-1,0,1,-2,5,-2,-1,0,1,0,-3,-2,-1,51
1192,-3,4,-1,2,1,-2,3,0,1,0,3,2,1,59
1193,-5,2,1,0,3,-4,5,-2,-1,2,1,0,-1,91
1194,-7,6,-3,4,-1,0,1,-2,3,-2,1,0,1,131
1195,-5,4,-1,2,1,-2,3,-4,1,0,-1,-2,-1,83
1196,-3,0,1,0,3,-4,1,2,-1,-2,1,2,1,51
1197,-5,2,3,-2,5,-6,3,0,-3,0,-1,0,-1,123
1198,-3,2,-1,2,1,-2,-1,0,1,-4,-1,0,1,43
1199,-1,4,1,0,3,-4,1,-2,-1,-2,-3,-2,-1,67
1200,1,0,3,-4,1,2,-1,0,1,2,3,2,1,51
1201,-1,-2,1,-2,3,0,1,-2,-1,4,1,0,-1,43
1202,-3,-2,5,-2,-1,4,-3,-2,3,0,1,0,1,83
1203,-1,-4,3,0,1,2,-1,-4,1,2,-1,-2,-1,59
1204,-3,0,5,-6,3,0,-3,2,-1,0,1,2,1,99
1205,-5,2,3,-4,5,-2,-1,0,-3,2,-1,0,-1,99
1206,-3,-2,7,-4,1,2,-5,0,1,-2,-1,0,1,115
1207,-1,0,5,-2,3,0,-3,-2,-1,0,-3,-2,-1,67
1208,1,0,-1,-2,-1,0,1,-2,-1,0,3,2,1,27
1209,-1,-2,1,0,1,-2,3,-4,-3,2,1,0,-1,51
1210,-3,2,1,0,-3,2,-1,-4,1,-2,1,0,1,51
1211,-1,0,3,2,-1,0,1,-6,-1,0,-1,-2,-1,59
1212,1,0,1,-4,1,-2,-1,0,-3,-2,1,2,1,43
1213,-1,2,3,-2,3,-4,1,-2,-5,0,-1,0,-1,75
1214,1,2,3,-2,-1,0,-3,-2,-1,-4,-1,0,1,51
1215,3,4,5,0,1,-2,-1,-4,-3,-2,-3,-2,-1,99
1216,5,0,3,4,-1,-2,1,4,3,2,3,2,1,99
1217,3,-2,1,2,-3,0,3,2,1,4,1,0,-1,59
1218,1,-2,1,2,1,0,-1,2,5,0,1,0,1,43
1219,3,-4,-1,0,-1,2,1,0,3,2,-1,-2,-1,51
1220,1,-4,1,6,1,-4,-1,6,1,0,1,2,1,115
1221,-1,-2,-1,4,-1,-2,1,4,-1,2,-1,0,-1,51
1222,1,-6,-1,4,3,-2,-3,4,3,-2,-1,0,1,107
1223,3,-4,-3,2,1,0,-1,2,1,0,-3,-2,-1,59
1224,1,-4,3,6,-3,-4,3,2,1,0,3,2,1,115
1225,-1,-6,5,4,-5,-2,5,0,-1,2,1,0,-1,139
1226,-3,-2,1,4,-1,-2,1,0,3,-2,1,0,1,51
1227,-1,-4,3,2,-3,0,3,-2,1,0,-1,-2,-1,59
1228,1,-8,1,8,-1,-6,1,4,-1,-2,1,2,1,195
1229,-1,-6,3,6,-3,-4,3,2,-3,0,-1,0,-1,131
1230,1,-6,-1,6,1,-4,-1,2,1,-4,-1,0,1,115
1231,3,-4,1,4,-1,-2,1,0,-1,-2,-3,-2,-1,67
1232,1,0,3,0,-3,0,-1,2,1,2,3,2,1,43
1233,-1,-2,1,2,-5,2,1,0,-1,4,1,0,-1,59
1234,-3,-2,5,-2,-1,2,-3,0,3,0,1,0,1,67
1235,-1,-4,3,0,-3,4,-1,-2,1,2,-1,-2,-1,67
1236,-3,0,1,2,-1,-2,-3,4,-1,0,1,2,1,51
1237,-5,2,-1,4,-3,0,-1,2,-3,2,-1,0,-1,75
1238,-3,-2,3,0,1,0,-5,2,1,-2,-1,0,1,59
1239,-1,0,1,2,-1,2,-3,0,-1,0,-3,-2,-1,35
1240,1,-4,3,2,-5,-2,1,0,-1,0,3,2,1,75
1241,-1,-6,5,4,-7,0,3,-2,-3,2,1,0,-1,155
1242,-3,-2,5,0,-3,0,-1,-2,1,-2,1,0,1,59
1243,-1,-4,7,2,-5,2,1,-4,-1,0,-1,-2,-1,123
1244,1,-4,1,4,-3,-4,-1,2,-3,-2,1,2,1,83
1245,-1,-2,3,6,-5,-2,1,0,-5,0,-1,0,-1,107
1246,1,-2,3,2,-1,-2,-3,0,-1,-4,-1,0,1,51
1247,3,0,5,4,-3,0,-1,-2,-3,-2,-3,-2,-1,91
1248,5,0,-1,0,-1,-4,-1,2,3,2,3,2,1,75
1249,3,-2,-3,-2,1,-2,1,0,1,4,1,0,-1,51
1250,1,-2,-3,2,1,-2,-3,0,5,0,1,0,1,59
1251,3,-4,-5,0,3,0,-1,-2,3,2,-1,-2,-1,83
1252,1,-4,1,2,1,-6,-3,4,1,0,1,2,1,91
1253,-1,-2,-1,0,3,-4,-1,2,-1,2,-1,0,-1,43
1254,1,-6,-1,4,3,-4,-5,2,3,-2,-1,0,1,123
1255,3,-4,-3,2,5,-2,-3,0,1,0,-3,-2,-1,91
1256,1,0,-1,2,-3,-6,1,0,1,0,3,2,1,67
1257,-1,-2,1,0,-1,-4,3,-2,-1,2,1,0,-1,43
1258,-3,2,-3,4,-1,-4,-1,-2,3,-2,1,0,1,75
1259,-1,0,-1,2,1,-2,1,-4,1,0,-1,-2,-1,35
1260,1,-4,1,4,-1,-8,-1,2,-1,-2,1,2,1,115
1261,-1,-2,3,2,1,-6,1,0,-3,0,-1,0,-1,67
1262,1,-2,-1,6,1,-6,-3,0,1,-4,-1,0,1,107
1263,3,0,1,4,3,-4,-1,-2,-1,-2,-3,-2,-1,75
1264,5,0,-1,-4,-3,-2,-3,0,1,2,3,2,1,83
1265,3,-2,-3,-2,-1,0,-1,-2,-1,4,1,0,-1,51
1266,1,-2,1,-2,-1,0,-5,-2,3,0,1,0,1,51
1267,3,-4,-1,0,1,2,-3,-4,1,2,-1,-2,-1,67
1268,1,0,1,-2,-1,-4,-5,2,-1,0,1,2,1,59
1269,-1,2,-1,0,1,-2,-3,0,-3,2,-1,0,-1,35
1270,1,-2,3,0,1,-2,-7,0,1,-2,-1,0,1,75
1271,3,0,1,2,3,0,-5,-2,-1,0,-3,-2,-1,67
1272,5,0,-1,-2,-5,-4,-1,-2,-1,0,3,2,1,91
1273,3,-2,1,0,-3,-2,1,-4,-3,2,1,0,-1,59
1274,1,2,1,0,-3,-2,-3,-4,1,-2,1,0,1,51
1275,3,0,3,2,-1,0,-1,-6,-1,0,-1,-2,-1,67
1276,5,0,1,0,-3,-6,-3,0,-3,-2,1,2,1,99
1277,3,2,3,2,-1,-4,-1,-2,-5,0,-1,0,-1,75
1278,5,2,3,2,-1,-4,-5,-2,-1,-4,-1,0,1,107
1279,7,4,5,4,1,-2,-3,-4,-3,-2,-3,-2,-1,163
1280,5,8,3,4,3,4,3,2,3,2,3,2,1,179
1281,3,6,1,2,1,2,1,4,1,4,1,0,-1,91
1282,1,6,1,2,1,2,5,0,5,0,1,0,1,99
1283,3,4,-1,0,-1,0,3,2,3,2,-1,-2,-1,59
1284,1,4,1,2,1,6,1,4,1,0,1,2,1,83
1285,-1,6,-1,0,-1,4,-1,6,-1,2,-1,0,-1,99
1286,1,2,-1,0,-1,4,3,2,3,-2,-1,0,1,51
1287,3,4,-3,-2,-3,2,1,4,1,0,-3,-2,-1,83
1288,1,4,-1,2,5,2,5,0,1,0,3,2,1,91
1289,-1,2,1,0,3,0,3,2,-1,2,1,0,-1,35
1290,-3,6,-3,0,3,0,7,-2,3,-2,1,0,1,131
1291,-1,4,-1,-2,1,-2,5,0,1,0,-1,-2,-1,59
1292,1,0,-3,0,3,4,3,2,-1,-2,1,2,1,59
1293,-1,2,-1,-2,1,2,1,4,-3,0,-1,0,-1,43
1294,1,2,-5,-2,1,2,5,0,1,-4,-1,0,1,83
1295,3,4,-3,-4,-1,0,3,2,-1,-2,-3,-2,-1,83
1296,1,4,-1,4,1,6,1,0,1,2,3,2,1,91
1297,-1,2,-3,6,-1,4,-1,2,-1,4,1,0,-1,91
1298,-3,2,1,2,-1,4,3,-2,3,0,1,0,1,59
1299,-1,0,-1,4,-3,2,1,0,1,2,-1,-2,-1,43
1300,-3,4,-3,2,-1,8,-1,2,-1,0,1,2,1,115
1301,-5,6,-5,4,-3,6,-3,4,-3,2,-1,0,-1,187
1302,-3,2,-1,0,-3,6,1,0,1,-2,-1,0,1,67
1303,-1,4,-3,2,-5,4,-1,2,-1,0,-3,-2,-1,91
1304,1,0,-5,2,3,4,3,-2,-1,0,3,2,1,83
1305,-1,-2,-3,4,1,2,1,0,-3,2,1,0,-1,51
1306,-3,2,-3,0,1,2,5,-4,1,-2,1,0,1,75
1307,-1,0,-1,2,-1,0,3,-2,-1,0,-1,-2,-1,27
1308,1,0,-7,0,1,6,1,0,-3,-2,1,2,1,107
1309,-1,2,-5,2,-1,4,-1,2,-5,0,-1,0,-1,83
1310,1,2,-5,-2,-1,4,3,-2,-1,-4,-1,0,1,83
1311,3,4,-3,0,-3,2,1,0,-3,-2,-3,-2,-1,75
1312,1,4,3,0,3,2,1,0,3,2,3,2,1,67
1313,-1,2,1,-2,5,0,-1,2,1,4,1,0,-1,59
1314,-3,2,1,2,1,0,3,-2,5,0,1,0,1,59
1315,-1,0,-1,0,3,-2,1,0,3,2,-1,-2,-1,35
1316,-3,0,5,-2,1,4,-1,2,1,0,1,2,1,67
1317,-5,2,3,-4,3,2,-3,4,-1,2,-1,0,-1,99
1318,-3,-2,3,0,-1,2,1,0,3,-2,-1,0,1,43
1319,-1,0,1,-2,1,0,-1,2,1,0,-3,-2,-1,27
1320,-3,4,-1,-2,5,0,3,-2,1,0,3,2,1,83
1321,-5,2,1,-4,7,-2,1,0,-1,2,1,0,-1,107
1322,-7,6,-3,0,3,-2,5,-4,3,-2,1,0,1,163
1323,-5,4,-1,-2,5,-4,3,-2,1,0,-1,-2,-1,107
1324,-3,0,1,-4,3,2,1,0,-1,-2,1,2,1,51
1325,-5,2,3,-6,5,0,-1,2,-3,0,-1,0,-1,115
1326,-3,2,-1,-2,1,0,3,-2,1,-4,-1,0,1,51
1327,-1,4,1,-4,3,-2,1,0,-1,-2,-3,-2,-1,67
1328,1,0,-1,0,1,4,-1,-2,1,2,3,2,1,43
1329,-1,-2,-3,2,3,2,-3,0,-1,4,1,0,-1,59
1330,-3,-2,1,2,-1,2,1,-4,3,0,1,0,1,51
1331,-1,-4,-1,4,1,0,-1,-2,1,2,-1,-2,-1,51
1332,-3,0,1,-2,-1,6,-3,0,-1,0,1,2,1,67
1333,-5,2,-1,0,1,4,-5,2,-3,2,-1,0,-1,91
1334,-3,-2,3,0,-3,4,-1,-2,1,-2,-1,0,1,59
1335,-1,0,1,2,-1,2,-3,0,-1,0,-3,-2,-1,35
1336,1,0,-5,-2,3,2,1,-4,-1,0,3,2,1,75
1337,-1,-2,-3,0,5,0,-1,-2,-3,2,1,0,-1,59
1338,-3,2,-3,0,1,0,3,-6,1,-2,1,0,1,75
1339,-1,0,-1,2,3,-2,1,-4,-1,0,-1,-2,-1,43
1340,1,0,-3,-4,1,4,-1,-2,-3,-2,1,2,1,67
1341,-1,2,-1,-2,3,2,-3,0,-5,0,-1,0,-1,59
1342,1,2,-1,-2,-1,2,1,-4,-1,-4,-1,0,1,51
1343,3,4,1,0,1,0,-1,-2,-3,-2,-3,-2,-1,59
1344,1,8,-1,4,-1,0,1,2,3,2,3,2,1,115
1345,-1,6,-3,2,-3,2,-1,4,1,4,1,0,-1,99
1346,-3,6,-3,2,1,-2,3,0,5,0,1,0,1,99
1347,-1,4,-5,0,-1,0,1,2,3,2,-1,-2,-1,67
1348,-3,4,-3,6,-3,2,-1,4,1,0,1,2,1,107
1349,-5,6,-5,4,-5,4,-3,6,-1,2,-1,0,-1,195
1350,-3,2,-5,4,-1,0,1,2,3,-2,-1,0,1,75
1351,-1,4,-7,2,-3,2,-1,4,1,0,-3,-2,-1,115
1352,-3,4,-1,2,1,-2,3,0,1,0,3,2,1,59
1353,-5,2,1,0,-1,0,1,2,-1,2,1,0,-1,43
1354,-7,6,-3,0,3,-4,5,-2,3,-2,1,0,1,163
1355,-5,4,-1,-2,1,-2,3,0,1,0,-1,-2,-1,67
1356,-3,0,-3,4,-1,0,1,2,-1,-2,1,2,1,51
1357,-5,2,-1,2,-3,2,-1,4,-3,0,-1,0,-1,75
1358,-3,2,-5,2,1,-2,3,0,1,-4,-1,0,1,75
1359,-1,4,-3,0,-1,0,1,2,-1,-2,-3,-2,-1,51
1360,-3,8,-5,4,-3,2,-1,0,1,2,3,2,1,147
1361,-5,6,-7,6,-5,4,-3,2,-1,4,1,0,-1,219
1362,-7,6,-3,2,-1,0,1,-2,3,0,1,0,1,115
1363,-5,4,-5,4,-3,2,-1,0,1,2,-1,-2,-1,107
1364,-7,8,-7,6,-5,4,-3,2,-1,0,1,2,1,259
1365,-9,10,-9,8,-7,6,-5,4,-3,2,-1,0,-1,467
1366,-7,6,-5,4,-3,2,-1,0,1,-2,-1,0,1,147
1367,-5,8,-7,6,-5,4,-3,2,-1,0,-3,-2,-1,243
1368,-3,4,-5,2,-1,0,1,-2,-1,0,3,2,1,75
1369,-5,2,-3,4,-3,2,-1,0,-3,2,1,0,-1,83
1370,-7,6,-3,0,1,-2,3,-4,1,-2,1,0,1,131
1371,-5,4,-1,2,-1,0,1,-2,-1,0,-1,-2,-1,59
1372,-3,4,-7,4,-3,2,-1,0,-3,-2,1,2,1,123
1373,-5,6,-5,6,-5,4,-3,2,-5,0,-1,0,-1,203
1374,-3,6,-5,2,-1,0,1,-2,-1,-4,-1,0,1,99
1375,-1,8,-3,4,-3,2,-1,0,-3,-2,-3,-2,-1,131
1376,1,4,-1,0,-1,-2,-1,0,3,2,3,2,1,51
1377,-1,2,-3,-2,1,0,-3,2,1,4,1,0,-1,51
1378,-3,2,-3,2,1,-4,1,-2,5,0,1,0,1,75
1379,-1,0,-5,0,3,-2,-1,0,3,2,-1,-2,-1,59
1380,-3,0,1,2,-3,0,-3,2,1,0,1,2,1,43
1381,-5,2,-1,0,-1,2,-5,4,-1,2,-1,0,-1,83
1382,-3,-2,-1,4,-1,-2,-1,0,3,-2,-1,0,1,51
1383,-1,0,-3,2,1,0,-3,2,1,0,-3,-2,-1,43
1384,-3,4,-1,-2,1,-4,1,-2,1,0,3,2,1,67
1385,-5,2,1,-4,3,-2,-1,0,-1,2,1,0,-1,67
1386,-7,6,-3,0,3,-6,3,-4,3,-2,1,0,1,179
1387,-5,4,-1,-2,5,-4,1,-2,1,0,-1,-2,-1,99
1388,-3,0,1,0,-1,-2,-1,0,-1,-2,1,2,1,27
1389,-5,2,3,-2,1,0,-3,2,-3,0,-1,0,-1,67
1390,-3,2,-1,2,1,-4,1,-2,1,-4,-1,0,1,59
1391,-1,4,1,0,3,-2,-1,0,-1,-2,-3,-2,-1,51
1392,1,4,-5,0,-3,0,-3,-2,1,2,3,2,1,83
1393,-1,2,-7,2,-1,2,-5,0,-1,4,1,0,-1,107
1394,-3,2,-3,2,-1,-2,-1,-4,3,0,1,0,1,59
1395,-1,0,-5,4,1,0,-3,-2,1,2,-1,-2,-1,67
1396,-3,4,-3,2,-5,2,-5,0,-1,0,1,2,1,99
1397,-5,6,-5,4,-3,4,-7,2,-3,2,-1,0,-1,195
1398,-3,2,-1,4,-3,0,-3,-2,1,-2,-1,0,1,59
1399,-1,4,-3,6,-1,2,-5,0,-1,0,-3,-2,-1,107
1400,1,4,-5,-2,-1,-2,-1,-4,-1,0,3,2,1,83
1401,-1,2,-3,0,1,0,-3,-2,-3,2,1,0,-1,43
1402,-3,6,-3,0,1,-4,1,-6,1,-2,1,0,1,115
1403,-1,4,-1,2,3,-2,-1,-4,-1,0,-1,-2,-1,59
1404,1,4,-3,0,-3,0,-3,-2,-3,-2,1,2,1,67
1405,-1,6,-1,2,-1,2,-5,0,-5,0,-1,0,-1,99
1406,1,6,-1,2,-1,-2,-1,-4,-1,-4,-1,0,1,83
1407,3,8,1,4,1,0,-3,-2,-3,-2,-3,-2,-1,131
1408,5,4,3,0,-1,0,1,2,3,2,3,2,1,83
1409,3,2,1,-2,-3,-2,3,4,1,4,1,0,-1,75
1410,1,2,1,-2,-3,2,3,0,5,0,1,0,1,59
1411,3,0,-1,-4,-5,0,5,2,3,2,-1,-2,-1,99
1412,1,0,1,-2,1,2,-1,4,1,0,1,2,1,35
1413,-1,2,-1,-4,-1,0,1,6,-1,2,-1,0,-1,67
1414,1,-2,-1,-4,-1,4,1,2,3,-2,-1,0,1,59
1415,3,0,-3,-6,-3,2,3,4,1,0,-3,-2,-1,107
1416,1,0,-1,2,1,-2,3,0,1,0,3,2,1,35
1417,-1,-2,1,0,-1,-4,5,2,-1,2,1,0,-1,59
1418,-3,2,-3,0,-1,0,5,-2,3,-2,1,0,1,67
1419,-1,0,-1,-2,-3,-2,7,0,1,0,-1,-2,-1,75
1420,1,-4,-3,0,3,0,1,2,-1,-2,1,2,1,51
1421,-1,-2,-1,-2,1,-2,3,4,-3,0,-1,0,-1,51
1422,1,-2,-5,-2,1,2,3,0,1,-4,-1,0,1,67
1423,3,0,-3,-4,-1,0,5,2,-1,-2,-3,-2,-1,83
1424,1,0,3,0,-3,2,-1,0,1,2,3,2,1,43
1425,-1,-2,1,2,-5,0,1,2,-1,4,1,0,-1,59
1426,-3,-2,5,-2,-5,4,1,-2,3,0,1,0,1,99
1427,-1,-4,3,0,-7,2,3,0,1,2,-1,-2,-1,99
1428,-3,0,1,-2,-1,4,-3,2,-1,0,1,2,1,51
1429,-5,2,-1,0,-3,2,-1,4,-3,2,-1,0,-1,75
1430,-3,-2,3,-4,-3,6,-1,0,1,-2,-1,0,1,91
1431,-1,0,1,-2,-5,4,1,2,-1,0,-3,-2,-1,67
1432,1,-4,-1,2,-1,0,1,-2,-1,0,3,2,1,43
1433,-1,-6,1,4,-3,-2,3,0,-3,2,1,0,-1,91
1434,-3,-2,1,0,-3,2,3,-4,1,-2,1,0,1,59
1435,-1,-4,3,2,-5,0,5,-2,-1,0,-1,-2,-1,91
1436,1,-4,-3,0,1,2,-1,0,-3,-2,1,2,1,51
1437,-1,-2,-1,2,-1,0,1,2,-5,0,-1,0,-1,43
1438,1,-2,-1,-2,-1,4,1,-2,-1,-4,-1,0,1,51
1439,3,0,1,0,-3,2,3,0,-3,-2,-3,-2,-1,59
1440,1,4,3,-4,-1,-2,-1,0,3,2,3,2,1,75
1441,-1,2,1,-6,1,-4,1,2,1,4,1,0,-1,83
1442,-3,2,1,-2,-3,0,1,-2,5,0,1,0,1,59
1443,-1,0,-1,-4,-1,-2,3,0,3,2,-1,-2,-1,51
1444,-3,0,5,-6,1,0,-3,2,1,0,1,2,1,91
1445,-5,2,3,-8,3,-2,-1,4,-1,2,-1,0,-1,139
1446,-3,-2,3,-4,-1,2,-1,0,3,-2,-1,0,1,59
1447,-1,0,1,-6,1,0,1,2,1,0,-3,-2,-1,59
1448,-3,4,-1,-2,1,-4,1,-2,1,0,3,2,1,67
1449,-5,2,1,-4,3,-6,3,0,-1,2,1,0,-1,107
1450,-7,6,-3,0,-1,-2,3,-4,3,-2,1,0,1,139
1451,-5,4,-1,-2,1,-4,5,-2,1,0,-1,-2,-1,99
1452,-3,0,1,-4,3,-2,-1,0,-1,-2,1,2,1,51
1453,-5,2,3,-6,5,-4,1,2,-3,0,-1,0,-1,131
1454,-3,2,-1,-2,1,0,1,-2,1,-4,-1,0,1,43
1455,-1,4,1,-4,3,-2,3,0,-1,-2,-3,-2,-1,75
1456,1,0,3,-4,-3,0,-3,-2,1,2,3,2,1,67
1457,-1,-2,1,-2,-1,-2,-1,0,-1,4,1,0,-1,35
1458,-3,-2,5,-2,-5,2,-1,-4,3,0,1,0,1,99
1459,-1,-4,3,0,-3,0,1,-2,1,2,-1,-2,-1,51
1460,-3,0,5,-6,-1,2,-5,0,-1,0,1,2,1,107
1461,-5,2,3,-4,1,0,-3,2,-3,2,-1,0,-1,83
1462,-3,-2,7,-4,-3,4,-3,-2,1,-2,-1,0,1,123
1463,-1,0,5,-2,-1,2,-1,0,-1,0,-3,-2,-1,51
1464,1,0,-1,-2,-1,-2,-1,-4,-1,0,3,2,1,43
1465,-1,-2,1,0,1,-4,1,-2,-3,2,1,0,-1,43
1466,-3,2,1,0,-3,0,1,-6,1,-2,1,0,1,67
1467,-1,0,3,2,-1,-2,3,-4,-1,0,-1,-2,-1,51
1468,1,0,1,-4,1,0,-3,-2,-3,-2,1,2,1,51
1469,-1,2,3,-2,3,-2,-1,0,-5,0,-1,0,-1,59
1470,1,2,3,-2,-1,2,-1,-4,-1,-4,-1,0,1,59
1471,3,4,5,0,1,0,1,-2,-3,-2,-3,-2,-1,83
1472,5,4,-1,0,-5,-4,-1,2,3,2,3,2,1,115
1473,3,2,-3,-2,-7,-2,1,4,1,4,1,0,-1,115
1474,1,2,-3,-2,-3,-2,1,0,5,0,1,0,1,59
1475,3,0,-5,-4,-5,0,3,2,3,2,-1,-2,-1,107
1476,1,0,-3,2,-3,-2,-3,4,1,0,1,2,1,59
1477,-1,2,-5,0,-5,0,-1,6,-1,2,-1,0,-1,99
1478,1,-2,-5,0,-1,0,-1,2,3,-2,-1,0,1,51
1479,3,0,-7,-2,-3,2,1,4,1,0,-3,-2,-1,107
1480,1,0,-1,2,-3,-6,1,0,1,0,3,2,1,67
1481,-1,-2,1,0,-5,-4,3,2,-1,2,1,0,-1,67
1482,-3,2,-3,0,-1,-4,3,-2,3,-2,1,0,1,67
1483,-1,0,-1,-2,-3,-2,5,0,1,0,-1,-2,-1,51
1484,1,-4,-3,4,-1,-4,-1,2,-1,-2,1,2,1,75
1485,-1,-2,-1,2,-3,-2,1,4,-3,0,-1,0,-1,51
1486,1,-2,-5,2,1,-2,1,0,1,-4,-1,0,1,59
1487,3,0,-3,0,-1,0,3,2,-1,-2,-3,-2,-1,51
1488,1,4,-1,0,-7,-2,-3,0,1,2,3,2,1,99
1489,-1,2,-3,2,-9,0,-1,2,-1,4,1,0,-1,123
1490,-3,2,1,-2,-5,0,-1,-2,3,0,1,0,1,59
1491,-1,0,-1,0,-7,2,1,0,1,2,-1,-2,-1,67
1492,-3,4,-3,2,-5,0,-5,2,-1,0,1,2,1,99
1493,-5,6,-5,4,-7,2,-3,4,-3,2,-1,0,-1,195
1494,-3,2,-1,0,-3,2,-3,0,1,-2,-1,0,1,43
1495,-1,4,-3,2,-5,4,-1,2,-1,0,-3,-2,-1,91
1496,1,0,-1,2,-5,-4,-1,-2,-1,0,3,2,1,67
1497,-1,-2,1,4,-7,-2,1,0,-3,2,1,0,-1,91
1498,-3,2,1,0,-3,-2,1,-4,1,-2,1,0,1,51
1499,-1,0,3,2,-5,0,3,-2,-1,0,-1,-2,-1,59
1500,1,0,-3,4,-3,-2,-3,0,-3,-2,1,2,1,67
1501,-1,2,-1,6,-5,0,-1,2,-5,0,-1,0,-1,99
1502,1,2,-1,2,-1,0,-1,-2,-1,-4,-1,0,1,35
1503,3,4,1,4,-3,2,1,0,-3,-2,-3,-2,-1,83
1504,5,4,-1,-4,-5,-6,-3,0,3,2,3,2,1,155
1505,3,2,-3,-6,-3,-4,-1,2,1,4,1,0,-1,107
1506,1,2,-3,-2,-3,-4,-1,-2,5,0,1,0,1,75
1507,3,0,-5,-4,-1,-2,1,0,3,2,-1,-2,-1,75
1508,1,0,1,-2,-3,-4,-5,2,1,0,1,2,1,67
1509,-1,2,-1,-4,-1,-2,-3,4,-1,2,-1,0,-1,59
1510,1,-2,-1,0,-1,-2,-3,0,3,-2,-1,0,1,35
1511,3,0,-3,-2,1,0,-1,2,1,0,-3,-2,-1,43
1512,1,4,-1,-2,-3,-8,-1,-2,1,0,3,2,1,115
1513,-1,2,1,-4,-1,-6,1,0,-1,2,1,0,-1,67
1514,-3,6,-3,0,-1,-6,1,-4,3,-2,1,0,1,123
1515,-1,4,-1,-2,1,-4,3,-2,1,0,-1,-2,-1,59
1516,1,0,1,0,-1,-6,-3,0,-1,-2,1,2,1,59
1517,-1,2,3,-2,1,-4,-1,2,-3,0,-1,0,-1,51
1518,1,2,-1,2,1,-4,-1,-2,1,-4,-1,0,1,51
1519,3,4,1,0,3,-2,1,0,-1,-2,-3,-2,-1,59
1520,5,4,-1,-4,-7,-4,-5,-2,1,2,3,2,1,171
1521,3,2,-3,-2,-5,-2,-3,0,-1,4,1,0,-1,83
1522,1,2,1,-2,-5,-2,-3,-4,3,0,1,0,1,75
1523,3,0,-1,0,-3,0,-1,-2,1,2,-1,-2,-1,35
1524,1,4,1,-2,-5,-2,-7,0,-1,0,1,2,1,107
1525,-1,6,-1,0,-3,0,-5,2,-3,2,-1,0,-1,91
1526,1,2,3,0,-3,0,-5,-2,1,-2,-1,0,1,59
1527,3,4,1,2,-1,2,-3,0,-1,0,-3,-2,-1,59
1528,5,4,-1,-2,-5,-6,-3,-4,-1,0,3,2,1,147
1529,3,2,1,0,-3,-4,-1,-2,-3,2,1,0,-1,59
1530,1,6,1,0,-3,-4,-1,-6,1,-2,1,0,1,107
1531,3,4,3,2,-1,-2,1,-4,-1,0,-1,-2,-1,67
1532,5,4,1,0,-3,-4,-5,-2,-3,-2,1,2,1,115
1533,3,6,3,2,-1,-2,-3,0,-5,0,-1,0,-1,99
1534,5,6,3,2,-1,-2,-3,-4,-1,-4,-1,0,1,123
1535,7,8,5,4,1,0,-1,-2,-3,-2,-3,-2,-1,187
1536,9,4,3,4,5,4,3,2,1,2,3,2,1,195
1537,7,2,1,2,3,2,1,0,3,4,1,0,-1,99
1538,5,2,1,2,3,2,1,4,3,0,1,0,1,75
1539,7,0,-1,0,1,0,-1,2,5,2,-1,-2,-1,91
1540,5,0,1,2,3,2,5,4,-1,0,1,2,1,91
1541,3,2,-1,0,1,0,3,2,1,2,-1,0,-1,35
1542,5,-2,-1,0,1,0,3,6,1,-2,-1,0,1,83
1543,7,0,-3,-2,-1,-2,1,4,3,0,-3,-2,-1,107
1544,5,0,-1,2,3,6,5,0,-1,0,3,2,1,115
1545,3,-2,1,0,1,4,3,-2,1,2,1,0,-1,51
1546,1,2,-3,0,1,4,3,2,1,-2,1,0,1,51
1547,3,0,-1,-2,-1,2,1,0,3,0,-1,-2,-1,35
1548,5,-4,-3,0,1,4,7,2,-3,-2,1,2,1,139
1549,3,-2,-1,-2,-1,2,5,0,-1,0,-1,0,-1,51
1550,5,-2,-5,-2,-1,2,5,4,-1,-4,-1,0,1,123
1551,7,0,-3,-4,-3,0,3,2,1,-2,-3,-2,-1,115
1552,5,0,-1,0,7,6,1,0,-1,2,3,2,1,131
1553,3,-2,-3,2,5,4,-1,-2,1,4,1,0,-1,91
1554,1,-2,1,-2,5,4,-1,2,1,0,1,0,1,59
1555,3,-4,-1,0,3,2,-3,0,3,2,-1,-2,-1,67
1556,1,0,-3,-2,5,4,3,2,-3,0,1,2,1,83
1557,-1,2,-5,0,3,2,1,0,-1,2,-1,0,-1,51
1558,1,-2,-1,-4,3,2,1,4,-1,-2,-1,0,1,59
1559,3,0,-3,-2,1,0,-1,2,1,0,-3,-2,-1,43
1560,5,-4,-5,-2,5,8,3,-2,-3,0,3,2,1,195
1561,3,-6,-3,0,3,6,1,-4,-1,2,1,0,-1,123
1562,1,-2,-3,-4,3,6,1,0,-1,-2,1,0,1,83
1563,3,-4,-1,-2,1,4,-1,-2,1,0,-1,-2,-1,59
1564,5,-4,-7,-4,3,6,5,0,-5,-2,1,2,1,211
1565,3,-2,-5,-2,1,4,3,-2,-3,0,-1,0,-1,83
1566,5,-2,-5,-6,1,4,3,2,-3,-4,-1,0,1,147
1567,7,0,-3,-4,-1,2,1,0,-1,-2,-3,-2,-1,99
1568,5,0,-1,4,5,2,1,0,1,2,3,2,1,91
1569,3,-2,-3,2,7,0,-1,-2,3,4,1,0,-1,107
1570,1,-2,-3,6,3,0,-1,2,3,0,1,0,1,75
1571,3,-4,-5,4,5,-2,-3,0,5,2,-1,-2,-1,139
1572,1,-4,1,2,3,0,3,2,-1,0,1,2,1,51
1573,-1,-2,-1,0,5,-2,1,0,1,2,-1,0,-1,43
1574,1,-6,-1,4,1,-2,1,4,1,-2,-1,0,1,83
1575,3,-4,-3,2,3,-4,-1,2,3,0,-3,-2,-1,91
1576,1,0,-5,2,3,4,3,-2,-1,0,3,2,1,83
1577,-1,-2,-3,0,5,2,1,-4,1,2,1,0,-1,67
1578,-3,2,-7,4,1,2,1,0,1,-2,1,0,1,91
1579,-1,0,-5,2,3,0,-1,-2,3,0,-1,-2,-1,59
1580,1,-4,-3,0,1,2,5,0,-3,-2,1,2,1,75
1581,-1,-2,-1,-2,3,0,3,-2,-1,0,-1,0,-1,35
1582,1,-2,-5,2,-1,0,3,2,-1,-4,-1,0,1,67
1583,3,0,-3,0,1,-2,1,0,1,-2,-3,-2,-1,43
1584,5,-4,-5,0,7,4,-1,-2,-1,2,3,2,1,155
1585,3,-6,-7,2,9,2,-3,-4,1,4,1,0,-1,227
1586,1,-6,-3,2,5,2,-3,0,1,0,1,0,1,91
1587,3,-8,-5,4,7,0,-5,-2,3,2,-1,-2,-1,211
1588,1,-4,-3,-2,5,2,1,0,-3,0,1,2,1,75
1589,-1,-2,-5,0,7,0,-1,-2,-1,2,-1,0,-1,91
1590,1,-6,-1,0,3,0,-1,2,-1,-2,-1,0,1,59
1591,3,-4,-3,2,5,-2,-3,0,1,0,-3,-2,-1,91
1592,5,-4,-9,-2,5,6,1,-4,-3,0,3,2,1,227
1593,3,-6,-7,0,7,4,-1,-6,-1,2,1,0,-1,203
1594,1,-2,-7,0,3,4,-1,-2,-1,-2,1,0,1,91
1595,3,-4,-5,2,5,2,-3,-4,1,0,-1,-2,-1,115
1596,5,-4,-7,-4,3,4,3,-2,-5,-2,1,2,1,179
1597,3,-2,-5,-2,5,2,1,-4,-3,0,-1,0,-1,99
1598,5,-2,-5,-2,1,2,1,0,-3,-4,-1,0,1,91
1599,7,0,-3,0,3,0,-1,-2,-1,-2,-3,-2,-1,91
1600,5,0,3,4,1,0,1,2,1,2,3,2,1,75
1601,3,-2,1,2,-1,2,-1,0,3,4,1,0,-1,51
1602,1,-2,1,2,3,-2,-1,4,3,0,1,0,1,51
1603,3,-4,-1,0,1,0,-3,2,5,2,-1,-2,-1,75
1604,1,-4,1,6,-1,-2,3,4,-1,0,1,2,1,91
1605,-1,-2,-1,4,-3,0,1,2,1,2,-1,0,-1,43
1606,1,-6,-1,4,1,-4,1,6,1,-2,-1,0,1,115
1607,3,-4,-3,2,-1,-2,-1,4,3,0,-3,-2,-1,83
1608,1,-4,3,2,-1,2,3,0,-1,0,3,2,1,59
1609,-1,-6,5,0,-3,4,1,-2,1,2,1,0,-1,99
1610,-3,-2,1,0,1,0,1,2,1,-2,1,0,1,27
1611,-1,-4,3,-2,-1,2,-1,0,3,0,-1,-2,-1,51
1612,1,-8,1,4,-3,0,5,2,-3,-2,1,2,1,139
1613,-1,-6,3,2,-5,2,3,0,-1,0,-1,0,-1,91
1614,1,-6,-1,2,-1,-2,3,4,-1,-4,-1,0,1,91
1615,3,-4,1,0,-3,0,1,2,1,-2,-3,-2,-1,59
1616,1,0,-1,0,3,2,-1,0,-1,2,3,2,1,35
1617,-1,-2,-3,2,1,4,-3,-2,1,4,1,0,-1,67
1618,-3,-2,1,-2,5,0,-3,2,1,0,1,0,1,59
1619,-1,-4,-1,0,3,2,-5,0,3,2,-1,-2,-1,75
1620,-3,0,-3,2,1,0,1,2,-3,0,1,2,1,43
1621,-5,2,-5,4,-1,2,-1,0,-1,2,-1,0,-1,83
1622,-3,-2,-1,0,3,-2,-1,4,-1,-2,-1,0,1,51
1623,-1,0,-3,2,1,0,-3,2,1,0,-3,-2,-1,43
1624,1,-4,-1,-2,1,4,1,-2,-3,0,3,2,1,67
1625,-1,-6,1,0,-1,6,-1,-4,-1,2,1,0,-1,99
1626,-3,-2,1,-4,3,2,-1,0,-1,-2,1,0,1,51
1627,-1,-4,3,-2,1,4,-3,-2,1,0,-1,-2,-1,67
1628,1,-4,-3,0,-1,2,3,0,-5,-2,1,2,1,75
1629,-1,-2,-1,2,-3,4,1,-2,-3,0,-1,0,-1,51
1630,1,-2,-1,-2,1,0,1,2,-3,-4,-1,0,1,43
1631,3,0,1,0,-1,2,-1,0,-1,-2,-3,-2,-1,35
1632,5,-4,-1,4,1,-2,-1,0,1,2,3,2,1,83
1633,3,-6,-3,2,3,0,-3,-2,3,4,1,0,-1,107
1634,1,-6,-3,6,3,-4,-3,2,3,0,1,0,1,131
1635,3,-8,-5,4,5,-2,-5,0,5,2,-1,-2,-1,203
1636,1,-8,1,6,-1,-4,1,2,-1,0,1,2,1,131
1637,-1,-6,-1,4,1,-2,-1,0,1,2,-1,0,-1,67
1638,1,-10,-1,8,1,-6,-1,4,1,-2,-1,0,1,227
1639,3,-8,-3,6,3,-4,-3,2,3,0,-3,-2,-1,179
1640,1,-4,-1,2,-1,0,1,-2,-1,0,3,2,1,43
1641,-1,-6,1,0,1,2,-1,-4,1,2,1,0,-1,67
1642,-3,-2,-3,4,1,-2,-1,0,1,-2,1,0,1,51
1643,-1,-4,-1,2,3,0,-3,-2,3,0,-1,-2,-1,59
1644,1,-8,1,4,-3,-2,3,0,-3,-2,1,2,1,123
1645,-1,-6,3,2,-1,0,1,-2,-1,0,-1,0,-1,59
1646,1,-6,-1,6,-1,-4,1,2,-1,-4,-1,0,1,115
1647,3,-4,1,4,1,-2,-1,0,1,-2,-3,-2,-1,67
1648,5,-4,-5,0,3,0,-3,-2,-1,2,3,2,1,107
1649,3,-6,-7,2,5,2,-5,-4,1,4,1,0,-1,187
1650,1,-6,-3,2,5,-2,-5,0,1,0,1,0,1,107
1651,3,-8,-5,4,7,0,-7,-2,3,2,-1,-2,-1,235
1652,1,-4,-3,2,1,-2,-1,0,-3,0,1,2,1,51
1653,-1,-2,-5,4,3,0,-3,-2,-1,2,-1,0,-1,75
1654,1,-6,-1,4,3,-4,-3,2,-1,-2,-1,0,1,99
1655,3,-4,-3,6,5,-2,-5,0,1,0,-3,-2,-1,139
1656,5,-4,-5,-2,1,2,-1,-4,-3,0,3,2,1,115
1657,3,-6,-3,0,3,4,-3,-6,-1,2,1,0,-1,131
1658,1,-2,-3,0,3,0,-3,-2,-1,-2,1,0,1,43
1659,3,-4,-1,2,5,2,-5,-4,1,0,-1,-2,-1,107
1660,5,-4,-3,0,-1,0,1,-2,-5,-2,1,2,1,91
1661,3,-2,-1,2,1,2,-1,-4,-3,0,-1,0,-1,51
1662,5,-2,-1,2,1,-2,-1,0,-3,-4,-1,0,1,67
1663,7,0,1,4,3,0,-3,-2,-1,-2,-3,-2,-1,107
1664,5,4,3,0,1,0,1,2,1,2,3,2,1,75
1665,3,2,1,-2,-1,-2,3,0,3,4,1,0,-1,59
1666,1,2,1,-2,-1,2,-1,4,3,0,1,0,1,43
1667,3,0,-1,-4,-3,0,1,2,5,2,-1,-2,-1,75
1668,1,0,1,-2,3,-2,3,4,-1,0,1,2,1,51
1669,-1,2,-1,-4,1,-4,5,2,1,2,-1,0,-1,75
1670,1,-2,-1,-4,1,0,1,6,1,-2,-1,0,1,67
1671,3,0,-3,-6,-1,-2,3,4,3,0,-3,-2,-1,107
1672,1,0,-1,2,-1,2,3,0,-1,0,3,2,1,35
1673,-1,-2,1,0,-3,0,5,-2,1,2,1,0,-1,51
1674,-3,2,-3,0,-3,4,1,2,1,-2,1,0,1,59
1675,-1,0,-1,-2,-5,2,3,0,3,0,-1,-2,-1,59
1676,1,-4,-3,0,1,0,5,2,-3,-2,1,2,1,75
1677,-1,-2,-1,-2,-1,-2,7,0,-1,0,-1,0,-1,67
1678,1,-2,-5,-2,-1,2,3,4,-1,-4,-1,0,1,83
1679,3,0,-3,-4,-3,0,5,2,1,-2,-3,-2,-1,91
1680,1,0,3,-4,3,2,-1,0,-1,2,3,2,1,59
1681,-1,-2,1,-2,1,0,1,-2,1,4,1,0,-1,35
1682,-3,-2,5,-6,1,4,-3,2,1,0,1,0,1,107
1683,-1,-4,3,-4,-1,2,-1,0,3,2,-1,-2,-1,67
1684,-3,0,1,-6,5,0,1,2,-3,0,1,2,1,91
1685,-5,2,-1,-4,3,-2,3,0,-1,2,-1,0,-1,75
1686,-3,-2,3,-8,3,2,-1,4,-1,-2,-1,0,1,123
1687,-1,0,1,-6,1,0,1,2,1,0,-3,-2,-1,59
1688,1,-4,-1,-2,1,4,1,-2,-3,0,3,2,1,67
1689,-1,-6,1,0,-1,2,3,-4,-1,2,1,0,-1,75
1690,-3,-2,1,-4,-1,6,-1,0,-1,-2,1,0,1,75
1691,-1,-4,3,-2,-3,4,1,-2,1,0,-1,-2,-1,67
1692,1,-4,-3,-4,3,2,3,0,-5,-2,1,2,1,99
1693,-1,-2,-1,-2,1,0,5,-2,-3,0,-1,0,-1,51
1694,1,-2,-1,-6,1,4,1,2,-3,-4,-1,0,1,91
1695,3,0,1,-4,-1,2,3,0,-1,-2,-3,-2,-1,59
1696,1,4,-1,0,1,-2,-1,0,1,2,3,2,1,43
1697,-1,2,-3,-2,3,-4,1,-2,3,4,1,0,-1,75
1698,-3,2,-3,2,-1,0,-3,2,3,0,1,0,1,51
1699,-1,0,-5,0,1,-2,-1,0,5,2,-1,-2,-1,67
1700,-3,0,1,-2,3,-4,1,2,-1,0,1,2,1,51
1701,-5,2,-1,-4,5,-6,3,0,1,2,-1,0,-1,123
1702,-3,-2,-1,0,1,-2,-1,4,1,-2,-1,0,1,43
1703,-1,0,-3,-2,3,-4,1,2,3,0,-3,-2,-1,67
1704,-3,4,-5,2,-1,0,1,-2,-1,0,3,2,1,75
1705,-5,2,-3,0,1,-2,3,-4,1,2,1,0,-1,75
1706,-7,6,-7,4,-3,2,-1,0,1,-2,1,0,1,171
1707,-5,4,-5,2,-1,0,1,-2,3,0,-1,-2,-1,91
1708,-3,0,-3,0,1,-2,3,0,-3,-2,1,2,1,51
1709,-5,2,-1,-2,3,-4,5,-2,-1,0,-1,0,-1,91
1710,-3,2,-5,2,-1,0,1,2,-1,-4,-1,0,1,67
1711,-1,4,-3,0,1,-2,3,0,1,-2,-3,-2,-1,59
1712,1,0,-1,-4,3,0,-3,-2,-1,2,3,2,1,59
1713,-1,-2,-3,-2,5,-2,-1,-4,1,4,1,0,-1,83
1714,-3,-2,1,-2,1,2,-5,0,1,0,1,0,1,51
1715,-1,-4,-1,0,3,0,-3,-2,3,2,-1,-2,-1,59
1716,-3,0,1,-6,5,-2,-1,0,-3,0,1,2,1,91
1717,-5,2,-1,-4,7,-4,1,-2,-1,2,-1,0,-1,123
1718,-3,-2,3,-4,3,0,-3,2,-1,-2,-1,0,1,67
1719,-1,0,1,-2,5,-2,-1,0,1,0,-3,-2,-1,51
1720,1,0,-5,-2,1,2,-1,-4,-3,0,3,2,1,75
1721,-1,-2,-3,0,3,0,1,-6,-1,2,1,0,-1,67
1722,-3,2,-3,0,-1,4,-3,-2,-1,-2,1,0,1,59
1723,-1,0,-1,2,1,2,-1,-4,1,0,-1,-2,-1,35
1724,1,0,-3,-4,3,0,1,-2,-5,-2,1,2,1,75
1725,-1,2,-1,-2,5,-2,3,-4,-3,0,-1,0,-1,75
1726,1,2,-1,-2,1,2,-1,0,-3,-4,-1,0,1,43
1727,3,4,1,0,3,0,1,-2,-1,-2,-3,-2,-1,59
1728,5,0,3,0,-3,-4,-1,2,1,2,3,2,1,83
1729,3,-2,1,-2,-5,-2,1,0,3,4,1,0,-1,75
1730,1,-2,1,-2,-1,-2,-3,4,3,0,1,0,1,51
1731,3,-4,-1,-4,-3,0,-1,2,5,2,-1,-2,-1,91
1732,1,-4,1,2,-1,-6,1,4,-1,0,1,2,1,83
1733,-1,-2,-1,0,-3,-4,3,2,1,2,-1,0,-1,51
1734,1,-6,-1,0,1,-4,-1,6,1,-2,-1,0,1,99
1735,3,-4,-3,-2,-1,-2,1,4,3,0,-3,-2,-1,83
1736,1,-4,3,2,-5,-2,1,0,-1,0,3,2,1,75
1737,-1,-6,5,0,-7,0,3,-2,1,2,1,0,-1,131
1738,-3,-2,1,0,-3,0,-1,2,1,-2,1,0,1,35
1739,-1,-4,3,-2,-5,2,1,0,3,0,-1,-2,-1,75
1740,1,-8,1,4,-3,-4,3,2,-3,-2,1,2,1,139
1741,-1,-6,3,2,-5,-2,5,0,-1,0,-1,0,-1,107
1742,1,-6,-1,2,-1,-2,1,4,-1,-4,-1,0,1,83
1743,3,-4,1,0,-3,0,3,2,1,-2,-3,-2,-1,67
1744,1,0,3,-4,-1,-2,-3,0,-1,2,3,2,1,59
1745,-1,-2,1,-2,-3,0,-1,-2,1,4,1,0,-1,43
1746,-3,-2,5,-6,1,0,-5,2,1,0,1,0,1,107
1747,-1,-4,3,-4,-1,2,-3,0,3,2,-1,-2,-1,75
1748,-3,0,1,-2,1,-4,-1,2,-3,0,1,2,1,51
1749,-5,2,-1,0,-1,-2,1,0,-1,2,-1,0,-1,43
1750,-3,-2,3,-4,3,-2,-3,4,-1,-2,-1,0,1,83
1751,-1,0,1,-2,1,0,-1,2,1,0,-3,-2,-1,27
1752,1,-4,3,-2,-3,0,-1,-2,-3,0,3,2,1,67
1753,-1,-6,5,0,-5,2,1,-4,-1,2,1,0,-1,115
1754,-3,-2,5,-4,-1,2,-3,0,-1,-2,1,0,1,75
1755,-1,-4,7,-2,-3,4,-1,-2,1,0,-1,-2,-1,107
1756,1,-4,1,0,-1,-2,1,0,-5,-2,1,2,1,59
1757,-1,-2,3,2,-3,0,3,-2,-3,0,-1,0,-1,51
1758,1,-2,3,-2,1,0,-1,2,-3,-4,-1,0,1,51
1759,3,0,5,0,-1,2,1,0,-1,-2,-3,-2,-1,59
1760,5,0,-1,0,-3,-6,-3,0,1,2,3,2,1,99
1761,3,-2,-3,-2,-1,-4,-1,-2,3,4,1,0,-1,75
1762,1,-2,-3,2,-1,-4,-5,2,3,0,1,0,1,75
1763,3,-4,-5,0,1,-2,-3,0,5,2,-1,-2,-1,99
1764,1,-4,1,2,-1,-8,-1,2,-1,0,1,2,1,99
1765,-1,-2,-1,0,1,-6,1,0,1,2,-1,0,-1,51
1766,1,-6,-1,4,1,-6,-3,4,1,-2,-1,0,1,123
1767,3,-4,-3,2,3,-4,-1,2,3,0,-3,-2,-1,91
1768,1,0,-1,2,-5,-4,-1,-2,-1,0,3,2,1,67
1769,-1,-2,1,0,-3,-2,1,-4,1,2,1,0,-1,43
1770,-3,2,-3,4,-3,-2,-3,0,1,-2,1,0,1,67
1771,-1,0,-1,2,-1,0,-1,-2,3,0,-1,-2,-1,27
1772,1,-4,1,4,-3,-6,1,0,-3,-2,1,2,1,99
1773,-1,-2,3,2,-1,-4,3,-2,-1,0,-1,0,-1,51
1774,1,-2,-1,6,-1,-4,-1,2,-1,-4,-1,0,1,83
1775,3,0,1,4,1,-2,1,0,1,-2,-3,-2,-1,51
1776,5,0,-1,-4,-1,-4,-5,-2,-1,2,3,2,1,107
1777,3,-2,-3,-2,1,-2,-3,-4,1,4,1,0,-1,75
1778,1,-2,1,-2,1,-2,-7,0,1,0,1,0,1,67
1779,3,-4,-1,0,3,0,-5,-2,3,2,-1,-2,-1,83
1780,1,0,1,-2,1,-6,-3,0,-3,0,1,2,1,67
1781,-1,2,-1,0,3,-4,-1,-2,-1,2,-1,0,-1,43
1782,1,-2,3,0,3,-4,-5,2,-1,-2,-1,0,1,75
1783,3,0,1,2,5,-2,-3,0,1,0,-3,-2,-1,67
1784,5,0,-1,-2,-3,-2,-3,-4,-3,0,3,2,1,91
1785,3,-2,1,0,-1,0,-1,-6,-1,2,1,0,-1,59
1786,1,2,1,0,-1,0,-5,-2,-1,-2,1,0,1,43
1787,3,0,3,2,1,2,-3,-4,1,0,-1,-2,-1,59
1788,5,0,1,0,-1,-4,-1,-2,-5,-2,1,2,1,83
1789,3,2,3,2,1,-2,1,-4,-3,0,-1,0,-1,59
1790,5,2,3,2,1,-2,-3,0,-3,-4,-1,0,1,83
1791,7,4,5,4,3,0,-1,-2,-1,-2,-3,-2,-1,139
1792,9,4,-1,0,1,2,1,0,1,2,3,2,1,123
1793,7,2,-3,-2,-1,0,-1,2,3,4,1,0,-1,99
1794,5,2,-3,-2,-1,0,3,2,3,0,1,0,1,67
1795,7,0,-5,-4,-3,-2,1,4,5,2,-1,-2,-1,155
1796,5,0,-3,-2,-1,4,3,2,-1,0,1,2,1,75
1797,3,2,-5,-4,-3,2,1,4,1,2,-1,0,-1,91
1798,5,-2,-5,-4,-3,2,5,4,1,-2,-1,0,1,131
1799,7,0,-7,-6,-5,0,3,6,3,0,-3,-2,-1,227
1800,5,0,-5,-2,3,4,3,-2,-1,0,3,2,1,107
1801,3,-2,-3,-4,1,2,1,0,1,2,1,0,-1,51
1802,1,2,-7,-4,1,2,5,0,1,-2,1,0,1,107
1803,3,0,-5,-6,-1,0,3,2,3,0,-1,-2,-1,99
1804,5,-4,-7,-4,1,6,5,0,-3,-2,1,2,1,187
1805,3,-2,-5,-6,-1,4,3,2,-1,0,-1,0,-1,107
1806,5,-2,-9,-6,-1,4,7,2,-1,-4,-1,0,1,235
1807,7,0,-7,-8,-3,2,5,4,1,-2,-3,-2,-1,235
1808,5,0,-5,0,3,4,-1,-2,-1,2,3,2,1,99
1809,3,-2,-7,2,1,2,-3,0,1,4,1,0,-1,99
1810,1,-2,-3,-2,1,2,1,0,1,0,1,0,1,27
1811,3,-4,-5,0,-1,0,-1,2,3,2,-1,-2,-1,75
1812,1,0,-7,-2,1,6,1,0,-3,0,1,2,1,107
1813,-1,2,-9,0,-1,4,-1,2,-1,2,-1,0,-1,115
1814,1,-2,-5,-4,-1,4,3,2,-1,-2,-1,0,1,83
1815,3,0,-7,-2,-3,2,1,4,1,0,-3,-2,-1,107
1816,5,-4,-9,-2,5,6,1,-4,-3,0,3,2,1,227
1817,3,-6,-7,0,3,4,-1,-2,-1,2,1,0,-1,131
1818,1,-2,-7,-4,3,4,3,-2,-1,-2,1,0,1,115
1819,3,-4,-5,-2,1,2,1,0,1,0,-1,-2,-1,67
1820,5,-4,-11,-4,3,8,3,-2,-5,-2,1,2,1,299
1821,3,-2,-9,-2,1,6,1,0,-3,0,-1,0,-1,147
1822,5,-2,-9,-6,1,6,5,0,-3,-4,-1,0,1,235
1823,7,0,-7,-4,-1,4,3,2,-1,-2,-3,-2,-1,163
1824,5,0,-1,0,1,0,-1,-2,1,2,3,2,1,51
1825,3,-2,-3,-2,3,-2,-3,0,3,4,1,0,-1,75
1826,1,-2,-3,2,-1,-2,1,0,3,0,1,0,1,35
1827,3,-4,-5,0,1,-4,-1,2,5,2,-1,-2,-1,107
1828,1,-4,1,-2,-1,2,1,0,-1,0,1,2,1,35
1829,-1,-2,-1,-4,1,0,-1,2,1,2,-1,0,-1,35
1830,1,-6,-1,0,-3,0,3,2,1,-2,-1,0,1,67
1831,3,-4,-3,-2,-1,-2,1,4,3,0,-3,-2,-1,83
1832,1,0,-5,-2,3,2,1,-4,-1,0,3,2,1,75
1833,-1,-2,-3,-4,5,0,-1,-2,1,2,1,0,-1,67
1834,-3,2,-7,0,1,0,3,-2,1,-2,1,0,1,83
1835,-1,0,-5,-2,3,-2,1,0,3,0,-1,-2,-1,59
1836,1,-4,-3,-4,1,4,3,-2,-3,-2,1,2,1,91
1837,-1,-2,-1,-6,3,2,1,0,-1,0,-1,0,-1,59
1838,1,-2,-5,-2,-1,2,5,0,-1,-4,-1,0,1,83
1839,3,0,-3,-4,1,0,3,2,1,-2,-3,-2,-1,67
1840,5,-4,-5,0,3,2,-3,-4,-1,2,3,2,1,123
1841,3,-6,-7,2,5,0,-5,-2,1,4,1,0,-1,171
1842,1,-6,-3,2,1,0,-1,-2,1,0,1,0,1,59
1843,3,-8,-5,4,3,-2,-3,0,3,2,-1,-2,-1,155
1844,1,-4,-3,-2,1,4,-1,-2,-3,0,1,2,1,67
1845,-1,-2,-5,0,3,2,-3,0,-1,2,-1,0,-1,59
1846,1,-6,-1,0,-1,2,1,0,-1,-2,-1,0,1,51
1847,3,-4,-3,2,1,0,-1,2,1,0,-3,-2,-1,59
1848,5,-4,-9,-2,5,4,-1,-6,-3,0,3,2,1,227
1849,3,-6,-7,0,7,2,-3,-4,-1,2,1,0,-1,179
1850,1,-2,-7,0,3,2,1,-4,-1,-2,1,0,1,91
1851,3,-4,-5,2,5,0,-1,-2,1,0,-1,-2,-1,91
1852,5,-4,-7,-4,3,6,1,-4,-5,-2,1,2,1,203
1853,3,-2,-5,-2,5,4,-1,-2,-3,0,-1,0,-1,99
1854,5,-2,-5,-2,1,4,3,-2,-3,-4,-1,0,1,115
1855,7,0,-3,0,3,2,1,0,-1,-2,-3,-2,-1,91
1856,5,4,-1,0,-3,-2,-1,0,1,2,3,2,1,75
1857,3,2,-3,-2,-5,0,-3,2,3,4,1,0,-1,91
1858,1,2,-3,-2,-1,-4,1,2,3,0,1,0,1,51
1859,3,0,-5,-4,-3,-2,-1,4,5,2,-1,-2,-1,115
1860,1,0,-3,2,-5,0,1,2,-1,0,1,2,1,51
1861,-1,2,-5,0,-7,2,-1,4,1,2,-1,0,-1,107
1862,1,-2,-5,0,-3,-2,3,4,1,-2,-1,0,1,75
1863,3,0,-7,-2,-5,0,1,6,3,0,-3,-2,-1,147
1864,1,0,-1,-2,-1,0,1,-2,-1,0,3,2,1,27
1865,-1,-2,1,-4,-3,2,-1,0,1,2,1,0,-1,43
1866,-3,2,-3,-4,1,-2,3,0,1,-2,1,0,1,59
1867,-1,0,-1,-6,-1,0,1,2,3,0,-1,-2,-1,59
1868,1,-4,-3,0,-3,2,3,0,-3,-2,1,2,1,67
1869,-1,-2,-1,-2,-5,4,1,2,-1,0,-1,0,-1,59
1870,1,-2,-5,-2,-1,0,5,2,-1,-4,-1,0,1,83
1871,3,0,-3,-4,-3,2,3,4,1,-2,-3,-2,-1,91
1872,1,4,-5,0,-1,0,-3,-2,-1,2,3,2,1,75
1873,-1,2,-7,2,-3,2,-5,0,1,4,1,0,-1,115
1874,-3,2,-3,-2,1,-2,-1,0,1,0,1,0,1,35
1875,-1,0,-5,0,-1,0,-3,2,3,2,-1,-2,-1,59
1876,-3,4,-7,2,-3,2,-1,0,-3,0,1,2,1,107
1877,-5,6,-9,4,-5,4,-3,2,-1,2,-1,0,-1,219
1878,-3,2,-5,0,-1,0,1,2,-1,-2,-1,0,1,51
1879,-1,4,-7,2,-3,2,-1,4,1,0,-3,-2,-1,115
1880,1,0,-5,-2,1,2,-1,-4,-3,0,3,2,1,75
1881,-1,-2,-3,0,-1,4,-3,-2,-1,2,1,0,-1,51
1882,-3,2,-3,-4,3,0,1,-2,-1,-2,1,0,1,59
1883,-1,0,-1,-2,1,2,-1,0,1,0,-1,-2,-1,19
1884,1,0,-7,0,-1,4,1,-2,-5,-2,1,2,1,107
1885,-1,2,-5,2,-3,6,-1,0,-3,0,-1,0,-1,91
1886,1,2,-5,-2,1,2,3,0,-3,-4,-1,0,1,75
1887,3,4,-3,0,-1,4,1,2,-1,-2,-3,-2,-1,75
1888,5,0,-1,0,-3,-4,-3,-2,1,2,3,2,1,83
1889,3,-2,-3,-2,-1,-2,-5,0,3,4,1,0,-1,83
1890,1,-2,-3,2,-1,-6,-1,0,3,0,1,0,1,67
1891,3,-4,-5,0,1,-4,-3,2,5,2,-1,-2,-1,115
1892,1,-4,1,2,-5,-2,-1,0,-1,0,1,2,1,59
1893,-1,-2,-1,0,-3,0,-3,2,1,2,-1,0,-1,35
1894,1,-6,-1,4,-3,-4,1,2,1,-2,-1,0,1,91
1895,3,-4,-3,2,-1,-2,-1,4,3,0,-3,-2,-1,83
1896,1,0,-1,-2,-1,-2,-1,-4,-1,0,3,2,1,43
1897,-1,-2,1,-4,1,0,-3,-2,1,2,1,0,-1,43
1898,-3,2,-3,0,1,-4,1,-2,1,-2,1,0,1,51
1899,-1,0,-1,-2,3,-2,-1,0,3,0,-1,-2,-1,35
1900,1,-4,1,0,-3,0,1,-2,-3,-2,1,2,1,51
1901,-1,-2,3,-2,-1,2,-1,0,-1,0,-1,0,-1,27
1902,1,-2,-1,2,-1,-2,3,0,-1,-4,-1,0,1,43
1903,3,0,1,0,1,0,1,2,1,-2,-3,-2,-1,35
1904,5,0,-5,0,-1,-2,-5,-4,-1,2,3,2,1,115
1905,3,-2,-7,2,1,0,-7,-2,1,4,1,0,-1,139
1906,1,-2,-3,2,1,-4,-3,-2,1,0,1,0,1,51
1907,3,-4,-5,4,3,-2,-5,0,3,2,-1,-2,-1,123
1908,1,0,-3,2,-3,0,-3,-2,-3,0,1,2,1,51
1909,-1,2,-5,4,-1,2,-5,0,-1,2,-1,0,-1,83
1910,1,-2,-1,4,-1,-2,-1,0,-1,-2,-1,0,1,35
1911,3,0,-3,6,1,0,-3,2,1,0,-3,-2,-1,83
1912,5,0,-5,-2,1,0,-3,-6,-3,0,3,2,1,123
1913,3,-2,-3,0,3,2,-5,-4,-1,2,1,0,-1,83
1914,1,2,-3,0,3,-2,-1,-4,-1,-2,1,0,1,51
1915,3,0,-1,2,5,0,-3,-2,1,0,-1,-2,-1,59
1916,5,0,-3,0,-1,2,-1,-4,-5,-2,1,2,1,91
1917,3,2,-1,2,1,4,-3,-2,-3,0,-1,0,-1,59
1918,5,2,-1,2,1,0,1,-2,-3,-4,-1,0,1,67
1919,7,4,1,4,3,2,-1,0,-1,-2,-3,-2,-1,115
1920,9,4,-1,-4,-3,-2,-1,0,1,2,3,2,1,147
1921,7,2,-3,-6,-5,-4,1,2,3,4,1,0,-1,171
1922,5,2,-3,-6,-5,0,1,2,3,0,1,0,1,115
1923,7,0,-5,-8,-7,-2,3,4,5,2,-1,-2,-1,251
1924,5,0,-3,-6,-1,0,1,2,-1,0,1,2,1,83
1925,3,2,-5,-8,-3,-2,3,4,1,2,-1,0,-1,147
1926,5,-2,-5,-8,-3,2,3,4,1,-2,-1,0,1,163
1927,7,0,-7,-10,-5,0,5,6,3,0,-3,-2,-1,307
1928,5,0,-5,-2,-1,0,1,-2,-1,0,3,2,1,75
1929,3,-2,-3,-4,-3,-2,3,0,1,2,1,0,-1,67
1930,1,2,-7,-4,-3,2,3,0,1,-2,1,0,1,99
1931,3,0,-5,-6,-5,0,5,2,3,0,-1,-2,-1,139
1932,5,-4,-7,-4,1,2,3,0,-3,-2,1,2,1,139
1933,3,-2,-5,-6,-1,0,5,2,-1,0,-1,0,-1,107
1934,5,-2,-9,-6,-1,4,5,2,-1,-4,-1,0,1,211
1935,7,0,-7,-8,-3,2,7,4,1,-2,-3,-2,-1,259
1936,5,0,-1,-4,-1,0,-3,-2,-1,2,3,2,1,75
1937,3,-2,-3,-2,-3,-2,-1,0,1,4,1,0,-1,59
1938,1,-2,1,-6,-3,2,-1,0,1,0,1,0,1,59
1939,3,-4,-1,-4,-5,0,1,2,3,2,-1,-2,-1,91
1940,1,0,-3,-6,1,2,-1,0,-3,0,1,2,1,67
1941,-1,2,-5,-4,-1,0,1,2,-1,2,-1,0,-1,59
1942,1,-2,-1,-8,-1,4,1,2,-1,-2,-1,0,1,99
1943,3,0,-3,-6,-3,2,3,4,1,0,-3,-2,-1,107
1944,5,-4,-5,-2,1,2,-1,-4,-3,0,3,2,1,115
1945,3,-6,-3,0,-1,0,1,-2,-1,2,1,0,-1,67
1946,1,-2,-3,-4,-1,4,1,-2,-1,-2,1,0,1,59
1947,3,-4,-1,-2,-3,2,3,0,1,0,-1,-2,-1,59
1948,5,-4,-7,-4,3,4,1,-2,-5,-2,1,2,1,171
1949,3,-2,-5,-2,1,2,3,0,-3,0,-1,0,-1,67
1950,5,-2,-5,-6,1,6,3,0,-3,-4,-1,0,1,163
1951,7,0,-3,-4,-1,4,5,2,-1,-2,-3,-2,-1,139
1952,5,4,-1,-4,-3,-4,-3,-2,1,2,3,2,1,115
1953,3,2,-3,-6,-1,-6,-1,0,3,4,1,0,-1,123
1954,1,2,-3,-2,-5,-2,-1,0,3,0,1,0,1,59
1955,3,0,-5,-4,-3,-4,1,2,5,2,-1,-2,-1,115
1956,1,0,1,-6,-1,-2,-1,0,-1,0,1,2,1,51
1957,-1,2,-1,-8,1,-4,1,2,1,2,-1,0,-1,99
1958,1,-2,-1,-4,-3,0,1,2,1,-2,-1,0,1,43
1959,3,0,-3,-6,-1,-2,3,4,3,0,-3,-2,-1,107
1960,1,4,-5,-2,-1,-2,-1,-4,-1,0,3,2,1,83
1961,-1,2,-3,-4,1,-4,1,-2,1,2,1,0,-1,59
1962,-3,6,-7,0,-3,0,1,-2,1,-2,1,0,1,115
1963,-1,4,-5,-2,-1,-2,3,0,3,0,-1,-2,-1,75
1964,1,0,-3,-4,1,0,1,-2,-3,-2,1,2,1,51
1965,-1,2,-1,-6,3,-2,3,0,-1,0,-1,0,-1,67
1966,1,2,-5,-2,-1,2,3,0,-1,-4,-1,0,1,67
1967,3,4,-3,-4,1,0,5,2,1,-2,-3,-2,-1,99
1968,5,0,-1,-4,-1,-2,-5,-4,-1,2,3,2,1,107
1969,3,-2,-3,-2,1,-4,-3,-2,1,4,1,0,-1,75
1970,1,-2,1,-2,-3,0,-3,-2,1,0,1,0,1,35
1971,3,-4,-1,0,-1,-2,-1,0,3,2,-1,-2,-1,51
1972,1,0,1,-6,1,0,-3,-2,-3,0,1,2,1,67
1973,-1,2,-1,-4,3,-2,-1,0,-1,2,-1,0,-1,43
1974,1,-2,3,-4,-1,2,-1,0,-1,-2,-1,0,1,43
1975,3,0,1,-2,1,0,1,2,1,0,-3,-2,-1,35
1976,5,0,-5,-2,1,0,-3,-6,-3,0,3,2,1,123
1977,3,-2,-3,0,3,-2,-1,-4,-1,2,1,0,-1,59
1978,1,2,-3,0,-1,2,-1,-4,-1,-2,1,0,1,43
1979,3,0,-1,2,1,0,1,-2,1,0,-1,-2,-1,27
1980,5,0,-3,-4,3,2,-1,-4,-5,-2,1,2,1,115
1981,3,2,-1,-2,5,0,1,-2,-3,0,-1,0,-1,59
1982,5,2,-1,-2,1,4,1,-2,-3,-4,-1,0,1,83
1983,7,4,1,0,3,2,3,0,-1,-2,-3,-2,-1,107
1984,9,4,-1,-4,-7,-6,-3,0,1,2,3,2,1,227
1985,7,2,-3,-6,-9,-4,-1,2,3,4,1,0,-1,227
1986,5,2,-3,-6,-5,-4,-1,2,3,0,1,0,1,131
1987,7,0,-5,-8,-7,-2,1,4,5,2,-1,-2,-1,243
1988,5,0,-3,-2,-5,-4,-1,2,-1,0,1,2,1,91
1989,3,2,-5,-4,-7,-2,1,4,1,2,-1,0,-1,131
1990,5,-2,-5,-4,-3,-2,1,4,1,-2,-1,0,1,107
1991,7,0,-7,-6,-5,0,3,6,3,0,-3,-2,-1,227
1992,5,0,-1,-2,-5,-4,-1,-2,-1,0,3,2,1,91
1993,3,-2,1,-4,-7,-2,1,0,1,2,1,0,-1,91
1994,1,2,-3,-4,-3,-2,1,0,1,-2,1,0,1,51
1995,3,0,-1,-6,-5,0,3,2,3,0,-1,-2,-1,99
1996,5,-4,-3,0,-3,-2,1,0,-3,-2,1,2,1,83
1997,3,-2,-1,-2,-5,0,3,2,-1,0,-1,0,-1,59
1998,5,-2,-5,-2,-1,0,3,2,-1,-4,-1,0,1,91
1999,7,0,-3,-4,-3,2,5,4,1,-2,-3,-2,-1,147
2000,5,4,-1,-4,-5,-4,-5,-2,-1,2,3,2,1,147
2001,3,2,-3,-2,-7,-2,-3,0,1,4,1,0,-1,107
2002,1,2,1,-6,-3,-2,-3,0,1,0,1,0,1,67
2003,3,0,-1,-4,-5,0,-1,2,3,2,-1,-2,-1,75
2004,1,4,-3,-2,-3,-2,-3,0,-3,0,1,2,1,67
2005,-1,6,-5,0,-5,0,-1,2,-1,2,-1,0,-1,99
2006,1,2,-1,-4,-1,0,-1,2,-1,-2,-1,0,1,35
2007,3,4,-3,-2,-3,2,1,4,1,0,-3,-2,-1,83
2008,5,0,-1,-2,-3,-2,-3,-4,-3,0,3,2,1,91
2009,3,-2,1,0,-5,0,-1,-2,-1,2,1,0,-1,51
2010,1,2,1,-4,-1,0,-1,-2,-1,-2,1,0,1,35
2011,3,0,3,-2,-3,2,1,0,1,0,-1,-2,-1,43
2012,5,0,-3,0,-1,0,-1,-2,-5,-2,1,2,1,75
2013,3,2,-1,2,-3,2,1,0,-3,0,-1,0,-1,43
2014,5,2,-1,-2,1,2,1,0,-3,-4,-1,0,1,67
2015,7,4,1,0,-1,4,3,2,-1,-2,-3,-2,-1,115
2016,9,4,-1,-4,-7,-8,-5,-2,1,2,3,2,1,275
2017,7,2,-3,-6,-5,-6,-3,0,3,4,1,0,-1,195
2018,5,2,-3,-2,-5,-6,-3,0,3,0,1,0,1,123
2019,7,0,-5,-4,-3,-4,-1,2,5,2,-1,-2,-1,155
2020,5,0,1,-2,-5,-6,-3,0,-1,0,1,2,1,107
2021,3,2,-1,-4,-3,-4,-1,2,1,2,-1,0,-1,67
2022,5,-2,-1,0,-3,-4,-1,2,1,-2,-1,0,1,67
2023,7,0,-3,-2,-1,-2,1,4,3,0,-3,-2,-1,107
2024,5,4,-1,-2,-5,-6,-3,-4,-1,0,3,2,1,147
2025,3,2,1,-4,-3,-4,-1,-2,1,2,1,0,-1,67
2026,1,6,-3,0,-3,-4,-1,-2,1,-2,1,0,1,83
2027,3,4,-1,-2,-1,-2,1,0,3,0,-1,-2,-1,51
2028,5,0,1,0,-3,-4,-1,-2,-3,-2,1,2,1,75
2029,3,2,3,-2,-1,-2,1,0,-1,0,-1,0,-1,35
2030,5,2,-1,2,-1,-2,1,0,-1,-4,-1,0,1,59
2031,7,4,1,0,1,0,3,2,1,-2,-3,-2,-1,99
2032,9,4,-1,-4,-5,-6,-7,-4,-1,2,3,2,1,259
2033,7,2,-3,-2,-3,-4,-5,-2,1,4,1,0,-1,139
2034,5,2,1,-2,-3,-4,-5,-2,1,0,1,0,1,91
2035,7,0,-1,0,-1,-2,-3,0,3,2,-1,-2,-1,83
2036,5,4,1,-2,-3,-4,-5,-2,-3,0,1,2,1,115
2037,3,6,-1,0,-1,-2,-3,0,-1,2,-1,0,-1,67
2038,5,2,3,0,-1,-2,-3,0,-1,-2,-1,0,1,59
2039,7,4,1,2,1,0,-1,2,1,0,-3,-2,-1,91
2040,9,4,-1,-2,-3,-4,-5,-6,-3,0,3,2,1,211
2041,7,2,1,0,-1,-2,-3,-4,-1,2,1,0,-1,91
2042,5,6,1,0,-1,-2,-3,-4,-1,-2,1,0,1,99
2043,7,4,3,2,1,0,-1,-2,1,0,-1,-2,-1,91
2044,9,4,1,0,-1,-2,-3,-4,-5,-2,1,2,1,163
2045,7,6,3,2,1,0,-1,-2,-3,0,-1,0,-1,115
2046,9,6,3,2,1,0,-1,-2,-3,-4,-1,0,1,163
2047,11,8,5,4,3,2,1,0,-1,-2,-3,-2,-1,259
2048,9,8,9,8,7,6,5,4,3,2,1,2,1,435
2049,7,6,7,6,5,4,3,2,1,0,3,0,-1,235
2050,5,6,7,6,5,4,3,2,1,4,-1,0,1,219
2051,7,4,5,4,3,2,1,0,-1,2,1,-2,-1,131
2052,5,4,7,6,5,4,3,2,5,0,-1,2,1,211
2053,3,6,5,4,3,2,1,0,3,-2,1,0,-1,115
2054,5,2,5,4,3,2,1,0,3,2,-3,0,1,107
2055,7,4,3,2,1,0,-1,-2,1,0,-1,-2,-1,91
2056,5,4,5,6,5,4,3,6,1,0,1,2,1,195
2057,3,2,7,4,3,2,1,4,-1,-2,3,0,-1,123
2058,1,6,3,4,3,2,1,4,-1,2,-1,0,1,99
2059,3,4,5,2,1,0,-1,2,-3,0,1,-2,-1,75
2060,5,0,3,4,3,2,1,4,3,-2,-1,2,1,99
2061,3,2,5,2,1,0,-1,2,1,-4,1,0,-1,67
2062,5,2,1,2,1,0,-1,2,1,0,-3,0,1,51
2063,7,4,3,0,-1,-2,-3,0,-1,-2,-1,-2,-1,99
2064,5,4,5,4,5,4,7,2,1,2,1,2,1,187
2065,3,2,3,6,3,2,5,0,-1,0,3,0,-1,107
2066,1,2,7,2,3,2,5,0,-1,4,-1,0,1,115
2067,3,0,5,4,1,0,3,-2,-3,2,1,-2,-1,83
2068,1,4,3,2,3,2,5,0,3,0,-1,2,1,83
2069,-1,6,1,4,1,0,3,-2,1,-2,1,0,-1,75
2070,1,2,5,0,1,0,3,-2,1,2,-3,0,1,59
2071,3,4,3,2,-1,-2,1,-4,-1,0,-1,-2,-1,67
2072,5,0,1,2,3,2,5,4,-1,0,1,2,1,91
2073,3,-2,3,4,1,0,3,2,-3,-2,3,0,-1,75
2074,1,2,3,0,1,0,3,2,-3,2,-1,0,1,43
2075,3,0,5,2,-1,-2,1,0,-5,0,1,-2,-1,75
2076,5,0,-1,0,1,0,3,2,1,-2,-1,2,1,51
2077,3,2,1,2,-1,-2,1,0,-1,-4,1,0,-1,43
2078,5,2,1,-2,-1,-2,1,0,-1,0,-3,0,1,51
2079,7,4,3,0,-3,-4,-1,-2,-3,-2,-1,-2,-1,123
2080,5,4,5,4,3,8,3,2,3,2,1,2,1,187
2081,3,2,3,2,5,6,1,0,1,0,3,0,-1,99
2082,1,2,3,6,1,6,1,0,1,4,-1,0,1,107
2083,3,0,1,4,3,4,-1,-2,-1,2,1,-2,-1,67
2084,1,0,7,2,1,6,1,0,5,0,-1,2,1,123
2085,-1,2,5,0,3,4,-1,-2,3,-2,1,0,-1,75
2086,1,-2,5,4,-1,4,-1,-2,3,2,-3,0,1,91
2087,3,0,3,2,1,2,-3,-4,1,0,-1,-2,-1,59
2088,1,4,1,2,1,6,1,4,1,0,1,2,1,83
2089,-1,2,3,0,3,4,-1,2,-1,-2,3,0,-1,59
2090,-3,6,-1,4,-1,4,-1,2,-1,2,-1,0,1,91
2091,-1,4,1,2,1,2,-3,0,-3,0,1,-2,-1,51
2092,1,0,3,0,-1,4,-1,2,3,-2,-1,2,1,51
2093,-1,2,5,-2,1,2,-3,0,1,-4,1,0,-1,67
2094,1,2,1,2,-3,2,-3,0,1,0,-3,0,1,43
2095,3,4,3,0,-1,0,-5,-2,-1,-2,-1,-2,-1,75
2096,5,0,1,0,1,6,5,0,1,2,1,2,1,99
2097,3,-2,-1,2,3,4,3,-2,-1,0,3,0,-1,67
2098,1,-2,3,2,-1,4,3,-2,-1,4,-1,0,1,67
2099,3,-4,1,4,1,2,1,-4,-3,2,1,-2,-1,83
2100,1,0,3,-2,-1,4,3,-2,3,0,-1,2,1,59
2101,-1,2,1,0,1,2,1,-4,1,-2,1,0,-1,35
2102,1,-2,5,0,-3,2,1,-4,1,2,-3,0,1,75
2103,3,0,3,2,-1,0,-1,-6,-1,0,-1,-2,-1,67
2104,5,0,-3,-2,-1,4,3,2,-1,0,1,2,1,75
2105,3,-2,-1,0,1,2,1,0,-3,-2,3,0,-1,43
2106,1,2,-1,0,-3,2,1,0,-3,2,-1,0,1,35
2107,3,0,1,2,-1,0,-1,-2,-5,0,1,-2,-1,51
2108,5,0,-1,-4,-3,2,1,0,1,-2,-1,2,1,67
2109,3,2,1,-2,-1,0,-1,-2,-1,-4,1,0,-1,43
2110,5,2,1,-2,-5,0,-1,-2,-1,0,-3,0,1,75
2111,7,4,3,0,-3,-2,-3,-4,-3,-2,-1,-2,-1,131
2112,5,4,5,4,7,2,3,4,3,2,1,2,1,179
2113,3,2,3,2,5,4,1,2,1,0,3,0,-1,83
2114,1,2,3,2,9,0,1,2,1,4,-1,0,1,123
2115,3,0,1,0,7,2,-1,0,-1,2,1,-2,-1,75
2116,1,0,3,6,5,0,1,2,5,0,-1,2,1,107
2117,-1,2,1,4,3,2,-1,0,3,-2,1,0,-1,51
2118,1,-2,1,4,7,-2,-1,0,3,2,-3,0,1,99
2119,3,0,-1,2,5,0,-3,-2,1,0,-1,-2,-1,59
2120,1,0,5,2,5,0,1,6,1,0,1,2,1,99
2121,-1,-2,7,0,3,2,-1,4,-1,-2,3,0,-1,99
2122,-3,2,3,0,7,-2,-1,4,-1,2,-1,0,1,99
2123,-1,0,5,-2,5,0,-3,2,-3,0,1,-2,-1,83
2124,1,-4,3,4,3,-2,-1,4,3,-2,-1,2,1,91
2125,-1,-2,5,2,1,0,-3,2,1,-4,1,0,-1,67
2126,1,-2,1,2,5,-4,-3,2,1,0,-3,0,1,75
2127,3,0,3,0,3,-2,-5,0,-1,-2,-1,-2,-1,67
2128,1,4,1,0,5,0,5,2,1,2,1,2,1,83
2129,-1,2,-1,2,3,2,3,0,-1,0,3,0,-1,43
2130,-3,2,3,-2,7,-2,3,0,-1,4,-1,0,1,107
2131,-1,0,1,0,5,0,1,-2,-3,2,1,-2,-1,51
2132,-3,4,-1,2,3,-2,3,0,3,0,-1,2,1,67
2133,-5,6,-3,4,1,0,1,-2,1,-2,1,0,-1,99
2134,-3,2,1,0,5,-4,1,-2,1,2,-3,0,1,75
2135,-1,4,-1,2,3,-2,-1,-4,-1,0,-1,-2,-1,59
2136,1,0,1,-2,3,-2,3,4,-1,0,1,2,1,51
2137,-1,-2,3,0,1,0,1,2,-3,-2,3,0,-1,43
2138,-3,2,3,-4,5,-4,1,2,-3,2,-1,0,1,99
2139,-1,0,5,-2,3,-2,-1,0,-5,0,1,-2,-1,75
2140,1,0,-1,0,1,-4,1,2,1,-2,-1,2,1,35
2141,-1,2,1,2,-1,-2,-1,0,-1,-4,1,0,-1,35
2142,1,2,1,-2,3,-6,-1,0,-1,0,-3,0,1,67
2143,3,4,3,0,1,-4,-3,-2,-3,-2,-1,-2,-1,83
2144,5,0,1,0,3,4,1,2,3,2,1,2,1,75
2145,3,-2,-1,-2,5,6,-1,0,1,0,3,0,-1,91
2146,1,-2,-1,2,5,2,-1,0,1,4,-1,0,1,59
2147,3,-4,-3,0,7,4,-3,-2,-1,2,1,-2,-1,123
2148,1,-4,3,2,1,2,-1,0,5,0,-1,2,1,67
2149,-1,-2,1,0,3,4,-3,-2,3,-2,1,0,-1,59
2150,1,-6,1,4,3,0,-3,-2,3,2,-3,0,1,99
2151,3,-4,-1,2,5,2,-5,-4,1,0,-1,-2,-1,107
2152,1,0,1,-2,1,2,-1,4,1,0,1,2,1,35
2153,-1,-2,3,-4,3,4,-3,2,-1,-2,3,0,-1,83
2154,-3,2,-1,0,3,0,-3,2,-1,2,-1,0,1,43
2155,-1,0,1,-2,5,2,-5,0,-3,0,1,-2,-1,75
2156,1,-4,3,0,-1,0,-3,2,3,-2,-1,2,1,59
2157,-1,-2,5,-2,1,2,-5,0,1,-4,1,0,-1,83
2158,1,-2,1,2,1,-2,-5,0,1,0,-3,0,1,51
2159,3,0,3,0,3,0,-7,-2,-1,-2,-1,-2,-1,91
2160,5,0,-3,-4,1,2,3,0,1,2,1,2,1,75
2161,3,-2,-5,-2,3,4,1,-2,-1,0,3,0,-1,83
2162,1,-2,-1,-2,3,0,1,-2,-1,4,-1,0,1,43
2163,3,-4,-3,0,5,2,-1,-4,-3,2,1,-2,-1,99
2164,1,0,-1,-2,-1,0,1,-2,3,0,-1,2,1,27
2165,-1,2,-3,0,1,2,-1,-4,1,-2,1,0,-1,43
2166,1,-2,1,0,1,-2,-1,-4,1,2,-3,0,1,43
2167,3,0,-1,2,3,0,-3,-6,-1,0,-1,-2,-1,75
2168,5,0,-3,-6,-1,0,1,2,-1,0,1,2,1,83
2169,3,-2,-1,-4,1,2,-1,0,-3,-2,3,0,-1,59
2170,1,2,-1,-4,1,-2,-1,0,-3,2,-1,0,1,43
2171,3,0,1,-2,3,0,-3,-2,-5,0,1,-2,-1,67
2172,5,0,-1,-4,-3,-2,-1,0,1,-2,-1,2,1,67
2173,3,2,1,-2,-1,0,-3,-2,-1,-4,1,0,-1,51
2174,5,2,1,-2,-1,-4,-3,-2,-1,0,-3,0,1,75
2175,7,4,3,0,1,-2,-5,-4,-3,-2,-1,-2,-1,139
2176,5,4,5,8,3,2,3,4,3,2,1,2,1,187
2177,3,2,3,6,1,0,5,2,1,0,3,0,-1,99
2178,1,2,3,6,1,4,1,2,1,4,-1,0,1,91
2179,3,0,1,4,-1,2,3,0,-1,2,1,-2,-1,51
2180,1,0,3,6,5,0,1,2,5,0,-1,2,1,107
2181,-1,2,1,4,3,-2,3,0,3,-2,1,0,-1,59
2182,1,-2,1,4,3,2,-1,0,3,2,-3,0,1,59
2183,3,0,-1,2,1,0,1,-2,1,0,-1,-2,-1,27
2184,1,0,1,10,1,0,1,6,1,0,1,2,1,147
2185,-1,-2,3,8,-1,-2,3,4,-1,-2,3,0,-1,123
2186,-3,2,-1,8,-1,2,-1,4,-1,2,-1,0,1,107
2187,-1,0,1,6,-3,0,1,2,-3,0,1,-2,-1,67
2188,1,-4,-1,8,3,-2,-1,4,3,-2,-1,2,1,131
2189,-1,-2,1,6,1,-4,1,2,1,-4,1,0,-1,83
2190,1,-2,-3,6,1,0,-3,2,1,0,-3,0,1,75
2191,3,0,-1,4,-1,-2,-1,0,-1,-2,-1,-2,-1,43
2192,1,0,5,4,1,0,5,2,1,2,1,2,1,83
2193,-1,-2,3,6,-1,-2,7,0,-1,0,3,0,-1,115
2194,-3,-2,7,2,-1,2,3,0,-1,4,-1,0,1,99
2195,-1,-4,5,4,-3,0,5,-2,-3,2,1,-2,-1,115
2196,-3,0,3,2,3,-2,3,0,3,0,-1,2,1,59
2197,-5,2,1,4,1,-4,5,-2,1,-2,1,0,-1,99
2198,-3,-2,5,0,1,0,1,-2,1,2,-3,0,1,59
2199,-1,0,3,2,-1,-2,3,-4,-1,0,-1,-2,-1,51
2200,1,-4,1,6,-1,-2,3,4,-1,0,1,2,1,91
2201,-1,-6,3,8,-3,-4,5,2,-3,-2,3,0,-1,187
2202,-3,-2,3,4,-3,0,1,2,-3,2,-1,0,1,67
2203,-1,-4,5,6,-5,-2,3,0,-5,0,1,-2,-1,147
2204,1,-4,-1,4,1,-4,1,2,1,-2,-1,2,1,67
2205,-1,-2,1,6,-1,-6,3,0,-1,-4,1,0,-1,107
2206,1,-2,1,2,-1,-2,-1,0,-1,0,-3,0,1,27
2207,3,0,3,4,-3,-4,1,-2,-3,-2,-1,-2,-1,83
2208,1,4,1,4,-1,4,1,2,3,2,1,2,1,75
2209,-1,2,-1,2,1,2,3,0,1,0,3,0,-1,35
2210,-3,2,-1,6,-3,6,-1,0,1,4,-1,0,1,115
2211,-1,0,-3,4,-1,4,1,-2,-1,2,1,-2,-1,59
2212,-3,0,3,2,1,2,-1,0,5,0,-1,2,1,59
2213,-5,2,1,0,3,0,1,-2,3,-2,1,0,-1,59
2214,-3,-2,1,4,-1,4,-3,-2,3,2,-3,0,1,83
2215,-1,0,-1,2,1,2,-1,-4,1,0,-1,-2,-1,35
2216,-3,4,-3,6,-3,2,-1,4,1,0,1,2,1,107
2217,-5,2,-1,4,-1,0,1,2,-1,-2,3,0,-1,67
2218,-7,6,-5,8,-5,4,-3,2,-1,2,-1,0,1,235
2219,-5,4,-3,6,-3,2,-1,0,-3,0,1,-2,-1,115
2220,-3,0,-1,4,-1,0,-3,2,3,-2,-1,2,1,59
2221,-5,2,1,2,1,-2,-1,0,1,-4,1,0,-1,59
2222,-3,2,-3,6,-3,2,-5,0,1,0,-3,0,1,107
2223,-1,4,-1,4,-1,0,-3,-2,-1,-2,-1,-2,-1,59
2224,1,0,1,0,-3,2,3,0,1,2,1,2,1,35
2225,-1,-2,-1,2,-1,0,5,-2,-1,0,3,0,-1,51
2226,-3,-2,3,2,-5,4,1,-2,-1,4,-1,0,1,91
2227,-1,-4,1,4,-3,2,3,-4,-3,2,1,-2,-1,91
2228,-3,0,3,-2,-1,0,1,-2,3,0,-1,2,1,43
2229,-5,2,1,0,1,-2,3,-4,1,-2,1,0,-1,67
2230,-3,-2,5,0,-3,2,-1,-4,1,2,-3,0,1,83
2231,-1,0,3,2,-1,0,1,-6,-1,0,-1,-2,-1,59
2232,1,0,-3,2,-5,0,1,2,-1,0,1,2,1,51
2233,-1,-2,-1,4,-3,-2,3,0,-3,-2,3,0,-1,67
2234,-3,2,-1,4,-7,2,-1,0,-3,2,-1,0,1,99
2235,-1,0,1,6,-5,0,1,-2,-5,0,1,-2,-1,99
2236,1,0,-1,0,-3,-2,-1,0,1,-2,-1,2,1,27
2237,-1,2,1,2,-1,-4,1,-2,-1,-4,1,0,-1,51
2238,1,2,1,2,-5,0,-3,-2,-1,0,-3,0,1,59
2239,3,4,3,4,-3,-2,-1,-4,-3,-2,-1,-2,-1,99
2240,5,0,1,4,3,-2,1,4,3,2,1,2,1,91
2241,3,-2,-1,2,1,0,3,2,1,0,3,0,-1,43
2242,1,-2,-1,2,5,0,-1,2,1,4,-1,0,1,59
2243,3,-4,-3,0,3,2,1,0,-1,2,1,-2,-1,59
2244,1,-4,-1,6,5,-4,-1,2,5,0,-1,2,1,131
2245,-1,-2,-3,4,3,-2,1,0,3,-2,1,0,-1,59
2246,1,-6,-3,4,7,-2,-3,0,3,2,-3,0,1,147
2247,3,-4,-5,2,5,0,-1,-2,1,0,-1,-2,-1,91
2248,1,-4,1,6,1,-4,-1,6,1,0,1,2,1,115
2249,-1,-6,3,4,-1,-2,1,4,-1,-2,3,0,-1,99
2250,-3,-2,-1,4,3,-2,-3,4,-1,2,-1,0,1,75
2251,-1,-4,1,2,1,0,-1,2,-3,0,1,-2,-1,43
2252,1,-8,-1,8,3,-6,-3,4,3,-2,-1,2,1,219
2253,-1,-6,1,6,1,-4,-1,2,1,-4,1,0,-1,115
2254,1,-6,-3,6,5,-4,-5,2,1,0,-3,0,1,163
2255,3,-4,-1,4,3,-2,-3,0,-1,-2,-1,-2,-1,75
2256,1,0,1,0,1,-4,3,2,1,2,1,2,1,43
2257,-1,-2,-1,2,-1,-2,5,0,-1,0,3,0,-1,51
2258,-3,-2,3,-2,3,-2,1,0,-1,4,-1,0,1,59
2259,-1,-4,1,0,1,0,3,-2,-3,2,1,-2,-1,51
2260,-3,0,-1,2,3,-6,1,0,3,0,-1,2,1,75
2261,-5,2,-3,4,1,-4,3,-2,1,-2,1,0,-1,91
2262,-3,-2,1,0,5,-4,-1,-2,1,2,-3,0,1,75
2263,-1,0,-1,2,3,-2,1,-4,-1,0,-1,-2,-1,43
2264,1,-4,1,2,-1,-6,1,4,-1,0,1,2,1,83
2265,-1,-6,3,4,-3,-4,3,2,-3,-2,3,0,-1,123
2266,-3,-2,3,0,1,-4,-1,2,-3,2,-1,0,1,59
2267,-1,-4,5,2,-1,-2,1,0,-5,0,1,-2,-1,83
2268,1,-4,-1,4,1,-8,-1,2,1,-2,-1,2,1,115
2269,-1,-2,1,6,-1,-6,1,0,-1,-4,1,0,-1,99
2270,1,-2,1,2,3,-6,-3,0,-1,0,-3,0,1,75
2271,3,0,3,4,1,-4,-1,-2,-3,-2,-1,-2,-1,75
2272,5,0,-3,0,-1,0,-1,2,3,2,1,2,1,59
2273,3,-2,-5,-2,1,2,1,0,1,0,3,0,-1,59
2274,1,-2,-5,2,1,2,-3,0,1,4,-1,0,1,67
2275,3,-4,-7,0,3,4,-1,-2,-1,2,1,-2,-1,115
2276,1,-4,-1,2,1,-2,-3,0,5,0,-1,2,1,67
2277,-1,-2,-3,0,3,0,-1,-2,3,-2,1,0,-1,43
2278,1,-6,-3,4,3,0,-5,-2,3,2,-3,0,1,123
2279,3,-4,-5,2,5,2,-3,-4,1,0,-1,-2,-1,115
2280,1,0,-3,2,-3,-2,-3,4,1,0,1,2,1,59
2281,-1,-2,-1,0,-1,0,-1,2,-1,-2,3,0,-1,27
2282,-3,2,-5,4,-1,0,-5,2,-1,2,-1,0,1,91
2283,-1,0,-3,2,1,2,-3,0,-3,0,1,-2,-1,43
2284,1,-4,-1,4,-1,-4,-5,2,3,-2,-1,2,1,99
2285,-1,-2,1,2,1,-2,-3,0,1,-4,1,0,-1,43
2286,1,-2,-3,6,1,-2,-7,0,1,0,-3,0,1,115
2287,3,0,-1,4,3,0,-5,-2,-1,-2,-1,-2,-1,75
2288,5,0,-3,-4,-3,-2,1,0,1,2,1,2,1,75
2289,3,-2,-5,-2,-1,0,3,-2,-1,0,3,0,-1,67
2290,1,-2,-1,-2,-1,0,-1,-2,-1,4,-1,0,1,35
2291,3,-4,-3,0,1,2,1,-4,-3,2,1,-2,-1,75
2292,1,0,-1,-2,-1,-4,-1,-2,3,0,-1,2,1,43
2293,-1,2,-3,0,1,-2,1,-4,1,-2,1,0,-1,43
2294,1,-2,1,0,1,-2,-3,-4,1,2,-3,0,1,51
2295,3,0,-1,2,3,0,-1,-6,-1,0,-1,-2,-1,67
2296,5,0,-3,-2,-5,-4,-1,2,-1,0,1,2,1,91
2297,3,-2,-1,0,-3,-2,1,0,-3,-2,3,0,-1,51
2298,1,2,-1,0,-3,-2,-3,0,-3,2,-1,0,1,43
2299,3,0,1,2,-1,0,-1,-2,-5,0,1,-2,-1,51
2300,5,0,-1,0,-3,-6,-3,0,1,-2,-1,2,1,91
2301,3,2,1,2,-1,-4,-1,-2,-1,-4,1,0,-1,59
2302,5,2,1,2,-1,-4,-5,-2,-1,0,-3,0,1,91
2303,7,4,3,4,1,-2,-3,-4,-3,-2,-1,-2,-1,139
2304,5,4,9,4,3,4,3,2,3,2,1,2,1,195
2305,3,2,7,2,1,2,1,4,1,0,3,0,-1,99
2306,1,2,7,2,1,2,5,0,1,4,-1,0,1,107
2307,3,0,5,0,-1,0,3,2,-1,2,1,-2,-1,59
2308,1,0,7,2,1,6,1,0,5,0,-1,2,1,123
2309,-1,2,5,0,-1,4,-1,2,3,-2,1,0,-1,67
2310,1,-2,5,0,-1,4,3,-2,3,2,-3,0,1,83
2311,3,0,3,-2,-3,2,1,0,1,0,-1,-2,-1,43
2312,1,0,5,2,5,2,1,4,1,0,1,2,1,83
2313,-1,-2,7,0,3,0,-1,6,-1,-2,3,0,-1,115
2314,-3,2,3,0,3,0,3,2,-1,2,-1,0,1,51
2315,-1,0,5,-2,1,-2,1,4,-3,0,1,-2,-1,67
2316,1,-4,3,0,3,4,-1,2,3,-2,-1,2,1,75
2317,-1,-2,5,-2,1,2,-3,4,1,-4,1,0,-1,83
2318,1,-2,1,-2,1,2,1,0,1,0,-3,0,1,27
2319,3,0,3,-4,-1,0,-1,2,-1,-2,-1,-2,-1,51
2320,1,0,5,4,1,2,5,0,1,2,1,2,1,83
2321,-1,-2,3,6,-1,0,3,2,-1,0,3,0,-1,75
2322,-3,-2,7,2,-1,0,7,-2,-1,4,-1,0,1,139
2323,-1,-4,5,4,-3,-2,5,0,-3,2,1,-2,-1,115
2324,-3,0,3,2,-1,4,3,-2,3,0,-1,2,1,67
2325,-5,2,1,4,-3,2,1,0,1,-2,1,0,-1,67
2326,-3,-2,5,0,-3,2,5,-4,1,2,-3,0,1,107
2327,-1,0,3,2,-5,0,3,-2,-1,0,-1,-2,-1,59
2328,1,-4,1,2,3,0,3,2,-1,0,1,2,1,51
2329,-1,-6,3,4,1,-2,1,4,-3,-2,3,0,-1,107
2330,-3,-2,3,0,1,-2,5,0,-3,2,-1,0,1,67
2331,-1,-4,5,2,-1,-4,3,2,-5,0,1,-2,-1,107
2332,1,-4,-1,0,1,2,1,0,1,-2,-1,2,1,35
2333,-1,-2,1,2,-1,0,-1,2,-1,-4,1,0,-1,35
2334,1,-2,1,-2,-1,0,3,-2,-1,0,-3,0,1,35
2335,3,0,3,0,-3,-2,1,0,-3,-2,-1,-2,-1,51
2336,1,0,9,0,-1,6,1,0,3,2,1,2,1,139
2337,-1,-2,7,-2,1,4,-1,2,1,0,3,0,-1,91
2338,-3,-2,7,2,-3,4,3,-2,1,4,-1,0,1,123
2339,-1,-4,5,0,-1,2,1,0,-1,2,1,-2,-1,59
2340,-3,-4,11,-2,-3,8,-1,-2,5,0,-1,2,1,259
2341,-5,-2,9,-4,-1,6,-3,0,3,-2,1,0,-1,187
2342,-3,-6,9,0,-5,6,1,-4,3,2,-3,0,1,227
2343,-1,-4,7,-2,-3,4,-1,-2,1,0,-1,-2,-1,107
2344,-3,0,5,-2,1,4,-1,2,1,0,1,2,1,67
2345,-5,-2,7,-4,3,2,-3,4,-1,-2,3,0,-1,147
2346,-7,2,3,0,-1,2,1,0,-1,2,-1,0,1,75
2347,-5,0,5,-2,1,0,-1,2,-3,0,1,-2,-1,75
2348,-3,-4,7,-4,-1,6,-3,0,3,-2,-1,2,1,155
2349,-5,-2,9,-6,1,4,-5,2,1,-4,1,0,-1,211
2350,-3,-2,5,-2,-3,4,-1,-2,1,0,-3,0,1,83
2351,-1,0,7,-4,-1,2,-3,0,-1,-2,-1,-2,-1,91
2352,1,-4,5,0,-3,4,3,-2,1,2,1,2,1,91
2353,-1,-6,3,2,-1,2,1,0,-1,0,3,0,-1,67
2354,-3,-6,7,2,-5,2,5,-4,-1,4,-1,0,1,187
2355,-1,-8,5,4,-3,0,3,-2,-3,2,1,-2,-1,147
2356,-3,-4,7,-2,-5,6,1,-4,3,0,-1,2,1,171
2357,-5,-2,5,0,-3,4,-1,-2,1,-2,1,0,-1,91
2358,-3,-6,9,0,-7,4,3,-6,1,2,-3,0,1,251
2359,-1,-4,7,2,-5,2,1,-4,-1,0,-1,-2,-1,123
2360,1,-4,1,-2,-1,2,1,0,-1,0,1,2,1,35
2361,-1,-6,3,0,1,0,-1,2,-3,-2,3,0,-1,75
2362,-3,-2,3,0,-3,0,3,-2,-3,2,-1,0,1,59
2363,-1,-4,5,2,-1,-2,1,0,-5,0,1,-2,-1,83
2364,1,-4,3,-4,-3,4,-1,-2,1,-2,-1,2,1,83
2365,-1,-2,5,-2,-1,2,-3,0,-1,-4,1,0,-1,67
2366,1,-2,5,-2,-5,2,1,-4,-1,0,-3,0,1,91
2367,3,0,7,0,-3,0,-1,-2,-3,-2,-1,-2,-1,91
2368,1,4,5,0,3,0,1,2,3,2,1,2,1,75
2369,-1,2,3,-2,1,2,-1,4,1,0,3,0,-1,51
2370,-3,2,3,-2,5,-2,3,0,1,4,-1,0,1,83
2371,-1,0,1,-4,3,0,1,2,-1,2,1,-2,-1,43
2372,-3,0,3,2,1,2,-1,0,5,0,-1,2,1,59
2373,-5,2,1,0,-1,4,-3,2,3,-2,1,0,-1,75
2374,-3,-2,1,0,3,0,1,-2,3,2,-3,0,1,51
2375,-1,0,-1,-2,1,2,-1,0,1,0,-1,-2,-1,19
2376,-3,0,5,-2,5,-2,-1,4,1,0,1,2,1,91
2377,-5,-2,7,-4,3,0,-3,6,-1,-2,3,0,-1,163
2378,-7,2,3,-4,7,-4,1,2,-1,2,-1,0,1,155
2379,-5,0,5,-6,5,-2,-1,4,-3,0,1,-2,-1,147
2380,-3,-4,3,0,3,0,-3,2,3,-2,-1,2,1,75
2381,-5,-2,5,-2,1,2,-5,4,1,-4,1,0,-1,123
2382,-3,-2,1,-2,5,-2,-1,0,1,0,-3,0,1,59
2383,-1,0,3,-4,3,0,-3,2,-1,-2,-1,-2,-1,59
2384,-3,4,1,0,1,-2,3,0,1,2,1,2,1,51
2385,-5,2,-1,2,-1,0,1,2,-1,0,3,0,-1,51
2386,-7,2,3,-2,3,-4,5,-2,-1,4,-1,0,1,139
2387,-5,0,1,0,1,-2,3,0,-3,2,1,-2,-1,59
2388,-7,4,-1,2,-1,0,1,-2,3,0,-1,2,1,91
2389,-9,6,-3,4,-3,2,-1,0,1,-2,1,0,-1,163
2390,-7,2,1,0,1,-2,3,-4,1,2,-3,0,1,99
2391,-5,4,-1,2,-1,0,1,-2,-1,0,-1,-2,-1,59
2392,-3,0,1,-2,3,-4,1,2,-1,0,1,2,1,51
2393,-5,-2,3,0,1,-2,-1,4,-3,-2,3,0,-1,83
2394,-7,2,3,-4,5,-6,3,0,-3,2,-1,0,1,163
2395,-5,0,5,-2,3,-4,1,2,-5,0,1,-2,-1,115
2396,-3,0,-1,0,1,-2,-1,0,1,-2,-1,2,1,27
2397,-5,2,1,2,-1,0,-3,2,-1,-4,1,0,-1,67
2398,-3,2,1,-2,3,-4,1,-2,-1,0,-3,0,1,59
2399,-1,4,3,0,1,-2,-1,0,-3,-2,-1,-2,-1,51
2400,1,0,5,-4,-1,2,-1,0,3,2,1,2,1,67
2401,-1,-2,3,-6,1,4,-3,2,1,0,3,0,-1,91
2402,-3,-2,3,-2,1,0,1,-2,1,4,-1,0,1,51
2403,-1,-4,1,-4,3,2,-1,0,-1,2,1,-2,-1,59
2404,-3,-4,7,-2,-3,4,-3,-2,5,0,-1,2,1,147
2405,-5,-2,5,-4,-1,6,-5,0,3,-2,1,0,-1,147
2406,-3,-6,5,0,-1,2,-1,-4,3,2,-3,0,1,115
2407,-1,-4,3,-2,1,4,-3,-2,1,0,-1,-2,-1,67
2408,-3,0,5,-6,1,0,-3,2,1,0,1,2,1,91
2409,-5,-2,7,-8,3,2,-5,4,-1,-2,3,0,-1,211
2410,-7,2,3,-4,3,-2,-1,0,-1,2,-1,0,1,99
2411,-5,0,5,-6,5,0,-3,2,-3,0,1,-2,-1,139
2412,-3,-4,7,-4,-1,2,-5,0,3,-2,-1,2,1,139
2413,-5,-2,9,-6,1,4,-7,2,1,-4,1,0,-1,235
2414,-3,-2,5,-2,1,0,-3,-2,1,0,-3,0,1,67
2415,-1,0,7,-4,3,2,-5,0,-1,-2,-1,-2,-1,115
2416,1,0,1,-4,-3,0,1,-2,1,2,1,2,1,43
2417,-1,-2,-1,-2,-1,2,-1,0,-1,0,3,0,-1,27
2418,-3,-2,3,-2,-1,-2,3,-4,-1,4,-1,0,1,75
2419,-1,-4,1,0,1,0,1,-2,-3,2,1,-2,-1,43
2420,-3,0,3,-2,-5,2,-1,-4,3,0,-1,2,1,83
2421,-5,2,1,0,-3,4,-3,-2,1,-2,1,0,-1,75
2422,-3,-2,5,0,-3,0,1,-6,1,2,-3,0,1,99
2423,-1,0,3,2,-1,2,-1,-4,-1,0,-1,-2,-1,43
2424,1,0,1,-6,-1,-2,-1,0,-1,0,1,2,1,51
2425,-1,-2,3,-4,1,0,-3,2,-3,-2,3,0,-1,67
2426,-3,2,3,-4,1,-4,1,-2,-3,2,-1,0,1,75
2427,-1,0,5,-2,3,-2,-1,0,-5,0,1,-2,-1,75
2428,1,0,3,-4,-3,0,-3,-2,1,-2,-1,2,1,59
2429,-1,2,5,-2,-1,2,-5,0,-1,-4,1,0,-1,83
2430,1,2,5,-2,-1,-2,-1,-4,-1,0,-3,0,1,67
2431,3,4,7,0,1,0,-3,-2,-3,-2,-1,-2,-1,107
2432,5,0,5,4,-1,0,1,2,3,2,1,2,1,91
2433,3,-2,3,2,-3,-2,3,4,1,0,3,0,-1,75
2434,1,-2,3,2,-3,2,3,0,1,4,-1,0,1,59
2435,3,-4,1,0,-5,0,5,2,-1,2,1,-2,-1,91
2436,1,-4,3,2,1,2,-1,0,5,0,-1,2,1,67
2437,-1,-2,1,0,-1,0,1,2,3,-2,1,0,-1,27
2438,1,-6,1,0,-1,4,1,-2,3,2,-3,0,1,83
2439,3,-4,-1,-2,-3,2,3,0,1,0,-1,-2,-1,59
2440,1,-4,1,6,1,-2,-1,4,1,0,1,2,1,83
2441,-1,-6,3,4,-1,-4,1,6,-1,-2,3,0,-1,131
2442,-3,-2,-1,4,-1,0,1,2,-1,2,-1,0,1,43
2443,-1,-4,1,2,-3,-2,3,4,-3,0,1,-2,-1,75
2444,1,-8,-1,4,3,0,-3,2,3,-2,-1,2,1,123
2445,-1,-6,1,2,1,-2,-1,4,1,-4,1,0,-1,83
2446,1,-6,-3,2,1,2,-1,0,1,0,-3,0,1,67
2447,3,-4,-1,0,-1,0,1,2,-1,-2,-1,-2,-1,43
2448,1,-4,5,4,-3,-2,3,0,1,2,1,2,1,91
2449,-1,-6,3,6,-5,-4,5,2,-1,0,3,0,-1,163
2450,-3,-6,7,2,-5,0,5,-2,-1,4,-1,0,1,171
2451,-1,-8,5,4,-7,-2,7,0,-3,2,1,-2,-1,227
2452,-3,-4,3,2,-1,0,1,-2,3,0,-1,2,1,59
2453,-5,-2,1,4,-3,-2,3,0,1,-2,1,0,-1,75
2454,-3,-6,5,0,-3,2,3,-4,1,2,-3,0,1,123
2455,-1,-4,3,2,-5,0,5,-2,-1,0,-1,-2,-1,91
2456,1,-8,1,6,-1,-4,1,2,-1,0,1,2,1,131
2457,-1,-10,3,8,-3,-6,3,4,-3,-2,3,0,-1,267
2458,-3,-6,3,4,-3,-2,3,0,-3,2,-1,0,1,107
2459,-1,-8,5,6,-5,-4,5,2,-5,0,1,-2,-1,227
2460,1,-8,-1,4,1,-2,-1,0,1,-2,-1,2,1,99
2461,-1,-6,1,6,-1,-4,1,2,-1,-4,1,0,-1,115
2462,1,-6,1,2,-1,0,1,-2,-1,0,-3,0,1,59
2463,3,-4,3,4,-3,-2,3,0,-3,-2,-1,-2,-1,91
2464,1,0,5,0,-5,2,-1,0,3,2,1,2,1,75
2465,-1,-2,3,-2,-3,0,1,2,1,0,3,0,-1,43
2466,-3,-2,3,2,-7,4,1,-2,1,4,-1,0,1,115
2467,-1,-4,1,0,-5,2,3,0,-1,2,1,-2,-1,67
2468,-3,-4,7,-2,-3,4,-3,-2,5,0,-1,2,1,147
2469,-5,-2,5,-4,-1,2,-1,0,3,-2,1,0,-1,91
2470,-3,-6,5,0,-5,6,-1,-4,3,2,-3,0,1,171
2471,-1,-4,3,-2,-3,4,1,-2,1,0,-1,-2,-1,67
2472,-3,0,1,2,-3,0,-3,2,1,0,1,2,1,43
2473,-5,-2,3,0,-1,-2,-1,4,-1,-2,3,0,-1,75
2474,-7,2,-1,4,-5,2,-1,0,-1,2,-1,0,1,107
2475,-5,0,1,2,-3,0,1,2,-3,0,1,-2,-1,59
2476,-3,-4,3,0,-1,2,-5,0,3,-2,-1,2,1,83
2477,-5,-2,5,-2,1,0,-3,2,1,-4,1,0,-1,91
2478,-3,-2,1,2,-3,4,-3,-2,1,0,-3,0,1,67
2479,-1,0,3,0,-1,2,-1,0,-1,-2,-1,-2,-1,27
2480,1,-4,5,0,-7,0,1,-2,1,2,1,2,1,107
2481,-1,-6,3,2,-5,-2,3,0,-1,0,3,0,-1,99
2482,-3,-6,7,2,-9,2,3,-4,-1,4,-1,0,1,227
2483,-1,-8,5,4,-7,0,5,-2,-3,2,1,-2,-1,203
2484,-3,-4,7,-2,-5,2,-1,-4,3,0,-1,2,1,139
2485,-5,-2,5,0,-3,0,1,-2,1,-2,1,0,-1,75
2486,-3,-6,9,0,-7,4,1,-6,1,2,-3,0,1,243
2487,-1,-4,7,2,-5,2,3,-4,-1,0,-1,-2,-1,131
2488,1,-4,1,2,-5,-2,-1,0,-1,0,1,2,1,59
2489,-1,-6,3,4,-3,-4,1,2,-3,-2,3,0,-1,115
2490,-3,-2,3,4,-7,0,1,-2,-3,2,-1,0,1,107
2491,-1,-4,5,6,-5,-2,3,0,-5,0,1,-2,-1,147
2492,1,-4,3,0,-3,0,-3,-2,1,-2,-1,2,1,59
2493,-1,-2,5,2,-1,-2,-1,0,-1,-4,1,0,-1,59
2494,1,-2,5,2,-5,2,-1,-4,-1,0,-3,0,1,91
2495,3,0,7,4,-3,0,1,-2,-3,-2,-1,-2,-1,107
2496,5,0,1,0,-1,-4,-1,2,3,2,1,2,1,67
2497,3,-2,-1,-2,-3,-2,1,4,1,0,3,0,-1,59
2498,1,-2,-1,-2,1,-2,1,0,1,4,-1,0,1,35
2499,3,-4,-3,-4,-1,0,3,2,-1,2,1,-2,-1,75
2500,1,-4,-1,2,1,-2,-3,0,5,0,-1,2,1,67
2501,-1,-2,-3,0,-1,0,-1,2,3,-2,1,0,-1,35
2502,1,-6,-3,0,3,0,-1,-2,3,2,-3,0,1,83
2503,3,-4,-5,-2,1,2,1,0,1,0,-1,-2,-1,67
2504,1,-4,1,2,1,-6,-3,4,1,0,1,2,1,91
2505,-1,-6,3,0,-1,-4,-1,6,-1,-2,3,0,-1,115
2506,-3,-2,-1,0,3,-4,-1,2,-1,2,-1,0,1,51
2507,-1,-4,1,-2,1,-2,1,4,-3,0,1,-2,-1,59
2508,1,-8,-1,4,3,-4,-5,2,3,-2,-1,2,1,155
2509,-1,-6,1,2,1,-2,-3,4,1,-4,1,0,-1,91
2510,1,-6,-3,2,5,-2,-3,0,1,0,-3,0,1,99
2511,3,-4,-1,0,3,0,-1,2,-1,-2,-1,-2,-1,51
2512,1,0,1,0,-3,-6,1,0,1,2,1,2,1,59
2513,-1,-2,-1,2,-5,-4,3,2,-1,0,3,0,-1,75
2514,-3,-2,3,-2,-1,-4,3,-2,-1,4,-1,0,1,75
2515,-1,-4,1,0,-3,-2,5,0,-3,2,1,-2,-1,75
2516,-3,0,-1,2,-1,-4,-1,-2,3,0,-1,2,1,51
2517,-5,2,-3,4,-3,-2,1,0,1,-2,1,0,-1,75
2518,-3,-2,1,0,1,-2,1,-4,1,2,-3,0,1,51
2519,-1,0,-1,2,-1,0,3,-2,-1,0,-1,-2,-1,27
2520,1,-4,1,2,-1,-8,-1,2,-1,0,1,2,1,99
2521,-1,-6,3,4,-3,-6,1,4,-3,-2,3,0,-1,147
2522,-3,-2,3,0,1,-6,1,0,-3,2,-1,0,1,75
2523,-1,-4,5,2,-1,-4,3,2,-5,0,1,-2,-1,107
2524,1,-4,-1,4,1,-6,-3,0,1,-2,-1,2,1,91
2525,-1,-2,1,6,-1,-4,-1,2,-1,-4,1,0,-1,83
2526,1,-2,1,2,3,-4,-1,-2,-1,0,-3,0,1,51
2527,3,0,3,4,1,-2,1,0,-3,-2,-1,-2,-1,59
2528,5,0,1,-4,-5,-2,-3,0,3,2,1,2,1,99
2529,3,-2,-1,-6,-3,0,-1,2,1,0,3,0,-1,75
2530,1,-2,-1,-2,-3,0,-1,-2,1,4,-1,0,1,43
2531,3,-4,-3,-4,-1,2,1,0,-1,2,1,-2,-1,67
2532,1,-4,3,-2,-3,0,-5,-2,5,0,-1,2,1,99
2533,-1,-2,1,-4,-1,2,-3,0,3,-2,1,0,-1,51
2534,1,-6,1,0,-1,2,-3,-4,3,2,-3,0,1,91
2535,3,-4,-1,-2,1,4,-1,-2,1,0,-1,-2,-1,59
2536,1,0,1,-2,-3,-4,-5,2,1,0,1,2,1,67
2537,-1,-2,3,-4,-1,-2,-3,4,-1,-2,3,0,-1,75
2538,-3,2,-1,0,-1,-2,-3,0,-1,2,-1,0,1,35
2539,-1,0,1,-2,1,0,-1,2,-3,0,1,-2,-1,27
2540,1,-4,3,0,-1,-2,-7,0,3,-2,-1,2,1,99
2541,-1,-2,5,-2,1,0,-5,2,1,-4,1,0,-1,83
2542,1,-2,1,2,1,0,-5,-2,1,0,-3,0,1,51
2543,3,0,3,0,3,2,-3,0,-1,-2,-1,-2,-1,51
2544,5,0,1,-4,-7,-4,-1,-2,1,2,1,2,1,123
2545,3,-2,-1,-2,-5,-2,1,0,-1,0,3,0,-1,59
2546,1,-2,3,-2,-5,-2,1,-4,-1,4,-1,0,1,83
2547,3,-4,1,0,-3,0,3,-2,-3,2,1,-2,-1,67
2548,1,0,3,-2,-5,-2,-3,-4,3,0,-1,2,1,83
2549,-1,2,1,0,-3,0,-1,-2,1,-2,1,0,-1,27
2550,1,-2,5,0,-3,0,-1,-6,1,2,-3,0,1,91
2551,3,0,3,2,-1,2,1,-4,-1,0,-1,-2,-1,51
2552,5,0,1,-2,-5,-6,-3,0,-1,0,1,2,1,107
2553,3,-2,3,0,-3,-4,-1,2,-3,-2,3,0,-1,75
2554,1,2,3,0,-3,-4,-1,-2,-3,2,-1,0,1,59
2555,3,0,5,2,-1,-2,1,0,-5,0,1,-2,-1,75
2556,5,0,3,0,-3,-4,-5,-2,1,-2,-1,2,1,99
2557,3,2,5,2,-1,-2,-3,0,-1,-4,1,0,-1,75
2558,5,2,5,2,-1,-2,-3,-4,-1,0,-3,0,1,99
2559,7,4,7,4,1,0,-1,-2,-3,-2,-1,-2,-1,155
2560,5,8,5,4,5,4,3,2,1,2,1,2,1,195
2561,3,6,3,2,3,2,1,0,3,0,3,0,-1,91
2562,1,6,3,2,3,2,1,4,-1,4,-1,0,1,99
2563,3,4,1,0,1,0,-1,2,1,2,1,-2,-1,43
2564,1,4,3,2,3,2,5,0,3,0,-1,2,1,83
2565,-1,6,1,0,1,0,3,-2,5,-2,1,0,-1,83
2566,1,2,1,0,1,0,3,2,1,2,-3,0,1,35
2567,3,4,-1,-2,-1,-2,1,0,3,0,-1,-2,-1,51
2568,1,4,1,2,3,6,1,4,-1,0,1,2,1,91
2569,-1,2,3,0,1,4,-1,2,1,-2,3,0,-1,51
2570,-3,6,-1,0,1,4,-1,6,-3,2,-1,0,1,115
2571,-1,4,1,-2,-1,2,-3,4,-1,0,1,-2,-1,59
2572,1,0,-1,0,1,4,3,2,1,-2,-1,2,1,43
2573,-1,2,1,-2,-1,2,1,0,3,-4,1,0,-1,43
2574,1,2,-3,-2,-1,2,1,4,-1,0,-3,0,1,51
2575,3,4,-1,-4,-3,0,-1,2,1,-2,-1,-2,-1,67
2576,1,4,1,0,7,2,5,0,-1,2,1,2,1,107
2577,-1,2,-1,2,5,0,3,-2,1,0,3,0,-1,59
2578,-3,2,3,-2,5,0,3,2,-3,4,-1,0,1,91
2579,-1,0,1,0,3,-2,1,0,-1,2,1,-2,-1,27
2580,-3,4,-1,-2,5,0,7,-2,1,0,-1,2,1,115
2581,-5,6,-3,0,3,-2,5,-4,3,-2,1,0,-1,139
2582,-3,2,1,-4,3,-2,5,0,-1,2,-3,0,1,83
2583,-1,4,-1,-2,1,-4,3,-2,1,0,-1,-2,-1,59
2584,1,0,-3,-2,5,4,3,2,-3,0,1,2,1,83
2585,-1,-2,-1,0,3,2,1,0,-1,-2,3,0,-1,35
2586,-3,2,-1,-4,3,2,1,4,-5,2,-1,0,1,91
2587,-1,0,1,-2,1,0,-1,2,-3,0,1,-2,-1,27
2588,1,0,-5,-4,3,2,5,0,-1,-2,-1,2,1,91
2589,-1,2,-3,-2,1,0,3,-2,1,-4,1,0,-1,51
2590,1,2,-3,-6,1,0,3,2,-3,0,-3,0,1,83
2591,3,4,-1,-4,-1,-2,1,0,-1,-2,-1,-2,-1,59
2592,1,4,1,4,1,6,1,0,1,2,1,2,1,83
2593,-1,2,-1,2,3,4,-1,-2,3,0,3,0,-1,59
2594,-3,2,-1,6,-1,4,-1,2,-1,4,-1,0,1,91
2595,-1,0,-3,4,1,2,-3,0,1,2,1,-2,-1,51
2596,-3,0,3,2,-1,4,3,-2,3,0,-1,2,1,67
2597,-5,2,1,0,1,2,1,-4,5,-2,1,0,-1,83
2598,-3,-2,1,4,-3,2,1,0,1,2,-3,0,1,59
2599,-1,0,-1,2,-1,0,-1,-2,3,0,-1,-2,-1,27
2600,-3,4,-3,2,-1,8,-1,2,-1,0,1,2,1,115
2601,-5,2,-1,0,1,6,-3,0,1,-2,3,0,-1,91
2602,-7,6,-5,4,-3,6,-3,4,-3,2,-1,0,1,211
2603,-5,4,-3,2,-1,4,-5,2,-1,0,1,-2,-1,107
2604,-3,0,-1,0,-3,6,1,0,1,-2,-1,2,1,67
2605,-5,2,1,-2,-1,4,-1,-2,3,-4,1,0,-1,83
2606,-3,2,-3,2,-5,4,-1,2,-1,0,-3,0,1,83
2607,-1,4,-1,0,-3,2,-3,0,1,-2,-1,-2,-1,51
2608,1,0,-3,0,3,4,3,-2,-1,2,1,2,1,59
2609,-1,-2,-5,2,5,2,1,-4,1,0,3,0,-1,91
2610,-3,-2,-1,2,1,2,1,0,-3,4,-1,0,1,51
2611,-1,-4,-3,4,3,0,-1,-2,-1,2,1,-2,-1,67
2612,-3,0,-1,-2,1,2,5,-4,1,0,-1,2,1,67
2613,-5,2,-3,0,3,0,3,-6,3,-2,1,0,-1,107
2614,-3,-2,1,0,-1,0,3,-2,-1,2,-3,0,1,43
2615,-1,0,-1,2,1,-2,1,-4,1,0,-1,-2,-1,35
2616,1,0,-7,-2,1,6,1,0,-3,0,1,2,1,107
2617,-1,-2,-5,0,3,4,-1,-2,-1,-2,3,0,-1,75
2618,-3,2,-5,0,-1,4,-1,2,-5,2,-1,0,1,91
2619,-1,0,-3,2,1,2,-3,0,-3,0,1,-2,-1,43
2620,1,0,-5,-4,-1,4,3,-2,-1,-2,-1,2,1,83
2621,-1,2,-3,-2,1,2,1,-4,1,-4,1,0,-1,59
2622,1,2,-3,-2,-3,2,1,0,-3,0,-3,0,1,51
2623,3,4,-1,0,-1,0,-1,-2,-1,-2,-1,-2,-1,43
2624,1,4,5,0,5,0,1,2,1,2,1,2,1,83
2625,-1,2,3,-2,3,2,-1,0,3,0,3,0,-1,51
2626,-3,2,3,-2,7,-2,-1,4,-1,4,-1,0,1,115
2627,-1,0,1,-4,5,0,-3,2,1,2,1,-2,-1,67
2628,-3,0,3,2,3,-2,3,0,3,0,-1,2,1,59
2629,-5,2,1,0,1,0,1,-2,5,-2,1,0,-1,67
2630,-3,-2,1,0,5,-4,1,2,1,2,-3,0,1,75
2631,-1,0,-1,-2,3,-2,-1,0,3,0,-1,-2,-1,35
2632,-3,0,5,-2,3,2,-1,4,-1,0,1,2,1,75
2633,-5,-2,7,-4,1,4,-3,2,1,-2,3,0,-1,139
2634,-7,2,3,-4,5,0,-3,6,-3,2,-1,0,1,163
2635,-5,0,5,-6,3,2,-5,4,-1,0,1,-2,-1,147
2636,-3,-4,3,0,1,0,1,2,1,-2,-1,2,1,51
2637,-5,-2,5,-2,-1,2,-1,0,3,-4,1,0,-1,91
2638,-3,-2,1,-2,3,-2,-1,4,-1,0,-3,0,1,59
2639,-1,0,3,-4,1,0,-3,2,1,-2,-1,-2,-1,51
2640,-3,4,1,-4,7,-2,3,0,-1,2,1,2,1,115
2641,-5,2,-1,-2,5,0,1,-2,1,0,3,0,-1,75
2642,-7,2,3,-6,9,-4,1,2,-3,4,-1,0,1,227
2643,-5,0,1,-4,7,-2,-1,0,-1,2,1,-2,-1,107
2644,-7,4,-1,-2,5,-4,5,-2,1,0,-1,2,1,147
2645,-9,6,-3,0,3,-2,3,-4,3,-2,1,0,-1,179
2646,-7,2,1,-4,7,-6,3,0,-1,2,-3,0,1,179
2647,-5,4,-1,-2,5,-4,1,-2,1,0,-1,-2,-1,99
2648,-3,0,1,-6,5,0,1,2,-3,0,1,2,1,91
2649,-5,-2,3,-4,3,2,-1,0,-1,-2,3,0,-1,83
2650,-7,2,3,-8,7,-2,-1,4,-5,2,-1,0,1,227
2651,-5,0,5,-6,5,0,-3,2,-3,0,1,-2,-1,139
2652,-3,0,-1,-4,3,-2,3,0,-1,-2,-1,2,1,59
2653,-5,2,1,-2,1,0,1,-2,1,-4,1,0,-1,59
2654,-3,2,1,-6,5,-4,1,2,-3,0,-3,0,1,115
2655,-1,4,3,-4,3,-2,-1,0,-1,-2,-1,-2,-1,67
2656,1,0,1,0,1,2,-1,0,1,2,1,2,1,19
2657,-1,-2,-1,-2,3,4,-3,-2,3,0,3,0,-1,67
2658,-3,-2,-1,2,3,0,-3,2,-1,4,-1,0,1,59
2659,-1,-4,-3,0,5,2,-5,0,1,2,1,-2,-1,91
2660,-3,-4,3,2,-1,0,1,-2,3,0,-1,2,1,59
2661,-5,-2,1,0,1,2,-1,-4,5,-2,1,0,-1,83
2662,-3,-6,1,4,1,-2,-1,0,1,2,-3,0,1,83
2663,-1,-4,-1,2,3,0,-3,-2,3,0,-1,-2,-1,59
2664,-3,0,1,-2,-1,4,-3,2,-1,0,1,2,1,51
2665,-5,-2,3,-4,1,6,-5,0,1,-2,3,0,-1,131
2666,-7,2,-1,0,1,2,-5,4,-3,2,-1,0,1,115
2667,-5,0,1,-2,3,4,-7,2,-1,0,1,-2,-1,115
2668,-3,-4,3,0,-3,2,-1,0,1,-2,-1,2,1,59
2669,-5,-2,5,-2,-1,4,-3,-2,3,-4,1,0,-1,115
2670,-3,-2,1,2,-1,0,-3,2,-1,0,-3,0,1,43
2671,-1,0,3,0,1,2,-5,0,1,-2,-1,-2,-1,51
2672,1,0,-3,-4,3,0,1,-2,-1,2,1,2,1,51
2673,-1,-2,-5,-2,5,2,-1,-4,1,0,3,0,-1,91
2674,-3,-2,-1,-2,5,-2,-1,0,-3,4,-1,0,1,75
2675,-1,-4,-3,0,7,0,-3,-2,-1,2,1,-2,-1,99
2676,-3,0,-1,-2,1,-2,3,-4,1,0,-1,2,1,51
2677,-5,2,-3,0,3,0,1,-6,3,-2,1,0,-1,99
2678,-3,-2,1,0,3,-4,1,-2,-1,2,-3,0,1,59
2679,-1,0,-1,2,5,-2,-1,-4,1,0,-1,-2,-1,59
2680,1,0,-3,-6,1,2,-1,0,-3,0,1,2,1,67
2681,-1,-2,-1,-4,3,4,-3,-2,-1,-2,3,0,-1,75
2682,-3,2,-1,-4,3,0,-3,2,-5,2,-1,0,1,83
2683,-1,0,1,-2,5,2,-5,0,-3,0,1,-2,-1,75
2684,1,0,-1,-4,-1,0,1,-2,-1,-2,-1,2,1,35
2685,-1,2,1,-2,1,2,-1,-4,1,-4,1,0,-1,51
2686,1,2,1,-2,1,-2,-1,0,-3,0,-3,0,1,35
2687,3,4,3,0,3,0,-3,-2,-1,-2,-1,-2,-1,67
2688,1,8,1,4,1,0,1,2,1,2,1,2,1,99
2689,-1,6,-1,2,-1,-2,3,0,3,0,3,0,-1,75
2690,-3,6,-1,2,-1,2,-1,4,-1,4,-1,0,1,91
2691,-1,4,-3,0,-3,0,1,2,1,2,1,-2,-1,51
2692,-3,4,-1,2,3,-2,3,0,3,0,-1,2,1,67
2693,-5,6,-3,0,1,-4,5,-2,5,-2,1,0,-1,147
2694,-3,2,-3,0,1,0,1,2,1,2,-3,0,1,43
2695,-1,4,-5,-2,-1,-2,3,0,3,0,-1,-2,-1,75
2696,-3,4,-3,6,-1,2,-1,4,-1,0,1,2,1,99
2697,-5,2,-1,4,-3,0,1,2,1,-2,3,0,-1,75
2698,-7,6,-5,4,-3,4,-3,6,-3,2,-1,0,1,211
2699,-5,4,-3,2,-5,2,-1,4,-1,0,1,-2,-1,107
2700,-3,0,-5,4,1,0,1,2,1,-2,-1,2,1,67
2701,-5,2,-3,2,-1,-2,3,0,3,-4,1,0,-1,83
2702,-3,2,-7,2,-1,2,-1,4,-1,0,-3,0,1,99
2703,-1,4,-5,0,-3,0,1,2,1,-2,-1,-2,-1,67
2704,-3,4,1,0,3,-2,3,0,-1,2,1,2,1,59
2705,-5,2,-1,2,1,-4,5,-2,1,0,3,0,-1,91
2706,-7,2,3,-2,1,0,1,2,-3,4,-1,0,1,99
2707,-5,0,1,0,-1,-2,3,0,-1,2,1,-2,-1,51
2708,-7,4,-1,-2,5,-4,5,-2,1,0,-1,2,1,147
2709,-9,6,-3,0,3,-6,7,-4,3,-2,1,0,-1,251
2710,-7,2,1,-4,3,-2,3,0,-1,2,-3,0,1,107
2711,-5,4,-1,-2,1,-4,5,-2,1,0,-1,-2,-1,99
2712,-3,0,-3,2,1,0,1,2,-3,0,1,2,1,43
2713,-5,-2,-1,4,-1,-2,3,0,-1,-2,3,0,-1,75
2714,-7,2,-1,0,-1,2,-1,4,-5,2,-1,0,1,107
2715,-5,0,1,2,-3,0,1,2,-3,0,1,-2,-1,59
2716,-3,0,-5,0,3,-2,3,0,-1,-2,-1,2,1,67
2717,-5,2,-3,2,1,-4,5,-2,1,-4,1,0,-1,107
2718,-3,2,-3,-2,1,0,1,2,-3,0,-3,0,1,51
2719,-1,4,-1,0,-1,-2,3,0,-1,-2,-1,-2,-1,43
2720,-3,8,-3,4,-3,2,-1,0,1,2,1,2,1,123
2721,-5,6,-5,2,-1,0,1,-2,3,0,3,0,-1,115
2722,-7,6,-5,6,-5,4,-3,2,-1,4,-1,0,1,219
2723,-5,4,-7,4,-3,2,-1,0,1,2,1,-2,-1,131
2724,-7,4,-1,2,-1,0,1,-2,3,0,-1,2,1,91
2725,-9,6,-3,0,1,-2,3,-4,5,-2,1,0,-1,187
2726,-7,2,-3,4,-3,2,-1,0,1,2,-3,0,1,107
2727,-5,4,-5,2,-1,0,1,-2,3,0,-1,-2,-1,91
2728,-7,8,-7,6,-5,4,-3,2,-1,0,1,2,1,259
2729,-9,6,-5,4,-3,2,-1,0,1,-2,3,0,-1,187
2730,-11,10,-9,8,-7,6,-5,4,-3,2,-1,0,1,507
2731,-9,8,-7,6,-5,4,-3,2,-1,0,1,-2,-1,291
2732,-7,4,-5,4,-3,2,-1,0,1,-2,-1,2,1,131
2733,-9,6,-3,2,-1,0,1,-2,3,-4,1,0,-1,163
2734,-7,6,-7,6,-5,4,-3,2,-1,0,-3,0,1,235
2735,-5,8,-5,4,-3,2,-1,0,1,-2,-1,-2,-1,155
2736,-3,4,-3,0,-1,0,1,-2,-1,2,1,2,1,51
2737,-5,2,-5,2,1,-2,3,-4,1,0,3,0,-1,99
2738,-7,2,-1,2,-3,2,-1,0,-3,4,-1,0,1,99
2739,-5,0,-3,4,-1,0,1,-2,-1,2,1,-2,-1,67
2740,-7,4,-1,-2,1,-2,3,-4,1,0,-1,2,1,107
2741,-9,6,-3,0,3,-4,5,-6,3,-2,1,0,-1,227
2742,-7,2,1,0,-1,0,1,-2,-1,2,-3,0,1,75
2743,-5,4,-1,2,1,-2,3,-4,1,0,-1,-2,-1,83
2744,-3,4,-7,2,-3,2,-1,0,-3,0,1,2,1,107
2745,-5,2,-5,4,-1,0,1,-2,-1,-2,3,0,-1,91
2746,-7,6,-5,4,-5,4,-3,2,-5,2,-1,0,1,211
2747,-5,4,-3,6,-3,2,-1,0,-3,0,1,-2,-1,115
2748,-3,4,-5,0,-1,0,1,-2,-1,-2,-1,2,1,67
2749,-5,6,-3,2,1,-2,3,-4,1,-4,1,0,-1,123
2750,-3,6,-3,2,-3,2,-1,0,-3,0,-3,0,1,91
2751,-1,8,-1,4,-1,0,1,-2,-1,-2,-1,-2,-1,99
2752,1,4,1,0,1,-4,-1,2,1,2,1,2,1,51
2753,-1,2,-1,-2,-1,-2,1,0,3,0,3,0,-1,35
2754,-3,2,-1,-2,3,-2,-3,4,-1,4,-1,0,1,75
2755,-1,0,-3,-4,1,0,-1,2,1,2,1,-2,-1,43
2756,-3,0,-1,2,3,-6,1,0,3,0,-1,2,1,75
2757,-5,2,-3,0,1,-4,3,-2,5,-2,1,0,-1,99
2758,-3,-2,-3,0,5,-4,-1,2,1,2,-3,0,1,83
2759,-1,0,-5,-2,3,-2,1,0,3,0,-1,-2,-1,59
2760,-3,0,1,2,-1,-2,-3,4,-1,0,1,2,1,51
2761,-5,-2,3,0,-3,0,-1,2,1,-2,3,0,-1,67
2762,-7,2,-1,0,1,0,-5,6,-3,2,-1,0,1,131
2763,-5,0,1,-2,-1,2,-3,4,-1,0,1,-2,-1,67
2764,-3,-4,-1,4,1,-4,-1,2,1,-2,-1,2,1,75
2765,-5,-2,1,2,-1,-2,1,0,3,-4,1,0,-1,67
2766,-3,-2,-3,2,3,-2,-3,4,-1,0,-3,0,1,75
2767,-1,0,-1,0,1,0,-1,2,1,-2,-1,-2,-1,19
2768,-3,4,1,-4,3,-6,1,0,-1,2,1,2,1,99
2769,-5,2,-1,-2,1,-4,3,-2,1,0,3,0,-1,75
2770,-7,2,3,-6,5,-4,-1,2,-3,4,-1,0,1,171
2771,-5,0,1,-4,3,-2,1,0,-1,2,1,-2,-1,67
2772,-7,4,-1,-2,5,-8,3,-2,1,0,-1,2,1,179
2773,-9,6,-3,0,3,-6,5,-4,3,-2,1,0,-1,227
2774,-7,2,1,-4,7,-6,1,0,-1,2,-3,0,1,171
2775,-5,4,-1,-2,5,-4,3,-2,1,0,-1,-2,-1,107
2776,-3,0,1,-2,1,-4,-1,2,-3,0,1,2,1,51
2777,-5,-2,3,0,-1,-2,1,0,-1,-2,3,0,-1,59
2778,-7,2,3,-4,3,-2,-3,4,-5,2,-1,0,1,147
2779,-5,0,5,-2,1,0,-1,2,-3,0,1,-2,-1,75
2780,-3,0,-1,0,3,-6,1,0,-1,-2,-1,2,1,67
2781,-5,2,1,2,1,-4,3,-2,1,-4,1,0,-1,83
2782,-3,2,1,-2,5,-4,-1,2,-3,0,-3,0,1,83
2783,-1,4,3,0,3,-2,1,0,-1,-2,-1,-2,-1,51
2784,1,4,-3,0,-3,-2,-3,0,1,2,1,2,1,59
2785,-1,2,-5,-2,-1,0,-1,-2,3,0,3,0,-1,59
2786,-3,2,-5,2,-1,0,-5,2,-1,4,-1,0,1,91
2787,-1,0,-7,0,1,2,-3,0,1,2,1,-2,-1,75
2788,-3,0,-1,2,-1,-4,-1,-2,3,0,-1,2,1,51
2789,-5,2,-3,0,1,-2,1,-4,5,-2,1,0,-1,91
2790,-3,-2,-3,4,1,-2,-3,0,1,2,-3,0,1,67
2791,-1,0,-5,2,3,0,-1,-2,3,0,-1,-2,-1,59
2792,-3,4,-3,2,-5,0,-5,2,-1,0,1,2,1,99
2793,-5,2,-1,0,-3,2,-3,0,1,-2,3,0,-1,67
2794,-7,6,-5,4,-3,2,-7,4,-3,2,-1,0,1,219
2795,-5,4,-3,2,-1,4,-5,2,-1,0,1,-2,-1,107
2796,-3,0,-1,4,-3,-2,-3,0,1,-2,-1,2,1,59
2797,-5,2,1,2,-1,0,-1,-2,3,-4,1,0,-1,67
2798,-3,2,-3,6,-1,0,-5,2,-1,0,-3,0,1,99
2799,-1,4,-1,4,1,2,-3,0,1,-2,-1,-2,-1,59
2800,1,4,-3,-4,-1,-4,-1,-2,-1,2,1,2,1,75
2801,-1,2,-5,-2,1,-2,1,-4,1,0,3,0,-1,67
2802,-3,2,-1,-2,1,-2,-3,0,-3,4,-1,0,1,59
2803,-1,0,-3,0,3,0,-1,-2,-1,2,1,-2,-1,35
2804,-3,4,-1,-2,1,-6,1,-4,1,0,-1,2,1,91
2805,-5,6,-3,0,3,-4,3,-6,3,-2,1,0,-1,155
2806,-3,2,1,0,3,-4,-1,-2,-1,2,-3,0,1,59
2807,-1,4,-1,2,5,-2,1,-4,1,0,-1,-2,-1,75
2808,1,4,-3,-2,-3,-2,-3,0,-3,0,1,2,1,67
2809,-1,2,-1,0,-1,0,-1,-2,-1,-2,3,0,-1,27
2810,-3,6,-1,0,-1,0,-5,2,-5,2,-1,0,1,107
2811,-1,4,1,2,1,2,-3,0,-3,0,1,-2,-1,51
2812,1,4,-1,0,-1,-4,-1,-2,-1,-2,-1,2,1,51
2813,-1,6,1,2,1,-2,1,-4,1,-4,1,0,-1,83
2814,1,6,1,2,1,-2,-3,0,-3,0,-3,0,1,75
2815,3,8,3,4,3,0,-1,-2,-1,-2,-1,-2,-1,123
2816,5,4,5,0,1,2,1,0,1,2,1,2,1,83
2817,3,2,3,-2,-1,0,-1,2,3,0,3,0,-1,51
2818,1,2,3,-2,-1,0,3,2,-1,4,-1,0,1,51
2819,3,0,1,-4,-3,-2,1,4,1,2,1,-2,-1,67
2820,1,0,3,-2,-1,4,3,-2,3,0,-1,2,1,59
2821,-1,2,1,-4,-3,2,1,0,5,-2,1,0,-1,67
2822,1,-2,1,-4,-3,2,5,0,1,2,-3,0,1,75
2823,3,0,-1,-6,-5,0,3,2,3,0,-1,-2,-1,99
2824,1,0,1,-2,3,4,-1,2,-1,0,1,2,1,43
2825,-1,-2,3,-4,1,2,-3,4,1,-2,3,0,-1,75
2826,-3,2,-1,-4,1,2,1,4,-3,2,-1,0,1,67
2827,-1,0,1,-6,-1,0,-1,6,-1,0,1,-2,-1,83
2828,1,-4,-1,-4,1,6,1,0,1,-2,-1,2,1,83
2829,-1,-2,1,-6,-1,4,-1,2,3,-4,1,0,-1,91
2830,1,-2,-3,-6,-1,4,3,2,-1,0,-3,0,1,91
2831,3,0,-1,-8,-3,2,1,4,1,-2,-1,-2,-1,115
2832,1,0,1,0,3,0,3,-2,-1,2,1,2,1,35
2833,-1,-2,-1,2,1,-2,1,0,1,0,3,0,-1,27
2834,-3,-2,3,-2,1,-2,5,0,-3,4,-1,0,1,83
2835,-1,-4,1,0,-1,-4,3,2,-1,2,1,-2,-1,59
2836,-3,0,-1,-2,1,2,5,-4,1,0,-1,2,1,67
2837,-5,2,-3,0,-1,0,3,-2,3,-2,1,0,-1,67
2838,-3,-2,1,-4,-1,0,7,-2,-1,2,-3,0,1,99
2839,-1,0,-1,-2,-3,-2,5,0,1,0,-1,-2,-1,51
2840,1,-4,-3,-2,5,2,1,0,-3,0,1,2,1,75
2841,-1,-6,-1,0,3,0,-1,2,-1,-2,3,0,-1,67
2842,-3,-2,-1,-4,3,0,3,2,-5,2,-1,0,1,83
2843,-1,-4,1,-2,1,-2,1,4,-3,0,1,-2,-1,59
2844,1,-4,-5,-4,3,4,3,-2,-1,-2,-1,2,1,107
2845,-1,-2,-3,-2,1,2,1,0,1,-4,1,0,-1,43
2846,1,-2,-3,-6,1,2,5,0,-3,0,-3,0,1,99
2847,3,0,-1,-4,-1,0,3,2,-1,-2,-1,-2,-1,51
2848,1,0,5,0,-3,4,-1,-2,1,2,1,2,1,67
2849,-1,-2,3,-2,-1,2,-3,0,3,0,3,0,-1,51
2850,-3,-2,3,2,-5,2,1,0,-1,4,-1,0,1,75
2851,-1,-4,1,0,-3,0,-1,2,1,2,1,-2,-1,43
2852,-3,-4,7,-2,-5,6,1,-4,3,0,-1,2,1,171
2853,-5,-2,5,-4,-3,4,-1,-2,5,-2,1,0,-1,131
2854,-3,-6,5,0,-7,4,3,-2,1,2,-3,0,1,163
2855,-1,-4,3,-2,-5,2,1,0,3,0,-1,-2,-1,75
2856,-3,0,1,-2,-1,6,-3,0,-1,0,1,2,1,67
2857,-5,-2,3,-4,1,4,-5,2,1,-2,3,0,-1,115
2858,-7,2,-1,0,-3,4,-1,2,-3,2,-1,0,1,99
2859,-5,0,1,-2,-1,2,-3,4,-1,0,1,-2,-1,67
2860,-3,-4,3,-4,-3,8,-1,-2,1,-2,-1,2,1,139
2861,-5,-2,5,-6,-1,6,-3,0,3,-4,1,0,-1,163
2862,-3,-2,1,-2,-5,6,1,0,-1,0,-3,0,1,91
2863,-1,0,3,-4,-3,4,-1,2,1,-2,-1,-2,-1,67
2864,1,-4,1,0,-1,2,1,-4,-1,2,1,2,1,51
2865,-1,-6,-1,2,1,0,-1,-2,1,0,3,0,-1,59
2866,-3,-6,3,2,-3,0,3,-2,-3,4,-1,0,1,107
2867,-1,-8,1,4,-1,-2,1,0,-1,2,1,-2,-1,99
2868,-3,-4,3,-2,-3,4,3,-6,1,0,-1,2,1,115
2869,-5,-2,1,0,-1,2,1,-4,3,-2,1,0,-1,67
2870,-3,-6,5,0,-5,2,5,-4,-1,2,-3,0,1,155
2871,-1,-4,3,2,-3,0,3,-2,1,0,-1,-2,-1,59
2872,1,-4,-3,-2,1,4,-1,-2,-3,0,1,2,1,67
2873,-1,-6,-1,0,3,2,-3,0,-1,-2,3,0,-1,75
2874,-3,-2,-1,0,-1,2,1,0,-5,2,-1,0,1,51
2875,-1,-4,1,2,1,0,-1,2,-3,0,1,-2,-1,43
2876,1,-4,-1,-4,-1,6,1,-4,-1,-2,-1,2,1,99
2877,-1,-2,1,-2,1,4,-1,-2,1,-4,1,0,-1,51
2878,1,-2,1,-2,-3,4,3,-2,-3,0,-3,0,1,67
2879,3,0,3,0,-1,2,1,0,-1,-2,-1,-2,-1,35
2880,1,4,5,-4,1,-2,-1,0,1,2,1,2,1,75
2881,-1,2,3,-6,-1,0,-3,2,3,0,3,0,-1,83
2882,-3,2,3,-6,3,-4,1,2,-1,4,-1,0,1,107
2883,-1,0,1,-8,1,-2,-1,4,1,2,1,-2,-1,99
2884,-3,0,3,-2,-1,0,1,-2,3,0,-1,2,1,43
2885,-5,2,1,-4,-3,2,-1,0,5,-2,1,0,-1,91
2886,-3,-2,1,-4,1,-2,3,0,1,2,-3,0,1,59
2887,-1,0,-1,-6,-1,0,1,2,3,0,-1,-2,-1,59
2888,-3,0,5,-6,3,0,-3,2,-1,0,1,2,1,99
2889,-5,-2,7,-8,1,2,-5,4,1,-2,3,0,-1,203
2890,-7,2,3,-8,5,-2,-1,4,-3,2,-1,0,1,187
2891,-5,0,5,-10,3,0,-3,6,-1,0,1,-2,-1,211
2892,-3,-4,3,-4,1,2,-1,0,1,-2,-1,2,1,67
2893,-5,-2,5,-6,-1,4,-3,2,3,-4,1,0,-1,147
2894,-3,-2,1,-6,3,0,1,2,-1,0,-3,0,1,75
2895,-1,0,3,-8,1,2,-1,4,1,-2,-1,-2,-1,107
2896,-3,4,1,-4,3,-4,1,-2,-1,2,1,2,1,83
2897,-5,2,-1,-2,1,-2,-1,0,1,0,3,0,-1,51
2898,-7,2,3,-6,5,-6,3,0,-3,4,-1,0,1,195
2899,-5,0,1,-4,3,-4,1,2,-1,2,1,-2,-1,83
2900,-7,4,-1,-2,1,-2,3,-4,1,0,-1,2,1,107
2901,-9,6,-3,0,-1,0,1,-2,3,-2,1,0,-1,147
2902,-7,2,1,-4,3,-4,5,-2,-1,2,-3,0,1,139
2903,-5,4,-1,-2,1,-2,3,0,1,0,-1,-2,-1,67
2904,-3,0,1,-6,5,-2,-1,0,-3,0,1,2,1,91
2905,-5,-2,3,-4,3,0,-3,2,-1,-2,3,0,-1,91
2906,-7,2,3,-8,7,-4,1,2,-5,2,-1,0,1,227
2907,-5,0,5,-6,5,-2,-1,4,-3,0,1,-2,-1,147
2908,-3,0,-1,-4,3,0,1,-2,-1,-2,-1,2,1,51
2909,-5,2,1,-2,1,2,-1,0,1,-4,1,0,-1,59
2910,-3,2,1,-6,5,-2,3,0,-3,0,-3,0,1,107
2911,-1,4,3,-4,3,0,1,2,-1,-2,-1,-2,-1,67
2912,1,0,5,-4,-3,0,-3,-2,1,2,1,2,1,75
2913,-1,-2,3,-6,-1,2,-5,0,3,0,3,0,-1,99
2914,-3,-2,3,-2,-1,-2,-1,0,-1,4,-1,0,1,51
2915,-1,-4,1,-4,1,0,-3,2,1,2,1,-2,-1,59
2916,-3,-4,7,-2,-5,2,-1,-4,3,0,-1,2,1,139
2917,-5,-2,5,-4,-3,4,-3,-2,5,-2,1,0,-1,139
2918,-3,-6,5,0,-3,0,1,-2,1,2,-3,0,1,99
2919,-1,-4,3,-2,-1,2,-1,0,3,0,-1,-2,-1,51
2920,-3,0,5,-6,-1,2,-5,0,-1,0,1,2,1,107
2921,-5,-2,7,-8,1,4,-7,2,1,-2,3,0,-1,227
2922,-7,2,3,-4,1,0,-3,2,-3,2,-1,0,1,107
2923,-5,0,5,-6,3,2,-5,4,-1,0,1,-2,-1,147
2924,-3,-4,7,-4,-3,4,-3,-2,1,-2,-1,2,1,139
2925,-5,-2,9,-6,-1,6,-5,0,3,-4,1,0,-1,235
2926,-3,-2,5,-2,-1,2,-1,0,-1,0,-3,0,1,59
2927,-1,0,7,-4,1,4,-3,2,1,-2,-1,-2,-1,107
2928,1,0,1,-4,-1,-2,-1,-4,-1,2,1,2,1,51
2929,-1,-2,-1,-2,1,0,-3,-2,1,0,3,0,-1,35
2930,-3,-2,3,-2,1,-4,1,-2,-3,4,-1,0,1,75
2931,-1,-4,1,0,3,-2,-1,0,-1,2,1,-2,-1,43
2932,-3,0,3,-2,-3,0,1,-6,1,0,-1,2,1,75
2933,-5,2,1,0,-1,2,-1,-4,3,-2,1,0,-1,67
2934,-3,-2,5,0,-1,-2,3,-4,-1,2,-3,0,1,83
2935,-1,0,3,2,1,0,1,-2,1,0,-1,-2,-1,27
2936,1,0,1,-6,1,0,-3,-2,-3,0,1,2,1,67
2937,-1,-2,3,-4,3,2,-5,0,-1,-2,3,0,-1,83
2938,-3,2,3,-4,3,-2,-1,0,-5,2,-1,0,1,83
2939,-1,0,5,-2,5,0,-3,2,-3,0,1,-2,-1,83
2940,1,0,3,-4,-1,2,-1,-4,-1,-2,-1,2,1,59
2941,-1,2,5,-2,1,4,-3,-2,1,-4,1,0,-1,83
2942,1,2,5,-2,1,0,1,-2,-3,0,-3,0,1,59
2943,3,4,7,0,3,2,-1,0,-1,-2,-1,-2,-1,99
2944,5,4,1,0,-3,-2,-1,0,1,2,1,2,1,67
2945,3,2,-1,-2,-5,-4,1,2,3,0,3,0,-1,83
2946,1,2,-1,-2,-5,0,1,2,-1,4,-1,0,1,59
2947,3,0,-3,-4,-7,-2,3,4,1,2,1,-2,-1,123
2948,1,0,-1,-2,-1,0,1,-2,3,0,-1,2,1,27
2949,-1,2,-3,-4,-3,-2,3,0,5,-2,1,0,-1,83
2950,1,-2,-3,-4,-3,2,3,0,1,2,-3,0,1,67
2951,3,0,-5,-6,-5,0,5,2,3,0,-1,-2,-1,139
2952,1,0,-3,2,-1,0,-3,2,-1,0,1,2,1,35
2953,-1,-2,-1,0,-3,-2,-1,4,1,-2,3,0,-1,51
2954,-3,2,-5,0,-3,2,-1,4,-3,2,-1,0,1,83
2955,-1,0,-3,-2,-5,0,1,6,-1,0,1,-2,-1,83
2956,1,-4,-5,0,1,2,-1,0,1,-2,-1,2,1,59
2957,-1,-2,-3,-2,-1,0,1,2,3,-4,1,0,-1,51
2958,1,-2,-7,-2,-1,4,1,2,-1,0,-3,0,1,91
2959,3,0,-5,-4,-3,2,3,4,1,-2,-1,-2,-1,99
2960,1,0,1,0,-1,-4,1,-2,-1,2,1,2,1,35
2961,-1,-2,-1,2,-3,-6,3,0,1,0,3,0,-1,75
2962,-3,-2,3,-2,-3,-2,3,0,-3,4,-1,0,1,75
2963,-1,-4,1,0,-5,-4,5,2,-1,2,1,-2,-1,99
2964,-3,0,-1,-2,1,-2,3,-4,1,0,-1,2,1,51
2965,-5,2,-3,0,-1,-4,5,-2,3,-2,1,0,-1,99
2966,-3,-2,1,-4,-1,0,5,-2,-1,2,-3,0,1,75
2967,-1,0,-1,-2,-3,-2,7,0,1,0,-1,-2,-1,75
2968,1,-4,-3,2,1,-2,-1,0,-3,0,1,2,1,51
2969,-1,-6,-1,4,-1,-4,1,2,-1,-2,3,0,-1,91
2970,-3,-2,-1,0,-1,0,1,2,-5,2,-1,0,1,51
2971,-1,-4,1,2,-3,-2,3,4,-3,0,1,-2,-1,75
2972,1,-4,-5,0,3,0,1,-2,-1,-2,-1,2,1,67
2973,-1,-2,-3,2,1,-2,3,0,1,-4,1,0,-1,51
2974,1,-2,-3,-2,1,2,3,0,-3,0,-3,0,1,51
2975,3,0,-1,0,-1,0,5,2,-1,-2,-1,-2,-1,51
2976,1,4,1,0,-7,0,-3,-2,1,2,1,2,1,91
2977,-1,2,-1,-2,-5,-2,-1,0,3,0,3,0,-1,59
2978,-3,2,-1,2,-9,2,-1,0,-1,4,-1,0,1,123
2979,-1,0,-3,0,-7,0,1,2,1,2,1,-2,-1,75
2980,-3,0,3,-2,-5,2,-1,-4,3,0,-1,2,1,83
2981,-5,2,1,-4,-3,0,1,-2,5,-2,1,0,-1,91
2982,-3,-2,1,0,-7,4,1,-2,1,2,-3,0,1,99
2983,-1,0,-1,-2,-5,2,3,0,3,0,-1,-2,-1,59
2984,-3,4,-3,2,-5,2,-5,0,-1,0,1,2,1,99
2985,-5,2,-1,0,-3,0,-3,2,1,-2,3,0,-1,67
2986,-7,6,-5,4,-7,4,-3,2,-3,2,-1,0,1,219
2987,-5,4,-3,2,-5,2,-1,4,-1,0,1,-2,-1,107
2988,-3,0,-1,0,-3,4,-3,-2,1,-2,-1,2,1,59
2989,-5,2,1,-2,-1,2,-1,0,3,-4,1,0,-1,67
2990,-3,2,-3,2,-5,6,-1,0,-1,0,-3,0,1,99
2991,-1,4,-1,0,-3,4,1,2,1,-2,-1,-2,-1,59
2992,1,0,1,0,-5,-2,-1,-4,-1,2,1,2,1,59
2993,-1,-2,-1,2,-3,-4,1,-2,1,0,3,0,-1,51
2994,-3,-2,3,2,-7,0,1,-2,-3,4,-1,0,1,107
2995,-1,-4,1,4,-5,-2,3,0,-1,2,1,-2,-1,83
2996,-3,0,3,-2,-3,0,1,-6,1,0,-1,2,1,75
2997,-5,2,1,0,-1,-2,3,-4,3,-2,1,0,-1,75
2998,-3,-2,5,0,-5,2,3,-4,-1,2,-3,0,1,107
2999,-1,0,3,2,-3,0,5,-2,1,0,-1,-2,-1,59
3000,1,0,-3,2,-3,0,-3,-2,-3,0,1,2,1,51
3001,-1,-2,-1,4,-1,-2,-1,0,-1,-2,3,0,-1,43
3002,-3,2,-1,4,-5,2,-1,0,-5,2,-1,0,1,91
3003,-1,0,1,6,-3,0,1,2,-3,0,1,-2,-1,67
3004,1,0,-1,0,-1,2,-1,-4,-1,-2,-1,2,1,35
3005,-1,2,1,2,1,0,1,-2,1,-4,1,0,-1,35
3006,1,2,1,2,-3,4,1,-2,-3,0,-3,0,1,59
3007,3,4,3,4,-1,2,3,0,-1,-2,-1,-2,-1,75
3008,5,4,1,-4,-3,-6,-3,0,1,2,1,2,1,123
3009,3,2,-1,-6,-5,-4,-1,2,3,0,3,0,-1,115
3010,1,2,-1,-6,-1,-4,-1,2,-1,4,-1,0,1,83
3011,3,0,-3,-8,-3,-2,1,4,1,2,1,-2,-1,123
3012,1,0,-1,-2,-1,-4,-1,-2,3,0,-1,2,1,43
3013,-1,2,-3,-4,-3,-2,1,0,5,-2,1,0,-1,75
3014,1,-2,-3,-4,1,-2,1,0,1,2,-3,0,1,51
3015,3,0,-5,-6,-1,0,3,2,3,0,-1,-2,-1,99
3016,1,0,1,-2,-1,-4,-5,2,-1,0,1,2,1,59
3017,-1,-2,3,-4,-3,-2,-3,4,1,-2,3,0,-1,83
3018,-3,2,-1,-4,1,-2,-3,4,-3,2,-1,0,1,75
3019,-1,0,1,-6,-1,0,-1,6,-1,0,1,-2,-1,83
3020,1,-4,-1,0,1,-2,-3,0,1,-2,-1,2,1,43
3021,-1,-2,1,-2,-1,0,-1,2,3,-4,1,0,-1,43
3022,1,-2,-3,-2,3,0,-1,2,-1,0,-3,0,1,43
3023,3,0,-1,-4,1,2,1,4,1,-2,-1,-2,-1,59
3024,1,4,1,-4,-1,-8,-1,-2,-1,2,1,2,1,115
3025,-1,2,-1,-2,-3,-6,1,0,1,0,3,0,-1,67
3026,-3,2,3,-6,1,-6,1,0,-3,4,-1,0,1,123
3027,-1,0,1,-4,-1,-4,3,2,-1,2,1,-2,-1,59
3028,-3,4,-1,-2,1,-6,1,-4,1,0,-1,2,1,91
3029,-5,6,-3,0,-1,-4,3,-2,3,-2,1,0,-1,115
3030,-3,2,1,-4,3,-4,3,-2,-1,2,-3,0,1,83
3031,-1,4,-1,-2,1,-2,5,0,1,0,-1,-2,-1,59
3032,1,0,1,-2,1,-6,-3,0,-3,0,1,2,1,67
3033,-1,-2,3,0,-1,-4,-1,2,-1,-2,3,0,-1,51
3034,-3,2,3,-4,3,-4,-1,2,-5,2,-1,0,1,99
3035,-1,0,5,-2,1,-2,1,4,-3,0,1,-2,-1,67
3036,1,0,-1,0,3,-4,-1,-2,-1,-2,-1,2,1,43
3037,-1,2,1,2,1,-2,1,0,1,-4,1,0,-1,35
3038,1,2,1,-2,5,-2,1,0,-3,0,-3,0,1,59
3039,3,4,3,0,3,0,3,2,-1,-2,-1,-2,-1,67
3040,5,4,1,-4,-7,-4,-5,-2,1,2,1,2,1,163
3041,3,2,-1,-6,-5,-2,-3,0,3,0,3,0,-1,107
3042,1,2,-1,-2,-5,-2,-3,0,-1,4,-1,0,1,67
3043,3,0,-3,-4,-3,0,-1,2,1,2,1,-2,-1,59
3044,1,0,3,-2,-5,-2,-3,-4,3,0,-1,2,1,83
3045,-1,2,1,-4,-3,0,-1,-2,5,-2,1,0,-1,67
3046,1,-2,1,0,-3,0,-1,-2,1,2,-3,0,1,35
3047,3,0,-1,-2,-1,2,1,0,3,0,-1,-2,-1,35
3048,1,4,1,-2,-5,-2,-7,0,-1,0,1,2,1,107
3049,-1,2,3,-4,-3,0,-5,2,1,-2,3,0,-1,83
3050,-3,6,-1,0,-3,0,-5,2,-3,2,-1,0,1,99
3051,-1,4,1,-2,-1,2,-3,4,-1,0,1,-2,-1,59
3052,1,0,3,0,-3,0,-5,-2,1,-2,-1,2,1,59
3053,-1,2,5,-2,-1,2,-3,0,3,-4,1,0,-1,75
3054,1,2,1,2,-1,2,-3,0,-1,0,-3,0,1,35
3055,3,4,3,0,1,4,-1,2,1,-2,-1,-2,-1,67
3056,5,4,1,-4,-5,-6,-3,-4,-1,2,1,2,1,155
3057,3,2,-1,-2,-3,-4,-1,-2,1,0,3,0,-1,59
3058,1,2,3,-2,-3,-4,-1,-2,-3,4,-1,0,1,75
3059,3,0,1,0,-1,-2,1,0,-1,2,1,-2,-1,27
3060,1,4,3,-2,-3,-4,-1,-6,1,0,-1,2,1,99
3061,-1,6,1,0,-1,-2,1,-4,3,-2,1,0,-1,75
3062,1,2,5,0,-1,-2,1,-4,-1,2,-3,0,1,67
3063,3,4,3,2,1,0,3,-2,1,0,-1,-2,-1,59
3064,5,4,1,-2,-3,-4,-5,-2,-3,0,1,2,1,115
3065,3,2,3,0,-1,-2,-3,0,-1,-2,3,0,-1,51
3066,1,6,3,0,-1,-2,-3,0,-5,2,-1,0,1,91
3067,3,4,5,2,1,0,-1,2,-3,0,1,-2,-1,75
3068,5,4,3,0,-1,-2,-3,-4,-1,-2,-1,2,1,91
3069,3,6,5,2,1,0,-1,-2,1,-4,1,0,-1,99
3070,5,6,5,2,1,0,-1,-2,-3,0,-3,0,1,115
3071,7,8,7,4,3,2,1,0,-1,-2,-1,-2,-1,203
3072,9,4,5,6,5,4,3,2,1,0,1,2,1,219
3073,7,2,3,4,3,2,1,0,-1,2,3,0,-1,107
3074,5,2,3,4,3,2,1,0,3,2,-1,0,1,83
3075,7,0,1,2,1,0,-1,-2,1,4,1,-2,-1,83
3076,5,0,3,4,3,2,1,4,3,-2,-1,2,1,99
3077,3,2,1,2,1,0,-1,2,1,0,1,0,-1,27
3078,5,-2,1,2,1,0,-1,2,5,0,-3,0,1,75
3079,7,0,-1,0,-1,-2,-3,0,3,2,-1,-2,-1,83
3080,5,0,1,4,3,2,5,4,-1,-2,1,2,1,107
3081,3,-2,3,2,1,0,3,2,-3,0,3,0,-1,59
3082,1,2,-1,2,1,0,3,2,1,0,-1,0,1,27
3083,3,0,1,0,-1,-2,1,0,-1,2,1,-2,-1,27
3084,5,-4,-1,2,1,0,3,6,1,-4,-1,2,1,115
3085,3,-2,1,0,-1,-2,1,4,-1,-2,1,0,-1,43
3086,5,-2,-3,0,-1,-2,1,4,3,-2,-3,0,1,83
3087,7,0,-1,-2,-3,-4,-1,2,1,0,-1,-2,-1,91
3088,5,0,1,2,3,6,5,0,-1,0,1,2,1,107
3089,3,-2,-1,4,1,4,3,-2,-3,2,3,0,-1,83
3090,1,-2,3,0,1,4,3,-2,1,2,-1,0,1,51
3091,3,-4,1,2,-1,2,1,-4,-1,4,1,-2,-1,75
3092,1,0,-1,0,1,4,3,2,1,-2,-1,2,1,43
3093,-1,2,-3,2,-1,2,1,0,-1,0,1,0,-1,27
3094,1,-2,1,-2,-1,2,1,0,3,0,-3,0,1,35
3095,3,0,-1,0,-3,0,-1,-2,1,2,-1,-2,-1,35
3096,5,-4,-3,0,1,4,7,2,-3,-2,1,2,1,139
3097,3,-6,-1,2,-1,2,5,0,-5,0,3,0,-1,115
3098,1,-2,-1,-2,-1,2,5,0,-1,0,-1,0,1,43
3099,3,-4,1,0,-3,0,3,-2,-3,2,1,-2,-1,67
3100,5,-4,-5,-2,-1,2,5,4,-1,-4,-1,2,1,139
3101,3,-2,-3,0,-3,0,3,2,-3,-2,1,0,-1,59
3102,5,-2,-3,-4,-3,0,3,2,1,-2,-3,0,1,91
3103,7,0,-1,-2,-5,-2,1,0,-1,0,-1,-2,-1,91
3104,5,0,1,2,5,6,1,0,1,0,1,2,1,99
3105,3,-2,-1,0,7,4,-1,-2,-1,2,3,0,-1,99
3106,1,-2,-1,4,3,4,-1,-2,3,2,-1,0,1,67
3107,3,-4,-3,2,5,2,-3,-4,1,4,1,-2,-1,115
3108,1,-4,3,0,3,4,-1,2,3,-2,-1,2,1,75
3109,-1,-2,1,-2,5,2,-3,0,1,0,1,0,-1,51
3110,1,-6,1,2,1,2,-3,0,5,0,-3,0,1,91
3111,3,-4,-1,0,3,0,-5,-2,3,2,-1,-2,-1,83
3112,1,0,-3,0,3,4,3,2,-1,-2,1,2,1,59
3113,-1,-2,-1,-2,5,2,1,0,-3,0,3,0,-1,59
3114,-3,2,-5,2,1,2,1,0,1,0,-1,0,1,51
3115,-1,0,-3,0,3,0,-1,-2,-1,2,1,-2,-1,35
3116,1,-4,-1,-2,1,2,1,4,1,-4,-1,2,1,67
3117,-1,-2,1,-4,3,0,-1,2,-1,-2,1,0,-1,43
3118,1,-2,-3,0,-1,0,-1,2,3,-2,-3,0,1,43
3119,3,0,-1,-2,1,-2,-3,0,1,0,-1,-2,-1,35
3120,5,-4,-3,-2,3,8,3,-2,-1,0,1,2,1,147
3121,3,-6,-5,0,5,6,1,-4,-3,2,3,0,-1,171
3122,1,-6,-1,0,1,6,1,-4,1,2,-1,0,1,99
3123,3,-8,-3,2,3,4,-1,-6,-1,4,1,-2,-1,171
3124,1,-4,-1,-4,1,6,1,0,1,-2,-1,2,1,83
3125,-1,-2,-3,-2,3,4,-1,-2,-1,0,1,0,-1,51
3126,1,-6,1,-2,-1,4,-1,-2,3,0,-3,0,1,83
3127,3,-4,-1,0,1,2,-3,-4,1,2,-1,-2,-1,67
3128,5,-4,-7,-4,1,6,5,0,-3,-2,1,2,1,187
3129,3,-6,-5,-2,3,4,3,-2,-5,0,3,0,-1,147
3130,1,-2,-5,-2,-1,4,3,-2,-1,0,-1,0,1,67
3131,3,-4,-3,0,1,2,1,-4,-3,2,1,-2,-1,75
3132,5,-4,-5,-6,-1,4,3,2,-1,-4,-1,2,1,155
3133,3,-2,-3,-4,1,2,1,0,-3,-2,1,0,-1,59
3134,5,-2,-3,-4,-3,2,1,0,1,-2,-3,0,1,83
3135,7,0,-1,-2,-1,0,-1,-2,-1,0,-1,-2,-1,67
3136,5,0,1,6,5,0,1,2,1,0,1,2,1,99
3137,3,-2,-1,4,3,2,-1,0,-1,2,3,0,-1,59
3138,1,-2,-1,4,7,-2,-1,0,3,2,-1,0,1,91
3139,3,-4,-3,2,5,0,-3,-2,1,4,1,-2,-1,99
3140,1,-4,-1,8,3,-2,-1,4,3,-2,-1,2,1,131
3141,-1,-2,-3,6,1,0,-3,2,1,0,1,0,-1,67
3142,1,-6,-3,6,5,-4,-3,2,5,0,-3,0,1,171
3143,3,-4,-5,4,3,-2,-5,0,3,2,-1,-2,-1,123
3144,1,-4,1,4,3,-2,3,4,-1,-2,1,2,1,83
3145,-1,-6,3,2,1,0,1,2,-3,0,3,0,-1,75
3146,-3,-2,-1,2,5,-4,1,2,1,0,-1,0,1,67
3147,-1,-4,1,0,3,-2,-1,0,-1,2,1,-2,-1,43
3148,1,-8,-1,6,1,-4,1,6,1,-4,-1,2,1,179
3149,-1,-6,1,4,-1,-2,-1,4,-1,-2,1,0,-1,83
3150,1,-6,-3,4,3,-6,-1,4,3,-2,-3,0,1,147
3151,3,-4,-1,2,1,-4,-3,2,1,0,-1,-2,-1,67
3152,1,0,-3,2,3,2,3,0,-1,0,1,2,1,43
3153,-1,-2,-5,4,1,4,1,-2,-3,2,3,0,-1,91
3154,-3,-2,-1,0,5,0,1,-2,1,2,-1,0,1,51
3155,-1,-4,-3,2,3,2,-1,-4,-1,4,1,-2,-1,83
3156,-3,0,-5,4,1,0,1,2,1,-2,-1,2,1,67
3157,-5,2,-7,6,-1,2,-1,0,-1,0,1,0,-1,123
3158,-3,-2,-3,2,3,-2,-1,0,3,0,-3,0,1,59
3159,-1,0,-5,4,1,0,-3,-2,1,2,-1,-2,-1,67
3160,1,-4,-3,0,1,0,5,2,-3,-2,1,2,1,75
3161,-1,-6,-1,2,-1,2,3,0,-5,0,3,0,-1,91
3162,-3,-2,-1,-2,3,-2,3,0,-1,0,-1,0,1,43
3163,-1,-4,1,0,1,0,1,-2,-3,2,1,-2,-1,43
3164,1,-4,-5,2,-1,-2,3,4,-1,-4,-1,2,1,99
3165,-1,-2,-3,4,-3,0,1,2,-3,-2,1,0,-1,59
3166,1,-2,-3,0,1,-4,1,2,1,-2,-3,0,1,51
3167,3,0,-1,2,-1,-2,-1,0,-1,0,-1,-2,-1,27
3168,5,-4,-3,2,5,2,-1,0,1,0,1,2,1,91
3169,3,-6,-5,0,7,4,-3,-2,-1,2,3,0,-1,163
3170,1,-6,-5,4,7,0,-3,-2,3,2,-1,0,1,155
3171,3,-8,-7,2,9,2,-5,-4,1,4,1,-2,-1,275
3172,1,-8,-1,4,3,0,-3,2,3,-2,-1,2,1,123
3173,-1,-6,-3,2,5,2,-5,0,1,0,1,0,-1,107
3174,1,-10,-3,6,5,-2,-5,0,5,0,-3,0,1,235
3175,3,-8,-5,4,7,0,-7,-2,3,2,-1,-2,-1,235
3176,1,-4,-3,0,3,0,1,2,-1,-2,1,2,1,51
3177,-1,-6,-1,-2,5,2,-1,0,-3,0,3,0,-1,91
3178,-3,-2,-5,2,5,-2,-1,0,1,0,-1,0,1,75
3179,-1,-4,-3,0,7,0,-3,-2,-1,2,1,-2,-1,99
3180,1,-8,-1,2,1,-2,-1,4,1,-4,-1,2,1,115
3181,-1,-6,1,0,3,0,-3,2,-1,-2,1,0,-1,67
3182,1,-6,-3,4,3,-4,-3,2,3,-2,-3,0,1,123
3183,3,-4,-1,2,5,-2,-5,0,1,0,-1,-2,-1,91
3184,5,-4,-7,-2,3,4,1,-2,-1,0,1,2,1,131
3185,3,-6,-9,0,5,6,-1,-4,-3,2,3,0,-1,227
3186,1,-6,-5,0,5,2,-1,-4,1,2,-1,0,1,115
3187,3,-8,-7,2,7,4,-3,-6,-1,4,1,-2,-1,259
3188,1,-4,-5,0,1,2,-1,0,1,-2,-1,2,1,59
3189,-1,-2,-7,2,3,4,-3,-2,-1,0,1,0,-1,99
3190,1,-6,-3,2,3,0,-3,-2,3,0,-3,0,1,91
3191,3,-4,-5,4,5,2,-5,-4,1,2,-1,-2,-1,147
3192,5,-4,-7,-4,1,2,3,0,-3,-2,1,2,1,139
3193,3,-6,-5,-2,3,4,1,-2,-5,0,3,0,-1,139
3194,1,-2,-5,-2,3,0,1,-2,-1,0,-1,0,1,51
3195,3,-4,-3,0,5,2,-1,-4,-3,2,1,-2,-1,99
3196,5,-4,-5,-2,-1,0,1,2,-1,-4,-1,2,1,99
3197,3,-2,-3,0,1,2,-1,0,-3,-2,1,0,-1,43
3198,5,-2,-3,0,1,-2,-1,0,1,-2,-3,0,1,59
3199,7,0,-1,2,3,0,-3,-2,-1,0,-1,-2,-1,83
3200,5,0,5,6,1,0,1,2,1,0,1,2,1,99
3201,3,-2,3,4,-1,-2,3,0,-1,2,3,0,-1,67
3202,1,-2,3,4,-1,2,-1,0,3,2,-1,0,1,51
3203,3,-4,1,2,-3,0,1,-2,1,4,1,-2,-1,67
3204,1,-4,3,4,3,-2,-1,4,3,-2,-1,2,1,91
3205,-1,-2,1,2,1,-4,1,2,1,0,1,0,-1,35
3206,1,-6,1,2,1,0,-3,2,5,0,-3,0,1,91
3207,3,-4,-1,0,-1,-2,-1,0,3,2,-1,-2,-1,51
3208,1,-4,1,8,-1,-2,3,4,-1,-2,1,2,1,123
3209,-1,-6,3,6,-3,-4,5,2,-3,0,3,0,-1,155
3210,-3,-2,-1,6,-3,0,1,2,1,0,-1,0,1,67
3211,-1,-4,1,4,-5,-2,3,0,-1,2,1,-2,-1,83
3212,1,-8,-1,6,1,-4,1,6,1,-4,-1,2,1,179
3213,-1,-6,1,4,-1,-6,3,4,-1,-2,1,0,-1,123
3214,1,-6,-3,4,-1,-2,-1,4,3,-2,-3,0,1,107
3215,3,-4,-1,2,-3,-4,1,2,1,0,-1,-2,-1,67
3216,1,-4,5,2,-1,2,3,0,-1,0,1,2,1,67
3217,-1,-6,3,4,-3,0,5,-2,-3,2,3,0,-1,123
3218,-3,-6,7,0,-3,4,1,-2,1,2,-1,0,1,131
3219,-1,-8,5,2,-5,2,3,-4,-1,4,1,-2,-1,171
3220,-3,-4,3,0,1,0,1,2,1,-2,-1,2,1,51
3221,-5,-2,1,2,-1,-2,3,0,-1,0,1,0,-1,51
3222,-3,-6,5,-2,-1,2,-1,0,3,0,-3,0,1,99
3223,-1,-4,3,0,-3,0,1,-2,1,2,-1,-2,-1,51
3224,1,-8,1,4,-3,0,5,2,-3,-2,1,2,1,139
3225,-1,-10,3,6,-5,-2,7,0,-5,0,3,0,-1,259
3226,-3,-6,3,2,-5,2,3,0,-1,0,-1,0,1,99
3227,-1,-8,5,4,-7,0,5,-2,-3,2,1,-2,-1,203
3228,1,-8,-1,2,-1,-2,3,4,-1,-4,-1,2,1,123
3229,-1,-6,1,4,-3,-4,5,2,-3,-2,1,0,-1,123
3230,1,-6,1,0,-3,0,1,2,1,-2,-3,0,1,67
3231,3,-4,3,2,-5,-2,3,0,-1,0,-1,-2,-1,83
3232,1,0,1,2,1,2,-1,0,1,0,1,2,1,19
3233,-1,-2,-1,0,3,0,1,-2,-1,2,3,0,-1,35
3234,-3,-2,-1,4,-1,4,-3,-2,3,2,-1,0,1,75
3235,-1,-4,-3,2,1,2,-1,-4,1,4,1,-2,-1,75
3236,-3,-4,3,0,3,0,-3,2,3,-2,-1,2,1,75
3237,-5,-2,1,-2,5,-2,-1,0,1,0,1,0,-1,67
3238,-3,-6,1,2,1,2,-5,0,5,0,-3,0,1,115
3239,-1,-4,-1,0,3,0,-3,-2,3,2,-1,-2,-1,59
3240,-3,0,-3,4,-1,0,1,2,-1,-2,1,2,1,51
3241,-5,-2,-1,2,1,-2,3,0,-3,0,3,0,-1,67
3242,-7,2,-5,6,-3,2,-1,0,1,0,-1,0,1,131
3243,-5,0,-3,4,-1,0,1,-2,-1,2,1,-2,-1,67
3244,-3,-4,-1,2,1,-2,-1,4,1,-4,-1,2,1,75
3245,-5,-2,1,0,3,-4,1,2,-1,-2,1,0,-1,67
3246,-3,-2,-3,4,-1,0,-3,2,3,-2,-3,0,1,75
3247,-1,0,-1,2,1,-2,-1,0,1,0,-1,-2,-1,19
3248,1,-4,1,-2,-1,4,1,-2,-1,0,1,2,1,51
3249,-1,-6,-1,0,1,2,3,-4,-3,2,3,0,-1,91
3250,-3,-6,3,0,-3,6,-1,-4,1,2,-1,0,1,123
3251,-1,-8,1,2,-1,4,1,-6,-1,4,1,-2,-1,147
3252,-3,-4,3,-4,1,2,-1,0,1,-2,-1,2,1,67
3253,-5,-2,1,-2,3,0,1,-2,-1,0,1,0,-1,51
3254,-3,-6,5,-2,-1,4,-3,-2,3,0,-3,0,1,123
3255,-1,-4,3,0,1,2,-1,-4,1,2,-1,-2,-1,59
3256,1,-4,-3,0,-3,2,3,0,-3,-2,1,2,1,67
3257,-1,-6,-1,2,-1,0,5,-2,-5,0,3,0,-1,107
3258,-3,-2,-1,2,-5,4,1,-2,-1,0,-1,0,1,67
3259,-1,-4,1,4,-3,2,3,-4,-3,2,1,-2,-1,91
3260,1,-4,-1,-2,-1,0,1,2,-1,-4,-1,2,1,51
3261,-1,-2,1,0,1,-2,3,0,-3,-2,1,0,-1,35
3262,1,-2,1,0,-3,2,-1,0,1,-2,-3,0,1,35
3263,3,0,3,2,-1,0,1,-2,-1,0,-1,-2,-1,35
3264,5,-4,1,6,1,-4,-1,2,1,0,1,2,1,107
3265,3,-6,-1,4,-1,-2,1,0,-1,2,3,0,-1,83
3266,1,-6,-1,4,3,-2,-3,0,3,2,-1,0,1,91
3267,3,-8,-3,2,1,0,-1,-2,1,4,1,-2,-1,115
3268,1,-8,-1,8,3,-6,-3,4,3,-2,-1,2,1,219
3269,-1,-6,-3,6,1,-4,-1,2,1,0,1,0,-1,107
3270,1,-10,-3,6,5,-4,-5,2,5,0,-3,0,1,251
3271,3,-8,-5,4,3,-2,-3,0,3,2,-1,-2,-1,155
3272,1,-8,1,8,-1,-6,1,4,-1,-2,1,2,1,195
3273,-1,-10,3,6,-3,-4,3,2,-3,0,3,0,-1,203
3274,-3,-6,-1,6,1,-4,-1,2,1,0,-1,0,1,107
3275,-1,-8,1,4,-1,-2,1,0,-1,2,1,-2,-1,99
3276,1,-12,-1,10,1,-8,-1,6,1,-4,-1,2,1,371
3277,-1,-10,1,8,-1,-6,1,4,-1,-2,1,0,-1,227
3278,1,-10,-3,8,3,-6,-3,4,3,-2,-3,0,1,267
3279,3,-8,-1,6,1,-4,-1,2,1,0,-1,-2,-1,139
3280,1,-4,1,2,-1,-2,1,0,-1,0,1,2,1,35
3281,-1,-6,-1,4,-3,0,3,-2,-3,2,3,0,-1,99
3282,-3,-6,3,0,1,0,-1,-2,1,2,-1,0,1,67
3283,-1,-8,1,2,-1,2,1,-4,-1,4,1,-2,-1,115
3284,-3,-4,-1,4,1,-4,-1,2,1,-2,-1,2,1,75
3285,-5,-2,-3,6,-1,-2,1,0,-1,0,1,0,-1,83
3286,-3,-6,1,2,3,-2,-3,0,3,0,-3,0,1,91
3287,-1,-4,-1,4,1,0,-1,-2,1,2,-1,-2,-1,51
3288,1,-8,1,4,-3,-4,3,2,-3,-2,1,2,1,139
3289,-1,-10,3,6,-5,-2,5,0,-5,0,3,0,-1,235
3290,-3,-6,3,2,-1,-2,1,0,-1,0,-1,0,1,67
3291,-1,-8,5,4,-3,0,3,-2,-3,2,1,-2,-1,147
3292,1,-8,-1,6,-1,-6,1,4,-1,-4,-1,2,1,179
3293,-1,-6,1,8,-3,-4,3,2,-3,-2,1,0,-1,155
3294,1,-6,1,4,1,-4,-1,2,1,-2,-3,0,1,91
3295,3,-4,3,6,-1,-2,1,0,-1,0,-1,-2,-1,83
3296,5,-4,-3,2,1,-2,-3,0,1,0,1,2,1,75
3297,3,-6,-5,0,3,0,-1,-2,-1,2,3,0,-1,99
3298,1,-6,-5,4,3,0,-5,-2,3,2,-1,0,1,131
3299,3,-8,-7,2,5,2,-3,-4,1,4,1,-2,-1,203
3300,1,-8,-1,4,3,-4,-5,2,3,-2,-1,2,1,155
3301,-1,-6,-3,2,5,-2,-3,0,1,0,1,0,-1,91
3302,1,-10,-3,6,5,-2,-7,0,5,0,-3,0,1,259
3303,3,-8,-5,4,7,0,-5,-2,3,2,-1,-2,-1,211
3304,1,-4,-3,4,-1,-4,-1,2,-1,-2,1,2,1,75
3305,-1,-6,-1,2,1,-2,1,0,-3,0,3,0,-1,67
3306,-3,-2,-5,6,1,-2,-3,0,1,0,-1,0,1,91
3307,-1,-4,-3,4,3,0,-1,-2,-1,2,1,-2,-1,67
3308,1,-8,-1,6,1,-6,-3,4,1,-4,-1,2,1,187
3309,-1,-6,1,4,3,-4,-1,2,-1,-2,1,0,-1,91
3310,1,-6,-3,8,3,-4,-5,2,3,-2,-3,0,1,187
3311,3,-4,-1,6,5,-2,-3,0,1,0,-1,-2,-1,107
3312,5,-4,-3,-2,-1,0,-1,-2,-1,0,1,2,1,67
3313,3,-6,-5,0,1,2,1,-4,-3,2,3,0,-1,115
3314,1,-6,-1,0,1,2,-3,-4,1,2,-1,0,1,75
3315,3,-8,-3,2,3,4,-1,-6,-1,4,1,-2,-1,171
3316,1,-4,-1,0,1,-2,-3,0,1,-2,-1,2,1,43
3317,-1,-2,-3,2,3,0,-1,-2,-1,0,1,0,-1,35
3318,1,-6,1,2,3,0,-5,-2,3,0,-3,0,1,99
3319,3,-4,-1,4,5,2,-3,-4,1,2,-1,-2,-1,107
3320,5,-4,-3,0,-3,-2,1,0,-3,-2,1,2,1,83
3321,3,-6,-1,2,-1,0,3,-2,-5,0,3,0,-1,99
3322,1,-2,-1,2,-1,0,-1,-2,-1,0,-1,0,1,19
3323,3,-4,1,4,1,2,1,-4,-3,2,1,-2,-1,83
3324,5,-4,-1,2,-1,-4,-1,2,-1,-4,-1,2,1,91
3325,3,-2,1,4,1,-2,1,0,-3,-2,1,0,-1,51
3326,5,-2,1,4,1,-2,-3,0,1,-2,-3,0,1,75
3327,7,0,3,6,3,0,-1,-2,-1,0,-1,-2,-1,115
3328,5,4,5,2,1,2,1,0,1,0,1,2,1,83
3329,3,2,3,0,-1,0,-1,2,-1,2,3,0,-1,43
3330,1,2,3,0,-1,0,3,-2,3,2,-1,0,1,43
3331,3,0,1,-2,-3,-2,1,0,1,4,1,-2,-1,51
3332,1,0,3,0,-1,4,-1,2,3,-2,-1,2,1,51
3333,-1,2,1,-2,-3,2,-3,4,1,0,1,0,-1,51
3334,1,-2,1,-2,-3,2,1,0,5,0,-3,0,1,59
3335,3,0,-1,-4,-5,0,-1,2,3,2,-1,-2,-1,75
3336,1,0,1,0,3,0,3,2,-1,-2,1,2,1,35
3337,-1,-2,3,-2,1,-2,1,4,-3,0,3,0,-1,59
3338,-3,2,-1,-2,1,-2,5,0,1,0,-1,0,1,51
3339,-1,0,1,-4,-1,-4,3,2,-1,2,1,-2,-1,59
3340,1,-4,-1,-2,1,2,1,4,1,-4,-1,2,1,67
3341,-1,-2,1,-4,-1,0,-1,6,-1,-2,1,0,-1,67
3342,1,-2,-3,-4,-1,0,3,2,3,-2,-3,0,1,67
3343,3,0,-1,-6,-3,-2,1,4,1,0,-1,-2,-1,83
3344,1,0,1,2,-1,4,3,-2,-1,0,1,2,1,43
3345,-1,-2,-1,4,-3,2,1,0,-3,2,3,0,-1,59
3346,-3,-2,3,0,-3,2,5,-4,1,2,-1,0,1,83
3347,-1,-4,1,2,-5,0,3,-2,-1,4,1,-2,-1,83
3348,-3,0,-1,0,-3,6,1,0,1,-2,-1,2,1,67
3349,-5,2,-3,2,-5,4,-1,2,-1,0,1,0,-1,91
3350,-3,-2,1,-2,-5,4,3,-2,3,0,-3,0,1,91
3351,-1,0,-1,0,-7,2,1,0,1,2,-1,-2,-1,67
3352,1,-4,-3,0,1,2,5,0,-3,-2,1,2,1,75
3353,-1,-6,-1,2,-1,0,3,2,-5,0,3,0,-1,91
3354,-3,-2,-1,-2,-1,0,7,-2,-1,0,-1,0,1,75
3355,-1,-4,1,0,-3,-2,5,0,-3,2,1,-2,-1,75
3356,1,-4,-5,-2,-1,4,3,2,-1,-4,-1,2,1,99
3357,-1,-2,-3,0,-3,2,1,4,-3,-2,1,0,-1,59
3358,1,-2,-3,-4,-3,2,5,0,1,-2,-3,0,1,83
3359,3,0,-1,-2,-5,0,3,2,-1,0,-1,-2,-1,59
3360,1,0,5,-2,1,4,-1,-2,1,0,1,2,1,59
3361,-1,-2,3,-4,3,2,-3,0,-1,2,3,0,-1,67
3362,-3,-2,3,0,-1,2,1,-4,3,2,-1,0,1,59
3363,-1,-4,1,-2,1,0,-1,-2,1,4,1,-2,-1,51
3364,-3,-4,7,-4,-1,6,-3,0,3,-2,-1,2,1,155
3365,-5,-2,5,-6,1,4,-5,2,1,0,1,0,-1,139
3366,-3,-6,5,-2,-3,4,-1,-2,5,0,-3,0,1,139
3367,-1,-4,3,-4,-1,2,-3,0,3,2,-1,-2,-1,75
3368,-3,0,1,-4,3,2,1,0,-1,-2,1,2,1,51
3369,-5,-2,3,-6,5,0,-1,2,-3,0,3,0,-1,123
3370,-7,2,-1,-2,1,0,3,-2,1,0,-1,0,1,75
3371,-5,0,1,-4,3,-2,1,0,-1,2,1,-2,-1,67
3372,-3,-4,3,-6,1,4,-1,2,1,-4,-1,2,1,115
3373,-5,-2,5,-8,3,2,-3,4,-1,-2,1,0,-1,163
3374,-3,-2,1,-4,-1,2,1,0,3,-2,-3,0,1,59
3375,-1,0,3,-6,1,0,-1,2,1,0,-1,-2,-1,59
3376,1,-4,1,-2,-1,6,1,-4,-1,0,1,2,1,83
3377,-1,-6,-1,0,1,4,-1,-2,-3,2,3,0,-1,83
3378,-3,-6,3,0,-3,4,3,-6,1,2,-1,0,1,131
3379,-1,-8,1,2,-1,2,1,-4,-1,4,1,-2,-1,115
3380,-3,-4,3,-4,-3,8,-1,-2,1,-2,-1,2,1,139
3381,-5,-2,1,-2,-1,6,-3,0,-1,0,1,0,-1,83
3382,-3,-6,5,-2,-5,6,1,-4,3,0,-3,0,1,171
3383,-1,-4,3,0,-3,4,-1,-2,1,2,-1,-2,-1,67
3384,1,-4,-3,-4,1,4,3,-2,-3,-2,1,2,1,91
3385,-1,-6,-1,-2,3,2,1,0,-5,0,3,0,-1,91
3386,-3,-2,-1,-2,-1,2,5,-4,-1,0,-1,0,1,67
3387,-1,-4,1,0,1,0,3,-2,-3,2,1,-2,-1,51
3388,1,-4,-1,-6,-1,6,1,0,-1,-4,-1,2,1,115
3389,-1,-2,1,-4,1,4,-1,2,-3,-2,1,0,-1,59
3390,1,-2,1,-4,-3,4,3,-2,1,-2,-3,0,1,75
3391,3,0,3,-2,-1,2,1,0,-1,0,-1,-2,-1,35
3392,1,4,1,2,1,-2,-1,0,1,0,1,2,1,35
3393,-1,2,-1,0,-1,0,-3,2,-1,2,3,0,-1,35
3394,-3,2,-1,0,3,-4,1,-2,3,2,-1,0,1,59
3395,-1,0,-3,-2,1,-2,-1,0,1,4,1,-2,-1,43
3396,-3,0,-1,4,-1,0,-3,2,3,-2,-1,2,1,59
3397,-5,2,-3,2,-3,2,-5,4,1,0,1,0,-1,99
3398,-3,-2,-3,2,1,-2,-1,0,5,0,-3,0,1,67
3399,-1,0,-5,0,-1,0,-3,2,3,2,-1,-2,-1,59
3400,-3,0,1,0,3,-4,1,2,-1,-2,1,2,1,51
3401,-5,-2,3,-2,1,-2,-1,4,-3,0,3,0,-1,83
3402,-7,2,-1,-2,5,-6,3,0,1,0,-1,0,1,131
3403,-5,0,1,-4,3,-4,1,2,-1,2,1,-2,-1,83
3404,-3,-4,-1,2,1,-2,-1,4,1,-4,-1,2,1,75
3405,-5,-2,1,0,-1,0,-3,6,-1,-2,1,0,-1,83
3406,-3,-2,-3,0,3,-4,1,2,3,-2,-3,0,1,75
3407,-1,0,-1,-2,1,-2,-1,4,1,0,-1,-2,-1,35
3408,-3,4,-3,2,-1,0,1,-2,-1,0,1,2,1,51
3409,-5,2,-5,4,-3,2,-1,0,-3,2,3,0,-1,107
3410,-7,2,-1,0,1,-2,3,-4,1,2,-1,0,1,91
3411,-5,0,-3,2,-1,0,1,-2,-1,4,1,-2,-1,67
3412,-7,4,-5,4,-3,2,-1,0,1,-2,-1,2,1,131
3413,-9,6,-7,6,-5,4,-3,2,-1,0,1,0,-1,259
3414,-7,2,-3,2,-1,0,1,-2,3,0,-3,0,1,91
3415,-5,4,-5,4,-3,2,-1,0,1,2,-1,-2,-1,107
3416,-3,0,-3,0,1,-2,3,0,-3,-2,1,2,1,51
3417,-5,-2,-1,2,-1,0,1,2,-5,0,3,0,-1,75
3418,-7,2,-1,-2,3,-4,5,-2,-1,0,-1,0,1,115
3419,-5,0,1,0,1,-2,3,0,-3,2,1,-2,-1,59
3420,-3,0,-5,2,-1,0,1,2,-1,-4,-1,2,1,67
3421,-5,2,-3,4,-3,2,-1,4,-3,-2,1,0,-1,99
3422,-3,2,-3,0,1,-2,3,0,1,-2,-3,0,1,51
3423,-1,4,-1,2,-1,0,1,2,-1,0,-1,-2,-1,35
3424,1,0,1,-2,1,0,-3,-2,1,0,1,2,1,27
3425,-1,-2,-1,-4,3,2,-5,0,-1,2,3,0,-1,75
3426,-3,-2,-1,0,3,-2,-1,-4,3,2,-1,0,1,59
3427,-1,-4,-3,-2,5,0,-3,-2,1,4,1,-2,-1,91
3428,-3,-4,3,0,-1,2,-5,0,3,-2,-1,2,1,83
3429,-5,-2,1,-2,1,4,-7,2,1,0,1,0,-1,107
3430,-3,-6,1,2,1,0,-3,-2,5,0,-3,0,1,99
3431,-1,-4,-1,0,3,2,-5,0,3,2,-1,-2,-1,75
3432,-3,0,1,-4,3,-2,-1,0,-1,-2,1,2,1,51
3433,-5,-2,3,-6,5,0,-3,2,-3,0,3,0,-1,131
3434,-7,2,-1,-2,5,-4,1,-2,1,0,-1,0,1,107
3435,-5,0,1,-4,7,-2,-1,0,-1,2,1,-2,-1,107
3436,-3,-4,3,-2,1,0,-3,2,1,-4,-1,2,1,75
3437,-5,-2,5,-4,3,2,-5,4,-1,-2,1,0,-1,131
3438,-3,-2,1,0,3,-2,-1,0,3,-2,-3,0,1,51
3439,-1,0,3,-2,5,0,-3,2,1,0,-1,-2,-1,59
3440,1,0,-3,-2,-1,2,-1,-4,-1,0,1,2,1,43
3441,-1,-2,-5,0,1,4,-3,-2,-3,2,3,0,-1,83
3442,-3,-2,-1,0,1,0,1,-6,1,2,-1,0,1,59
3443,-1,-4,-3,2,3,2,-1,-4,-1,4,1,-2,-1,83
3444,-3,0,-1,0,-3,4,-3,-2,1,-2,-1,2,1,59
3445,-5,2,-3,2,-1,6,-5,0,-1,0,1,0,-1,107
3446,-3,-2,1,2,-1,2,-1,-4,3,0,-3,0,1,59
3447,-1,0,-1,4,1,4,-3,-2,1,2,-1,-2,-1,59
3448,1,0,-3,-4,1,0,1,-2,-3,-2,1,2,1,51
3449,-1,-2,-1,-2,3,2,-1,0,-5,0,3,0,-1,59
3450,-3,2,-1,-2,3,-2,3,-4,-1,0,-1,0,1,59
3451,-1,0,1,0,5,0,1,-2,-3,2,1,-2,-1,51
3452,1,0,-1,-2,-1,2,-1,0,-1,-4,-1,2,1,35
3453,-1,2,1,0,1,4,-3,2,-3,-2,1,0,-1,51
3454,1,2,1,0,1,0,1,-2,1,-2,-3,0,1,27
3455,3,4,3,2,3,2,-1,0,-1,0,-1,-2,-1,59
3456,5,0,5,2,-3,-2,-1,0,1,0,1,2,1,75
3457,3,-2,3,0,-5,-4,1,2,-1,2,3,0,-1,83
3458,1,-2,3,0,-5,0,1,-2,3,2,-1,0,1,59
3459,3,-4,1,-2,-7,-2,3,0,1,4,1,-2,-1,115
3460,1,-4,3,0,-1,0,-3,2,3,-2,-1,2,1,59
3461,-1,-2,1,-2,-3,-2,-1,4,1,0,1,0,-1,43
3462,1,-6,1,-2,-3,2,-1,0,5,0,-3,0,1,91
3463,3,-4,-1,-4,-5,0,1,2,3,2,-1,-2,-1,91
3464,1,-4,1,4,-1,-4,1,2,-1,-2,1,2,1,67
3465,-1,-6,3,2,-3,-6,3,4,-3,0,3,0,-1,139
3466,-3,-2,-1,2,-3,-2,3,0,1,0,-1,0,1,43
3467,-1,-4,1,0,-5,-4,5,2,-1,2,1,-2,-1,99
3468,1,-8,-1,2,1,-2,-1,4,1,-4,-1,2,1,115
3469,-1,-6,1,0,-1,-4,1,6,-1,-2,1,0,-1,99
3470,1,-6,-3,0,-1,0,1,2,3,-2,-3,0,1,75
3471,3,-4,-1,-2,-3,-2,3,4,1,0,-1,-2,-1,75
3472,1,-4,5,2,-5,0,1,-2,-1,0,1,2,1,83
3473,-1,-6,3,4,-7,-2,3,0,-3,2,3,0,-1,147
3474,-3,-6,7,0,-7,2,3,-4,1,2,-1,0,1,179
3475,-1,-8,5,2,-9,0,5,-2,-1,4,1,-2,-1,227
3476,-3,-4,3,0,-3,2,-1,0,1,-2,-1,2,1,59
3477,-5,-2,1,2,-5,0,1,2,-1,0,1,0,-1,67
3478,-3,-6,5,-2,-5,4,1,-2,3,0,-3,0,1,139
3479,-1,-4,3,0,-7,2,3,0,1,2,-1,-2,-1,99
3480,1,-8,1,4,-3,-2,3,0,-3,-2,1,2,1,123
3481,-1,-10,3,6,-5,-4,5,2,-5,0,3,0,-1,251
3482,-3,-6,3,2,-5,0,5,-2,-1,0,-1,0,1,115
3483,-1,-8,5,4,-7,-2,7,0,-3,2,1,-2,-1,227
3484,1,-8,-1,2,-1,0,1,2,-1,-4,-1,2,1,99
3485,-1,-6,1,4,-3,-2,3,4,-3,-2,1,0,-1,107
3486,1,-6,1,0,-3,2,3,0,1,-2,-3,0,1,75
3487,3,-4,3,2,-5,0,5,2,-1,0,-1,-2,-1,99
3488,1,0,5,-2,-3,0,-3,-2,1,0,1,2,1,59
3489,-1,-2,3,-4,-1,-2,-1,0,-1,2,3,0,-1,51
3490,-3,-2,3,0,-5,2,-1,-4,3,2,-1,0,1,83
3491,-1,-4,1,-2,-3,0,1,-2,1,4,1,-2,-1,59
3492,-3,-4,7,-4,-1,2,-5,0,3,-2,-1,2,1,139
3493,-5,-2,5,-6,1,0,-3,2,1,0,1,0,-1,107
3494,-3,-6,5,-2,-3,4,-3,-2,5,0,-3,0,1,147
3495,-1,-4,3,-4,-1,2,-1,0,3,2,-1,-2,-1,67
3496,-3,0,1,0,-1,-2,-1,0,-1,-2,1,2,1,27
3497,-5,-2,3,-2,1,-4,1,2,-3,0,3,0,-1,83
3498,-7,2,-1,2,-3,0,1,-2,1,0,-1,0,1,75
3499,-5,0,1,0,-1,-2,3,0,-1,2,1,-2,-1,51
3500,-3,-4,3,-2,1,0,-3,2,1,-4,-1,2,1,75
3501,-5,-2,5,-4,3,-2,-1,4,-1,-2,1,0,-1,107
3502,-3,-2,1,0,-1,2,-1,0,3,-2,-3,0,1,43
3503,-1,0,3,-2,1,0,1,2,1,0,-1,-2,-1,27
3504,1,-4,5,-2,-5,2,-1,-4,-1,0,1,2,1,99
3505,-1,-6,3,0,-3,0,1,-2,-3,2,3,0,-1,83
3506,-3,-6,7,0,-7,4,1,-6,1,2,-1,0,1,203
3507,-1,-8,5,2,-5,2,3,-4,-1,4,1,-2,-1,171
3508,-3,-4,7,-4,-3,4,-3,-2,1,-2,-1,2,1,139
3509,-5,-2,5,-2,-1,2,-1,0,-1,0,1,0,-1,67
3510,-3,-6,9,-2,-5,6,-1,-4,3,0,-3,0,1,227
3511,-1,-4,7,0,-3,4,1,-2,1,2,-1,-2,-1,107
3512,1,-4,1,0,-3,0,1,-2,-3,-2,1,2,1,51
3513,-1,-6,3,2,-1,-2,3,0,-5,0,3,0,-1,99
3514,-3,-2,3,2,-5,2,3,-4,-1,0,-1,0,1,83
3515,-1,-4,5,4,-3,0,5,-2,-3,2,1,-2,-1,115
3516,1,-4,3,-2,-1,2,-1,0,-1,-4,-1,2,1,59
3517,-1,-2,5,0,1,0,1,2,-3,-2,1,0,-1,51
3518,1,-2,5,0,-3,4,1,-2,1,-2,-3,0,1,75
3519,3,0,7,2,-1,2,3,0,-1,0,-1,-2,-1,83
3520,5,0,1,2,-3,-6,-3,0,1,0,1,2,1,91
3521,3,-2,-1,0,-5,-4,-1,2,-1,2,3,0,-1,75
3522,1,-2,-1,0,-1,-4,-1,-2,3,2,-1,0,1,43
3523,3,-4,-3,-2,-3,-2,1,0,1,4,1,-2,-1,75
3524,1,-4,-1,4,-1,-4,-5,2,3,-2,-1,2,1,99
3525,-1,-2,-3,2,-3,-2,-3,4,1,0,1,0,-1,59
3526,1,-6,-3,2,1,-2,-3,0,5,0,-3,0,1,99
3527,3,-4,-5,0,-1,0,-1,2,3,2,-1,-2,-1,75
3528,1,-4,1,4,-1,-8,-1,2,-1,-2,1,2,1,115
3529,-1,-6,3,2,-3,-6,1,4,-3,0,3,0,-1,131
3530,-3,-2,-1,2,1,-6,1,0,1,0,-1,0,1,59
3531,-1,-4,1,0,-1,-4,3,2,-1,2,1,-2,-1,59
3532,1,-8,-1,6,1,-6,-3,4,1,-4,-1,2,1,187
3533,-1,-6,1,4,-1,-4,-1,6,-1,-2,1,0,-1,115
3534,1,-6,-3,4,3,-4,-1,2,3,-2,-3,0,1,115
3535,3,-4,-1,2,1,-2,1,4,1,0,-1,-2,-1,59
3536,1,0,1,2,-5,-4,-1,-2,-1,0,1,2,1,59
3537,-1,-2,-1,4,-7,-2,1,0,-3,2,3,0,-1,99
3538,-3,-2,3,0,-3,-2,1,-4,1,2,-1,0,1,59
3539,-1,-4,1,2,-5,0,3,-2,-1,4,1,-2,-1,83
3540,-3,0,-1,4,-3,-2,-3,0,1,-2,-1,2,1,59
3541,-5,2,-3,6,-5,0,-1,2,-1,0,1,0,-1,107
3542,-3,-2,1,2,-1,0,-1,-2,3,0,-3,0,1,43
3543,-1,0,-1,4,-3,2,1,0,1,2,-1,-2,-1,43
3544,1,-4,1,4,-3,-6,1,0,-3,-2,1,2,1,99
3545,-1,-6,3,6,-5,-4,3,2,-5,0,3,0,-1,171
3546,-3,-2,3,2,-1,-4,3,-2,-1,0,-1,0,1,59
3547,-1,-4,5,4,-3,-2,5,0,-3,2,1,-2,-1,115
3548,1,-4,-1,6,-1,-4,-1,2,-1,-4,-1,2,1,99
3549,-1,-2,1,8,-3,-2,1,4,-3,-2,1,0,-1,115
3550,1,-2,1,4,1,-2,1,0,1,-2,-3,0,1,43
3551,3,0,3,6,-1,0,3,2,-1,0,-1,-2,-1,75
3552,5,0,1,-2,-3,-4,-5,-2,1,0,1,2,1,91
3553,3,-2,-1,-4,-1,-2,-3,0,-1,2,3,0,-1,59
3554,1,-2,-1,0,-1,-2,-3,-4,3,2,-1,0,1,51
3555,3,-4,-3,-2,1,0,-1,-2,1,4,1,-2,-1,67
3556,1,-4,3,0,-1,-2,-7,0,3,-2,-1,2,1,99
3557,-1,-2,1,-2,1,0,-5,2,1,0,1,0,-1,43
3558,1,-6,1,2,1,0,-5,-2,5,0,-3,0,1,107
3559,3,-4,-1,0,3,2,-3,0,3,2,-1,-2,-1,67
3560,1,0,1,0,-1,-6,-3,0,-1,-2,1,2,1,59
3561,-1,-2,3,-2,1,-4,-1,2,-3,0,3,0,-1,59
3562,-3,2,-1,2,1,-4,-1,-2,1,0,-1,0,1,43
3563,-1,0,1,0,3,-2,1,0,-1,2,1,-2,-1,27
3564,1,-4,3,2,1,-4,-5,2,1,-4,-1,2,1,99
3565,-1,-2,5,0,3,-2,-3,4,-1,-2,1,0,-1,75
3566,1,-2,1,4,3,-2,-3,0,3,-2,-3,0,1,67
3567,3,0,3,2,5,0,-1,2,1,0,-1,-2,-1,59
3568,5,0,1,-2,-5,-2,-3,-4,-1,0,1,2,1,91
3569,3,-2,-1,0,-3,0,-1,-2,-3,2,3,0,-1,51
3570,1,-2,3,0,-3,0,-1,-6,1,2,-1,0,1,67
3571,3,-4,1,2,-1,2,1,-4,-1,4,1,-2,-1,75
3572,1,0,3,0,-3,0,-5,-2,1,-2,-1,2,1,59
3573,-1,2,1,2,-1,2,-3,0,-1,0,1,0,-1,27
3574,1,-2,5,2,-1,2,-3,-4,3,0,-3,0,1,83
3575,3,0,3,4,1,4,-1,-2,1,2,-1,-2,-1,67
3576,5,0,1,0,-3,-4,-1,-2,-3,-2,1,2,1,75
3577,3,-2,3,2,-1,-2,1,0,-5,0,3,0,-1,67
3578,1,2,3,2,-1,-2,1,-4,-1,0,-1,0,1,43
3579,3,0,5,4,1,0,3,-2,-3,2,1,-2,-1,83
3580,5,0,3,2,-1,-2,-3,0,-1,-4,-1,2,1,75
3581,3,2,5,4,1,0,-1,2,-3,-2,1,0,-1,75
3582,5,2,5,4,1,0,-1,-2,1,-2,-3,0,1,91
3583,7,4,7,6,3,2,1,0,-1,0,-1,-2,-1,171
3584,9,4,1,2,3,2,1,0,-1,0,1,2,1,123
3585,7,2,-1,0,1,0,-1,-2,1,2,3,0,-1,75
3586,5,2,-1,0,1,0,-1,2,1,2,-1,0,1,43
3587,7,0,-3,-2,-1,-2,-3,0,3,4,1,-2,-1,107
3588,5,0,-1,0,1,0,3,2,1,-2,-1,2,1,51
3589,3,2,-3,-2,-1,-2,1,0,3,0,1,0,-1,43
3590,5,-2,-3,-2,-1,-2,1,4,3,0,-3,0,1,83
3591,7,0,-5,-4,-3,-4,-1,2,5,2,-1,-2,-1,155
3592,5,0,-3,0,1,4,3,2,-3,-2,1,2,1,83
3593,3,-2,-1,-2,-1,2,1,0,-1,0,3,0,-1,35
3594,1,2,-5,-2,-1,2,1,4,-1,0,-1,0,1,59
3595,3,0,-3,-4,-3,0,-1,2,1,2,1,-2,-1,59
3596,5,-4,-5,-2,-1,2,5,4,-1,-4,-1,2,1,139
3597,3,-2,-3,-4,-3,0,3,2,1,-2,1,0,-1,67
3598,5,-2,-7,-4,-3,0,3,6,1,-2,-3,0,1,163
3599,7,0,-5,-6,-5,-2,1,4,3,0,-1,-2,-1,171
3600,5,0,-3,-2,5,4,3,-2,-3,0,1,2,1,107
3601,3,-2,-5,0,3,2,1,-4,-1,2,3,0,-1,83
3602,1,-2,-1,-4,3,2,1,0,-1,2,-1,0,1,43
3603,3,-4,-3,-2,1,0,-1,-2,1,4,1,-2,-1,67
3604,1,0,-5,-4,3,2,5,0,-1,-2,-1,2,1,91
3605,-1,2,-7,-2,1,0,3,-2,1,0,1,0,-1,75
3606,1,-2,-3,-6,1,0,3,2,1,0,-3,0,1,75
3607,3,0,-5,-4,-1,-2,1,0,3,2,-1,-2,-1,75
3608,5,-4,-7,-4,3,6,5,0,-5,-2,1,2,1,211
3609,3,-6,-5,-2,1,4,3,-2,-3,0,3,0,-1,123
3610,1,-2,-5,-6,1,4,3,2,-3,0,-1,0,1,107
3611,3,-4,-3,-4,-1,2,1,0,-1,2,1,-2,-1,67
3612,5,-4,-9,-6,1,4,7,2,-3,-4,-1,2,1,259
3613,3,-2,-7,-4,-1,2,5,0,-1,-2,1,0,-1,115
3614,5,-2,-7,-8,-1,2,5,4,-1,-2,-3,0,1,203
3615,7,0,-5,-6,-3,0,3,2,1,0,-1,-2,-1,139
3616,5,0,-3,2,3,4,-1,-2,-1,0,1,2,1,75
3617,3,-2,-5,0,5,2,-3,-4,1,2,3,0,-1,107
3618,1,-2,-5,4,1,2,-3,0,1,2,-1,0,1,67
3619,3,-4,-7,2,3,0,-5,-2,3,4,1,-2,-1,147
3620,1,-4,-1,0,1,2,1,0,1,-2,-1,2,1,35
3621,-1,-2,-3,-2,3,0,-1,-2,3,0,1,0,-1,43
3622,1,-6,-3,2,-1,0,-1,2,3,0,-3,0,1,75
3623,3,-4,-5,0,1,-2,-3,0,5,2,-1,-2,-1,99
3624,1,0,-7,0,1,6,1,0,-3,-2,1,2,1,107
3625,-1,-2,-5,-2,3,4,-1,-2,-1,0,3,0,-1,75
3626,-3,2,-9,2,-1,4,-1,2,-1,0,-1,0,1,123
3627,-1,0,-7,0,1,2,-3,0,1,2,1,-2,-1,75
3628,1,-4,-5,-2,-1,4,3,2,-1,-4,-1,2,1,99
3629,-1,-2,-3,-4,1,2,1,0,1,-2,1,0,-1,43
3630,1,-2,-7,0,-3,2,1,4,1,-2,-3,0,1,99
3631,3,0,-5,-2,-1,0,-1,2,3,0,-1,-2,-1,59
3632,5,-4,-7,-2,5,6,1,-4,-3,0,1,2,1,187
3633,3,-6,-9,0,7,4,-1,-6,-1,2,3,0,-1,243
3634,1,-6,-5,0,3,4,-1,-2,-1,2,-1,0,1,99
3635,3,-8,-7,2,5,2,-3,-4,1,4,1,-2,-1,203
3636,1,-4,-5,-4,3,4,3,-2,-1,-2,-1,2,1,107
3637,-1,-2,-7,-2,5,2,1,-4,1,0,1,0,-1,107
3638,1,-6,-3,-2,1,2,1,0,1,0,-3,0,1,67
3639,3,-4,-5,0,3,0,-1,-2,3,2,-1,-2,-1,83
3640,5,-4,-11,-4,3,8,3,-2,-5,-2,1,2,1,299
3641,3,-6,-9,-2,5,6,1,-4,-3,0,3,0,-1,227
3642,1,-2,-9,-2,1,6,1,0,-3,0,-1,0,1,139
3643,3,-4,-7,0,3,4,-1,-2,-1,2,1,-2,-1,115
3644,5,-4,-9,-6,1,6,5,0,-3,-4,-1,2,1,251
3645,3,-2,-7,-4,3,4,3,-2,-1,-2,1,0,-1,123
3646,5,-2,-7,-4,-1,4,3,2,-1,-2,-3,0,1,139
3647,7,0,-5,-2,1,2,1,0,1,0,-1,-2,-1,91
3648,5,0,1,2,3,-2,-1,0,-1,0,1,2,1,51
3649,3,-2,-1,0,1,0,-3,-2,1,2,3,0,-1,43
3650,1,-2,-1,0,5,-4,-3,2,1,2,-1,0,1,67
3651,3,-4,-3,-2,3,-2,-5,0,3,4,1,-2,-1,107
3652,1,-4,-1,4,1,-4,1,2,1,-2,-1,2,1,67
3653,-1,-2,-3,2,-1,-2,-1,0,3,0,1,0,-1,35
3654,1,-6,-3,2,3,-6,-1,4,3,0,-3,0,1,131
3655,3,-4,-5,0,1,-4,-3,2,5,2,-1,-2,-1,115
3656,1,-4,1,0,1,0,1,2,-3,-2,1,2,1,43
3657,-1,-6,3,-2,-1,2,-1,0,-1,0,3,0,-1,67
3658,-3,-2,-1,-2,3,-2,-1,4,-1,0,-1,0,1,51
3659,-1,-4,1,-4,1,0,-3,2,1,2,1,-2,-1,59
3660,1,-8,-1,2,-1,-2,3,4,-1,-4,-1,2,1,123
3661,-1,-6,1,0,-3,0,1,2,1,-2,1,0,-1,59
3662,1,-6,-3,0,1,-4,1,6,1,-2,-3,0,1,115
3663,3,-4,-1,-2,-1,-2,-1,4,3,0,-1,-2,-1,67
3664,1,0,-3,-2,5,0,1,-2,-3,0,1,2,1,59
3665,-1,-2,-5,0,3,2,-1,-4,-1,2,3,0,-1,75
3666,-3,-2,-1,-4,7,-2,-1,0,-1,2,-1,0,1,91
3667,-1,-4,-3,-2,5,0,-3,-2,1,4,1,-2,-1,91
3668,-3,0,-5,0,3,-2,3,0,-1,-2,-1,2,1,67
3669,-5,2,-7,2,1,0,1,-2,1,0,1,0,-1,91
3670,-3,-2,-3,-2,5,-4,1,2,1,0,-3,0,1,83
3671,-1,0,-5,0,3,-2,-1,0,3,2,-1,-2,-1,59
3672,1,-4,-3,-4,3,2,3,0,-5,-2,1,2,1,99
3673,-1,-6,-1,-2,1,4,1,-2,-3,0,3,0,-1,83
3674,-3,-2,-1,-6,5,0,1,2,-3,0,-1,0,1,91
3675,-1,-4,1,-4,3,2,-1,0,-1,2,1,-2,-1,59
3676,1,-4,-5,-2,1,0,5,2,-3,-4,-1,2,1,107
3677,-1,-2,-3,0,-1,2,3,0,-1,-2,1,0,-1,35
3678,1,-2,-3,-4,3,-2,3,4,-1,-2,-3,0,1,83
3679,3,0,-1,-2,1,0,1,2,1,0,-1,-2,-1,27
3680,5,-4,-3,2,3,0,-3,-2,-1,0,1,2,1,83
3681,3,-6,-5,0,5,2,-5,-4,1,2,3,0,-1,155
3682,1,-6,-5,4,5,-2,-5,0,1,2,-1,0,1,139
3683,3,-8,-7,2,7,0,-7,-2,3,4,1,-2,-1,259
3684,1,-8,-1,4,1,-2,-1,0,1,-2,-1,2,1,99
3685,-1,-6,-3,2,3,0,-3,-2,3,0,1,0,-1,83
3686,1,-10,-3,6,3,-4,-3,2,3,0,-3,0,1,203
3687,3,-8,-5,4,5,-2,-5,0,5,2,-1,-2,-1,203
3688,1,-4,-3,0,1,2,-1,0,-3,-2,1,2,1,51
3689,-1,-6,-1,-2,3,4,-3,-2,-1,0,3,0,-1,91
3690,-3,-2,-5,2,3,0,-3,2,-1,0,-1,0,1,67
3691,-1,-4,-3,0,5,2,-5,0,1,2,1,-2,-1,91
3692,1,-8,-1,2,-1,0,1,2,-1,-4,-1,2,1,99
3693,-1,-6,1,0,1,2,-1,0,1,-2,1,0,-1,51
3694,1,-6,-3,4,1,-2,-1,4,1,-2,-3,0,1,99
3695,3,-4,-1,2,3,0,-3,2,3,0,-1,-2,-1,67
3696,5,-4,-7,-2,5,2,-1,-4,-3,0,1,2,1,155
3697,3,-6,-9,0,7,4,-3,-6,-1,2,3,0,-1,251
3698,1,-6,-5,0,7,0,-3,-2,-1,2,-1,0,1,131
3699,3,-8,-7,2,9,2,-5,-4,1,4,1,-2,-1,275
3700,1,-4,-5,0,3,0,1,-2,-1,-2,-1,2,1,67
3701,-1,-2,-7,2,5,2,-1,-4,1,0,1,0,-1,107
3702,1,-6,-3,2,5,-2,-1,0,1,0,-3,0,1,91
3703,3,-4,-5,4,7,0,-3,-2,3,2,-1,-2,-1,147
3704,5,-4,-7,-4,3,4,1,-2,-5,-2,1,2,1,171
3705,3,-6,-5,-2,5,6,-1,-4,-3,0,3,0,-1,171
3706,1,-2,-5,-2,5,2,-1,0,-3,0,-1,0,1,75
3707,3,-4,-3,0,7,4,-3,-2,-1,2,1,-2,-1,123
3708,5,-4,-5,-2,1,2,3,0,-3,-4,-1,2,1,115
3709,3,-2,-3,0,3,4,1,-2,-1,-2,1,0,-1,59
3710,5,-2,-3,0,3,0,1,2,-1,-2,-3,0,1,67
3711,7,0,-1,2,5,2,-1,0,1,0,-1,-2,-1,91
3712,5,4,1,2,-1,-2,-1,0,-1,0,1,2,1,59
3713,3,2,-1,0,-3,-4,1,-2,1,2,3,0,-1,59
3714,1,2,-1,0,-3,0,-3,2,1,2,-1,0,1,35
3715,3,0,-3,-2,-5,-2,-1,0,3,4,1,-2,-1,83
3716,1,0,-1,0,1,-4,1,2,1,-2,-1,2,1,35
3717,-1,2,-3,-2,-1,-6,3,0,3,0,1,0,-1,75
3718,1,-2,-3,-2,-1,-2,-1,4,3,0,-3,0,1,59
3719,3,0,-5,-4,-3,-4,1,2,5,2,-1,-2,-1,115
3720,1,0,-3,4,-3,0,1,2,-3,-2,1,2,1,59
3721,-1,-2,-1,2,-5,-2,3,0,-1,0,3,0,-1,59
3722,-3,2,-5,2,-5,2,-1,4,-1,0,-1,0,1,91
3723,-1,0,-3,0,-7,0,1,2,1,2,1,-2,-1,75
3724,1,-4,-5,2,-1,-2,3,4,-1,-4,-1,2,1,99
3725,-1,-2,-3,0,-3,-4,5,2,1,-2,1,0,-1,75
3726,1,-2,-7,0,-3,0,1,6,1,-2,-3,0,1,115
3727,3,0,-5,-2,-5,-2,3,4,3,0,-1,-2,-1,107
3728,1,0,1,-2,1,0,1,-2,-3,0,1,2,1,27
3729,-1,-2,-1,0,-1,-2,3,-4,-1,2,3,0,-1,51
3730,-3,-2,3,-4,-1,2,-1,0,-1,2,-1,0,1,51
3731,-1,-4,1,-2,-3,0,1,-2,1,4,1,-2,-1,59
3732,-3,0,-1,-4,3,-2,3,0,-1,-2,-1,2,1,59
3733,-5,2,-3,-2,1,-4,5,-2,1,0,1,0,-1,91
3734,-3,-2,1,-6,1,0,1,2,1,0,-3,0,1,67
3735,-1,0,-1,-4,-1,-2,3,0,3,2,-1,-2,-1,51
3736,1,-4,-3,0,-1,2,3,0,-5,-2,1,2,1,75
3737,-1,-6,-1,2,-3,0,5,-2,-3,0,3,0,-1,99
3738,-3,-2,-1,-2,-3,4,1,2,-3,0,-1,0,1,59
3739,-1,-4,1,0,-5,2,3,0,-1,2,1,-2,-1,67
3740,1,-4,-5,-2,1,0,5,2,-3,-4,-1,2,1,107
3741,-1,-2,-3,0,-1,-2,7,0,-1,-2,1,0,-1,75
3742,1,-2,-3,-4,-1,2,3,4,-1,-2,-3,0,1,75
3743,3,0,-1,-2,-3,0,5,2,1,0,-1,-2,-1,59
3744,1,4,-3,2,-1,0,-3,-2,-1,0,1,2,1,51
3745,-1,2,-5,0,1,-2,-1,-4,1,2,3,0,-1,67
3746,-3,2,-5,4,-3,2,-5,0,1,2,-1,0,1,99
3747,-1,0,-7,2,-1,0,-3,-2,3,4,1,-2,-1,99
3748,-3,0,-1,0,1,-2,-1,0,1,-2,-1,2,1,27
3749,-5,2,-3,-2,3,-4,1,-2,3,0,1,0,-1,83
3750,-3,-2,-3,2,-1,0,-3,2,3,0,-3,0,1,59
3751,-1,0,-5,0,1,-2,-1,0,5,2,-1,-2,-1,67
3752,-3,4,-7,4,-3,2,-1,0,-3,-2,1,2,1,123
3753,-5,2,-5,2,-1,0,1,-2,-1,0,3,0,-1,75
3754,-7,6,-9,6,-5,4,-3,2,-1,0,-1,0,1,259
3755,-5,4,-7,4,-3,2,-1,0,1,2,1,-2,-1,131
3756,-3,0,-5,2,-1,0,1,2,-1,-4,-1,2,1,67
3757,-5,2,-3,0,1,-2,3,0,1,-2,1,0,-1,59
3758,-3,2,-7,4,-3,2,-1,4,1,-2,-3,0,1,123
3759,-1,4,-5,2,-1,0,1,2,3,0,-1,-2,-1,67
3760,1,0,-3,-2,1,2,-1,-4,-3,0,1,2,1,51
3761,-1,-2,-5,0,3,0,1,-6,-1,2,3,0,-1,91
3762,-3,-2,-1,0,-1,4,-3,-2,-1,2,-1,0,1,51
3763,-1,-4,-3,2,1,2,-1,-4,1,4,1,-2,-1,75
3764,-3,0,-1,-4,3,0,1,-2,-1,-2,-1,2,1,51
3765,-5,2,-3,-2,5,-2,3,-4,1,0,1,0,-1,99
3766,-3,-2,1,-2,1,2,-1,0,1,0,-3,0,1,35
3767,-1,0,-1,0,3,0,1,-2,3,2,-1,-2,-1,35
3768,1,0,-7,0,-1,4,1,-2,-5,-2,1,2,1,107
3769,-1,-2,-5,2,1,2,3,-4,-3,0,3,0,-1,83
3770,-3,2,-5,2,-3,6,-1,0,-3,0,-1,0,1,99
3771,-1,0,-3,4,-1,4,1,-2,-1,2,1,-2,-1,59
3772,1,0,-5,-2,1,2,3,0,-3,-4,-1,2,1,75
3773,-1,2,-3,0,3,0,5,-2,-1,-2,1,0,-1,59
3774,1,2,-3,0,-1,4,1,2,-1,-2,-3,0,1,51
3775,3,4,-1,2,1,2,3,0,1,0,-1,-2,-1,51
3776,5,0,1,2,-1,-6,-3,0,-1,0,1,2,1,83
3777,3,-2,-1,0,-3,-4,-1,-2,1,2,3,0,-1,59
3778,1,-2,-1,0,1,-4,-5,2,1,2,-1,0,1,59
3779,3,-4,-3,-2,-1,-2,-3,0,3,4,1,-2,-1,83
3780,1,-4,-1,4,1,-8,-1,2,1,-2,-1,2,1,115
3781,-1,-2,-3,2,-1,-6,1,0,3,0,1,0,-1,67
3782,1,-6,-3,2,3,-6,-3,4,3,0,-3,0,1,139
3783,3,-4,-5,0,1,-4,-1,2,5,2,-1,-2,-1,107
3784,1,-4,1,4,-3,-4,-1,2,-3,-2,1,2,1,83
3785,-1,-6,3,2,-5,-2,1,0,-1,0,3,0,-1,91
3786,-3,-2,-1,2,-1,-2,-3,4,-1,0,-1,0,1,51
3787,-1,-4,1,0,-3,0,-1,2,1,2,1,-2,-1,43
3788,1,-8,-1,6,-1,-6,1,4,-1,-4,-1,2,1,179
3789,-1,-6,1,4,-3,-4,3,2,1,-2,1,0,-1,99
3790,1,-6,-3,4,1,-4,-1,6,1,-2,-3,0,1,131
3791,3,-4,-1,2,-1,-2,1,4,3,0,-1,-2,-1,67
3792,1,0,1,-2,1,-4,-1,-2,-3,0,1,2,1,43
3793,-1,-2,-1,0,-1,-2,1,-4,-1,2,3,0,-1,43
3794,-3,-2,3,-4,3,-2,-3,0,-1,2,-1,0,1,67
3795,-1,-4,1,-2,1,0,-1,-2,1,4,1,-2,-1,51
3796,-3,0,-1,0,3,-6,1,0,-1,-2,-1,2,1,67
3797,-5,2,-3,2,1,-4,3,-2,1,0,1,0,-1,75
3798,-3,-2,1,-2,5,-4,-1,2,1,0,-3,0,1,75
3799,-1,0,-1,0,3,-2,1,0,3,2,-1,-2,-1,35
3800,1,-4,1,0,-1,-2,1,0,-5,-2,1,2,1,59
3801,-1,-6,3,2,-3,0,3,-2,-3,0,3,0,-1,91
3802,-3,-2,3,-2,1,0,-1,2,-3,0,-1,0,1,43
3803,-1,-4,5,0,-1,2,1,0,-1,2,1,-2,-1,59
3804,1,-4,-1,2,1,-4,3,2,-3,-4,-1,2,1,83
3805,-1,-2,1,4,-1,-2,5,0,-1,-2,1,0,-1,59
3806,1,-2,1,0,3,-2,1,4,-1,-2,-3,0,1,51
3807,3,0,3,2,1,0,3,2,1,0,-1,-2,-1,43
3808,5,0,-3,2,-1,-4,-5,-2,-1,0,1,2,1,91
3809,3,-2,-5,0,1,-2,-3,-4,1,2,3,0,-1,83
3810,1,-2,-5,4,1,-2,-7,0,1,2,-1,0,1,107
3811,3,-4,-7,2,3,0,-5,-2,3,4,1,-2,-1,147
3812,1,-4,-1,4,1,-6,-3,0,1,-2,-1,2,1,91
3813,-1,-2,-3,2,3,-4,-1,-2,3,0,1,0,-1,59
3814,1,-6,-3,6,3,-4,-5,2,3,0,-3,0,1,155
3815,3,-4,-5,4,5,-2,-3,0,5,2,-1,-2,-1,139
3816,1,0,-3,4,-3,-2,-3,0,-3,-2,1,2,1,67
3817,-1,-2,-1,2,-1,0,-1,-2,-1,0,3,0,-1,27
3818,-3,2,-5,6,-1,0,-5,2,-1,0,-1,0,1,107
3819,-1,0,-3,4,1,2,-3,0,1,2,1,-2,-1,51
3820,1,-4,-1,6,-1,-4,-1,2,-1,-4,-1,2,1,99
3821,-1,-2,1,4,1,-2,1,0,1,-2,1,0,-1,35
3822,1,-2,-3,8,1,-2,-3,4,1,-2,-3,0,1,123
3823,3,0,-1,6,3,0,-1,2,3,0,-1,-2,-1,75
3824,5,0,-3,-2,1,-2,-3,-4,-3,0,1,2,1,83
3825,3,-2,-5,0,3,0,-1,-6,-1,2,3,0,-1,99
3826,1,-2,-1,0,3,0,-5,-2,-1,2,-1,0,1,51
3827,3,-4,-3,2,5,2,-3,-4,1,4,1,-2,-1,115
3828,1,0,-1,0,3,-4,-1,-2,-1,-2,-1,2,1,43
3829,-1,2,-3,2,5,-2,1,-4,1,0,1,0,-1,67
3830,1,-2,1,2,5,-2,-3,0,1,0,-3,0,1,59
3831,3,0,-1,4,7,0,-1,-2,3,2,-1,-2,-1,99
3832,5,0,-3,0,-1,0,-1,-2,-5,-2,1,2,1,75
3833,3,-2,-1,2,1,2,1,-4,-3,0,3,0,-1,59
3834,1,2,-1,2,1,2,-3,0,-3,0,-1,0,1,35
3835,3,0,1,4,3,4,-1,-2,-1,2,1,-2,-1,67
3836,5,0,-1,2,1,-2,1,0,-3,-4,-1,2,1,67
3837,3,2,1,4,3,0,3,-2,-1,-2,1,0,-1,59
3838,5,2,1,4,3,0,-1,2,-1,-2,-3,0,1,75
3839,7,4,3,6,5,2,1,0,1,0,-1,-2,-1,147
3840,9,4,1,-2,-1,0,-1,-2,-1,0,1,2,1,115
3841,7,2,-1,-4,-3,-2,-3,0,1,2,3,0,-1,107
3842,5,2,-1,-4,-3,-2,1,0,1,2,-1,0,1,67
3843,7,0,-3,-6,-5,-4,-1,2,3,4,1,-2,-1,171
3844,5,0,-1,-4,-3,2,1,0,1,-2,-1,2,1,67
3845,3,2,-3,-6,-5,0,-1,2,3,0,1,0,-1,99
3846,5,-2,-3,-6,-5,0,3,2,3,0,-3,0,1,131
3847,7,0,-5,-8,-7,-2,1,4,5,2,-1,-2,-1,243
3848,5,0,-3,-4,1,2,1,0,-3,-2,1,2,1,75
3849,3,-2,-1,-6,-1,0,-1,2,-1,0,3,0,-1,67
3850,1,2,-5,-6,-1,0,3,2,-1,0,-1,0,1,83
3851,3,0,-3,-8,-3,-2,1,4,1,2,1,-2,-1,123
3852,5,-4,-5,-6,-1,4,3,2,-1,-4,-1,2,1,155
3853,3,-2,-3,-8,-3,2,1,4,1,-2,1,0,-1,123
3854,5,-2,-7,-8,-3,2,5,4,1,-2,-3,0,1,211
3855,7,0,-5,-10,-5,0,3,6,3,0,-1,-2,-1,259
3856,5,0,-3,-2,1,2,1,-4,-3,0,1,2,1,75
3857,3,-2,-5,0,-1,0,-1,-2,-1,2,3,0,-1,59
3858,1,-2,-1,-4,-1,0,3,-2,-1,2,-1,0,1,43
3859,3,-4,-3,-2,-3,-2,1,0,1,4,1,-2,-1,75
3860,1,0,-5,-4,-1,4,3,-2,-1,-2,-1,2,1,83
3861,-1,2,-7,-2,-3,2,1,0,1,0,1,0,-1,75
3862,1,-2,-3,-6,-3,2,5,0,1,0,-3,0,1,99
3863,3,0,-5,-4,-5,0,3,2,3,2,-1,-2,-1,107
3864,5,-4,-7,-4,3,4,3,-2,-5,-2,1,2,1,179
3865,3,-6,-5,-2,1,2,1,0,-3,0,3,0,-1,99
3866,1,-2,-5,-6,1,2,5,0,-3,0,-1,0,1,107
3867,3,-4,-3,-4,-1,0,3,2,-1,2,1,-2,-1,75
3868,5,-4,-9,-6,1,6,5,0,-3,-4,-1,2,1,251
3869,3,-2,-7,-4,-1,4,3,2,-1,-2,1,0,-1,115
3870,5,-2,-7,-8,-1,4,7,2,-1,-2,-3,0,1,227
3871,7,0,-5,-6,-3,2,5,4,1,0,-1,-2,-1,171
3872,5,0,1,-2,-1,2,-3,-4,-1,0,1,2,1,67
3873,3,-2,-1,-4,1,0,-5,-2,1,2,3,0,-1,75
3874,1,-2,-1,0,-3,0,-1,-2,1,2,-1,0,1,27
3875,3,-4,-3,-2,-1,-2,-3,0,3,4,1,-2,-1,83
3876,1,-4,3,-4,-3,4,-1,-2,1,-2,-1,2,1,83
3877,-1,-2,1,-6,-1,2,-3,0,3,0,1,0,-1,67
3878,1,-6,1,-2,-5,2,1,0,3,0,-3,0,1,91
3879,3,-4,-1,-4,-3,0,-1,2,5,2,-1,-2,-1,91
3880,1,0,-3,-4,1,4,-1,-2,-3,-2,1,2,1,67
3881,-1,-2,-1,-6,3,2,-3,0,-1,0,3,0,-1,75
3882,-3,2,-5,-2,-1,2,1,0,-1,0,-1,0,1,51
3883,-1,0,-3,-4,1,0,-1,2,1,2,1,-2,-1,43
3884,1,-4,-1,-6,-1,6,1,0,-1,-4,-1,2,1,115
3885,-1,-2,1,-8,1,4,-1,2,1,-2,1,0,-1,99
3886,1,-2,-3,-4,-3,4,3,2,1,-2,-3,0,1,83
3887,3,0,-1,-6,-1,2,1,4,3,0,-1,-2,-1,83
3888,5,-4,-3,-2,1,4,-1,-6,-3,0,1,2,1,123
3889,3,-6,-5,0,3,2,-3,-4,-1,2,3,0,-1,123
3890,1,-6,-1,0,-1,2,1,-4,-1,2,-1,0,1,67
3891,3,-8,-3,2,1,0,-1,-2,1,4,1,-2,-1,115
3892,1,-4,-1,-4,-1,6,1,-4,-1,-2,-1,2,1,99
3893,-1,-2,-3,-2,1,4,-1,-2,1,0,1,0,-1,43
3894,1,-6,1,-2,-3,4,3,-2,1,0,-3,0,1,91
3895,3,-4,-1,0,-1,2,1,0,3,2,-1,-2,-1,51
3896,5,-4,-7,-4,3,6,1,-4,-5,-2,1,2,1,203
3897,3,-6,-5,-2,5,4,-1,-2,-3,0,3,0,-1,139
3898,1,-2,-5,-2,1,4,3,-2,-3,0,-1,0,1,75
3899,3,-4,-3,0,3,2,1,0,-1,2,1,-2,-1,59
3900,5,-4,-5,-6,1,8,3,-2,-3,-4,-1,2,1,211
3901,3,-2,-3,-4,3,6,1,0,-1,-2,1,0,-1,91
3902,5,-2,-3,-4,-1,6,5,0,-1,-2,-3,0,1,131
3903,7,0,-1,-2,1,4,3,2,1,0,-1,-2,-1,91
3904,5,4,1,-2,-1,-4,-3,-2,-1,0,1,2,1,83
3905,3,2,-1,-4,-3,-2,-5,0,1,2,3,0,-1,83
3906,1,2,-1,-4,1,-6,-1,0,1,2,-1,0,1,67
3907,3,0,-3,-6,-1,-4,-3,2,3,4,1,-2,-1,115
3908,1,0,-1,0,-3,-2,-1,0,1,-2,-1,2,1,27
3909,-1,2,-3,-2,-5,0,-3,2,3,0,1,0,-1,67
3910,1,-2,-3,-2,-1,-4,1,2,3,0,-3,0,1,59
3911,3,0,-5,-4,-3,-2,-1,4,5,2,-1,-2,-1,115
3912,1,0,1,-4,1,-2,-1,0,-3,-2,1,2,1,43
3913,-1,-2,3,-6,-1,0,-3,2,-1,0,3,0,-1,75
3914,-3,2,-1,-6,3,-4,1,2,-1,0,-1,0,1,83
3915,-1,0,1,-8,1,-2,-1,4,1,2,1,-2,-1,99
3916,1,-4,-1,-2,-1,0,1,2,-1,-4,-1,2,1,51
3917,-1,-2,1,-4,-3,2,-1,4,1,-2,1,0,-1,59
3918,1,-2,-3,-4,1,-2,3,4,1,-2,-3,0,1,75
3919,3,0,-1,-6,-1,0,1,6,3,0,-1,-2,-1,99
3920,1,4,-3,-2,1,-2,-1,-4,-3,0,1,2,1,67
3921,-1,2,-5,0,-1,0,-3,-2,-1,2,3,0,-1,59
3922,-3,2,-1,-4,3,-4,1,-2,-1,2,-1,0,1,67
3923,-1,0,-3,-2,1,-2,-1,0,1,4,1,-2,-1,43
3924,-3,4,-5,0,-1,0,1,-2,-1,-2,-1,2,1,67
3925,-5,6,-7,2,-3,2,-1,0,1,0,1,0,-1,131
3926,-3,2,-3,-2,1,-2,3,0,1,0,-3,0,1,51
3927,-1,4,-5,0,-1,0,1,2,3,2,-1,-2,-1,67
3928,1,0,-3,-4,3,0,1,-2,-5,-2,1,2,1,75
3929,-1,-2,-1,-2,1,2,-1,0,-3,0,3,0,-1,35
3930,-3,2,-1,-6,5,-2,3,0,-3,0,-1,0,1,99
3931,-1,0,1,-4,3,0,1,2,-1,2,1,-2,-1,43
3932,1,0,-5,-2,1,2,3,0,-3,-4,-1,2,1,75
3933,-1,2,-3,0,-1,4,1,2,-1,-2,1,0,-1,43
3934,1,2,-3,-4,3,0,5,2,-1,-2,-3,0,1,83
3935,3,4,-1,-2,1,2,3,4,1,0,-1,-2,-1,67
3936,5,0,1,-2,-1,-2,-5,-4,-1,0,1,2,1,83
3937,3,-2,-1,-4,1,0,-7,-2,1,2,3,0,-1,99
3938,1,-2,-1,0,1,-4,-3,-2,1,2,-1,0,1,43
3939,3,-4,-3,-2,3,-2,-5,0,3,4,1,-2,-1,107
3940,1,-4,3,0,-3,0,-3,-2,1,-2,-1,2,1,59
3941,-1,-2,1,-2,-1,2,-5,0,3,0,1,0,-1,51
3942,1,-6,1,2,-1,-2,-1,0,3,0,-3,0,1,67
3943,3,-4,-1,0,1,0,-3,2,5,2,-1,-2,-1,75
3944,1,0,1,-4,1,0,-3,-2,-3,-2,1,2,1,51
3945,-1,-2,3,-6,3,2,-5,0,-1,0,3,0,-1,99
3946,-3,2,-1,-2,3,-2,-1,0,-1,0,-1,0,1,35
3947,-1,0,1,-4,5,0,-3,2,1,2,1,-2,-1,67
3948,1,-4,3,-2,-1,2,-1,0,-1,-4,-1,2,1,59
3949,-1,-2,5,-4,1,4,-3,2,1,-2,1,0,-1,83
3950,1,-2,1,0,1,0,1,2,1,-2,-3,0,1,27
3951,3,0,3,-2,3,2,-1,4,3,0,-1,-2,-1,67
3952,5,0,-3,-2,1,0,-3,-6,-3,0,1,2,1,99
3953,3,-2,-5,0,3,2,-5,-4,-1,2,3,0,-1,107
3954,1,-2,-1,0,3,-2,-1,-4,-1,2,-1,0,1,43
3955,3,-4,-3,2,5,0,-3,-2,1,4,1,-2,-1,99
3956,1,0,-1,0,-1,2,-1,-4,-1,-2,-1,2,1,35
3957,-1,2,-3,2,1,4,-3,-2,1,0,1,0,-1,51
3958,1,-2,1,2,1,0,1,-2,1,0,-3,0,1,27
3959,3,0,-1,4,3,2,-1,0,3,2,-1,-2,-1,59
3960,5,0,-3,-4,3,2,-1,-4,-5,-2,1,2,1,115
3961,3,-2,-1,-2,5,4,-3,-2,-3,0,3,0,-1,91
3962,1,2,-1,-2,5,0,1,-2,-3,0,-1,0,1,51
3963,3,0,1,0,7,2,-1,0,-1,2,1,-2,-1,75
3964,5,0,-1,-2,1,4,1,-2,-3,-4,-1,2,1,83
3965,3,2,1,0,3,6,-1,0,-1,-2,1,0,-1,67
3966,5,2,1,0,3,2,3,0,-1,-2,-3,0,1,67
3967,7,4,3,2,5,4,1,2,1,0,-1,-2,-1,131
3968,9,4,1,-2,-5,-4,-3,-2,-1,0,1,2,1,163
3969,7,2,-1,-4,-7,-6,-1,0,1,2,3,0,-1,171
3970,5,2,-1,-4,-7,-2,-1,0,1,2,-1,0,1,107
3971,7,0,-3,-6,-9,-4,1,2,3,4,1,-2,-1,227
3972,5,0,-1,-4,-3,-2,-1,0,1,-2,-1,2,1,67
3973,3,2,-3,-6,-5,-4,1,2,3,0,1,0,-1,115
3974,5,-2,-3,-6,-5,0,1,2,3,0,-3,0,1,123
3975,7,0,-5,-8,-7,-2,3,4,5,2,-1,-2,-1,251
3976,5,0,-3,0,-3,-2,-1,0,-3,-2,1,2,1,67
3977,3,-2,-1,-2,-5,-4,1,2,-1,0,3,0,-1,75
3978,1,2,-5,-2,-5,0,1,2,-1,0,-1,0,1,67
3979,3,0,-3,-4,-7,-2,3,4,1,2,1,-2,-1,123
3980,5,-4,-5,-2,-1,0,1,2,-1,-4,-1,2,1,99
3981,3,-2,-3,-4,-3,-2,3,4,1,-2,1,0,-1,83
3982,5,-2,-7,-4,-3,2,3,4,1,-2,-3,0,1,147
3983,7,0,-5,-6,-5,0,5,6,3,0,-1,-2,-1,211
3984,5,0,1,-2,-3,-2,-1,-4,-3,0,1,2,1,75
3985,3,-2,-1,0,-5,-4,1,-2,-1,2,3,0,-1,75
3986,1,-2,3,-4,-5,0,1,-2,-1,2,-1,0,1,67
3987,3,-4,1,-2,-7,-2,3,0,1,4,1,-2,-1,115
3988,1,0,-1,-4,-1,0,1,-2,-1,-2,-1,2,1,35
3989,-1,2,-3,-2,-3,-2,3,0,1,0,1,0,-1,43
3990,1,-2,1,-6,-3,2,3,0,1,0,-3,0,1,75
3991,3,0,-1,-4,-5,0,5,2,3,2,-1,-2,-1,99
3992,5,-4,-3,0,-1,0,1,-2,-5,-2,1,2,1,91
3993,3,-6,-1,2,-3,-2,3,0,-3,0,3,0,-1,91
3994,1,-2,-1,-2,-3,2,3,0,-3,0,-1,0,1,43
3995,3,-4,1,0,-5,0,5,2,-1,2,1,-2,-1,91
3996,5,-4,-5,-2,1,2,3,0,-3,-4,-1,2,1,115
3997,3,-2,-3,0,-1,0,5,2,-1,-2,1,0,-1,59
3998,5,-2,-3,-4,-1,4,5,2,-1,-2,-3,0,1,115
3999,7,0,-1,-2,-3,2,7,4,1,0,-1,-2,-1,139
4000,5,4,1,-2,-5,-2,-5,-4,-1,0,1,2,1,123
4001,3,2,-1,-4,-3,-4,-3,-2,1,2,3,0,-1,83
4002,1,2,-1,0,-7,0,-3,-2,1,2,-1,0,1,75
4003,3,0,-3,-2,-5,-2,-1,0,3,4,1,-2,-1,83
4004,1,0,3,-4,-3,0,-3,-2,1,-2,-1,2,1,59
4005,-1,2,1,-6,-1,-2,-1,0,3,0,1,0,-1,59
4006,1,-2,1,-2,-5,2,-1,0,3,0,-3,0,1,59
4007,3,0,-1,-4,-3,0,1,2,5,2,-1,-2,-1,75
4008,1,4,-3,0,-3,0,-3,-2,-3,-2,1,2,1,67
4009,-1,2,-1,-2,-1,-2,-1,0,-1,0,3,0,-1,27
4010,-3,6,-5,2,-5,2,-1,0,-1,0,-1,0,1,107
4011,-1,4,-3,0,-3,0,1,2,1,2,1,-2,-1,51
4012,1,0,-1,-2,-1,2,-1,0,-1,-4,-1,2,1,35
4013,-1,2,1,-4,1,0,1,2,1,-2,1,0,-1,35
4014,1,2,-3,0,-3,4,1,2,1,-2,-3,0,1,59
4015,3,4,-1,-2,-1,2,3,4,3,0,-1,-2,-1,75
4016,5,0,1,-2,-3,0,-3,-6,-3,0,1,2,1,99
4017,3,-2,-1,0,-1,-2,-1,-4,-1,2,3,0,-1,51
4018,1,-2,3,0,-5,2,-1,-4,-1,2,-1,0,1,67
4019,3,-4,1,2,-3,0,1,-2,1,4,1,-2,-1,67
4020,1,0,3,-4,-1,2,-1,-4,-1,-2,-1,2,1,59
4021,-1,2,1,-2,1,0,1,-2,1,0,1,0,-1,19
4022,1,-2,5,-2,-3,4,1,-2,1,0,-3,0,1,75
4023,3,0,3,0,-1,2,3,0,3,2,-1,-2,-1,51
4024,5,0,-3,0,-1,2,-1,-4,-5,-2,1,2,1,91
4025,3,-2,-1,2,1,0,1,-2,-3,0,3,0,-1,43
4026,1,2,-1,2,-3,4,1,-2,-3,0,-1,0,1,51
4027,3,0,1,4,-1,2,3,0,-1,2,1,-2,-1,51
4028,5,0,-1,-2,1,4,1,-2,-3,-4,-1,2,1,83
4029,3,2,1,0,3,2,3,0,-1,-2,1,0,-1,43
4030,5,2,1,0,-1,6,3,0,-1,-2,-3,0,1,91
4031,7,4,3,2,1,4,5,2,1,0,-1,-2,-1,131
4032,9,4,1,-2,-5,-8,-5,-2,-1,0,1,2,1,227
4033,7,2,-1,-4,-7,-6,-3,0,1,2,3,0,-1,179
4034,5,2,-1,-4,-3,-6,-3,0,1,2,-1,0,1,107
4035,7,0,-3,-6,-5,-4,-1,2,3,4,1,-2,-1,171
4036,5,0,-1,0,-3,-6,-3,0,1,-2,-1,2,1,91
4037,3,2,-3,-2,-5,-4,-1,2,3,0,1,0,-1,83
4038,5,-2,-3,-2,-1,-4,-1,2,3,0,-3,0,1,83
4039,7,0,-5,-4,-3,-2,1,4,5,2,-1,-2,-1,155
4040,5,0,1,0,-3,-6,-3,0,-3,-2,1,2,1,99
4041,3,-2,3,-2,-5,-4,-1,2,-1,0,3,0,-1,83
4042,1,2,-1,-2,-1,-4,-1,2,-1,0,-1,0,1,35
4043,3,0,1,-4,-3,-2,1,4,1,2,1,-2,-1,67
4044,5,-4,-1,2,-1,-4,-1,2,-1,-4,-1,2,1,91
4045,3,-2,1,0,-3,-2,1,4,1,-2,1,0,-1,51
4046,5,-2,-3,0,1,-2,1,4,1,-2,-3,0,1,75
4047,7,0,-1,-2,-1,0,3,6,3,0,-1,-2,-1,115
4048,5,4,1,-2,-3,-6,-3,-4,-3,0,1,2,1,131
4049,3,2,-1,0,-5,-4,-1,-2,-1,2,3,0,-1,75
4050,1,2,3,-4,-1,-4,-1,-2,-1,2,-1,0,1,59
4051,3,0,1,-2,-3,-2,1,0,1,4,1,-2,-1,51
4052,1,4,-1,0,-1,-4,-1,-2,-1,-2,-1,2,1,51
4053,-1,6,-3,2,-3,-2,1,0,1,0,1,0,-1,67
4054,1,2,1,-2,1,-2,1,0,1,0,-3,0,1,27
4055,3,4,-1,0,-1,0,3,2,3,2,-1,-2,-1,59
4056,5,0,1,0,-1,-4,-1,-2,-5,-2,1,2,1,83
4057,3,-2,3,2,-3,-2,1,0,-3,0,3,0,-1,59
4058,1,2,3,-2,1,-2,1,0,-3,0,-1,0,1,35
4059,3,0,5,0,-1,0,3,2,-1,2,1,-2,-1,59
4060,5,0,-1,2,1,-2,1,0,-3,-4,-1,2,1,67
4061,3,2,1,4,-1,0,3,2,-1,-2,1,0,-1,51
4062,5,2,1,0,3,0,3,2,-1,-2,-3,0,1,67
4063,7,4,3,2,1,2,5,4,1,0,-1,-2,-1,131
4064,9,4,1,-2,-5,-6,-7,-4,-1,0,1,2,1,235
4065,7,2,-1,-4,-3,-4,-5,-2,1,2,3,0,-1,139
4066,5,2,-1,0,-3,-4,-5,-2,1,2,-1,0,1,91
4067,7,0,-3,-2,-1,-2,-3,0,3,4,1,-2,-1,107
4068,5,0,3,0,-3,-4,-5,-2,1,-2,-1,2,1,99
4069,3,2,1,-2,-1,-2,-3,0,3,0,1,0,-1,43
4070,5,-2,1,2,-1,-2,-3,0,3,0,-3,0,1,67
4071,7,0,-1,0,1,0,-1,2,5,2,-1,-2,-1,91
4072,5,4,1,0,-3,-4,-5,-2,-3,-2,1,2,1,115
4073,3,2,3,-2,-1,-2,-3,0,-1,0,3,0,-1,51
4074,1,6,-1,2,-1,-2,-3,0,-1,0,-1,0,1,59
4075,3,4,1,0,1,0,-1,2,1,2,1,-2,-1,43
4076,5,0,3,2,-1,-2,-3,0,-1,-4,-1,2,1,75
4077,3,2,5,0,1,0,-1,2,1,-2,1,0,-1,51
4078,5,2,1,4,1,0,-1,2,1,-2,-3,0,1,67
4079,7,4,3,2,3,2,1,4,3,0,-1,-2,-1,123
4080,9,4,1,-2,-3,-4,-5,-6,-3,0,1,2,1,203
4081,7,2,-1,0,-1,-2,-3,-4,-1,2,3,0,-1,99
4082,5,2,3,0,-1,-2,-3,-4,-1,2,-1,0,1,75
4083,7,0,1,2,1,0,-1,-2,1,4,1,-2,-1,83
4084,5,4,3,0,-1,-2,-3,-4,-1,-2,-1,2,1,91
4085,3,6,1,2,1,0,-1,-2,1,0,1,0,-1,59
4086,5,2,5,2,1,0,-1,-2,1,0,-3,0,1,75
4087,7,4,3,4,3,2,1,0,3,2,-1,-2,-1,123
4088,9,4,1,0,-1,-2,-3,-4,-5,-2,1,2,1,163
4089,7,2,3,2,1,0,-1,-2,-3,0,3,0,-1,91
4090,5,6,3,2,1,0,-1,-2,-3,0,-1,0,1,91
4091,7,4,5,4,3,2,1,0,-1,2,1,-2,-1,131
4092,9,4,3,2,1,0,-1,-2,-3,-4,-1,2,1,147
4093,7,6,5,4,3,2,1,0,-1,-2,1,0,-1,147
4094,9,6,5,4,3,2,1,0,-1,-2,-3,0,1,187
4095,11,8,7,6,5,4,3,2,1,0,-1,-2,-1,331
4096,9,10,9,8,7,6,5,4,3,2,1,0,1,467
4097,7,8,7,6,5,4,3,2,1,0,-1,2,-1,259
4098,5,8,7,6,5,4,3,2,1,0,3,-2,1,243
4099,7,6,5,4,3,2,1,0,-1,-2,1,0,-1,147
4100,5,6,7,6,5,4,3,2,1,4,-1,0,1,219
4101,3,8,5,4,3,2,1,0,-1,2,-3,2,-1,147
4102,5,4,5,4,3,2,1,0,-1,2,1,-2,1,107
4103,7,6,3,2,1,0,-1,-2,-3,0,-1,0,-1,115
4104,5,6,5,6,5,4,3,2,5,0,1,0,1,203
4105,3,4,7,4,3,2,1,0,3,-2,-1,2,-1,123
4106,1,8,3,4,3,2,1,0,3,-2,3,-2,1,131
4107,3,6,5,2,1,0,-1,-2,1,-4,1,0,-1,99
4108,5,2,3,4,3,2,1,0,3,2,-1,0,1,83
4109,3,4,5,2,1,0,-1,-2,1,0,-3,2,-1,75
4110,5,4,1,2,1,0,-1,-2,1,0,1,-2,1,59
4111,7,6,3,0,-1,-2,-3,-4,-1,-2,-1,0,-1,131
4112,5,6,5,4,5,4,3,6,1,2,1,0,1,195
4113,3,4,3,6,3,2,1,4,-1,0,-1,2,-1,107
4114,1,4,7,2,3,2,1,4,-1,0,3,-2,1,115
4115,3,2,5,4,1,0,-1,2,-3,-2,1,0,-1,75
4116,1,6,3,2,3,2,1,4,-1,4,-1,0,1,99
4117,-1,8,1,4,1,0,-1,2,-3,2,-3,2,-1,115
4118,1,4,5,0,1,0,-1,2,-3,2,1,-2,1,67
4119,3,6,3,2,-1,-2,-3,0,-5,0,-1,0,-1,99
4120,5,2,1,2,3,2,1,4,3,0,1,0,1,75
4121,3,0,3,4,1,0,-1,2,1,-2,-1,2,-1,51
4122,1,4,3,0,1,0,-1,2,1,-2,3,-2,1,51
4123,3,2,5,2,-1,-2,-3,0,-1,-4,1,0,-1,75
4124,5,2,-1,0,1,0,-1,2,1,2,-1,0,1,43
4125,3,4,1,2,-1,-2,-3,0,-1,0,-3,2,-1,59
4126,5,4,1,-2,-1,-2,-3,0,-1,0,1,-2,1,67
4127,7,6,3,0,-3,-4,-5,-2,-3,-2,-1,0,-1,163
4128,5,6,5,4,3,4,7,2,3,2,1,0,1,195
4129,3,4,3,2,5,2,5,0,1,0,-1,2,-1,99
4130,1,4,3,6,1,2,5,0,1,0,3,-2,1,107
4131,3,2,1,4,3,0,3,-2,-1,-2,1,0,-1,59
4132,1,2,7,2,1,2,5,0,1,4,-1,0,1,107
4133,-1,4,5,0,3,0,3,-2,-1,2,-3,2,-1,83
4134,1,0,5,4,-1,0,3,-2,-1,2,1,-2,1,67
4135,3,2,3,2,1,-2,1,-4,-3,0,-1,0,-1,59
4136,1,6,1,2,1,2,5,0,5,0,1,0,1,99
4137,-1,4,3,0,3,0,3,-2,3,-2,-1,2,-1,67
4138,-3,8,-1,4,-1,0,3,-2,3,-2,3,-2,1,131
4139,-1,6,1,2,1,-2,1,-4,1,-4,1,0,-1,83
4140,1,2,3,0,-1,0,3,-2,3,2,-1,0,1,43
4141,-1,4,5,-2,1,-2,1,-4,1,0,-3,2,-1,83
4142,1,4,1,2,-3,-2,1,-4,1,0,1,-2,1,59
4143,3,6,3,0,-1,-4,-1,-6,-1,-2,-1,0,-1,115
4144,5,2,1,0,1,2,5,4,1,2,1,0,1,83
4145,3,0,-1,2,3,0,3,2,-1,0,-1,2,-1,43
4146,1,0,3,2,-1,0,3,2,-1,0,3,-2,1,43
4147,3,-2,1,4,1,-2,1,0,-3,-2,1,0,-1,51
4148,1,2,3,-2,-1,0,3,2,-1,4,-1,0,1,51
4149,-1,4,1,0,1,-2,1,0,-3,2,-3,2,-1,51
4150,1,0,5,0,-3,-2,1,0,-3,2,1,-2,1,59
4151,3,2,3,2,-1,-4,-1,-2,-5,0,-1,0,-1,75
4152,5,2,-3,-2,-1,0,3,2,3,0,1,0,1,67
4153,3,0,-1,0,1,-2,1,0,1,-2,-1,2,-1,27
4154,1,4,-1,0,-3,-2,1,0,1,-2,3,-2,1,51
4155,3,2,1,2,-1,-4,-1,-2,-1,-4,1,0,-1,59
4156,5,2,-1,-4,-3,-2,1,0,1,2,-1,0,1,67
4157,3,4,1,-2,-1,-4,-1,-2,-1,0,-3,2,-1,67
4158,5,4,1,-2,-5,-4,-1,-2,-1,0,1,-2,1,99
4159,7,6,3,0,-3,-6,-3,-4,-3,-2,-1,0,-1,179
4160,5,6,5,4,3,6,3,4,3,2,1,0,1,187
4161,3,4,3,2,1,8,1,2,1,0,-1,2,-1,115
4162,1,4,3,2,5,4,1,2,1,0,3,-2,1,91
4163,3,2,1,0,3,6,-1,0,-1,-2,1,0,-1,67
4164,1,2,3,6,1,4,1,2,1,4,-1,0,1,91
4165,-1,4,1,4,-1,6,-1,0,-1,2,-3,2,-1,91
4166,1,0,1,4,3,2,-1,0,-1,2,1,-2,1,43
4167,3,2,-1,2,1,4,-3,-2,-3,0,-1,0,-1,59
4168,1,2,5,2,1,4,1,2,5,0,1,0,1,83
4169,-1,0,7,0,-1,6,-1,0,3,-2,-1,2,-1,107
4170,-3,4,3,0,3,2,-1,0,3,-2,3,-2,1,75
4171,-1,2,5,-2,1,4,-3,-2,1,-4,1,0,-1,83
4172,1,-2,3,4,-1,2,-1,0,3,2,-1,0,1,51
4173,-1,0,5,2,-3,4,-3,-2,1,0,-3,2,-1,83
4174,1,0,1,2,1,0,-3,-2,1,0,1,-2,1,27
4175,3,2,3,0,-1,2,-5,-4,-1,-2,-1,0,-1,75
4176,1,6,1,0,1,4,1,6,1,2,1,0,1,99
4177,-1,4,-1,2,-1,6,-1,4,-1,0,-1,2,-1,83
4178,-3,4,3,-2,3,2,-1,4,-1,0,3,-2,1,83
4179,-1,2,1,0,1,4,-3,2,-3,-2,1,0,-1,51
4180,-3,6,-1,2,-1,2,-1,4,-1,4,-1,0,1,91
4181,-5,8,-3,4,-3,4,-3,2,-3,2,-3,2,-1,179
4182,-3,4,1,0,1,0,-3,2,-3,2,1,-2,1,59
4183,-1,6,-1,2,-1,2,-5,0,-5,0,-1,0,-1,99
4184,1,2,1,-2,-1,2,-1,4,3,0,1,0,1,43
4185,-1,0,3,0,-3,4,-3,2,1,-2,-1,2,-1,59
4186,-3,4,3,-4,1,0,-3,2,1,-2,3,-2,1,83
4187,-1,2,5,-2,-1,2,-5,0,-1,-4,1,0,-1,83
4188,1,2,-1,0,-3,0,-3,2,1,2,-1,0,1,35
4189,-1,4,1,2,-5,2,-5,0,-1,0,-3,2,-1,91
4190,1,4,1,-2,-1,-2,-5,0,-1,0,1,-2,1,59
4191,3,6,3,0,-3,0,-7,-2,-3,-2,-1,0,-1,131
4192,5,2,1,0,-1,4,5,2,3,2,1,0,1,91
4193,3,0,-1,-2,1,6,3,0,1,0,-1,2,-1,67
4194,1,0,-1,2,1,2,3,0,1,0,3,-2,1,35
4195,3,-2,-3,0,3,4,1,-2,-1,-2,1,0,-1,59
4196,1,-2,3,2,-3,2,3,0,1,4,-1,0,1,59
4197,-1,0,1,0,-1,4,1,-2,-1,2,-3,2,-1,43
4198,1,-4,1,4,-1,0,1,-2,-1,2,1,-2,1,51
4199,3,-2,-1,2,1,2,-1,-4,-3,0,-1,0,-1,51
4200,1,2,1,-2,-3,2,3,0,5,0,1,0,1,59
4201,-1,0,3,-4,-1,4,1,-2,3,-2,-1,2,-1,67
4202,-3,4,-1,0,-1,0,1,-2,3,-2,3,-2,1,59
4203,-1,2,1,-2,1,2,-1,-4,1,-4,1,0,-1,51
4204,1,-2,3,0,-5,0,1,-2,3,2,-1,0,1,59
4205,-1,0,5,-2,-3,2,-1,-4,1,0,-3,2,-1,75
4206,1,0,1,2,-3,-2,-1,-4,1,0,1,-2,1,43
4207,3,2,3,0,-1,0,-3,-6,-1,-2,-1,0,-1,75
4208,5,2,-3,-4,-3,2,3,4,1,2,1,0,1,99
4209,3,0,-5,-2,-1,4,1,2,-1,0,-1,2,-1,67
4210,1,0,-1,-2,-1,0,1,2,-1,0,3,-2,1,27
4211,3,-2,-3,0,1,2,-1,0,-3,-2,1,0,-1,43
4212,1,2,-1,-2,-5,0,1,2,-1,4,-1,0,1,59
4213,-1,4,-3,0,-3,2,-1,0,-3,2,-3,2,-1,67
4214,1,0,1,0,-3,-2,-1,0,-3,2,1,-2,1,35
4215,3,2,-1,2,-1,0,-3,-2,-5,0,-1,0,-1,59
4216,5,2,-3,-6,-5,0,1,2,3,0,1,0,1,115
4217,3,0,-1,-4,-3,2,-1,0,1,-2,-1,2,-1,51
4218,1,4,-1,-4,-3,-2,-1,0,1,-2,3,-2,1,67
4219,3,2,1,-2,-1,0,-3,-2,-1,-4,1,0,-1,51
4220,5,2,-1,-4,-7,-2,-1,0,1,2,-1,0,1,107
4221,3,4,1,-2,-5,0,-3,-2,-1,0,-3,2,-1,83
4222,5,4,1,-2,-5,-4,-3,-2,-1,0,1,-2,1,107
4223,7,6,3,0,-3,-2,-5,-4,-3,-2,-1,0,-1,163
4224,5,6,5,4,7,2,3,4,3,2,1,0,1,195
4225,3,4,3,2,5,0,5,2,1,0,-1,2,-1,99
4226,1,4,3,2,5,4,1,2,1,0,3,-2,1,91
4227,3,2,1,0,3,2,3,0,-1,-2,1,0,-1,43
4228,1,2,3,2,9,0,1,2,1,4,-1,0,1,123
4229,-1,4,1,0,7,-2,3,0,-1,2,-3,2,-1,99
4230,1,0,1,0,7,2,-1,0,-1,2,1,-2,1,67
4231,3,2,-1,-2,5,0,1,-2,-3,0,-1,0,-1,59
4232,1,2,1,6,5,0,1,2,5,0,1,0,1,99
4233,-1,0,3,4,3,-2,3,0,3,-2,-1,2,-1,67
4234,-3,4,-1,4,3,2,-1,0,3,-2,3,-2,1,83
4235,-1,2,1,2,1,0,1,-2,1,-4,1,0,-1,35
4236,1,-2,-1,4,7,-2,-1,0,3,2,-1,0,1,91
4237,-1,0,1,2,5,-4,1,-2,1,0,-3,2,-1,67
4238,1,0,-3,2,5,0,-3,-2,1,0,1,-2,1,59
4239,3,2,-1,0,3,-2,-1,-4,-1,-2,-1,0,-1,51
4240,1,2,5,0,5,0,1,6,1,2,1,0,1,99
4241,-1,0,3,2,3,-2,3,4,-1,0,-1,2,-1,59
4242,-3,0,7,-2,3,2,-1,4,-1,0,3,-2,1,107
4243,-1,-2,5,0,1,0,1,2,-3,-2,1,0,-1,51
4244,-3,2,3,-2,7,-2,-1,4,-1,4,-1,0,1,115
4245,-5,4,1,0,5,-4,1,2,-3,2,-3,2,-1,115
4246,-3,0,5,-4,5,0,-3,2,-3,2,1,-2,1,107
4247,-1,2,3,-2,3,-2,-1,0,-5,0,-1,0,-1,59
4248,1,-2,1,2,3,-2,-1,4,3,0,1,0,1,51
4249,-1,-4,3,4,1,-4,1,2,1,-2,-1,2,-1,75
4250,-3,0,3,0,1,0,-3,2,1,-2,3,-2,1,51
4251,-1,-2,5,2,-1,-2,-1,0,-1,-4,1,0,-1,59
4252,1,-2,-1,0,5,-4,-3,2,1,2,-1,0,1,67
4253,-1,0,1,2,3,-6,-1,0,-1,0,-3,2,-1,67
4254,1,0,1,-2,3,-2,-5,0,-1,0,1,-2,1,51
4255,3,2,3,0,1,-4,-3,-2,-3,-2,-1,0,-1,67
4256,1,6,1,0,3,0,5,2,3,2,1,0,1,91
4257,-1,4,-1,-2,5,-2,7,0,1,0,-1,2,-1,107
4258,-3,4,-1,2,1,2,3,0,1,0,3,-2,1,59
4259,-1,2,-3,0,3,0,5,-2,-1,-2,1,0,-1,59
4260,-3,2,3,-2,5,-2,3,0,1,4,-1,0,1,83
4261,-5,4,1,-4,7,-4,5,-2,-1,2,-3,2,-1,171
4262,-3,0,1,0,3,0,1,-2,-1,2,1,-2,1,35
4263,-1,2,-1,-2,5,-2,3,-4,-3,0,-1,0,-1,75
4264,-3,6,-3,2,1,-2,3,0,5,0,1,0,1,99
4265,-5,4,-1,0,3,-4,5,-2,3,-2,-1,2,-1,115
4266,-7,8,-5,4,-1,0,1,-2,3,-2,3,-2,1,187
4267,-5,6,-3,2,1,-2,3,-4,1,-4,1,0,-1,123
4268,-3,2,-1,0,3,-4,1,-2,3,2,-1,0,1,59
4269,-5,4,1,-2,5,-6,3,-4,1,0,-3,2,-1,147
4270,-3,4,-3,2,1,-2,-1,-4,1,0,1,-2,1,67
4271,-1,6,-1,0,3,-4,1,-6,-1,-2,-1,0,-1,107
4272,1,2,1,-4,1,-2,3,4,1,2,1,0,1,59
4273,-1,0,-1,-2,3,-4,5,2,-1,0,-1,2,-1,67
4274,-3,0,3,-2,-1,0,1,2,-1,0,3,-2,1,43
4275,-1,-2,1,0,1,-2,3,0,-3,-2,1,0,-1,35
4276,-3,2,3,-6,3,-4,1,2,-1,4,-1,0,1,107
4277,-5,4,1,-4,5,-6,3,0,-3,2,-3,2,-1,155
4278,-3,0,5,-4,1,-2,-1,0,-3,2,1,-2,1,75
4279,-1,2,3,-2,3,-4,1,-2,-5,0,-1,0,-1,75
4280,1,2,-3,-2,-1,-4,1,2,3,0,1,0,1,51
4281,-1,0,-1,0,1,-6,3,0,1,-2,-1,2,-1,59
4282,-3,4,-1,0,-3,-2,-1,0,1,-2,3,-2,1,59
4283,-1,2,1,2,-1,-4,1,-2,-1,-4,1,0,-1,51
4284,1,2,-1,-4,1,-6,-1,0,1,2,-1,0,1,67
4285,-1,4,1,-2,3,-8,1,-2,-1,0,-3,2,-1,115
4286,1,4,1,-2,-1,-4,-3,-2,-1,0,1,-2,1,59
4287,3,6,3,0,1,-6,-1,-4,-3,-2,-1,0,-1,123
4288,5,2,1,0,3,2,1,4,3,2,1,0,1,75
4289,3,0,-1,-2,1,4,3,2,1,0,-1,2,-1,51
4290,1,0,-1,-2,5,4,-1,2,1,0,3,-2,1,67
4291,3,-2,-3,-4,3,6,1,0,-1,-2,1,0,-1,91
4292,1,-2,-1,2,5,0,-1,2,1,4,-1,0,1,59
4293,-1,0,-3,0,3,2,1,0,-1,2,-3,2,-1,43
4294,1,-4,-3,0,7,2,-3,0,-1,2,1,-2,1,99
4295,3,-2,-5,-2,5,4,-1,-2,-3,0,-1,0,-1,99
4296,1,-2,1,2,1,0,-1,2,5,0,1,0,1,43
4297,-1,-4,3,0,-1,2,1,0,3,-2,-1,2,-1,51
4298,-3,0,-1,0,3,2,-3,0,3,-2,3,-2,1,59
4299,-1,-2,1,-2,1,4,-1,-2,1,-4,1,0,-1,51
4300,1,-6,-1,4,3,-2,-3,0,3,2,-1,0,1,91
4301,-1,-4,1,2,1,0,-1,-2,1,0,-3,2,-1,43
4302,1,-4,-3,2,5,0,-5,-2,1,0,1,-2,1,91
4303,3,-2,-1,0,3,2,-3,-4,-1,-2,-1,0,-1,59
4304,1,2,1,-4,1,0,-1,6,1,2,1,0,1,67
4305,-1,0,-1,-2,-1,2,1,4,-1,0,-1,2,-1,35
4306,-3,0,3,-6,3,2,-3,4,-1,0,3,-2,1,107
4307,-1,-2,1,-4,1,4,-1,2,-3,-2,1,0,-1,59
4308,-3,2,-1,-2,3,-2,-3,4,-1,4,-1,0,1,75
4309,-5,4,-3,0,1,0,-1,2,-3,2,-3,2,-1,83
4310,-3,0,1,-4,5,0,-5,2,-3,2,1,-2,1,99
4311,-1,2,-1,-2,3,2,-3,0,-5,0,-1,0,-1,59
4312,1,-2,1,-2,-1,-2,-3,4,3,0,1,0,1,51
4313,-1,-4,3,0,-3,0,-1,2,1,-2,-1,2,-1,51
4314,-3,0,3,-4,1,0,-5,2,1,-2,3,-2,1,83
4315,-1,-2,5,-2,-1,2,-3,0,-1,-4,1,0,-1,67
4316,1,-2,-1,0,1,-4,-5,2,1,2,-1,0,1,59
4317,-1,0,1,2,-1,-2,-3,0,-1,0,-3,2,-1,35
4318,1,0,1,-2,3,-2,-7,0,-1,0,1,-2,1,75
4319,3,2,3,0,1,0,-5,-2,-3,-2,-1,0,-1,67
4320,5,2,-3,-4,-1,0,3,2,3,2,1,0,1,83
4321,3,0,-5,-6,1,2,5,0,1,0,-1,2,-1,107
4322,1,0,-5,-2,1,2,1,0,1,0,3,-2,1,51
4323,3,-2,-7,-4,3,4,3,-2,-1,-2,1,0,-1,123
4324,1,-2,-1,-2,1,-2,1,0,1,4,-1,0,1,35
4325,-1,0,-3,-4,3,0,3,-2,-1,2,-3,2,-1,67
4326,1,-4,-3,0,3,0,-1,-2,-1,2,1,-2,1,51
4327,3,-2,-5,-2,5,2,1,-4,-3,0,-1,0,-1,99
4328,1,2,-3,-2,-3,-2,1,0,5,0,1,0,1,59
4329,-1,0,-1,-4,-1,0,3,-2,3,-2,-1,2,-1,51
4330,-3,4,-5,0,-1,0,-1,-2,3,-2,3,-2,1,83
4331,-1,2,-3,-2,1,2,1,-4,1,-4,1,0,-1,59
4332,1,-2,-1,0,-1,-4,-1,-2,3,2,-1,0,1,43
4333,-1,0,1,-2,1,-2,1,-4,1,0,-3,2,-1,43
4334,1,0,-3,2,1,-2,-3,-4,1,0,1,-2,1,51
4335,3,2,-1,0,3,0,-1,-6,-1,-2,-1,0,-1,67
4336,5,2,-3,-8,-3,-2,1,4,1,2,1,0,1,139
4337,3,0,-5,-6,-1,0,3,2,-1,0,-1,2,-1,91
4338,1,0,-1,-6,-1,0,-1,2,-1,0,3,-2,1,59
4339,3,-2,-3,-4,1,2,1,0,-3,-2,1,0,-1,59
4340,1,2,-1,-6,-1,-4,-1,2,-1,4,-1,0,1,83
4341,-1,4,-3,-4,1,-2,1,0,-3,2,-3,2,-1,75
4342,1,0,1,-4,1,-2,-3,0,-3,2,1,-2,1,51
4343,3,2,-1,-2,3,0,-1,-2,-5,0,-1,0,-1,59
4344,5,2,-3,-6,-5,-4,-1,2,3,0,1,0,1,131
4345,3,0,-1,-4,-3,-2,1,0,1,-2,-1,2,-1,51
4346,1,4,-1,-4,-3,-2,-3,0,1,-2,3,-2,1,75
4347,3,2,1,-2,-1,0,-1,-2,-1,-4,1,0,-1,43
4348,5,2,-1,-4,-3,-6,-3,0,1,2,-1,0,1,107
4349,3,4,1,-2,-1,-4,-1,-2,-1,0,-3,2,-1,67
4350,5,4,1,-2,-1,-4,-5,-2,-1,0,1,-2,1,99
4351,7,6,3,0,1,-2,-3,-4,-3,-2,-1,0,-1,139
4352,5,6,5,8,3,4,3,2,3,2,1,0,1,203
4353,3,4,3,6,1,2,1,4,1,0,-1,2,-1,99
4354,1,4,3,6,1,2,5,0,1,0,3,-2,1,107
4355,3,2,1,4,-1,0,3,2,-1,-2,1,0,-1,51
4356,1,2,3,6,1,6,1,0,1,4,-1,0,1,107
4357,-1,4,1,4,-1,4,-1,2,-1,2,-3,2,-1,75
4358,1,0,1,4,-1,4,3,-2,-1,2,1,-2,1,59
4359,3,2,-1,2,-3,2,1,0,-3,0,-1,0,-1,43
4360,1,2,1,6,5,2,1,0,5,0,1,0,1,99
4361,-1,0,3,4,3,0,-1,2,3,-2,-1,2,-1,59
4362,-3,4,-1,4,3,0,3,-2,3,-2,3,-2,1,91
4363,-1,2,1,2,1,-2,1,0,1,-4,1,0,-1,35
4364,1,-2,-1,4,3,4,-1,-2,3,2,-1,0,1,67
4365,-1,0,1,2,1,2,-3,0,1,0,-3,2,-1,35
4366,1,0,-3,2,1,2,1,-4,1,0,1,-2,1,43
4367,3,2,-1,0,-1,0,-1,-2,-1,-2,-1,0,-1,27
4368,1,2,1,8,1,2,1,4,1,2,1,0,1,99
4369,-1,0,-1,10,-1,0,-1,6,-1,0,-1,2,-1,147
4370,-3,0,3,6,-1,0,3,2,-1,0,3,-2,1,83
4371,-1,-2,1,8,-3,-2,1,4,-3,-2,1,0,-1,115
4372,-3,2,-1,6,-1,4,-1,2,-1,4,-1,0,1,91
4373,-5,4,-3,8,-3,2,-3,4,-3,2,-3,2,-1,179
4374,-3,0,1,4,-3,2,1,0,-3,2,1,-2,1,59
4375,-1,2,-1,6,-5,0,-1,2,-5,0,-1,0,-1,99
4376,1,-2,-3,6,3,0,-1,2,3,0,1,0,1,75
4377,-1,-4,-1,8,1,-2,-3,4,1,-2,-1,2,-1,123
4378,-3,0,-1,4,1,-2,1,0,1,-2,3,-2,1,51
4379,-1,-2,1,6,-1,-4,-1,2,-1,-4,1,0,-1,83
4380,1,-2,-5,4,1,2,-3,0,1,2,-1,0,1,67
4381,-1,0,-3,6,-1,0,-5,2,-1,0,-3,2,-1,91
4382,1,0,-3,2,-1,0,-1,-2,-1,0,1,-2,1,27
4383,3,2,-1,4,-3,-2,-3,0,-3,-2,-1,0,-1,67
4384,1,2,5,4,-1,2,5,0,3,2,1,0,1,91
4385,-1,0,3,2,1,0,3,2,1,0,-1,2,-1,35
4386,-3,0,3,6,-3,0,7,-2,1,0,3,-2,1,131
4387,-1,-2,1,4,-1,-2,5,0,-1,-2,1,0,-1,59
4388,-3,-2,7,2,-3,4,3,-2,1,4,-1,0,1,123
4389,-5,0,5,0,-1,2,1,0,-1,2,-3,2,-1,75
4390,-3,-4,5,4,-5,2,5,-4,-1,2,1,-2,1,147
4391,-1,-2,3,2,-3,0,3,-2,-3,0,-1,0,-1,51
4392,-3,2,1,2,1,0,3,-2,5,0,1,0,1,59
4393,-5,0,3,0,3,-2,1,0,3,-2,-1,2,-1,67
4394,-7,4,-1,4,-1,-2,5,-4,3,-2,3,-2,1,155
4395,-5,2,1,2,1,-4,3,-2,1,-4,1,0,-1,83
4396,-3,-2,3,0,-1,2,1,-4,3,2,-1,0,1,59
4397,-5,0,5,-2,1,0,-1,-2,1,0,-3,2,-1,75
4398,-3,0,1,2,-3,0,3,-6,1,0,1,-2,1,75
4399,-1,2,3,0,-1,-2,1,-4,-1,-2,-1,0,-1,43
4400,1,-2,1,4,-3,0,3,2,1,2,1,0,1,51
4401,-1,-4,-1,6,-1,-2,1,4,-1,0,-1,2,-1,83
4402,-3,-4,3,6,-5,-2,5,0,-1,0,3,-2,1,139
4403,-1,-6,1,8,-3,-4,3,2,-3,-2,1,0,-1,155
4404,-3,-2,3,2,-5,2,1,0,-1,4,-1,0,1,75
4405,-5,0,1,4,-3,0,-1,2,-3,2,-3,2,-1,83
4406,-3,-4,5,4,-7,0,3,-2,-3,2,1,-2,1,147
4407,-1,-2,3,6,-5,-2,1,0,-5,0,-1,0,-1,107
4408,1,-2,-3,2,-1,-2,1,0,3,0,1,0,1,35
4409,-1,-4,-1,4,1,-4,-1,2,1,-2,-1,2,-1,67
4410,-3,0,-1,4,-3,-4,3,-2,1,-2,3,-2,1,83
4411,-1,-2,1,6,-1,-6,1,0,-1,-4,1,0,-1,99
4412,1,-2,-1,0,-3,0,-1,-2,1,2,-1,0,1,27
4413,-1,0,1,2,-1,-2,-3,0,-1,0,-3,2,-1,35
4414,1,0,1,2,-5,-2,1,-4,-1,0,1,-2,1,59
4415,3,2,3,4,-3,-4,-1,-2,-3,-2,-1,0,-1,83
4416,1,6,1,4,-1,4,1,2,3,2,1,0,1,91
4417,-1,4,-1,2,-3,6,-1,4,1,0,-1,2,-1,91
4418,-3,4,-1,2,1,2,3,0,1,0,3,-2,1,59
4419,-1,2,-3,0,-1,4,1,2,-1,-2,1,0,-1,43
4420,-3,2,-1,6,-3,6,-1,0,1,4,-1,0,1,115
4421,-5,4,-3,4,-5,8,-3,2,-1,2,-3,2,-1,187
4422,-3,0,-3,4,-1,4,1,-2,-1,2,1,-2,1,67
4423,-1,2,-5,2,-3,6,-1,0,-3,0,-1,0,-1,91
4424,-3,2,1,2,1,2,-1,0,5,0,1,0,1,51
4425,-5,0,3,0,-1,4,-3,2,3,-2,-1,2,-1,83
4426,-7,4,-1,0,3,0,1,-2,3,-2,3,-2,1,107
4427,-5,2,1,-2,1,2,-1,0,1,-4,1,0,-1,59
4428,-3,-2,-1,4,-1,4,-3,-2,3,2,-1,0,1,75
4429,-5,0,1,2,-3,6,-5,0,1,0,-3,2,-1,115
4430,-3,0,-3,2,1,2,-1,-4,1,0,1,-2,1,51
4431,-1,2,-1,0,-1,4,-3,-2,-1,-2,-1,0,-1,43
4432,-3,6,-3,4,-3,2,-1,4,1,2,1,0,1,107
4433,-5,4,-5,6,-5,4,-3,6,-1,0,-1,2,-1,195
4434,-7,4,-1,2,-1,0,1,2,-1,0,3,-2,1,91
4435,-5,2,-3,4,-3,2,-1,4,-3,-2,1,0,-1,99
4436,-7,6,-5,6,-5,4,-3,2,-1,4,-1,0,1,219
4437,-9,8,-7,8,-7,6,-5,4,-3,2,-3,2,-1,411
4438,-7,4,-3,4,-3,2,-1,0,-3,2,1,-2,1,123
4439,-5,6,-5,6,-5,4,-3,2,-5,0,-1,0,-1,203
4440,-3,2,-3,2,-1,0,-3,2,3,0,1,0,1,51
4441,-5,0,-1,4,-3,2,-5,4,1,-2,-1,2,-1,107
4442,-7,4,-1,0,1,-2,-1,0,1,-2,3,-2,1,91
4443,-5,2,1,2,-1,0,-3,2,-1,-4,1,0,-1,67
4444,-3,2,-5,4,-3,2,-5,0,1,2,-1,0,1,99
4445,-5,4,-3,6,-5,4,-7,2,-1,0,-3,2,-1,195
4446,-3,4,-3,2,-1,0,-3,-2,-1,0,1,-2,1,59
4447,-1,6,-1,4,-3,2,-5,0,-3,-2,-1,0,-1,107
4448,1,2,1,0,-5,2,3,0,3,2,1,0,1,59
4449,-1,0,-1,-2,-3,4,1,2,1,0,-1,2,-1,43
4450,-3,0,-1,2,-3,0,5,-2,1,0,3,-2,1,67
4451,-1,-2,-3,0,-1,2,3,0,-1,-2,1,0,-1,35
4452,-3,-2,3,2,-7,4,1,-2,1,4,-1,0,1,115
4453,-5,0,1,0,-5,6,-1,0,-1,2,-3,2,-1,107
4454,-3,-4,1,4,-5,2,3,-4,-1,2,1,-2,1,107
4455,-1,-2,-1,2,-3,4,1,-2,-3,0,-1,0,-1,51
4456,-3,2,1,-2,-3,0,1,-2,5,0,1,0,1,59
4457,-5,0,3,-4,-1,2,-1,0,3,-2,-1,2,-1,75
4458,-7,4,-1,0,-1,-2,3,-4,3,-2,3,-2,1,123
4459,-5,2,1,-2,1,0,1,-2,1,-4,1,0,-1,59
4460,-3,-2,3,0,-5,2,-1,-4,3,2,-1,0,1,83
4461,-5,0,5,-2,-3,4,-3,-2,1,0,-3,2,-1,107
4462,-3,0,1,2,-3,0,1,-6,1,0,1,-2,1,67
4463,-1,2,3,0,-1,2,-1,-4,-1,-2,-1,0,-1,43
4464,1,2,-3,0,-7,0,1,2,1,2,1,0,1,75
4465,-1,0,-5,2,-5,2,-1,4,-1,0,-1,2,-1,83
4466,-3,0,-1,2,-5,-2,3,0,-1,0,3,-2,1,67
4467,-1,-2,-3,4,-3,0,1,2,-3,-2,1,0,-1,59
4468,-3,2,-1,2,-9,2,-1,0,-1,4,-1,0,1,123
4469,-5,4,-3,4,-7,4,-3,2,-3,2,-3,2,-1,171
4470,-3,0,1,4,-7,0,1,-2,-3,2,1,-2,1,99
4471,-1,2,-1,6,-5,2,-1,0,-5,0,-1,0,-1,99
4472,1,2,-3,-2,-5,-2,-1,0,3,0,1,0,1,59
4473,-1,0,-1,0,-3,0,-3,2,1,-2,-1,2,-1,35
4474,-3,4,-1,0,-3,-4,1,-2,1,-2,3,-2,1,75
4475,-1,2,1,2,-1,-2,-1,0,-1,-4,1,0,-1,35
4476,1,2,-1,0,-7,0,-3,-2,1,2,-1,0,1,75
4477,-1,4,1,2,-5,2,-5,0,-1,0,-3,2,-1,91
4478,1,4,1,2,-5,-2,-1,-4,-1,0,1,-2,1,75
4479,3,6,3,4,-3,0,-3,-2,-3,-2,-1,0,-1,107
4480,5,2,1,4,3,0,1,2,3,2,1,0,1,75
4481,3,0,-1,2,1,-2,3,4,1,0,-1,2,-1,51
4482,1,0,-1,2,1,2,3,0,1,0,3,-2,1,35
4483,3,-2,-3,0,-1,0,5,2,-1,-2,1,0,-1,59
4484,1,-2,-1,2,5,2,-1,0,1,4,-1,0,1,59
4485,-1,0,-3,0,3,0,1,2,-1,2,-3,2,-1,43
4486,1,-4,-3,0,3,4,1,-2,-1,2,1,-2,1,67
4487,3,-2,-5,-2,1,2,3,0,-3,0,-1,0,-1,67
4488,1,-2,-3,6,5,-2,-1,0,5,0,1,0,1,107
4489,-1,-4,-1,4,3,-4,1,2,3,-2,-1,2,-1,83
4490,-3,0,-5,4,3,0,1,-2,3,-2,3,-2,1,91
4491,-1,-2,-3,2,1,-2,3,0,1,-4,1,0,-1,51
4492,1,-6,-5,4,7,0,-3,-2,3,2,-1,0,1,155
4493,-1,-4,-3,2,5,-2,-1,0,1,0,-3,2,-1,75
4494,1,-4,-7,2,5,2,-1,-4,1,0,1,-2,1,123
4495,3,-2,-5,0,3,0,1,-2,-1,-2,-1,0,-1,59
4496,1,-2,1,4,1,-2,-1,4,1,2,1,0,1,51
4497,-1,-4,-1,6,-1,-4,1,6,-1,0,-1,2,-1,115
4498,-3,-4,3,2,-1,0,1,2,-1,0,3,-2,1,59
4499,-1,-6,1,4,-3,-2,3,4,-3,-2,1,0,-1,107
4500,-3,-2,-1,2,3,0,-3,2,-1,4,-1,0,1,59
4501,-5,0,-3,4,1,-2,-1,4,-3,2,-3,2,-1,99
4502,-3,-4,1,0,1,2,-1,0,-3,2,1,-2,1,51
4503,-1,-2,-1,2,-1,0,1,2,-5,0,-1,0,-1,43
4504,1,-6,-3,6,3,-4,-3,2,3,0,1,0,1,131
4505,-1,-8,-1,8,1,-6,-1,4,1,-2,-1,2,-1,195
4506,-3,-4,-1,4,1,-2,-1,0,1,-2,3,-2,1,67
4507,-1,-6,1,6,-1,-4,1,2,-1,-4,1,0,-1,115
4508,1,-6,-5,4,5,-2,-5,0,1,2,-1,0,1,139
4509,-1,-4,-3,6,3,-4,-3,2,-1,0,-3,2,-1,115
4510,1,-4,-3,2,3,0,-3,-2,-1,0,1,-2,1,59
4511,3,-2,-1,4,1,-2,-1,0,-3,-2,-1,0,-1,51
4512,1,2,1,0,-1,-2,3,0,3,2,1,0,1,35
4513,-1,0,-1,-2,1,-4,5,2,1,0,-1,2,-1,59
4514,-3,0,-1,2,-3,0,5,-2,1,0,3,-2,1,67
4515,-1,-2,-3,0,-1,-2,7,0,-1,-2,1,0,-1,75
4516,-3,-2,3,-2,1,0,1,-2,1,4,-1,0,1,51
4517,-5,0,1,-4,3,-2,3,0,-1,2,-3,2,-1,83
4518,-3,-4,1,0,-1,2,3,-4,-1,2,1,-2,1,67
4519,-1,-2,-1,-2,1,0,5,-2,-3,0,-1,0,-1,51
4520,-3,2,-3,2,1,-4,1,-2,5,0,1,0,1,75
4521,-5,0,-1,0,3,-6,3,0,3,-2,-1,2,-1,99
4522,-7,4,-5,4,-1,-2,3,-4,3,-2,3,-2,1,163
4523,-5,2,-3,2,1,-4,5,-2,1,-4,1,0,-1,107
4524,-3,-2,-1,0,3,-2,-1,-4,3,2,-1,0,1,59
4525,-5,0,1,-2,5,-4,1,-2,1,0,-3,2,-1,91
4526,-3,0,-3,2,1,0,1,-6,1,0,1,-2,1,67
4527,-1,2,-1,0,3,-2,3,-4,-1,-2,-1,0,-1,51
4528,1,-2,1,0,-3,-4,1,2,1,2,1,0,1,43
4529,-1,-4,-1,2,-1,-6,3,4,-1,0,-1,2,-1,91
4530,-3,-4,3,2,-5,-2,3,0,-1,0,3,-2,1,91
4531,-1,-6,1,4,-3,-4,5,2,-3,-2,1,0,-1,123
4532,-3,-2,3,-2,-1,-2,-1,0,-1,4,-1,0,1,51
4533,-5,0,1,0,1,-4,1,2,-3,2,-3,2,-1,75
4534,-3,-4,5,0,-3,0,1,-2,-3,2,1,-2,1,83
4535,-1,-2,3,2,-1,-2,3,0,-5,0,-1,0,-1,59
4536,1,-2,-3,2,-1,-6,-1,0,3,0,1,0,1,67
4537,-1,-4,-1,4,1,-8,1,2,1,-2,-1,2,-1,115
4538,-3,0,-1,4,-3,-4,1,-2,1,-2,3,-2,1,75
4539,-1,-2,1,6,-1,-6,3,0,-1,-4,1,0,-1,107
4540,1,-2,-1,0,1,-4,-3,-2,1,2,-1,0,1,43
4541,-1,0,1,2,3,-6,-1,0,-1,0,-3,2,-1,67
4542,1,0,1,2,-1,-2,-1,-4,-1,0,1,-2,1,35
4543,3,2,3,4,1,-4,1,-2,-3,-2,-1,0,-1,75
4544,5,2,-3,0,-1,0,-1,2,3,2,1,0,1,59
4545,3,0,-5,-2,-3,2,1,4,1,0,-1,2,-1,75
4546,1,0,-5,-2,1,2,1,0,1,0,3,-2,1,51
4547,3,-2,-7,-4,-1,4,3,2,-1,-2,1,0,-1,115
4548,1,-2,-5,2,1,2,-3,0,1,4,-1,0,1,67
4549,-1,0,-7,0,-1,4,-1,2,-1,2,-3,2,-1,91
4550,1,-4,-7,0,3,4,-1,-2,-1,2,1,-2,1,107
4551,3,-2,-9,-2,1,6,1,0,-3,0,-1,0,-1,147
4552,1,-2,-3,2,1,-2,-3,0,5,0,1,0,1,59
4553,-1,-4,-1,0,-1,0,-1,2,3,-2,-1,2,-1,43
4554,-3,0,-5,0,3,0,-1,-2,3,-2,3,-2,1,75
4555,-1,-2,-3,-2,1,2,1,0,1,-4,1,0,-1,43
4556,1,-6,-5,4,3,0,-5,-2,3,2,-1,0,1,131
4557,-1,-4,-3,2,1,2,-3,0,1,0,-3,2,-1,59
4558,1,-4,-7,2,5,2,-3,-4,1,0,1,-2,1,131
4559,3,-2,-5,0,3,4,-1,-2,-1,-2,-1,0,-1,75
4560,1,2,-3,0,-3,-2,-3,4,1,2,1,0,1,59
4561,-1,0,-5,2,-5,0,-1,6,-1,0,-1,2,-1,99
4562,-3,0,-1,-2,-1,0,-1,2,-1,0,3,-2,1,35
4563,-1,-2,-3,0,-3,2,1,4,-3,-2,1,0,-1,59
4564,-3,2,-5,2,-1,0,-5,2,-1,4,-1,0,1,91
4565,-5,4,-7,4,-3,2,-3,4,-3,2,-3,2,-1,171
4566,-3,0,-3,0,1,2,-3,0,-3,2,1,-2,1,51
4567,-1,2,-5,2,-1,4,-1,2,-5,0,-1,0,-1,83
4568,1,-2,-3,2,-1,-4,-5,2,3,0,1,0,1,75
4569,-1,-4,-1,4,-3,-2,-3,4,1,-2,-1,2,-1,83
4570,-3,0,-1,0,1,-2,-3,0,1,-2,3,-2,1,43
4571,-1,-2,1,2,-1,0,-1,2,-1,-4,1,0,-1,35
4572,1,-2,-5,4,1,-2,-7,0,1,2,-1,0,1,107
4573,-1,0,-3,6,-1,0,-5,2,-1,0,-3,2,-1,91
4574,1,0,-3,2,3,0,-5,-2,-1,0,1,-2,1,59
4575,3,2,-1,4,1,2,-3,0,-3,-2,-1,0,-1,59
4576,5,2,-3,-4,-5,-2,1,0,3,2,1,0,1,99
4577,3,0,-5,-6,-3,0,3,2,1,0,-1,2,-1,99
4578,1,0,-5,-2,-3,0,3,-2,1,0,3,-2,1,67
4579,3,-2,-7,-4,-1,2,5,0,-1,-2,1,0,-1,115
4580,1,-2,-1,-2,-3,0,-1,-2,1,4,-1,0,1,43
4581,-1,0,-3,-4,-1,2,1,0,-1,2,-3,2,-1,51
4582,1,-4,-3,0,-1,2,1,-4,-1,2,1,-2,1,59
4583,3,-2,-5,-2,1,4,3,-2,-3,0,-1,0,-1,83
4584,1,2,-3,-2,-3,-4,-1,-2,5,0,1,0,1,75
4585,-1,0,-1,-4,-1,-2,1,0,3,-2,-1,2,-1,43
4586,-3,4,-5,0,-1,-2,1,-4,3,-2,3,-2,1,99
4587,-1,2,-3,-2,1,0,3,-2,1,-4,1,0,-1,51
4588,1,-2,-1,0,-1,-2,-3,-4,3,2,-1,0,1,51
4589,-1,0,1,-2,1,0,-1,-2,1,0,-3,2,-1,27
4590,1,0,-3,2,1,0,-1,-6,1,0,1,-2,1,59
4591,3,2,-1,0,3,2,1,-4,-1,-2,-1,0,-1,51
4592,5,2,-3,-4,-7,-4,-1,2,1,2,1,0,1,131
4593,3,0,-5,-2,-5,-2,1,4,-1,0,-1,2,-1,91
4594,1,0,-1,-2,-5,-2,1,0,-1,0,3,-2,1,51
4595,3,-2,-3,0,-3,0,3,2,-3,-2,1,0,-1,59
4596,1,2,-1,-2,-5,-2,-3,0,-1,4,-1,0,1,67
4597,-1,4,-3,0,-3,0,-1,2,-3,2,-3,2,-1,67
4598,1,0,1,0,-3,0,-1,-2,-3,2,1,-2,1,35
4599,3,2,-1,2,-1,2,1,0,-5,0,-1,0,-1,51
4600,5,2,-3,-2,-5,-6,-3,0,3,0,1,0,1,123
4601,3,0,-1,0,-3,-4,-1,2,1,-2,-1,2,-1,51
4602,1,4,-1,0,-3,-4,-1,-2,1,-2,3,-2,1,67
4603,3,2,1,2,-1,-2,1,0,-1,-4,1,0,-1,43
4604,5,2,-1,0,-3,-4,-5,-2,1,2,-1,0,1,91
4605,3,4,1,2,-1,-2,-3,0,-1,0,-3,2,-1,59
4606,5,4,1,2,-1,-2,-3,-4,-1,0,1,-2,1,83
4607,7,6,3,4,1,0,-1,-2,-3,-2,-1,0,-1,131
4608,5,6,9,4,5,4,3,2,1,2,1,0,1,219
4609,3,4,7,2,3,2,1,0,3,0,-1,2,-1,107
4610,1,4,7,2,3,2,1,4,-1,0,3,-2,1,115
4611,3,2,5,0,1,0,-1,2,1,-2,1,0,-1,51
4612,1,2,7,2,3,2,5,0,-1,4,-1,0,1,115
4613,-1,4,5,0,1,0,3,-2,1,2,-3,2,-1,75
4614,1,0,5,0,1,0,3,2,-3,2,1,-2,1,59
4615,3,2,3,-2,-1,-2,1,0,-1,0,-1,0,-1,35
4616,1,2,5,2,3,6,1,0,3,0,1,0,1,91
4617,-1,0,7,0,1,4,-1,-2,5,-2,-1,2,-1,107
4618,-3,4,3,0,1,4,-1,2,1,-2,3,-2,1,75
4619,-1,2,5,-2,-1,2,-3,0,3,-4,1,0,-1,75
4620,1,-2,3,0,1,4,3,-2,1,2,-1,0,1,51
4621,-1,0,5,-2,-1,2,1,-4,3,0,-3,2,-1,75
4622,1,0,1,-2,-1,2,1,0,-1,0,1,-2,1,19
4623,3,2,3,-4,-3,0,-1,-2,1,-2,-1,0,-1,59
4624,1,2,5,0,7,2,1,4,-1,2,1,0,1,107
4625,-1,0,3,2,5,0,-1,2,1,0,-1,2,-1,51
4626,-3,0,7,-2,5,0,-1,6,-3,0,3,-2,1,147
4627,-1,-2,5,0,3,-2,-3,4,-1,-2,1,0,-1,75
4628,-3,2,3,-2,5,0,3,2,-3,4,-1,0,1,91
4629,-5,4,1,0,3,-2,1,0,-1,2,-3,2,-1,75
4630,-3,0,5,-4,3,-2,1,4,-5,2,1,-2,1,115
4631,-1,2,3,-2,1,-4,-1,2,-3,0,-1,0,-1,51
4632,1,-2,1,-2,5,4,-1,2,1,0,1,0,1,59
4633,-1,-4,3,0,3,2,-3,0,3,-2,-1,2,-1,67
4634,-3,0,3,-4,3,2,-3,4,-1,-2,3,-2,1,91
4635,-1,-2,5,-2,1,0,-5,2,1,-4,1,0,-1,83
4636,1,-2,-1,-4,3,2,1,0,-1,2,-1,0,1,43
4637,-1,0,1,-2,1,0,-1,-2,1,0,-3,2,-1,27
4638,1,0,1,-6,1,0,-1,2,-3,0,1,-2,1,59
4639,3,2,3,-4,-1,-2,-3,0,-1,-2,-1,0,-1,59
4640,1,2,5,4,1,2,5,0,1,2,1,0,1,83
4641,-1,0,3,2,3,0,3,-2,3,0,-1,2,-1,51
4642,-3,0,3,6,-1,0,3,2,-1,0,3,-2,1,83
4643,-1,-2,1,4,1,-2,1,0,1,-2,1,0,-1,35
4644,-3,-2,7,2,-1,0,7,-2,-1,4,-1,0,1,139
4645,-5,0,5,0,1,-2,5,-4,1,2,-3,2,-1,115
4646,-3,-4,5,4,-3,-2,5,0,-3,2,1,-2,1,123
4647,-1,-2,3,2,-1,-4,3,-2,-1,0,-1,0,-1,51
4648,-3,2,1,2,-1,4,3,-2,3,0,1,0,1,59
4649,-5,0,3,0,1,2,1,-4,5,-2,-1,2,-1,91
4650,-7,4,-1,4,-3,2,1,0,1,-2,3,-2,1,115
4651,-5,2,1,2,-1,0,-1,-2,3,-4,1,0,-1,67
4652,-3,-2,3,0,-3,2,5,-4,1,2,-1,0,1,83
4653,-5,0,5,-2,-1,0,3,-6,3,0,-3,2,-1,123
4654,-3,0,1,2,-5,0,3,-2,-1,0,1,-2,1,59
4655,-1,2,3,0,-3,-2,1,-4,1,-2,-1,0,-1,51
4656,1,-2,1,0,3,0,3,2,-1,2,1,0,1,35
4657,-1,-4,-1,2,5,-2,1,0,1,0,-1,2,-1,59
4658,-3,-4,3,2,1,-2,1,4,-3,0,3,-2,1,83
4659,-1,-6,1,4,3,-4,-1,2,-1,-2,1,0,-1,91
4660,-3,-2,3,-2,1,-2,5,0,-3,4,-1,0,1,83
4661,-5,0,1,0,3,-4,3,-2,-1,2,-3,2,-1,83
4662,-3,-4,5,0,-1,-4,3,2,-5,2,1,-2,1,115
4663,-1,-2,3,2,1,-6,1,0,-3,0,-1,0,-1,67
4664,1,-2,-3,-2,1,2,1,0,1,0,1,0,1,27
4665,-1,-4,-1,0,3,0,-1,-2,3,-2,-1,2,-1,51
4666,-3,0,-1,0,-1,0,-1,2,-1,-2,3,-2,1,35
4667,-1,-2,1,2,1,-2,-3,0,1,-4,1,0,-1,43
4668,1,-2,-1,-4,-1,0,3,-2,-1,2,-1,0,1,43
4669,-1,0,1,-2,1,-2,1,-4,1,0,-3,2,-1,43
4670,1,0,1,-2,-3,-2,1,0,-3,0,1,-2,1,35
4671,3,2,3,0,-1,-4,-1,-2,-1,-2,-1,0,-1,51
4672,1,2,9,0,1,4,1,2,1,2,1,0,1,115
4673,-1,0,7,-2,-1,6,-1,0,3,0,-1,2,-1,107
4674,-3,0,7,-2,3,2,-1,4,-1,0,3,-2,1,107
4675,-1,-2,5,-4,1,4,-3,2,1,-2,1,0,-1,83
4676,-3,-2,7,2,-1,2,3,0,-1,4,-1,0,1,99
4677,-5,0,5,0,-3,4,1,-2,1,2,-3,2,-1,99
4678,-3,-4,5,0,1,0,1,2,-3,2,1,-2,1,75
4679,-1,-2,3,-2,-1,2,-1,0,-1,0,-1,0,-1,27
4680,-3,-2,9,-2,-1,6,-1,0,3,0,1,0,1,147
4681,-5,-4,11,-4,-3,8,-3,-2,5,-2,-1,2,-1,299
4682,-7,0,7,-4,1,4,-3,2,1,-2,3,-2,1,163
4683,-5,-2,9,-6,-1,6,-5,0,3,-4,1,0,-1,235
4684,-3,-6,7,0,-3,4,1,-2,1,2,-1,0,1,131
4685,-5,-4,9,-2,-5,6,-1,-4,3,0,-3,2,-1,227
4686,-3,-4,5,-2,-1,2,-1,0,-1,0,1,-2,1,67
4687,-1,-2,7,-4,-3,4,-3,-2,1,-2,-1,0,-1,115
4688,-3,2,5,-4,3,2,-1,4,-1,2,1,0,1,91
4689,-5,0,3,-2,1,4,-3,2,1,0,-1,2,-1,75
4690,-7,0,7,-6,5,0,-3,6,-3,0,3,-2,1,227
4691,-5,-2,5,-4,3,2,-5,4,-1,-2,1,0,-1,131
4692,-7,2,3,-2,1,0,1,2,-3,4,-1,0,1,99
4693,-9,4,1,0,-1,2,-1,0,-1,2,-3,2,-1,123
4694,-7,0,5,-4,3,-2,-1,4,-5,2,1,-2,1,155
4695,-5,2,3,-2,1,0,-3,2,-3,0,-1,0,-1,67
4696,-3,-2,5,-6,1,4,-3,2,1,0,1,0,1,107
4697,-5,-4,7,-4,-1,6,-5,0,3,-2,-1,2,-1,187
4698,-7,0,7,-8,3,2,-5,4,-1,-2,3,-2,1,235
4699,-5,-2,9,-6,1,4,-7,2,1,-4,1,0,-1,235
4700,-3,-2,3,-4,-1,2,-1,0,-1,2,-1,0,1,51
4701,-5,0,5,-2,-3,4,-3,-2,1,0,-3,2,-1,107
4702,-3,0,5,-6,1,0,-3,2,-3,0,1,-2,1,99
4703,-1,2,7,-4,-1,2,-5,0,-1,-2,-1,0,-1,107
4704,1,-2,5,0,-3,2,3,0,1,2,1,0,1,59
4705,-1,-4,3,-2,-1,4,1,-2,3,0,-1,2,-1,67
4706,-3,-4,3,2,-1,0,1,2,-1,0,3,-2,1,59
4707,-1,-6,1,0,1,2,-1,0,1,-2,1,0,-1,51
4708,-3,-6,7,2,-5,0,5,-2,-1,4,-1,0,1,171
4709,-5,-4,5,0,-3,2,3,-4,1,2,-3,2,-1,123
4710,-3,-8,5,4,-3,-2,3,0,-3,2,1,-2,1,155
4711,-1,-6,3,2,-1,0,1,-2,-1,0,-1,0,-1,59
4712,-3,-2,5,-2,-5,4,1,-2,3,0,1,0,1,99
4713,-5,-4,7,-4,-3,6,-1,-4,5,-2,-1,2,-1,203
4714,-7,0,3,0,-3,2,-1,0,1,-2,3,-2,1,91
4715,-5,-2,5,-2,-1,4,-3,-2,3,-4,1,0,-1,115
4716,-3,-6,7,0,-7,2,3,-4,1,2,-1,0,1,179
4717,-5,-4,9,-2,-5,4,1,-6,3,0,-3,2,-1,227
4718,-3,-4,5,2,-5,0,1,-2,-1,0,1,-2,1,91
4719,-1,-2,7,0,-3,2,-1,-4,1,-2,-1,0,-1,91
4720,1,-2,1,-4,-1,0,1,2,-1,2,1,0,1,35
4721,-1,-4,-1,-2,1,2,-1,0,1,0,-1,2,-1,35
4722,-3,-4,3,-2,1,-2,-1,4,-3,0,3,-2,1,83
4723,-1,-6,1,0,3,0,-3,2,-1,-2,1,0,-1,67
4724,-3,-2,3,-2,-3,-2,3,0,-3,4,-1,0,1,75
4725,-5,0,1,0,-1,0,1,-2,-1,2,-3,2,-1,51
4726,-3,-4,5,0,-1,-4,1,2,-5,2,1,-2,1,107
4727,-1,-2,3,2,1,-2,-1,0,-3,0,-1,0,-1,35
4728,1,-2,1,-6,-3,2,-1,0,1,0,1,0,1,59
4729,-1,-4,3,-4,-1,4,-3,-2,3,-2,-1,2,-1,91
4730,-3,0,3,-4,-1,0,-3,2,-1,-2,3,-2,1,67
4731,-1,-2,5,-2,1,2,-5,0,1,-4,1,0,-1,83
4732,1,-2,3,-4,-5,0,1,-2,-1,2,-1,0,1,67
4733,-1,0,5,-2,-3,2,-1,-4,1,0,-3,2,-1,75
4734,1,0,5,-2,-3,-2,-1,0,-3,0,1,-2,1,59
4735,3,2,7,0,-1,0,-3,-2,-1,-2,-1,0,-1,83
4736,1,6,5,0,5,0,1,2,1,2,1,0,1,99
4737,-1,4,3,-2,3,-2,3,0,3,0,-1,2,-1,67
4738,-3,4,3,-2,3,2,-1,4,-1,0,3,-2,1,83
4739,-1,2,1,-4,1,0,1,2,1,-2,1,0,-1,35
4740,-3,2,3,-2,7,-2,3,0,-1,4,-1,0,1,107
4741,-5,4,1,-4,5,-4,5,-2,1,2,-3,2,-1,147
4742,-3,0,1,-4,5,0,1,2,-3,2,1,-2,1,75
4743,-1,2,-1,-6,3,-2,3,0,-1,0,-1,0,-1,67
4744,-3,2,1,2,3,2,-1,0,3,0,1,0,1,43
4745,-5,0,3,0,1,0,1,-2,5,-2,-1,2,-1,75
4746,-7,4,-1,0,1,4,-3,2,1,-2,3,-2,1,115
4747,-5,2,1,-2,-1,2,-1,0,3,-4,1,0,-1,67
4748,-3,-2,-1,0,5,0,1,-2,1,2,-1,0,1,51
4749,-5,0,1,-2,3,-2,3,-4,3,0,-3,2,-1,91
4750,-3,0,-3,-2,3,2,-1,0,-1,0,1,-2,1,43
4751,-1,2,-1,-4,1,0,1,-2,1,-2,-1,0,-1,35
4752,-3,2,5,-4,7,-2,-1,4,-1,2,1,0,1,131
4753,-5,0,3,-2,5,-4,1,2,1,0,-1,2,-1,91
4754,-7,0,7,-6,5,0,-3,6,-3,0,3,-2,1,227
4755,-5,-2,5,-4,3,-2,-1,4,-1,-2,1,0,-1,107
4756,-7,2,3,-6,9,-4,1,2,-3,4,-1,0,1,227
4757,-9,4,1,-4,7,-6,3,0,-1,2,-3,2,-1,227
4758,-7,0,5,-8,7,-2,-1,4,-5,2,1,-2,1,243
4759,-5,2,3,-6,5,-4,1,2,-3,0,-1,0,-1,131
4760,-3,-2,1,-2,5,0,-3,2,1,0,1,0,1,59
4761,-5,-4,3,0,3,-2,-1,0,3,-2,-1,2,-1,83
4762,-7,0,3,-4,3,2,-5,4,-1,-2,3,-2,1,147
4763,-5,-2,5,-2,1,0,-3,2,1,-4,1,0,-1,91
4764,-3,-2,-1,-4,7,-2,-1,0,-1,2,-1,0,1,91
4765,-5,0,1,-2,5,-4,1,-2,1,0,-3,2,-1,91
4766,-3,0,1,-6,5,0,-3,2,-3,0,1,-2,1,99
4767,-1,2,3,-4,3,-2,-1,0,-1,-2,-1,0,-1,51
4768,-3,6,1,0,1,-2,3,0,1,2,1,0,1,67
4769,-5,4,-1,-2,3,-4,5,-2,3,0,-1,2,-1,115
4770,-7,4,-1,2,-1,0,1,2,-1,0,3,-2,1,91
4771,-5,2,-3,0,1,-2,3,0,1,-2,1,0,-1,59
4772,-7,2,3,-2,3,-4,5,-2,-1,4,-1,0,1,139
4773,-9,4,1,-4,5,-6,7,-4,1,2,-3,2,-1,259
4774,-7,0,1,0,1,-2,3,0,-3,2,1,-2,1,83
4775,-5,2,-1,-2,3,-4,5,-2,-1,0,-1,0,-1,91
4776,-7,6,-3,2,-1,0,1,-2,3,0,1,0,1,115
4777,-9,4,-1,0,1,-2,3,-4,5,-2,-1,2,-1,163
4778,-11,8,-5,4,-3,2,-1,0,1,-2,3,-2,1,259
4779,-9,6,-3,2,-1,0,1,-2,3,-4,1,0,-1,163
4780,-7,2,-1,0,1,-2,3,-4,1,2,-1,0,1,91
4781,-9,4,1,-2,3,-4,5,-6,3,0,-3,2,-1,211
4782,-7,4,-3,2,-1,0,1,-2,-1,0,1,-2,1,91
4783,-5,6,-1,0,1,-2,3,-4,1,-2,-1,0,-1,99
4784,-3,2,1,-4,3,-4,1,2,-1,2,1,0,1,67
4785,-5,0,-1,-2,5,-6,3,0,1,0,-1,2,-1,107
4786,-7,0,3,-2,1,-2,-1,4,-3,0,3,-2,1,107
4787,-5,-2,1,0,3,-4,1,2,-1,-2,1,0,-1,67
4788,-7,2,3,-6,5,-6,3,0,-3,4,-1,0,1,195
4789,-9,4,1,-4,7,-8,5,-2,-1,2,-3,2,-1,275
4790,-7,0,5,-4,3,-4,1,2,-5,2,1,-2,1,155
4791,-5,2,3,-2,5,-6,3,0,-3,0,-1,0,-1,123
4792,-3,2,-3,-2,1,-2,-1,0,1,0,1,0,1,35
4793,-5,0,-1,0,3,-4,1,-2,3,-2,-1,2,-1,75
4794,-7,4,-1,0,-1,0,-3,2,-1,-2,3,-2,1,99
4795,-5,2,1,2,1,-2,-1,0,1,-4,1,0,-1,59
4796,-3,2,-1,-4,3,-4,1,-2,-1,2,-1,0,1,67
4797,-5,4,1,-2,5,-6,3,-4,1,0,-3,2,-1,147
4798,-3,4,1,-2,1,-2,-1,0,-3,0,1,-2,1,51
4799,-1,6,3,0,3,-4,1,-2,-1,-2,-1,0,-1,83
4800,1,2,5,-4,1,0,-1,2,1,2,1,0,1,59
4801,-1,0,3,-6,-1,2,1,0,3,0,-1,2,-1,67
4802,-3,0,3,-6,3,2,-3,4,-1,0,3,-2,1,107
4803,-1,-2,1,-8,1,4,-1,2,1,-2,1,0,-1,99
4804,-3,-2,3,-2,3,-2,1,0,-1,4,-1,0,1,59
4805,-5,0,1,-4,1,0,3,-2,1,2,-3,2,-1,75
4806,-3,-4,1,-4,5,0,-1,2,-3,2,1,-2,1,91
4807,-1,-2,-1,-6,3,2,1,0,-1,0,-1,0,-1,59
4808,-3,-2,5,-2,-1,2,-3,0,3,0,1,0,1,67
4809,-5,-4,7,-4,-3,4,-1,-2,5,-2,-1,2,-1,171
4810,-7,0,3,-4,1,4,-5,2,1,-2,3,-2,1,139
4811,-5,-2,5,-6,-1,6,-3,0,3,-4,1,0,-1,163
4812,-3,-6,3,0,1,0,-1,-2,1,2,-1,0,1,67
4813,-5,-4,5,-2,-1,2,1,-4,3,0,-3,2,-1,115
4814,-3,-4,1,-2,3,2,-3,0,-1,0,1,-2,1,59
4815,-1,-2,3,-4,1,4,-1,-2,1,-2,-1,0,-1,59
4816,-3,2,5,-8,3,-2,-3,4,-1,2,1,0,1,147
4817,-5,0,3,-6,1,0,-1,2,1,0,-1,2,-1,83
4818,-7,0,7,-10,5,0,-5,6,-3,0,3,-2,1,307
4819,-5,-2,5,-8,3,2,-3,4,-1,-2,1,0,-1,163
4820,-7,2,3,-6,5,-4,-1,2,-3,4,-1,0,1,171
4821,-9,4,1,-4,3,-2,1,0,-1,2,-3,2,-1,147
4822,-7,0,5,-8,7,-2,-3,4,-5,2,1,-2,1,251
4823,-5,2,3,-6,5,0,-1,2,-3,0,-1,0,-1,115
4824,-3,-2,5,-6,1,0,-5,2,1,0,1,0,1,107
4825,-5,-4,7,-4,-1,2,-3,0,3,-2,-1,2,-1,139
4826,-7,0,7,-8,3,2,-7,4,-1,-2,3,-2,1,259
4827,-5,-2,9,-6,1,4,-5,2,1,-4,1,0,-1,211
4828,-3,-2,3,-4,3,-2,-3,0,-1,2,-1,0,1,67
4829,-5,0,5,-2,1,0,-1,-2,1,0,-3,2,-1,75
4830,-3,0,5,-6,5,0,-5,2,-3,0,1,-2,1,139
4831,-1,2,7,-4,3,2,-3,0,-1,-2,-1,0,-1,99
4832,1,2,1,-4,-3,-2,1,0,1,2,1,0,1,43
4833,-1,0,-1,-6,-1,0,3,-2,3,0,-1,2,-1,67
4834,-3,0,-1,-2,-1,0,-1,2,-1,0,3,-2,1,35
4835,-1,-2,-3,-4,1,2,1,0,1,-2,1,0,-1,43
4836,-3,-2,3,-2,-1,-4,3,-2,-1,4,-1,0,1,75
4837,-5,0,1,-4,1,-2,5,-4,1,2,-3,2,-1,107
4838,-3,-4,1,0,1,-2,1,0,-3,2,1,-2,1,51
4839,-1,-2,-1,-2,3,0,3,-2,-1,0,-1,0,-1,35
4840,-3,2,1,-2,-5,0,-1,-2,3,0,1,0,1,59
4841,-5,0,3,-4,-3,2,1,-4,5,-2,-1,2,-1,115
4842,-7,4,-1,0,-3,2,-3,0,1,-2,3,-2,1,107
4843,-5,2,1,-2,-1,4,-1,-2,3,-4,1,0,-1,83
4844,-3,-2,3,0,-3,-2,1,-4,1,2,-1,0,1,59
4845,-5,0,5,-2,-1,0,3,-6,3,0,-3,2,-1,123
4846,-3,0,1,2,-1,0,-1,-2,-1,0,1,-2,1,27
4847,-1,2,3,0,1,2,1,-4,1,-2,-1,0,-1,43
4848,1,2,1,-8,-1,-4,-1,2,-1,2,1,0,1,99
4849,-1,0,-1,-6,1,-2,1,0,1,0,-1,2,-1,51
4850,-3,0,3,-6,1,-2,-3,4,-3,0,3,-2,1,107
4851,-1,-2,1,-4,3,0,-1,2,-1,-2,1,0,-1,43
4852,-3,2,3,-6,1,-6,1,0,-3,4,-1,0,1,123
4853,-5,4,1,-4,3,-4,3,-2,-1,2,-3,2,-1,115
4854,-3,0,5,-4,3,-4,-1,2,-5,2,1,-2,1,115
4855,-1,2,3,-2,5,-2,1,0,-3,0,-1,0,-1,59
4856,1,2,1,-6,-3,-2,-3,0,1,0,1,0,1,67
4857,-1,0,3,-4,-1,0,-1,-2,3,-2,-1,2,-1,51
4858,-3,4,3,-4,-1,0,-5,2,-1,-2,3,-2,1,99
4859,-1,2,5,-2,1,2,-3,0,1,-4,1,0,-1,67
4860,1,2,3,-4,-1,-4,-1,-2,-1,2,-1,0,1,59
4861,-1,4,5,-2,1,-2,1,-4,1,0,-3,2,-1,83
4862,1,4,5,-2,1,-2,-3,0,-3,0,1,-2,1,75
4863,3,6,7,0,3,0,-1,-2,-1,-2,-1,0,-1,115
4864,5,2,5,4,1,2,1,0,1,2,1,0,1,83
4865,3,0,3,2,-1,0,-1,2,3,0,-1,2,-1,43
4866,1,0,3,2,-1,0,3,2,-1,0,3,-2,1,43
4867,3,-2,1,0,-3,-2,1,4,1,-2,1,0,-1,51
4868,1,-2,3,2,-1,4,3,-2,-1,4,-1,0,1,67
4869,-1,0,1,0,-3,2,1,0,1,2,-3,2,-1,35
4870,1,-4,1,0,-3,2,5,0,-3,2,1,-2,1,75
4871,3,-2,-1,-2,-5,0,3,2,-1,0,-1,0,-1,59
4872,1,-2,1,2,3,4,-1,-2,3,0,1,0,1,51
4873,-1,-4,3,0,1,2,-3,0,5,-2,-1,2,-1,75
4874,-3,0,-1,0,1,2,1,0,1,-2,3,-2,1,35
4875,-1,-2,1,-2,-1,0,-1,2,3,-4,1,0,-1,43
4876,1,-6,-1,0,1,6,1,-4,1,2,-1,0,1,99
4877,-1,-4,1,-2,-1,4,-1,-2,3,0,-3,2,-1,67
4878,1,-4,-3,-2,-1,4,3,-2,-1,0,1,-2,1,67
4879,3,-2,-1,-4,-3,2,1,0,1,-2,-1,0,-1,51
4880,1,-2,1,4,3,0,-1,2,-1,2,1,0,1,43
4881,-1,-4,-1,6,1,-2,-3,4,1,0,-1,2,-1,91
4882,-3,-4,3,2,1,-2,1,4,-3,0,3,-2,1,83
4883,-1,-6,1,4,-1,-4,-1,6,-1,-2,1,0,-1,115
4884,-3,-2,-1,2,1,2,1,0,-3,4,-1,0,1,51
4885,-5,0,-3,4,-1,0,-1,2,-1,2,-3,2,-1,75
4886,-3,-4,1,0,-1,0,3,2,-5,2,1,-2,1,75
4887,-1,-2,-1,2,-3,-2,1,4,-3,0,-1,0,-1,51
4888,1,-6,-3,2,5,2,-3,0,1,0,1,0,1,91
4889,-1,-8,-1,4,3,0,-5,2,3,-2,-1,2,-1,139
4890,-3,-4,-1,0,3,0,-1,2,-1,-2,3,-2,1,59
4891,-1,-6,1,2,1,-2,-3,4,1,-4,1,0,-1,91
4892,1,-6,-5,0,3,4,-1,-2,-1,2,-1,0,1,99
4893,-1,-4,-3,2,1,2,-3,0,1,0,-3,2,-1,59
4894,1,-4,-3,-2,1,2,1,0,-3,0,1,-2,1,51
4895,3,-2,-1,0,-1,0,-1,2,-1,-2,-1,0,-1,27
4896,1,-2,5,4,-3,0,3,-2,1,2,1,0,1,75
4897,-1,-4,3,2,-1,-2,1,0,3,0,-1,2,-1,51
4898,-3,-4,3,6,-5,-2,5,0,-1,0,3,-2,1,139
4899,-1,-6,1,4,-3,-4,3,2,1,-2,1,0,-1,99
4900,-3,-6,7,2,-5,2,5,-4,-1,4,-1,0,1,187
4901,-5,-4,5,0,-3,0,3,-2,1,2,-3,2,-1,107
4902,-3,-8,5,4,-7,0,7,-2,-3,2,1,-2,1,235
4903,-1,-6,3,2,-5,-2,5,0,-1,0,-1,0,-1,107
4904,-3,-2,1,2,-1,2,1,-4,3,0,1,0,1,51
4905,-5,-4,3,0,1,0,-1,-2,5,-2,-1,2,-1,91
4906,-7,0,-1,4,-3,0,3,-2,1,-2,3,-2,1,107
4907,-5,-2,1,2,-1,-2,1,0,3,-4,1,0,-1,67
4908,-3,-6,3,0,-3,4,3,-6,1,2,-1,0,1,131
4909,-5,-4,5,-2,-1,2,1,-4,3,0,-3,2,-1,115
4910,-3,-4,1,2,-5,2,5,-4,-1,0,1,-2,1,107
4911,-1,-2,3,0,-3,0,3,-2,1,-2,-1,0,-1,43
4912,1,-6,1,4,-1,-2,1,0,-1,2,1,0,1,67
4913,-1,-8,-1,6,1,-4,-1,2,1,0,-1,2,-1,131
4914,-3,-8,3,6,-3,-4,3,2,-3,0,3,-2,1,179
4915,-1,-10,1,8,-1,-6,1,4,-1,-2,1,0,-1,227
4916,-3,-6,3,2,-3,0,3,-2,-3,4,-1,0,1,107
4917,-5,-4,1,4,-1,-2,1,0,-1,2,-3,2,-1,83
4918,-3,-8,5,4,-5,-2,5,0,-5,2,1,-2,1,203
4919,-1,-6,3,6,-3,-4,3,2,-3,0,-1,0,-1,131
4920,1,-6,-3,2,1,0,-1,-2,1,0,1,0,1,59
4921,-1,-8,-1,4,3,-2,-3,0,3,-2,-1,2,-1,123
4922,-3,-4,-1,4,-1,-2,1,0,-1,-2,3,-2,1,67
4923,-1,-6,1,6,1,-4,-1,2,1,-4,1,0,-1,115
4924,1,-6,-1,0,-1,2,1,-4,-1,2,-1,0,1,67
4925,-1,-4,1,2,1,0,-1,-2,1,0,-3,2,-1,43
4926,1,-4,1,2,-3,0,3,-2,-3,0,1,-2,1,59
4927,3,-2,3,4,-1,-2,1,0,-1,-2,-1,0,-1,51
4928,1,2,5,0,-3,2,-1,0,1,2,1,0,1,51
4929,-1,0,3,-2,-5,4,-3,2,3,0,-1,2,-1,83
4930,-3,0,3,-2,-1,0,1,2,-1,0,3,-2,1,43
4931,-1,-2,1,-4,-3,2,-1,4,1,-2,1,0,-1,59
4932,-3,-2,3,2,-5,4,1,-2,-1,4,-1,0,1,91
4933,-5,0,1,0,-7,6,-1,0,1,2,-3,2,-1,131
4934,-3,-4,1,0,-3,2,3,0,-3,2,1,-2,1,67
4935,-1,-2,-1,-2,-5,4,1,2,-1,0,-1,0,-1,59
4936,-3,-2,5,-2,-1,4,-3,-2,3,0,1,0,1,83
4937,-5,-4,7,-4,-3,6,-5,0,5,-2,-1,2,-1,211
4938,-7,0,3,-4,1,2,-1,0,1,-2,3,-2,1,99
4939,-5,-2,5,-6,-1,4,-3,2,3,-4,1,0,-1,147
4940,-3,-6,3,0,-3,6,-1,-4,1,2,-1,0,1,123
4941,-5,-4,5,-2,-5,8,-3,-2,3,0,-3,2,-1,195
4942,-3,-4,1,-2,-1,4,1,-2,-1,0,1,-2,1,59
4943,-1,-2,3,-4,-3,6,-1,0,1,-2,-1,0,-1,83
4944,-3,2,1,0,-1,0,-3,2,-1,2,1,0,1,35
4945,-5,0,-1,2,-3,2,-5,4,1,0,-1,2,-1,91
4946,-7,0,3,-2,1,-2,-1,4,-3,0,3,-2,1,107
4947,-5,-2,1,0,-1,0,-3,6,-1,-2,1,0,-1,83
4948,-7,2,-1,2,-3,2,-1,0,-3,4,-1,0,1,99
4949,-9,4,-3,4,-5,4,-3,2,-1,2,-3,2,-1,195
4950,-7,0,1,0,-1,0,1,2,-5,2,1,-2,1,91
4951,-5,2,-1,2,-3,2,-1,4,-3,0,-1,0,-1,75
4952,-3,-2,1,-2,1,2,-5,0,1,0,1,0,1,51
4953,-5,-4,3,0,-1,4,-7,2,3,-2,-1,2,-1,139
4954,-7,0,3,-4,3,0,-3,2,-1,-2,3,-2,1,115
4955,-5,-2,5,-2,1,2,-5,4,1,-4,1,0,-1,123
4956,-3,-2,-1,0,-1,4,-3,-2,-1,2,-1,0,1,51
4957,-5,0,1,2,-3,6,-5,0,1,0,-3,2,-1,115
4958,-3,0,1,-2,1,2,-1,0,-3,0,1,-2,1,35
4959,-1,2,3,0,-1,4,-3,2,-1,-2,-1,0,-1,51
4960,1,-2,5,0,-7,0,1,-2,1,2,1,0,1,91
4961,-1,-4,3,-2,-5,2,-1,0,3,0,-1,2,-1,75
4962,-3,-4,3,2,-5,-2,3,0,-1,0,3,-2,1,91
4963,-1,-6,1,0,-3,0,1,2,1,-2,1,0,-1,59
4964,-3,-6,7,2,-9,2,3,-4,-1,4,-1,0,1,227
4965,-5,-4,5,0,-7,4,1,-2,1,2,-3,2,-1,155
4966,-3,-8,5,4,-7,0,5,-2,-3,2,1,-2,1,211
4967,-1,-6,3,2,-5,2,3,0,-1,0,-1,0,-1,91
4968,-3,-2,5,-2,-5,2,-1,-4,3,0,1,0,1,99
4969,-5,-4,7,-4,-3,4,-3,-2,5,-2,-1,2,-1,179
4970,-7,0,3,0,-3,0,1,-2,1,-2,3,-2,1,91
4971,-5,-2,5,-2,-1,2,-1,0,3,-4,1,0,-1,91
4972,-3,-6,7,0,-7,4,1,-6,1,2,-1,0,1,203
4973,-5,-4,9,-2,-5,6,-1,-4,3,0,-3,2,-1,227
4974,-3,-4,5,2,-5,2,3,-4,-1,0,1,-2,1,115
4975,-1,-2,7,0,-3,4,1,-2,1,-2,-1,0,-1,91
4976,1,-2,1,0,-5,-2,-1,0,-1,2,1,0,1,43
4977,-1,-4,-1,2,-3,0,-3,2,1,0,-1,2,-1,51
4978,-3,-4,3,2,-3,-4,1,2,-3,0,3,-2,1,91
4979,-1,-6,1,4,-1,-2,-1,4,-1,-2,1,0,-1,83
4980,-3,-2,3,2,-7,0,1,-2,-3,4,-1,0,1,107
4981,-5,0,1,4,-5,2,-1,0,-1,2,-3,2,-1,91
4982,-3,-4,5,4,-5,-2,3,0,-5,2,1,-2,1,139
4983,-1,-2,3,6,-3,0,1,2,-3,0,-1,0,-1,75
4984,1,-2,1,-2,-3,0,-3,-2,1,0,1,0,1,35
4985,-1,-4,3,0,-1,2,-5,0,3,-2,-1,2,-1,75
4986,-3,0,3,0,-1,-2,-1,0,-1,-2,3,-2,1,43
4987,-1,-2,5,2,1,0,-3,2,1,-4,1,0,-1,67
4988,1,-2,3,0,-5,2,-1,-4,-1,2,-1,0,1,67
4989,-1,0,5,2,-3,4,-3,-2,1,0,-3,2,-1,83
4990,1,0,5,2,-3,0,1,-2,-3,0,1,-2,1,59
4991,3,2,7,4,-1,2,-1,0,-1,-2,-1,0,-1,91
4992,5,2,1,0,1,-2,-1,0,1,2,1,0,1,43
4993,3,0,-1,-2,-1,-4,1,2,3,0,-1,2,-1,51
4994,1,0,-1,-2,-1,0,1,2,-1,0,3,-2,1,27
4995,3,-2,-3,-4,-3,-2,3,4,1,-2,1,0,-1,83
4996,1,-2,-1,-2,3,0,1,-2,-1,4,-1,0,1,43
4997,-1,0,-3,-4,1,-2,3,0,1,2,-3,2,-1,59
4998,1,-4,-3,-4,1,2,3,0,-3,2,1,-2,1,75
4999,3,-2,-5,-6,-1,0,5,2,-1,0,-1,0,-1,107
5000,1,-2,-3,2,3,0,-3,-2,3,0,1,0,1,51
5001,-1,-4,-1,0,1,-2,-1,0,5,-2,-1,2,-1,59
5002,-3,0,-5,0,1,2,-1,0,1,-2,3,-2,1,59
5003,-1,-2,-3,-2,-1,0,1,2,3,-4,1,0,-1,51
5004,1,-6,-5,0,5,2,-1,-4,1,2,-1,0,1,115
5005,-1,-4,-3,-2,3,0,1,-2,3,0,-3,2,-1,67
5006,1,-4,-7,-2,3,4,1,-2,-1,0,1,-2,1,107
5007,3,-2,-5,-4,1,2,3,0,1,-2,-1,0,-1,75
5008,1,-2,1,0,3,-4,-3,2,-1,2,1,0,1,51
5009,-1,-4,-1,2,1,-6,-1,4,1,0,-1,2,-1,83
5010,-3,-4,3,-2,1,-2,-1,4,-3,0,3,-2,1,83
5011,-1,-6,1,0,-1,-4,1,6,-1,-2,1,0,-1,99
5012,-3,-2,-1,-2,5,-2,-1,0,-3,4,-1,0,1,75
5013,-5,0,-3,0,3,-4,1,2,-1,2,-3,2,-1,83
5014,-3,-4,1,-4,3,0,1,2,-5,2,1,-2,1,91
5015,-1,-2,-1,-2,1,-2,3,4,-3,0,-1,0,-1,51
5016,1,-6,-3,2,5,-2,-5,0,1,0,1,0,1,107
5017,-1,-8,-1,4,3,-4,-3,2,3,-2,-1,2,-1,139
5018,-3,-4,-1,0,3,0,-3,2,-1,-2,3,-2,1,67
5019,-1,-6,1,2,1,-2,-1,4,1,-4,1,0,-1,83
5020,1,-6,-5,0,7,0,-3,-2,-1,2,-1,0,1,131
5021,-1,-4,-3,2,5,-2,-1,0,1,0,-3,2,-1,75
5022,1,-4,-3,-2,5,2,-1,0,-3,0,1,-2,1,75
5023,3,-2,-1,0,3,0,1,2,-1,-2,-1,0,-1,35
5024,1,2,1,0,-3,-4,1,-2,1,2,1,0,1,43
5025,-1,0,-1,-2,-1,-6,3,0,3,0,-1,2,-1,67
5026,-3,0,-1,2,-5,-2,3,0,-1,0,3,-2,1,67
5027,-1,-2,-3,0,-3,-4,5,2,1,-2,1,0,-1,75
5028,-3,-2,3,-2,-1,-2,3,-4,-1,4,-1,0,1,75
5029,-5,0,1,-4,1,-4,5,-2,1,2,-3,2,-1,107
5030,-3,-4,1,0,-3,0,5,-2,-3,2,1,-2,1,83
5031,-1,-2,-1,-2,-1,-2,7,0,-1,0,-1,0,-1,67
5032,-3,2,-3,2,-1,-2,-1,-4,3,0,1,0,1,59
5033,-5,0,-1,0,1,-4,1,-2,5,-2,-1,2,-1,83
5034,-7,4,-5,4,-3,0,1,-2,1,-2,3,-2,1,139
5035,-5,2,-3,2,-1,-2,3,0,3,-4,1,0,-1,83
5036,-3,-2,-1,0,1,0,1,-6,1,2,-1,0,1,59
5037,-5,0,1,-2,3,-2,3,-4,3,0,-3,2,-1,91
5038,-3,0,-3,2,-1,2,3,-4,-1,0,1,-2,1,59
5039,-1,2,-1,0,1,0,5,-2,1,-2,-1,0,-1,43
5040,1,-2,1,0,-1,-6,-1,0,-1,2,1,0,1,51
5041,-1,-4,-1,2,1,-8,1,2,1,0,-1,2,-1,99
5042,-3,-4,3,2,-3,-4,1,2,-3,0,3,-2,1,91
5043,-1,-6,1,4,-1,-6,3,4,-1,-2,1,0,-1,123
5044,-3,-2,3,-2,1,-4,1,-2,-3,4,-1,0,1,75
5045,-5,0,1,0,3,-6,3,0,-1,2,-3,2,-1,99
5046,-3,-4,5,0,-1,-2,3,0,-5,2,1,-2,1,99
5047,-1,-2,3,2,1,-4,5,2,-3,0,-1,0,-1,75
5048,1,-2,-3,2,1,-4,-3,-2,1,0,1,0,1,51
5049,-1,-4,-1,4,3,-6,-1,0,3,-2,-1,2,-1,99
5050,-3,0,-1,4,-1,-2,-1,0,-1,-2,3,-2,1,51
5051,-1,-2,1,6,1,-4,1,2,1,-4,1,0,-1,83
5052,1,-2,-1,0,3,-2,-1,-4,-1,2,-1,0,1,43
5053,-1,0,1,2,5,-4,1,-2,1,0,-3,2,-1,67
5054,1,0,1,2,1,0,1,-2,-3,0,1,-2,1,27
5055,3,2,3,4,3,-2,3,0,-1,-2,-1,0,-1,67
5056,5,2,1,-4,-3,-2,-3,0,1,2,1,0,1,75
5057,3,0,-1,-6,-5,0,-1,2,3,0,-1,2,-1,91
5058,1,0,-1,-6,-1,0,-1,2,-1,0,3,-2,1,59
5059,3,-2,-3,-8,-3,2,1,4,1,-2,1,0,-1,123
5060,1,-2,-1,-2,-1,0,-1,-2,-1,4,-1,0,1,35
5061,-1,0,-3,-4,-3,2,1,0,1,2,-3,2,-1,59
5062,1,-4,-3,-4,1,2,1,0,-3,2,1,-2,1,67
5063,3,-2,-5,-6,-1,4,3,2,-1,0,-1,0,-1,107
5064,1,-2,1,-2,-1,0,-5,-2,3,0,1,0,1,51
5065,-1,-4,3,-4,-3,2,-3,0,5,-2,-1,2,-1,99
5066,-3,0,-1,-4,1,2,-3,0,1,-2,3,-2,1,59
5067,-1,-2,1,-6,-1,4,-1,2,3,-4,1,0,-1,91
5068,1,-6,-1,0,1,2,-3,-4,1,2,-1,0,1,75
5069,-1,-4,1,-2,-1,4,-1,-2,3,0,-3,2,-1,67
5070,1,-4,-3,-2,3,4,-1,-2,-1,0,1,-2,1,67
5071,3,-2,-1,-4,1,6,1,0,1,-2,-1,0,-1,75
5072,1,2,1,-4,-1,-4,-5,2,-1,2,1,0,1,75
5073,-1,0,-1,-2,-3,-2,-3,4,1,0,-1,2,-1,51
5074,-3,0,3,-6,1,-2,-3,4,-3,0,3,-2,1,107
5075,-1,-2,1,-4,-1,0,-1,6,-1,-2,1,0,-1,67
5076,-3,2,-1,-2,1,-2,-3,0,-3,4,-1,0,1,59
5077,-5,4,-3,0,-1,0,-1,2,-1,2,-3,2,-1,75
5078,-3,0,1,-4,3,0,-1,2,-5,2,1,-2,1,75
5079,-1,2,-1,-2,1,2,1,4,-3,0,-1,0,-1,43
5080,1,-2,1,-2,1,-2,-7,0,1,0,1,0,1,67
5081,-1,-4,3,0,-1,0,-5,2,3,-2,-1,2,-1,75
5082,-3,0,3,-4,3,0,-5,2,-1,-2,3,-2,1,91
5083,-1,-2,5,-2,1,2,-3,4,1,-4,1,0,-1,83
5084,1,-2,-1,0,3,0,-5,-2,-1,2,-1,0,1,51
5085,-1,0,1,2,1,2,-3,0,1,0,-3,2,-1,35
5086,1,0,1,-2,5,2,-3,0,-3,0,1,-2,1,59
5087,3,2,3,0,3,4,-1,2,-1,-2,-1,0,-1,59
5088,5,2,1,-4,-7,-4,-1,-2,1,2,1,0,1,123
5089,3,0,-1,-6,-5,-2,1,0,3,0,-1,2,-1,91
5090,1,0,-1,-2,-5,-2,1,0,-1,0,3,-2,1,51
5091,3,-2,-3,-4,-3,0,3,2,1,-2,1,0,-1,67
5092,1,-2,3,-2,-5,-2,1,-4,-1,4,-1,0,1,83
5093,-1,0,1,-4,-3,0,3,-2,1,2,-3,2,-1,59
5094,1,-4,1,0,-3,0,3,-2,-3,2,1,-2,1,59
5095,3,-2,-1,-2,-1,2,5,0,-1,0,-1,0,-1,51
5096,1,2,1,-2,-5,-2,-3,-4,3,0,1,0,1,75
5097,-1,0,3,-4,-3,0,-1,-2,5,-2,-1,2,-1,75
5098,-3,4,-1,0,-3,0,-1,-2,1,-2,3,-2,1,59
5099,-1,2,1,-2,-1,2,1,0,3,-4,1,0,-1,43
5100,1,-2,3,0,-3,0,-1,-6,1,2,-1,0,1,67
5101,-1,0,5,-2,-1,2,1,-4,3,0,-3,2,-1,75
5102,1,0,1,2,-1,2,1,-4,-1,0,1,-2,1,35
5103,3,2,3,0,1,4,3,-2,1,-2,-1,0,-1,59
5104,5,2,1,-4,-5,-6,-3,0,-1,2,1,0,1,123
5105,3,0,-1,-2,-3,-4,-1,2,1,0,-1,2,-1,51
5106,1,0,3,-2,-3,-4,-1,2,-3,0,3,-2,1,67
5107,3,-2,1,0,-1,-2,1,4,-1,-2,1,0,-1,43
5108,1,2,3,-2,-3,-4,-1,-2,-3,4,-1,0,1,75
5109,-1,4,1,0,-1,-2,1,0,-1,2,-3,2,-1,43
5110,1,0,5,0,-1,-2,1,0,-5,2,1,-2,1,67
5111,3,2,3,2,1,0,3,2,-3,0,-1,0,-1,51
5112,5,2,1,-2,-3,-4,-5,-2,1,0,1,0,1,91
5113,3,0,3,0,-1,-2,-3,0,3,-2,-1,2,-1,51
5114,1,4,3,0,-1,-2,-3,0,-1,-2,3,-2,1,59
5115,3,2,5,2,1,0,-1,2,1,-4,1,0,-1,67
5116,5,2,3,0,-1,-2,-3,-4,-1,2,-1,0,1,75
5117,3,4,5,2,1,0,-1,-2,1,0,-3,2,-1,75
5118,5,4,5,2,1,0,-1,-2,-3,0,1,-2,1,91
5119,7,6,7,4,3,2,1,0,-1,-2,-1,0,-1,171
5120,5,10,5,6,5,4,3,2,1,0,1,0,1,243
5121,3,8,3,4,3,2,1,0,-1,2,-1,2,-1,123
5122,1,8,3,4,3,2,1,0,3,-2,3,-2,1,131
5123,3,6,1,2,1,0,-1,-2,1,0,1,0,-1,59
5124,1,6,3,4,3,2,1,4,-1,2,-1,0,1,99
5125,-1,8,1,2,1,0,-1,2,-3,4,-3,2,-1,115
5126,1,4,1,2,1,0,-1,2,1,0,1,-2,1,35
5127,3,6,-1,0,-1,-2,-3,0,-1,2,-1,0,-1,67
5128,1,6,1,4,3,2,5,0,3,-2,1,0,1,107
5129,-1,4,3,2,1,0,3,-2,1,0,-1,2,-1,51
5130,-3,8,-1,2,1,0,3,-2,5,-4,3,-2,1,147
5131,-1,6,1,0,-1,-2,1,-4,3,-2,1,0,-1,75
5132,1,2,-1,2,1,0,3,2,1,0,-1,0,1,27
5133,-1,4,1,0,-1,-2,1,0,-1,2,-3,2,-1,43
5134,1,4,-3,0,-1,-2,1,0,3,-2,1,-2,1,51
5135,3,6,-1,-2,-3,-4,-1,-2,1,0,-1,0,-1,83
5136,1,6,1,2,3,6,1,4,-1,0,1,0,1,107
5137,-1,4,-1,4,1,4,-1,2,-3,2,-1,2,-1,75
5138,-3,4,3,0,1,4,-1,2,1,-2,3,-2,1,75
5139,-1,2,1,2,-1,2,-3,0,-1,0,1,0,-1,27
5140,-3,6,-1,0,1,4,-1,6,-3,2,-1,0,1,115
5141,-5,8,-3,2,-1,2,-3,4,-5,4,-3,2,-1,187
5142,-3,4,1,-2,-1,2,-3,4,-1,0,1,-2,1,67
5143,-1,6,-1,0,-3,0,-5,2,-3,2,-1,0,-1,91
5144,1,2,-3,0,1,4,3,2,1,-2,1,0,1,51
5145,-1,0,-1,2,-1,2,1,0,-1,0,-1,2,-1,19
5146,-3,4,-1,-2,-1,2,1,0,3,-4,3,-2,1,75
5147,-1,2,1,0,-3,0,-1,-2,1,-2,1,0,-1,27
5148,1,2,-5,-2,-1,2,1,4,-1,0,-1,0,1,59
5149,-1,4,-3,0,-3,0,-1,2,-3,2,-3,2,-1,67
5150,1,4,-3,-4,-3,0,-1,2,1,-2,1,-2,1,67
5151,3,6,-1,-2,-5,-2,-3,0,-1,0,-1,0,-1,91
5152,1,6,1,2,5,2,5,0,1,0,1,0,1,99
5153,-1,4,-1,0,7,0,3,-2,-1,2,-1,2,-1,91
5154,-3,4,-1,4,3,0,3,-2,3,-2,3,-2,1,91
5155,-1,2,-3,2,5,-2,1,-4,1,0,1,0,-1,67
5156,-3,2,3,0,3,0,3,2,-1,2,-1,0,1,51
5157,-5,4,1,-2,5,-2,1,0,-3,4,-3,2,-1,115
5158,-3,0,1,2,1,-2,1,0,1,0,1,-2,1,27
5159,-1,2,-1,0,3,-4,-1,-2,-1,2,-1,0,-1,43
5160,-3,6,-3,0,3,0,7,-2,3,-2,1,0,1,131
5161,-5,4,-1,-2,5,-2,5,-4,1,0,-1,2,-1,123
5162,-7,8,-5,2,1,-2,5,-4,5,-4,3,-2,1,243
5163,-5,6,-3,0,3,-4,3,-6,3,-2,1,0,-1,155
5164,-3,2,-1,-2,1,-2,5,0,1,0,-1,0,1,51
5165,-5,4,1,-4,3,-4,3,-2,-1,2,-3,2,-1,115
5166,-3,4,-3,0,-1,-4,3,-2,3,-2,1,-2,1,83
5167,-1,6,-1,-2,1,-6,1,-4,1,0,-1,0,-1,99
5168,1,2,-3,-2,3,4,3,2,-1,0,1,0,1,59
5169,-1,0,-5,0,5,2,1,0,-3,2,-1,2,-1,75
5170,-3,0,-1,0,1,2,1,0,1,-2,3,-2,1,35
5171,-1,-2,-3,2,3,0,-1,-2,-1,0,1,0,-1,35
5172,-3,2,-1,-4,1,2,1,4,-3,2,-1,0,1,67
5173,-5,4,-3,-2,3,0,-1,2,-5,4,-3,2,-1,123
5174,-3,0,1,-2,-1,0,-1,2,-1,0,1,-2,1,27
5175,-1,2,-1,0,1,-2,-3,0,-3,2,-1,0,-1,35
5176,1,2,-7,-4,1,2,5,0,1,-2,1,0,1,107
5177,-1,0,-5,-2,3,0,3,-2,-1,0,-1,2,-1,59
5178,-3,4,-5,-2,-1,0,3,-2,3,-4,3,-2,1,107
5179,-1,2,-3,0,1,-2,1,-4,1,-2,1,0,-1,43
5180,1,2,-5,-6,-1,0,3,2,-1,0,-1,0,1,83
5181,-1,4,-3,-4,1,-2,1,0,-3,2,-3,2,-1,75
5182,1,4,-3,-4,-3,-2,1,0,1,-2,1,-2,1,67
5183,3,6,-1,-2,-1,-4,-1,-2,-1,0,-1,0,-1,75
5184,1,6,1,6,1,4,1,2,1,0,1,0,1,99
5185,-1,4,-1,4,-1,6,-1,0,-1,2,-1,2,-1,83
5186,-3,4,-1,4,3,2,-1,0,3,-2,3,-2,1,83
5187,-1,2,-3,2,1,4,-3,-2,1,0,1,0,-1,51
5188,-3,2,-1,8,-1,2,-1,4,-1,2,-1,0,1,107
5189,-5,4,-3,6,-3,4,-3,2,-3,4,-3,2,-1,163
5190,-3,0,-3,6,1,0,-3,2,1,0,1,-2,1,75
5191,-1,2,-5,4,-1,2,-5,0,-1,2,-1,0,-1,83
5192,-3,2,1,4,-1,2,3,0,3,-2,1,0,1,59
5193,-5,0,3,2,-3,4,1,-2,1,0,-1,2,-1,75
5194,-7,4,-1,2,1,0,1,-2,5,-4,3,-2,1,131
5195,-5,2,1,0,-1,2,-1,-4,3,-2,1,0,-1,67
5196,-3,-2,-1,6,-3,0,1,2,1,0,-1,0,1,67
5197,-5,0,1,4,-5,2,-1,0,-1,2,-3,2,-1,91
5198,-3,0,-3,4,-1,-2,-1,0,3,-2,1,-2,1,59
5199,-1,2,-1,2,-3,0,-3,-2,1,0,-1,0,-1,35
5200,-3,6,-3,2,-1,6,-1,4,-1,0,1,0,1,115
5201,-5,4,-5,4,-3,8,-3,2,-3,2,-1,2,-1,187
5202,-7,4,-1,0,1,4,-3,2,1,-2,3,-2,1,115
5203,-5,2,-3,2,-1,6,-5,0,-1,0,1,0,-1,107
5204,-7,6,-5,4,-3,4,-3,6,-3,2,-1,0,1,211
5205,-9,8,-7,6,-5,6,-5,4,-5,4,-3,2,-1,387
5206,-7,4,-3,2,-1,2,-5,4,-1,0,1,-2,1,131
5207,-5,6,-5,4,-3,4,-7,2,-3,2,-1,0,-1,195
5208,-3,2,-3,0,-3,4,1,2,1,-2,1,0,1,59
5209,-5,0,-1,2,-5,6,-1,0,-1,0,-1,2,-1,99
5210,-7,4,-1,-2,-1,2,-1,0,3,-4,3,-2,1,115
5211,-5,2,1,0,-3,4,-3,-2,1,-2,1,0,-1,75
5212,-3,2,-5,2,-5,2,-1,4,-1,0,-1,0,1,91
5213,-5,4,-3,4,-7,4,-3,2,-3,2,-3,2,-1,171
5214,-3,4,-3,0,-3,0,-3,2,1,-2,1,-2,1,67
5215,-1,6,-1,2,-5,2,-5,0,-1,0,-1,0,-1,99
5216,1,2,-3,2,1,2,3,0,1,0,1,0,1,35
5217,-1,0,-5,0,3,4,1,-2,-1,2,-1,2,-1,67
5218,-3,0,-5,4,3,0,1,-2,3,-2,3,-2,1,91
5219,-1,-2,-7,2,5,2,-1,-4,1,0,1,0,-1,107
5220,-3,-2,-1,4,-1,0,1,2,-1,2,-1,0,1,43
5221,-5,0,-3,2,1,2,-1,0,-3,4,-3,2,-1,83
5222,-3,-4,-3,6,1,-2,-1,0,1,0,1,-2,1,83
5223,-1,-2,-5,4,3,0,-3,-2,-1,2,-1,0,-1,75
5224,-3,2,-3,0,-1,0,5,-2,3,-2,1,0,1,67
5225,-5,0,-1,-2,1,2,3,-4,1,0,-1,2,-1,67
5226,-7,4,-5,2,1,-2,3,-4,5,-4,3,-2,1,179
5227,-5,2,-3,0,3,0,1,-6,3,-2,1,0,-1,99
5228,-3,-2,-1,2,-3,-2,3,0,1,0,-1,0,1,43
5229,-5,0,1,0,-1,0,1,-2,-1,2,-3,2,-1,51
5230,-3,0,-3,4,-1,-4,1,-2,3,-2,1,-2,1,75
5231,-1,2,-1,2,1,-2,-1,-4,1,0,-1,0,-1,35
5232,1,2,-7,-2,-1,4,1,2,-1,0,1,0,1,83
5233,-1,0,-9,0,1,6,-1,0,-3,2,-1,2,-1,139
5234,-3,0,-5,0,1,2,-1,0,1,-2,3,-2,1,59
5235,-1,-2,-7,2,3,4,-3,-2,-1,0,1,0,-1,99
5236,-3,2,-5,0,-3,2,-1,4,-3,2,-1,0,1,83
5237,-5,4,-7,2,-1,4,-3,2,-5,4,-3,2,-1,179
5238,-3,0,-3,2,-1,0,-3,2,-1,0,1,-2,1,43
5239,-1,2,-5,4,1,2,-5,0,-3,2,-1,0,-1,91
5240,1,2,-7,-4,-3,2,3,0,1,-2,1,0,1,99
5241,-1,0,-5,-2,-1,4,1,-2,-1,0,-1,2,-1,59
5242,-3,4,-5,-2,-1,0,1,-2,3,-4,3,-2,1,99
5243,-1,2,-3,0,1,2,-1,-4,1,-2,1,0,-1,43
5244,1,2,-5,-2,-5,0,1,2,-1,0,-1,0,1,67
5245,-1,4,-3,0,-3,2,-1,0,-3,2,-3,2,-1,67
5246,1,4,-3,0,-3,-2,-1,0,1,-2,1,-2,1,51
5247,3,6,-1,2,-1,0,-3,-2,-1,0,-1,0,-1,67
5248,1,6,5,2,5,0,1,2,1,0,1,0,1,99
5249,-1,4,3,0,3,-2,3,0,-1,2,-1,2,-1,59
5250,-3,4,3,0,3,2,-1,0,3,-2,3,-2,1,75
5251,-1,2,1,-2,1,0,1,-2,1,0,1,0,-1,19
5252,-3,2,3,0,7,-2,-1,4,-1,2,-1,0,1,99
5253,-5,4,1,-2,5,-4,1,2,-3,4,-3,2,-1,131
5254,-3,0,1,-2,5,0,-3,2,1,0,1,-2,1,59
5255,-1,2,-1,-4,3,-2,-1,0,-1,2,-1,0,-1,43
5256,-3,2,1,4,3,-2,3,0,3,-2,1,0,1,67
5257,-5,0,3,2,1,-4,5,-2,1,0,-1,2,-1,91
5258,-7,4,-1,2,1,0,1,-2,5,-4,3,-2,1,131
5259,-5,2,1,0,-1,-2,3,-4,3,-2,1,0,-1,75
5260,-3,-2,-1,2,5,-4,1,2,1,0,-1,0,1,67
5261,-5,0,1,0,3,-6,3,0,-1,2,-3,2,-1,99
5262,-3,0,-3,0,3,-2,-1,0,3,-2,1,-2,1,51
5263,-1,2,-1,-2,1,-4,1,-2,1,0,-1,0,-1,35
5264,-3,2,5,-2,3,2,-1,4,-1,0,1,0,1,75
5265,-5,0,3,0,1,0,1,2,-3,2,-1,2,-1,59
5266,-7,0,7,-4,1,4,-3,2,1,-2,3,-2,1,163
5267,-5,-2,5,-2,-1,2,-1,0,-1,0,1,0,-1,67
5268,-7,2,3,-4,5,0,-3,6,-3,2,-1,0,1,163
5269,-9,4,1,-2,3,-2,-1,4,-5,4,-3,2,-1,187
5270,-7,0,5,-6,3,2,-5,4,-1,0,1,-2,1,171
5271,-5,2,3,-4,1,0,-3,2,-3,2,-1,0,-1,83
5272,-3,-2,1,0,1,0,1,2,1,-2,1,0,1,27
5273,-5,-4,3,2,-1,-2,3,0,-1,0,-1,2,-1,75
5274,-7,0,3,-2,-1,2,-1,0,3,-4,3,-2,1,107
5275,-5,-2,5,0,-3,0,1,-2,1,-2,1,0,-1,75
5276,-3,-2,-1,-2,3,-2,-1,4,-1,0,-1,0,1,51
5277,-5,0,1,0,1,-4,1,2,-3,2,-3,2,-1,75
5278,-3,0,1,-4,1,0,-3,2,1,-2,1,-2,1,51
5279,-1,2,3,-2,-1,-2,-1,0,-1,0,-1,0,-1,27
5280,-3,6,1,-2,5,-2,3,0,1,0,1,0,1,91
5281,-5,4,-1,-4,7,-4,5,-2,-1,2,-1,2,-1,163
5282,-7,4,-1,0,3,0,1,-2,3,-2,3,-2,1,107
5283,-5,2,-3,-2,5,-2,3,-4,1,0,1,0,-1,99
5284,-7,2,3,-4,7,-4,1,2,-1,2,-1,0,1,155
5285,-9,4,1,-6,9,-6,3,0,-3,4,-3,2,-1,299
5286,-7,0,1,-2,5,-2,-1,0,1,0,1,-2,1,91
5287,-5,2,-1,-4,7,-4,1,-2,-1,2,-1,0,-1,123
5288,-7,6,-3,0,3,-4,5,-2,3,-2,1,0,1,163
5289,-9,4,-1,-2,5,-6,7,-4,1,0,-1,2,-1,235
5290,-11,8,-5,2,1,-2,3,-4,5,-4,3,-2,1,299
5291,-9,6,-3,0,3,-4,5,-6,3,-2,1,0,-1,227
5292,-7,2,-1,-2,5,-6,3,0,1,0,-1,0,1,131
5293,-9,4,1,-4,7,-8,5,-2,-1,2,-3,2,-1,275
5294,-7,4,-3,0,3,-4,1,-2,3,-2,1,-2,1,123
5295,-5,6,-1,-2,5,-6,3,-4,1,0,-1,0,-1,155
5296,-3,2,1,-6,3,0,1,2,-1,0,1,0,1,67
5297,-5,0,-1,-4,5,-2,3,0,-3,2,-1,2,-1,99
5298,-7,0,3,-4,1,2,-1,0,1,-2,3,-2,1,99
5299,-5,-2,1,-2,3,0,1,-2,-1,0,1,0,-1,51
5300,-7,2,3,-8,5,-2,-1,4,-3,2,-1,0,1,187
5301,-9,4,1,-6,7,-4,1,2,-5,4,-3,2,-1,259
5302,-7,0,5,-6,3,0,-3,2,-1,0,1,-2,1,139
5303,-5,2,3,-4,5,-2,-1,0,-3,2,-1,0,-1,99
5304,-3,2,-3,-4,1,-2,3,0,1,-2,1,0,1,59
5305,-5,0,-1,-2,3,-4,5,-2,-1,0,-1,2,-1,91
5306,-7,4,-1,-2,-1,0,1,-2,3,-4,3,-2,1,115
5307,-5,2,1,0,1,-2,3,-4,1,-2,1,0,-1,67
5308,-3,2,-1,-6,3,-4,1,2,-1,0,-1,0,1,83
5309,-5,4,1,-4,5,-6,3,0,-3,2,-3,2,-1,155
5310,-3,4,1,-4,1,-2,-1,0,1,-2,1,-2,1,59
5311,-1,6,3,-2,3,-4,1,-2,-1,0,-1,0,-1,83
5312,1,2,1,2,1,0,-1,2,1,0,1,0,1,19
5313,-1,0,-1,0,-1,2,1,0,-1,2,-1,2,-1,19
5314,-3,0,-1,0,3,2,-3,0,3,-2,3,-2,1,59
5315,-1,-2,-3,-2,1,4,-1,-2,1,0,1,0,-1,43
5316,-3,-2,-1,4,3,-2,-3,4,-1,2,-1,0,1,75
5317,-5,0,-3,2,1,0,-1,2,-3,4,-3,2,-1,83
5318,-3,-4,-3,2,5,0,-5,2,1,0,1,-2,1,99
5319,-1,-2,-5,0,3,2,-3,0,-1,2,-1,0,-1,59
5320,-3,-2,1,4,-1,-2,1,0,3,-2,1,0,1,51
5321,-5,-4,3,2,-3,0,3,-2,1,0,-1,2,-1,83
5322,-7,0,-1,2,1,0,-1,-2,5,-4,3,-2,1,115
5323,-5,-2,1,0,-1,2,1,-4,3,-2,1,0,-1,67
5324,-3,-6,-1,6,1,-4,-1,2,1,0,-1,0,1,107
5325,-5,-4,1,4,-1,-2,1,0,-1,2,-3,2,-1,83
5326,-3,-4,-3,4,3,-2,-3,0,3,-2,1,-2,1,91
5327,-1,-2,-1,2,1,0,-1,-2,1,0,-1,0,-1,19
5328,-3,2,1,-2,-1,2,-3,4,-1,0,1,0,1,51
5329,-5,0,-1,0,-3,4,-1,2,-3,2,-1,2,-1,75
5330,-7,0,3,-4,1,4,-5,2,1,-2,3,-2,1,139
5331,-5,-2,1,-2,-1,6,-3,0,-1,0,1,0,-1,83
5332,-7,2,-1,0,1,0,-5,6,-3,2,-1,0,1,131
5333,-9,4,-3,2,-1,2,-3,4,-5,4,-3,2,-1,195
5334,-7,0,1,-2,3,2,-7,4,-1,0,1,-2,1,139
5335,-5,2,-1,0,1,4,-5,2,-3,2,-1,0,-1,91
5336,-3,-2,1,0,-3,0,-1,2,1,-2,1,0,1,35
5337,-5,-4,3,2,-5,2,1,0,-1,0,-1,2,-1,91
5338,-7,0,3,-2,-1,2,-3,0,3,-4,3,-2,1,115
5339,-5,-2,5,0,-3,4,-1,-2,1,-2,1,0,-1,91
5340,-3,-2,-1,2,-1,-2,-3,4,-1,0,-1,0,1,51
5341,-5,0,1,4,-3,0,-1,2,-3,2,-3,2,-1,83
5342,-3,0,1,0,1,0,-5,2,1,-2,1,-2,1,51
5343,-1,2,3,2,-1,2,-3,0,-1,0,-1,0,-1,35
5344,1,2,-3,-2,1,-2,1,0,1,0,1,0,1,27
5345,-1,0,-5,-4,3,0,3,-2,-1,2,-1,2,-1,75
5346,-3,0,-5,0,3,0,-1,-2,3,-2,3,-2,1,75
5347,-1,-2,-7,-2,5,2,1,-4,1,0,1,0,-1,107
5348,-3,-2,-1,0,3,-4,-1,2,-1,2,-1,0,1,51
5349,-5,0,-3,-2,5,-2,1,0,-3,4,-3,2,-1,107
5350,-3,-4,-3,2,5,-2,-3,0,1,0,1,-2,1,83
5351,-1,-2,-5,0,7,0,-1,-2,-1,2,-1,0,-1,91
5352,-3,2,-3,0,-1,-4,3,-2,3,-2,1,0,1,67
5353,-5,0,-1,-2,1,-2,5,-4,1,0,-1,2,-1,83
5354,-7,4,-5,2,1,-2,1,-4,5,-4,3,-2,1,171
5355,-5,2,-3,0,3,0,3,-6,3,-2,1,0,-1,107
5356,-3,-2,-1,2,1,-6,1,0,1,0,-1,0,1,59
5357,-5,0,1,0,3,-4,3,-2,-1,2,-3,2,-1,83
5358,-3,0,-3,4,3,-4,-1,-2,3,-2,1,-2,1,83
5359,-1,2,-1,2,5,-2,1,-4,1,0,-1,0,-1,59
5360,1,2,-3,-6,-1,0,-1,2,-1,0,1,0,1,59
5361,-1,0,-5,-4,1,2,1,0,-3,2,-1,2,-1,67
5362,-3,0,-1,-4,1,2,-3,0,1,-2,3,-2,1,59
5363,-1,-2,-3,-2,3,4,-1,-2,-1,0,1,0,-1,51
5364,-3,2,-1,-4,1,-2,-3,4,-3,2,-1,0,1,75
5365,-5,4,-3,-2,3,0,-1,2,-5,4,-3,2,-1,123
5366,-3,0,1,-2,3,0,-5,2,-1,0,1,-2,1,59
5367,-1,2,-1,0,5,2,-3,0,-3,2,-1,0,-1,59
5368,1,2,-3,-4,-3,-2,1,0,1,-2,1,0,1,51
5369,-1,0,-1,-2,-1,0,3,-2,-1,0,-1,2,-1,27
5370,-3,4,-1,-2,-1,0,-1,-2,3,-4,3,-2,1,75
5371,-1,2,1,0,1,2,1,-4,1,-2,1,0,-1,35
5372,1,2,-1,-2,-1,-4,-1,2,-1,0,-1,0,1,35
5373,-1,4,1,0,1,-2,1,0,-3,2,-3,2,-1,51
5374,1,4,1,0,1,-2,-3,0,1,-2,1,-2,1,43
5375,3,6,3,2,3,0,-1,-2,-1,0,-1,0,-1,75
5376,1,10,1,6,1,2,1,0,1,0,1,0,1,147
5377,-1,8,-1,4,-1,0,-1,2,-1,2,-1,2,-1,99
5378,-3,8,-1,4,-1,0,3,-2,3,-2,3,-2,1,131
5379,-1,6,-3,2,-3,-2,1,0,1,0,1,0,-1,67
5380,-3,6,-1,4,-1,4,-1,2,-1,2,-1,0,1,91
5381,-5,8,-3,2,-3,2,-3,4,-3,4,-3,2,-1,179
5382,-3,4,-3,2,-3,2,1,0,1,0,1,-2,1,59
5383,-1,6,-5,0,-5,0,-1,2,-1,2,-1,0,-1,99
5384,-3,6,-3,4,3,0,3,-2,3,-2,1,0,1,107
5385,-5,4,-1,2,1,-2,1,0,1,0,-1,2,-1,59
5386,-7,8,-5,2,1,-2,5,-4,5,-4,3,-2,1,243
5387,-5,6,-3,0,-1,-4,3,-2,3,-2,1,0,-1,115
5388,-3,2,-5,2,1,2,1,0,1,0,-1,0,1,51
5389,-5,4,-3,0,-1,0,-1,2,-1,2,-3,2,-1,75
5390,-3,4,-7,0,-1,0,3,-2,3,-2,1,-2,1,107
5391,-1,6,-5,-2,-3,-2,1,0,1,0,-1,0,-1,83
5392,-3,6,-3,6,-1,4,-1,2,-1,0,1,0,1,115
5393,-5,4,-5,8,-3,2,-3,4,-3,2,-1,2,-1,187
5394,-7,4,-1,4,-3,2,1,0,1,-2,3,-2,1,115
5395,-5,2,-3,6,-5,0,-1,2,-1,0,1,0,-1,107
5396,-7,6,-5,4,-3,6,-3,4,-3,2,-1,0,1,211
5397,-9,8,-7,6,-5,4,-5,6,-5,4,-3,2,-1,387
5398,-7,4,-3,2,-5,4,-1,2,-1,0,1,-2,1,131
5399,-5,6,-5,4,-7,2,-3,4,-3,2,-1,0,-1,195
5400,-3,2,-7,4,1,2,1,0,1,-2,1,0,1,91
5401,-5,0,-5,6,-1,0,-1,2,-1,0,-1,2,-1,99
5402,-7,4,-5,2,-1,0,3,-2,3,-4,3,-2,1,147
5403,-5,2,-3,4,-3,-2,1,0,1,-2,1,0,-1,75
5404,-3,2,-9,2,-1,4,-1,2,-1,0,-1,0,1,123
5405,-5,4,-7,4,-3,2,-3,4,-3,2,-3,2,-1,171
5406,-3,4,-7,0,-3,2,1,0,1,-2,1,-2,1,99
5407,-1,6,-5,2,-5,0,-1,2,-1,0,-1,0,-1,99
5408,-3,6,1,2,1,0,3,-2,1,0,1,0,1,67
5409,-5,4,-1,0,3,-2,1,0,-1,2,-1,2,-1,67
5410,-7,4,-1,4,-1,-2,5,-4,3,-2,3,-2,1,155
5411,-5,2,-3,2,1,-4,3,-2,1,0,1,0,-1,75
5412,-7,2,3,0,-1,2,1,0,-1,2,-1,0,1,75
5413,-9,4,1,-2,1,0,-1,2,-3,4,-3,2,-1,147
5414,-7,0,1,2,-3,0,3,-2,1,0,1,-2,1,83
5415,-5,2,-1,0,-1,-2,1,0,-1,2,-1,0,-1,43
5416,-7,6,-3,0,3,-2,5,-4,3,-2,1,0,1,163
5417,-9,4,-1,-2,5,-4,3,-2,1,0,-1,2,-1,163
5418,-11,8,-5,2,1,-4,7,-6,5,-4,3,-2,1,371
5419,-9,6,-3,0,3,-6,5,-4,3,-2,1,0,-1,227
5420,-7,2,-1,-2,1,0,3,-2,1,0,-1,0,1,75
5421,-9,4,1,-4,3,-2,1,0,-1,2,-3,2,-1,147
5422,-7,4,-3,0,-1,-2,5,-4,3,-2,1,-2,1,139
5423,-5,6,-1,-2,1,-4,3,-2,1,0,-1,0,-1,99
5424,-3,2,-3,2,-1,2,1,0,-1,0,1,0,1,35
5425,-5,0,-5,4,1,0,-1,2,-3,2,-1,2,-1,91
5426,-7,0,-1,4,-3,0,3,-2,1,-2,3,-2,1,107
5427,-5,-2,-3,6,-1,-2,1,0,-1,0,1,0,-1,83
5428,-7,2,-1,0,-3,4,-1,2,-3,2,-1,0,1,99
5429,-9,4,-3,2,-1,2,-3,4,-5,4,-3,2,-1,195
5430,-7,0,1,2,-5,2,1,0,-1,0,1,-2,1,91
5431,-5,2,-1,4,-3,0,-1,2,-3,2,-1,0,-1,75
5432,-3,2,-7,0,1,0,3,-2,1,-2,1,0,1,83
5433,-5,0,-5,2,3,-2,1,0,-1,0,-1,2,-1,75
5434,-7,4,-5,2,-1,-2,5,-4,3,-4,3,-2,1,179
5435,-5,2,-3,4,1,-4,3,-2,1,-2,1,0,-1,91
5436,-3,2,-5,-2,-1,2,1,0,-1,0,-1,0,1,51
5437,-5,4,-3,0,1,0,-1,2,-3,2,-3,2,-1,83
5438,-3,4,-3,0,-3,0,3,-2,1,-2,1,-2,1,67
5439,-1,6,-1,2,-1,-2,1,0,-1,0,-1,0,-1,51
5440,-3,10,-3,6,-3,2,-1,0,1,0,1,0,1,171
5441,-5,8,-5,4,-5,4,-3,2,-1,2,-1,2,-1,195
5442,-7,8,-5,4,-1,0,1,-2,3,-2,3,-2,1,187
5443,-5,6,-7,2,-3,2,-1,0,1,0,1,0,-1,131
5444,-7,6,-5,8,-5,4,-3,2,-1,2,-1,0,1,235
5445,-9,8,-7,6,-7,6,-5,4,-3,4,-3,2,-1,395
5446,-7,4,-7,6,-3,2,-1,0,1,0,1,-2,1,171
5447,-5,6,-9,4,-5,4,-3,2,-1,2,-1,0,-1,219
5448,-7,6,-3,4,-1,0,1,-2,3,-2,1,0,1,131
5449,-9,4,-1,2,-3,2,-1,0,1,0,-1,2,-1,123
5450,-11,8,-5,2,1,-2,3,-4,5,-4,3,-2,1,299
5451,-9,6,-3,0,-1,0,1,-2,3,-2,1,0,-1,147
5452,-7,2,-5,6,-3,2,-1,0,1,0,-1,0,1,131
5453,-9,4,-3,4,-5,4,-3,2,-1,2,-3,2,-1,195
5454,-7,4,-7,4,-1,0,1,-2,3,-2,1,-2,1,155
5455,-5,6,-5,2,-3,2,-1,0,1,0,-1,0,-1,107
5456,-7,10,-7,6,-5,4,-3,2,-1,0,1,0,1,291
5457,-9,8,-9,8,-7,6,-5,4,-3,2,-1,2,-1,435
5458,-11,8,-5,4,-3,2,-1,0,1,-2,3,-2,1,259
5459,-9,6,-7,6,-5,4,-3,2,-1,0,1,0,-1,259
5460,-11,10,-9,8,-7,6,-5,4,-3,2,-1,0,1,507
5461,-13,12,-11,10,-9,8,-7,6,-5,4,-3,2,-1,819
5462,-11,8,-7,6,-5,4,-3,2,-1,0,1,-2,1,331
5463,-9,10,-9,8,-7,6,-5,4,-3,2,-1,0,-1,467
5464,-7,6,-7,4,-3,2,-1,0,1,-2,1,0,1,171
5465,-9,4,-5,6,-5,4,-3,2,-1,0,-1,2,-1,219
5466,-11,8,-5,2,-1,0,1,-2,3,-4,3,-2,1,259
5467,-9,6,-3,4,-3,2,-1,0,1,-2,1,0,-1,163
5468,-7,6,-9,6,-5,4,-3,2,-1,0,-1,0,1,259
5469,-9,8,-7,8,-7,6,-5,4,-3,2,-3,2,-1,411
5470,-7,8,-7,4,-3,2,-1,0,1,-2,1,-2,1,203
5471,-5,10,-5,6,-5,4,-3,2,-1,0,-1,0,-1,243
5472,-3,6,-3,2,-3,0,1,-2,1,0,1,0,1,75
5473,-5,4,-5,0,-1,2,-1,0,-1,2,-1,2,-1,83
5474,-7,4,-5,4,-1,-2,3,-4,3,-2,3,-2,1,163
5475,-5,2,-7,2,1,0,1,-2,1,0,1,0,-1,91
5476,-7,2,-1,4,-5,2,-1,0,-1,2,-1,0,1,107
5477,-9,4,-3,2,-3,4,-3,2,-3,4,-3,2,-1,187
5478,-7,0,-3,6,-3,0,1,-2,1,0,1,-2,1,115
5479,-5,2,-5,4,-1,2,-1,0,-1,2,-1,0,-1,83
5480,-7,6,-3,0,-1,-2,3,-4,3,-2,1,0,1,139
5481,-9,4,-1,-2,1,0,1,-2,1,0,-1,2,-1,115
5482,-11,8,-5,2,1,-4,5,-6,5,-4,3,-2,1,347
5483,-9,6,-3,0,3,-2,3,-4,3,-2,1,0,-1,179
5484,-7,2,-1,2,-3,0,1,-2,1,0,-1,0,1,75
5485,-9,4,1,0,-1,2,-1,0,-1,2,-3,2,-1,123
5486,-7,4,-3,4,-1,-2,3,-4,3,-2,1,-2,1,139
5487,-5,6,-1,2,1,0,1,-2,1,0,-1,0,-1,75
5488,-3,6,-7,2,-5,2,-1,0,-1,0,1,0,1,131
5489,-5,4,-9,4,-3,4,-3,2,-3,2,-1,2,-1,195
5490,-7,4,-5,4,-3,0,1,-2,1,-2,3,-2,1,139
5491,-5,2,-7,6,-1,2,-1,0,-1,0,1,0,-1,123
5492,-7,6,-5,4,-7,4,-3,2,-3,2,-1,0,1,219
5493,-9,8,-7,6,-5,6,-5,4,-5,4,-3,2,-1,387
5494,-7,4,-3,6,-5,2,-1,0,-1,0,1,-2,1,147
5495,-5,6,-5,8,-3,4,-3,2,-3,2,-1,0,-1,203
5496,-3,6,-7,0,-3,0,1,-2,1,-2,1,0,1,115
5497,-5,4,-5,2,-1,2,-1,0,-1,0,-1,2,-1,83
5498,-7,8,-5,2,-1,-2,3,-4,3,-4,3,-2,1,211
5499,-5,6,-3,4,1,0,1,-2,1,-2,1,0,-1,99
5500,-3,6,-5,2,-5,2,-1,0,-1,0,-1,0,1,107
5501,-5,8,-3,4,-3,4,-3,2,-3,2,-3,2,-1,179
5502,-3,8,-3,4,-3,0,1,-2,1,-2,1,-2,1,123
5503,-1,10,-1,6,-1,2,-1,0,-1,0,-1,0,-1,147
5504,1,6,1,2,1,-2,-1,0,1,0,1,0,1,51
5505,-1,4,-1,0,-1,-4,1,2,-1,2,-1,2,-1,51
5506,-3,4,-1,0,-1,0,1,-2,3,-2,3,-2,1,59
5507,-1,2,-3,-2,-3,-2,3,0,1,0,1,0,-1,43
5508,-3,2,-1,0,3,0,-3,2,-1,2,-1,0,1,43
5509,-5,4,-3,-2,1,-2,-1,4,-3,4,-3,2,-1,115
5510,-3,0,-3,-2,1,2,-1,0,1,0,1,-2,1,35
5511,-1,2,-5,-4,-1,0,1,2,-1,2,-1,0,-1,59
5512,-3,2,-3,4,3,-4,1,-2,3,-2,1,0,1,83
5513,-5,0,-1,2,1,-6,3,0,1,0,-1,2,-1,83
5514,-7,4,-5,2,1,-2,3,-4,5,-4,3,-2,1,179
5515,-5,2,-3,0,-1,-4,5,-2,3,-2,1,0,-1,99
5516,-3,-2,-5,2,5,-2,-1,0,1,0,-1,0,1,75
5517,-5,0,-3,0,3,-4,1,2,-1,2,-3,2,-1,83
5518,-3,0,-7,0,3,0,1,-2,3,-2,1,-2,1,91
5519,-1,2,-5,-2,1,-2,3,0,1,0,-1,0,-1,51
5520,-3,2,1,2,-1,0,-3,2,-1,0,1,0,1,35
5521,-5,0,-1,4,-3,-2,-1,4,-3,2,-1,2,-1,91
5522,-7,0,3,0,-3,2,-1,0,1,-2,3,-2,1,91
5523,-5,-2,1,2,-5,0,1,2,-1,0,1,0,-1,67
5524,-7,2,-1,0,1,2,-5,4,-3,2,-1,0,1,115
5525,-9,4,-3,2,-1,0,-3,6,-5,4,-3,2,-1,211
5526,-7,0,1,-2,-1,4,-3,2,-1,0,1,-2,1,91
5527,-5,2,-1,0,-3,2,-1,4,-3,2,-1,0,-1,75
5528,-3,-2,-3,4,1,-2,-1,0,1,-2,1,0,1,51
5529,-5,-4,-1,6,-1,-4,1,2,-1,0,-1,2,-1,107
5530,-7,0,-1,2,-1,0,1,-2,3,-4,3,-2,1,99
5531,-5,-2,1,4,-3,-2,3,0,1,-2,1,0,-1,75
5532,-3,-2,-5,2,3,0,-3,2,-1,0,-1,0,1,67
5533,-5,0,-3,4,1,-2,-1,4,-3,2,-3,2,-1,99
5534,-3,0,-3,0,1,2,-1,0,1,-2,1,-2,1,35
5535,-1,2,-1,2,-1,0,1,2,-1,0,-1,0,-1,19
5536,-3,6,1,-2,1,-4,1,-2,1,0,1,0,1,75
5537,-5,4,-1,-4,3,-6,3,0,-1,2,-1,2,-1,123
5538,-7,4,-1,0,-1,-2,3,-4,3,-2,3,-2,1,123
5539,-5,2,-3,-2,1,-4,5,-2,1,0,1,0,-1,91
5540,-7,2,3,-4,3,-2,-1,0,-1,2,-1,0,1,99
5541,-9,4,1,-6,5,-4,1,2,-3,4,-3,2,-1,219
5542,-7,0,1,-2,1,0,1,-2,1,0,1,-2,1,67
5543,-5,2,-1,-4,3,-2,3,0,-1,2,-1,0,-1,75
5544,-7,6,-3,0,3,-6,3,-4,3,-2,1,0,1,179
5545,-9,4,-1,-2,5,-8,5,-2,1,0,-1,2,-1,227
5546,-11,8,-5,2,1,-4,5,-6,5,-4,3,-2,1,347
5547,-9,6,-3,0,3,-6,7,-4,3,-2,1,0,-1,251
5548,-7,2,-1,-2,5,-4,1,-2,1,0,-1,0,1,107
5549,-9,4,1,-4,7,-6,3,0,-1,2,-3,2,-1,227
5550,-7,4,-3,0,3,-2,3,-4,3,-2,1,-2,1,131
5551,-5,6,-1,-2,5,-4,5,-2,1,0,-1,0,-1,139
5552,-3,2,1,-2,-1,-2,-1,0,-1,0,1,0,1,27
5553,-5,0,-1,0,1,-4,1,2,-3,2,-1,2,-1,67
5554,-7,0,3,0,-3,0,1,-2,1,-2,3,-2,1,91
5555,-5,-2,1,2,-1,-2,3,0,-1,0,1,0,-1,51
5556,-7,2,3,-4,1,0,-3,2,-3,2,-1,0,1,107
5557,-9,4,1,-2,3,-2,-1,4,-5,4,-3,2,-1,187
5558,-7,0,5,-2,-1,2,-1,0,-1,0,1,-2,1,91
5559,-5,2,3,0,1,0,1,2,-3,2,-1,0,-1,59
5560,-3,2,-3,0,1,-4,1,-2,1,-2,1,0,1,51
5561,-5,0,-1,2,3,-6,3,0,-1,0,-1,2,-1,91
5562,-7,4,-1,2,-1,-2,3,-4,3,-4,3,-2,1,139
5563,-5,2,1,4,1,-4,5,-2,1,-2,1,0,-1,99
5564,-3,2,-1,-2,3,-2,-1,0,-1,0,-1,0,1,35
5565,-5,4,1,0,5,-4,1,2,-3,2,-3,2,-1,115
5566,-3,4,1,0,1,0,1,-2,1,-2,1,-2,1,43
5567,-1,6,3,2,3,-2,3,0,-1,0,-1,0,-1,75
5568,1,6,-3,2,-3,-2,-3,0,1,0,1,0,1,75
5569,-1,4,-5,0,-5,0,-1,2,-1,2,-1,2,-1,83
5570,-3,4,-5,0,-1,0,-1,-2,3,-2,3,-2,1,83
5571,-1,2,-7,-2,-3,2,1,0,1,0,1,0,-1,75
5572,-3,2,-5,4,-1,0,-5,2,-1,2,-1,0,1,91
5573,-5,4,-7,2,-3,2,-3,4,-3,4,-3,2,-1,171
5574,-3,0,-7,2,1,2,-3,0,1,0,1,-2,1,83
5575,-1,2,-9,0,-1,4,-1,2,-1,2,-1,0,-1,115
5576,-3,2,-3,4,-1,-4,-1,-2,3,-2,1,0,1,75
5577,-5,0,-1,2,-3,-2,1,0,1,0,-1,2,-1,51
5578,-7,4,-5,2,1,-2,1,-4,5,-4,3,-2,1,171
5579,-5,2,-3,0,-1,0,3,-2,3,-2,1,0,-1,67
5580,-3,-2,-5,6,1,-2,-3,0,1,0,-1,0,1,91
5581,-5,0,-3,4,-1,0,-1,2,-1,2,-3,2,-1,75
5582,-3,0,-7,4,3,0,-1,-2,3,-2,1,-2,1,107
5583,-1,2,-5,2,1,2,1,0,1,0,-1,0,-1,43
5584,-3,6,-3,2,-5,0,-5,2,-1,0,1,0,1,115
5585,-5,4,-5,4,-7,2,-3,4,-3,2,-1,2,-1,179
5586,-7,4,-1,0,-3,2,-3,0,1,-2,3,-2,1,107
5587,-5,2,-3,2,-5,4,-1,2,-1,0,1,0,-1,91
5588,-7,6,-5,4,-3,2,-7,4,-3,2,-1,0,1,219
5589,-9,8,-7,6,-5,4,-5,6,-5,4,-3,2,-1,387
5590,-7,4,-3,2,-1,4,-5,2,-1,0,1,-2,1,131
5591,-5,6,-5,4,-3,6,-3,4,-3,2,-1,0,-1,187
5592,-3,2,-3,4,-3,-2,-3,0,1,-2,1,0,1,67
5593,-5,0,-1,6,-5,0,-1,2,-1,0,-1,2,-1,99
5594,-7,4,-1,2,-1,0,-1,-2,3,-4,3,-2,1,115
5595,-5,2,1,4,-3,2,1,0,1,-2,1,0,-1,67
5596,-3,2,-5,6,-1,0,-5,2,-1,0,-1,0,1,107
5597,-5,4,-3,8,-3,2,-3,4,-3,2,-3,2,-1,179
5598,-3,4,-3,4,1,2,-3,0,1,-2,1,-2,1,75
5599,-1,6,-1,6,-1,4,-1,2,-1,0,-1,0,-1,99
5600,1,6,-3,-2,-3,-4,-1,-2,1,0,1,0,1,83
5601,-1,4,-5,-4,-1,-2,1,0,-1,2,-1,2,-1,75
5602,-3,4,-5,0,-1,-2,1,-4,3,-2,3,-2,1,99
5603,-1,2,-7,-2,1,0,3,-2,1,0,1,0,-1,75
5604,-3,2,-1,0,-1,-2,-3,0,-1,2,-1,0,1,35
5605,-5,4,-3,-2,1,0,-1,2,-3,4,-3,2,-1,99
5606,-3,0,-3,2,1,0,-1,-2,1,0,1,-2,1,35
5607,-1,2,-5,0,3,2,1,0,-1,2,-1,0,-1,51
5608,-3,6,-3,0,-1,-6,1,-4,3,-2,1,0,1,123
5609,-5,4,-1,-2,1,-4,3,-2,1,0,-1,2,-1,83
5610,-7,8,-5,2,1,-4,3,-6,5,-4,3,-2,1,259
5611,-5,6,-3,0,3,-2,5,-4,3,-2,1,0,-1,139
5612,-3,2,-1,2,1,-4,-1,-2,1,0,-1,0,1,43
5613,-5,4,1,0,3,-2,1,0,-1,2,-3,2,-1,75
5614,-3,4,-3,4,3,-2,1,-4,3,-2,1,-2,1,99
5615,-1,6,-1,2,5,0,3,-2,1,0,-1,0,-1,83
5616,1,6,-3,-2,-5,-2,-3,0,-1,0,1,0,1,91
5617,-1,4,-5,0,-3,0,-1,2,-3,2,-1,2,-1,75
5618,-3,4,-1,0,-3,0,-1,-2,1,-2,3,-2,1,59
5619,-1,2,-3,2,-1,2,1,0,-1,0,1,0,-1,27
5620,-3,6,-1,0,-3,0,-5,2,-3,2,-1,0,1,99
5621,-5,8,-3,2,-1,2,-3,4,-5,4,-3,2,-1,187
5622,-3,4,1,2,-1,2,-3,0,-1,0,1,-2,1,51
5623,-1,6,-1,4,1,4,-1,2,-3,2,-1,0,-1,91
5624,1,6,-3,0,-3,-4,-1,-2,1,-2,1,0,1,83
5625,-1,4,-1,2,-1,-2,1,0,-1,0,-1,2,-1,35
5626,-3,8,-1,2,-1,-2,1,-4,3,-4,3,-2,1,139
5627,-1,6,1,4,1,0,3,-2,1,-2,1,0,-1,75
5628,1,6,-1,2,-1,-2,-3,0,-1,0,-1,0,1,59
5629,-1,8,1,4,1,0,-1,2,-3,2,-3,2,-1,115
5630,1,8,1,4,1,0,-1,-2,1,-2,1,-2,1,99
5631,3,10,3,6,3,2,1,0,-1,0,-1,0,-1,171
5632,5,6,5,2,3,2,1,0,-1,0,1,0,1,107
5633,3,4,3,0,1,0,-1,-2,1,2,-1,2,-1,51
5634,1,4,3,0,1,0,-1,2,1,-2,3,-2,1,51
5635,3,2,1,-2,-1,-2,-3,0,3,0,1,0,-1,43
5636,1,2,3,0,1,0,3,2,-3,2,-1,0,1,43
5637,-1,4,1,-2,-1,-2,1,0,-1,4,-3,2,-1,59
5638,1,0,1,-2,-1,-2,1,4,-1,0,1,-2,1,35
5639,3,2,-1,-4,-3,-4,-1,2,1,2,-1,0,-1,67
5640,1,2,1,0,1,4,3,-2,1,-2,1,0,1,43
5641,-1,0,3,-2,-1,2,1,-4,3,0,-1,2,-1,51
5642,-3,4,-1,-2,-1,2,1,0,3,-4,3,-2,1,75
5643,-1,2,1,-4,-3,0,-1,-2,5,-2,1,0,-1,67
5644,1,-2,-1,-2,-1,2,5,0,-1,0,-1,0,1,43
5645,-1,0,1,-4,-3,0,3,-2,1,2,-3,2,-1,59
5646,1,0,-3,-4,-3,0,3,2,1,-2,1,-2,1,59
5647,3,2,-1,-6,-5,-2,1,0,3,0,-1,0,-1,91
5648,1,2,1,-2,5,4,-1,2,-3,0,1,0,1,67
5649,-1,0,-1,0,3,2,-3,0,-1,2,-1,2,-1,35
5650,-3,0,3,-4,3,2,-3,4,-1,-2,3,-2,1,91
5651,-1,-2,1,-2,1,0,-5,2,1,0,1,0,-1,43
5652,-3,2,-1,-4,3,2,1,4,-5,2,-1,0,1,91
5653,-5,4,-3,-2,1,0,-1,2,-3,4,-3,2,-1,99
5654,-3,0,1,-6,1,0,-1,6,-3,0,1,-2,1,99
5655,-1,2,-1,-4,-1,-2,-3,4,-1,2,-1,0,-1,59
5656,1,-2,-3,-4,3,6,1,0,-1,-2,1,0,1,83
5657,-1,-4,-1,-2,1,4,-1,-2,1,0,-1,2,-1,51
5658,-3,0,-1,-6,1,4,-1,2,1,-4,3,-2,1,99
5659,-1,-2,1,-4,-1,2,-3,0,3,-2,1,0,-1,51
5660,1,-2,-5,-6,1,4,3,2,-3,0,-1,0,1,107
5661,-1,0,-3,-4,-1,2,1,0,-1,2,-3,2,-1,51
5662,1,0,-3,-8,-1,2,1,4,-1,-2,1,-2,1,107
5663,3,2,-1,-6,-3,0,-1,2,1,0,-1,0,-1,67
5664,1,2,1,2,3,0,3,-2,-1,0,1,0,1,35
5665,-1,0,-1,0,5,-2,1,-4,1,2,-1,2,-1,59
5666,-3,0,-1,4,1,-2,1,0,1,-2,3,-2,1,51
5667,-1,-2,-3,2,3,-4,-1,-2,3,0,1,0,-1,59
5668,-3,-2,3,0,1,-2,5,0,-3,2,-1,0,1,67
5669,-5,0,1,-2,3,-4,3,-2,-1,4,-3,2,-1,99
5670,-3,-4,1,2,-1,-4,3,2,-1,0,1,-2,1,67
5671,-1,-2,-1,0,1,-6,1,0,1,2,-1,0,-1,51
5672,-3,2,-3,0,1,2,5,-4,1,-2,1,0,1,75
5673,-5,0,-1,-2,3,0,3,-6,3,0,-1,2,-1,99
5674,-7,4,-5,2,-1,0,3,-2,3,-4,3,-2,1,147
5675,-5,2,-3,0,1,-2,1,-4,5,-2,1,0,-1,91
5676,-3,-2,-1,-2,-1,0,7,-2,-1,0,-1,0,1,75
5677,-5,0,1,-4,1,-2,5,-4,1,2,-3,2,-1,107
5678,-3,0,-3,0,-3,-2,5,0,1,-2,1,-2,1,67
5679,-1,2,-1,-2,-1,-4,3,-2,3,0,-1,0,-1,51
5680,1,-2,-3,-2,5,2,1,0,-3,0,1,0,1,59
5681,-1,-4,-5,0,7,0,-1,-2,-1,2,-1,2,-1,107
5682,-3,-4,-1,0,3,0,-1,2,-1,-2,3,-2,1,59
5683,-1,-6,-3,2,5,-2,-3,0,1,0,1,0,-1,91
5684,-3,-2,-1,-4,3,0,3,2,-5,2,-1,0,1,83
5685,-5,0,-3,-2,5,-2,1,0,-3,4,-3,2,-1,107
5686,-3,-4,1,-2,1,-2,1,4,-3,0,1,-2,1,67
5687,-1,-2,-1,0,3,-4,-1,2,-1,2,-1,0,-1,43
5688,1,-2,-7,-4,3,4,3,-2,-1,-2,1,0,1,115
5689,-1,-4,-5,-2,5,2,1,-4,1,0,-1,2,-1,99
5690,-3,0,-5,-2,1,2,1,0,1,-4,3,-2,1,75
5691,-1,-2,-3,0,3,0,-1,-2,3,-2,1,0,-1,43
5692,1,-2,-5,-6,1,2,5,0,-3,0,-1,0,1,107
5693,-1,0,-3,-4,3,0,3,-2,-1,2,-3,2,-1,67
5694,1,0,-3,-4,-1,0,3,2,-1,-2,1,-2,1,51
5695,3,2,-1,-2,1,-2,1,0,1,0,-1,0,-1,27
5696,1,2,5,2,-1,2,-1,0,-1,0,1,0,1,43
5697,-1,0,3,0,-3,4,-3,-2,1,2,-1,2,-1,59
5698,-3,0,3,0,1,0,-3,2,1,-2,3,-2,1,51
5699,-1,-2,1,-2,-1,2,-5,0,3,0,1,0,-1,51
5700,-3,-2,3,4,-3,0,1,2,-3,2,-1,0,1,67
5701,-5,0,1,2,-5,2,-1,0,-1,4,-3,2,-1,91
5702,-3,-4,1,2,-1,-2,-1,4,-1,0,1,-2,1,59
5703,-1,-2,-1,0,-3,0,-3,2,1,2,-1,0,-1,35
5704,-3,-2,5,0,-3,4,1,-2,1,-2,1,0,1,75
5705,-5,-4,7,-2,-5,6,-1,-4,3,0,-1,2,-1,187
5706,-7,0,3,-2,-1,2,-1,0,3,-4,3,-2,1,107
5707,-5,-2,5,-4,-3,4,-3,-2,5,-2,1,0,-1,139
5708,-3,-6,3,2,-5,2,3,0,-1,0,-1,0,1,99
5709,-5,-4,5,0,-7,4,1,-2,1,2,-3,2,-1,155
5710,-3,-4,1,0,-3,0,1,2,1,-2,1,-2,1,51
5711,-1,-2,3,-2,-5,2,-1,0,3,0,-1,0,-1,59
5712,-3,2,1,-2,1,4,-3,2,-3,0,1,0,1,59
5713,-5,0,-1,0,-1,6,-5,0,-1,2,-1,2,-1,99
5714,-7,0,3,-4,3,2,-5,4,-1,-2,3,-2,1,147
5715,-5,-2,1,-2,1,4,-7,2,1,0,1,0,-1,107
5716,-7,2,-1,0,-1,2,-1,4,-5,2,-1,0,1,107
5717,-9,4,-3,2,-3,4,-3,2,-3,4,-3,2,-1,187
5718,-7,0,1,-2,1,0,-3,6,-3,0,1,-2,1,115
5719,-5,2,-1,0,-1,2,-5,4,-1,2,-1,0,-1,83
5720,-3,-2,1,-4,-1,6,-1,0,-1,-2,1,0,1,75
5721,-5,-4,3,-2,-3,8,-3,-2,1,0,-1,2,-1,147
5722,-7,0,3,-6,1,4,-3,2,1,-4,3,-2,1,155
5723,-5,-2,5,-4,-1,6,-5,0,3,-2,1,0,-1,147
5724,-3,-2,-1,-2,-3,4,1,2,-3,0,-1,0,1,59
5725,-5,0,1,0,-5,6,-1,0,-1,2,-3,2,-1,107
5726,-3,0,1,-4,-1,2,-1,4,-1,-2,1,-2,1,59
5727,-1,2,3,-2,-3,4,-3,2,1,0,-1,0,-1,59
5728,1,-2,1,2,-1,0,1,-2,-1,0,1,0,1,19
5729,-1,-4,-1,0,1,2,-1,-4,1,2,-1,2,-1,51
5730,-3,-4,-1,4,1,-2,-1,0,1,-2,3,-2,1,67
5731,-1,-6,-3,2,3,0,-3,-2,3,0,1,0,-1,83
5732,-3,-6,3,4,-3,-2,3,0,-3,2,-1,0,1,107
5733,-5,-4,1,2,-1,0,1,-2,-1,4,-3,2,-1,83
5734,-3,-8,1,6,-1,-4,1,2,-1,0,1,-2,1,139
5735,-1,-6,-1,4,1,-2,-1,0,1,2,-1,0,-1,67
5736,-3,-2,1,0,-3,2,3,-4,1,-2,1,0,1,59
5737,-5,-4,3,-2,-1,4,1,-6,3,0,-1,2,-1,123
5738,-7,0,-1,2,-1,0,1,-2,3,-4,3,-2,1,99
5739,-5,-2,1,0,1,2,-1,-4,5,-2,1,0,-1,83
5740,-3,-6,3,2,-5,0,5,-2,-1,0,-1,0,1,115
5741,-5,-4,5,0,-3,2,3,-4,1,2,-3,2,-1,123
5742,-3,-4,1,4,-3,-2,3,0,1,-2,1,-2,1,75
5743,-1,-2,3,2,-1,0,1,-2,3,0,-1,0,-1,35
5744,1,-2,-3,-2,1,2,-1,0,-3,0,1,0,1,35
5745,-1,-4,-5,0,3,4,-3,-2,-1,2,-1,2,-1,91
5746,-3,-4,-1,0,3,0,-3,2,-1,-2,3,-2,1,67
5747,-1,-6,-3,2,5,2,-5,0,1,0,1,0,-1,107
5748,-3,-2,-1,0,-1,0,1,2,-5,2,-1,0,1,51
5749,-5,0,-3,2,1,2,-1,0,-3,4,-3,2,-1,83
5750,-3,-4,1,2,1,-2,-1,4,-3,0,1,-2,1,67
5751,-1,-2,-1,4,3,0,-3,2,-1,2,-1,0,-1,51
5752,1,-2,-3,-4,-1,4,1,-2,-1,-2,1,0,1,59
5753,-1,-4,-1,-2,1,6,-1,-4,1,0,-1,2,-1,83
5754,-3,0,-1,-2,1,2,-1,0,1,-4,3,-2,1,51
5755,-1,-2,1,0,3,4,-3,-2,3,-2,1,0,-1,59
5756,1,-2,-1,-2,-3,2,3,0,-3,0,-1,0,1,43
5757,-1,0,1,0,-1,4,1,-2,-1,2,-3,2,-1,43
5758,1,0,1,0,-1,0,1,2,-1,-2,1,-2,1,19
5759,3,2,3,2,1,2,-1,0,1,0,-1,0,-1,35
5760,1,6,5,-2,3,-2,-1,0,-1,0,1,0,1,83
5761,-1,4,3,-4,1,-4,1,-2,1,2,-1,2,-1,75
5762,-3,4,3,-4,1,0,-3,2,1,-2,3,-2,1,83
5763,-1,2,1,-6,-1,-2,-1,0,3,0,1,0,-1,59
5764,-3,2,3,-4,5,-4,1,2,-3,2,-1,0,1,99
5765,-5,4,1,-6,3,-6,3,0,-1,4,-3,2,-1,163
5766,-3,0,1,-6,3,-2,-1,4,-1,0,1,-2,1,83
5767,-1,2,-1,-8,1,-4,1,2,1,2,-1,0,-1,99
5768,-3,2,1,0,1,0,1,-2,1,-2,1,0,1,27
5769,-5,0,3,-2,-1,-2,3,-4,3,0,-1,2,-1,83
5770,-7,4,-1,-2,-1,2,-1,0,3,-4,3,-2,1,115
5771,-5,2,1,-4,-3,0,1,-2,5,-2,1,0,-1,91
5772,-3,-2,-1,-2,3,-2,3,0,-1,0,-1,0,1,43
5773,-5,0,1,-4,1,-4,5,-2,1,2,-3,2,-1,107
5774,-3,0,-3,-4,1,0,1,2,1,-2,1,-2,1,51
5775,-1,2,-1,-6,-1,-2,3,0,3,0,-1,0,-1,67
5776,-3,2,5,-6,5,0,-3,2,-3,0,1,0,1,123
5777,-5,0,3,-4,3,-2,-1,0,-1,2,-1,2,-1,75
5778,-7,0,7,-8,3,2,-5,4,-1,-2,3,-2,1,235
5779,-5,-2,5,-6,1,0,-3,2,1,0,1,0,-1,107
5780,-7,2,3,-8,7,-2,-1,4,-5,2,-1,0,1,227
5781,-9,4,1,-6,5,-4,1,2,-3,4,-3,2,-1,219
5782,-7,0,5,-10,5,0,-3,6,-3,0,1,-2,1,259
5783,-5,2,3,-8,3,-2,-1,4,-1,2,-1,0,-1,139
5784,-3,-2,1,-4,3,2,-1,0,-1,-2,1,0,1,51
5785,-5,-4,3,-2,1,0,1,-2,1,0,-1,2,-1,67
5786,-7,0,3,-6,1,4,-3,2,1,-4,3,-2,1,155
5787,-5,-2,5,-4,-1,2,-1,0,3,-2,1,0,-1,91
5788,-3,-2,-1,-6,5,0,1,2,-3,0,-1,0,1,91
5789,-5,0,1,-4,3,-2,3,0,-1,2,-3,2,-1,83
5790,-3,0,1,-8,3,2,-1,4,-1,-2,1,-2,1,115
5791,-1,2,3,-6,1,0,1,2,1,0,-1,0,-1,59
5792,-3,6,1,-2,3,-4,1,-2,-1,0,1,0,1,83
5793,-5,4,-1,-4,5,-6,3,-4,1,2,-1,2,-1,155
5794,-7,4,-1,0,1,-2,-1,0,1,-2,3,-2,1,91
5795,-5,2,-3,-2,3,-4,1,-2,3,0,1,0,-1,83
5796,-7,2,3,-4,5,-6,3,0,-3,2,-1,0,1,163
5797,-9,4,1,-6,7,-8,5,-2,-1,4,-3,2,-1,307
5798,-7,0,1,-2,3,-4,1,2,-1,0,1,-2,1,91
5799,-5,2,-1,-4,5,-6,3,0,1,2,-1,0,-1,123
5800,-7,6,-3,0,1,-2,3,-4,1,-2,1,0,1,131
5801,-9,4,-1,-2,3,-4,5,-6,3,0,-1,2,-1,203
5802,-11,8,-5,2,-1,0,1,-2,3,-4,3,-2,1,259
5803,-9,6,-3,0,1,-2,3,-4,5,-2,1,0,-1,187
5804,-7,2,-1,-2,3,-4,5,-2,-1,0,-1,0,1,115
5805,-9,4,1,-4,5,-6,7,-4,1,2,-3,2,-1,259
5806,-7,4,-3,0,1,-2,3,0,1,-2,1,-2,1,99
5807,-5,6,-1,-2,3,-4,5,-2,3,0,-1,0,-1,131
5808,-3,2,1,-6,5,-2,-1,0,-3,0,1,0,1,91
5809,-5,0,-1,-4,7,-4,1,-2,-1,2,-1,2,-1,123
5810,-7,0,3,-4,3,0,-3,2,-1,-2,3,-2,1,115
5811,-5,-2,1,-2,5,-2,-1,0,1,0,1,0,-1,67
5812,-7,2,3,-8,7,-4,1,2,-5,2,-1,0,1,227
5813,-9,4,1,-6,9,-6,3,0,-3,4,-3,2,-1,299
5814,-7,0,5,-6,5,-2,-1,4,-3,0,1,-2,1,171
5815,-5,2,3,-4,7,-4,1,2,-1,2,-1,0,-1,131
5816,-3,2,-3,-4,3,0,1,-2,-1,-2,1,0,1,59
5817,-5,0,-1,-2,5,-2,3,-4,1,0,-1,2,-1,91
5818,-7,4,-1,-2,1,2,-1,0,1,-4,3,-2,1,107
5819,-5,2,1,0,3,0,1,-2,3,-2,1,0,-1,59
5820,-3,2,-1,-6,5,-2,3,0,-3,0,-1,0,1,99
5821,-5,4,1,-4,7,-4,5,-2,-1,2,-3,2,-1,171
5822,-3,4,1,-4,3,0,1,2,-1,-2,1,-2,1,67
5823,-1,6,3,-2,5,-2,3,0,1,0,-1,0,-1,91
5824,1,2,5,-2,-1,-2,-3,0,-1,0,1,0,1,51
5825,-1,0,3,-4,-3,0,-1,-2,1,2,-1,2,-1,51
5826,-3,0,3,-4,1,0,-5,2,1,-2,3,-2,1,83
5827,-1,-2,1,-6,-1,2,-3,0,3,0,1,0,-1,67
5828,-3,-2,3,0,1,-4,-1,2,-3,2,-1,0,1,59
5829,-5,0,1,-2,-1,-2,1,0,-1,4,-3,2,-1,67
5830,-3,-4,1,-2,3,-2,-3,4,-1,0,1,-2,1,75
5831,-1,-2,-1,-4,1,0,-1,2,1,2,-1,0,-1,35
5832,-3,-2,5,0,-3,0,-1,-2,1,-2,1,0,1,59
5833,-5,-4,7,-2,-5,2,1,-4,3,0,-1,2,-1,155
5834,-7,0,3,-2,-1,2,-3,0,3,-4,3,-2,1,115
5835,-5,-2,5,-4,-3,4,-1,-2,5,-2,1,0,-1,131
5836,-3,-6,3,2,-1,-2,1,0,-1,0,-1,0,1,67
5837,-5,-4,5,0,-3,0,3,-2,1,2,-3,2,-1,107
5838,-3,-4,1,0,1,0,-1,2,1,-2,1,-2,1,43
5839,-1,-2,3,-2,-1,2,1,0,3,0,-1,0,-1,35
5840,-3,2,5,-6,1,0,-5,2,-3,0,1,0,1,115
5841,-5,0,3,-4,-1,2,-3,0,-1,2,-1,2,-1,75
5842,-7,0,7,-8,3,2,-7,4,-1,-2,3,-2,1,259
5843,-5,-2,5,-6,1,4,-5,2,1,0,1,0,-1,139
5844,-7,2,3,-4,3,-2,-3,4,-5,2,-1,0,1,147
5845,-9,4,1,-2,1,0,-1,2,-3,4,-3,2,-1,147
5846,-7,0,5,-6,5,0,-5,6,-3,0,1,-2,1,211
5847,-5,2,3,-4,3,2,-3,4,-1,2,-1,0,-1,99
5848,-3,-2,5,-4,-1,2,-3,0,-1,-2,1,0,1,75
5849,-5,-4,7,-2,-3,4,-1,-2,1,0,-1,2,-1,131
5850,-7,0,7,-6,1,4,-5,2,1,-4,3,-2,1,211
5851,-5,-2,9,-4,-1,6,-3,0,3,-2,1,0,-1,187
5852,-3,-2,3,-2,1,0,-1,2,-3,0,-1,0,1,43
5853,-5,0,5,0,-1,2,1,0,-1,2,-3,2,-1,75
5854,-3,0,5,-4,3,2,-3,4,-1,-2,1,-2,1,99
5855,-1,2,7,-2,1,4,-1,2,1,0,-1,0,-1,83
5856,1,2,1,-2,-1,-4,-1,-2,-1,0,1,0,1,35
5857,-1,0,-1,-4,1,-2,1,-4,1,2,-1,2,-1,51
5858,-3,0,-1,0,1,-2,-3,0,1,-2,3,-2,1,43
5859,-1,-2,-3,-2,3,0,-1,-2,3,0,1,0,-1,43
5860,-3,-2,3,0,1,-6,1,0,-3,2,-1,0,1,75
5861,-5,0,1,-2,3,-4,3,-2,-1,4,-3,2,-1,99
5862,-3,-4,1,2,3,-4,-1,2,-1,0,1,-2,1,67
5863,-1,-2,-1,0,5,-2,1,0,1,2,-1,0,-1,43
5864,-3,2,1,0,-3,-2,1,-4,1,-2,1,0,1,51
5865,-5,0,3,-2,-1,0,3,-6,3,0,-1,2,-1,99
5866,-7,4,-1,2,-1,0,-1,-2,3,-4,3,-2,1,115
5867,-5,2,1,0,1,2,1,-4,5,-2,1,0,-1,83
5868,-3,-2,3,2,-1,-4,3,-2,-1,0,-1,0,1,59
5869,-5,0,5,0,1,-2,5,-4,1,2,-3,2,-1,115
5870,-3,0,1,4,1,-2,1,0,1,-2,1,-2,1,43
5871,-1,2,3,2,3,0,3,-2,3,0,-1,0,-1,51
5872,1,2,1,-6,1,-2,-3,0,-3,0,1,0,1,67
5873,-1,0,-1,-4,3,0,-1,-2,-1,2,-1,2,-1,43
5874,-3,0,3,-4,3,0,-5,2,-1,-2,3,-2,1,91
5875,-1,-2,1,-2,5,2,-3,0,1,0,1,0,-1,51
5876,-3,2,3,-4,3,-4,-1,2,-5,2,-1,0,1,99
5877,-5,4,1,-2,5,-2,1,0,-3,4,-3,2,-1,115
5878,-3,0,5,-2,5,-2,-3,4,-3,0,1,-2,1,107
5879,-1,2,3,0,7,0,-1,2,-1,2,-1,0,-1,75
5880,1,2,1,-4,-1,0,-1,-2,-1,-2,1,0,1,35
5881,-1,0,3,-2,1,2,1,-4,1,0,-1,2,-1,43
5882,-3,4,3,-2,1,2,-3,0,1,-4,3,-2,1,83
5883,-1,2,5,0,3,4,-1,-2,3,-2,1,0,-1,75
5884,1,2,3,-2,1,-2,1,0,-3,0,-1,0,1,35
5885,-1,4,5,0,3,0,3,-2,-1,2,-3,2,-1,83
5886,1,4,5,0,3,0,-1,2,-1,-2,1,-2,1,67
5887,3,6,7,2,5,2,1,0,1,0,-1,0,-1,131
5888,5,6,1,2,-1,0,-1,-2,-1,0,1,0,1,75
5889,3,4,-1,0,-3,-2,-3,0,1,2,-1,2,-1,59
5890,1,4,-1,0,-3,-2,1,0,1,-2,3,-2,1,51
5891,3,2,-3,-2,-5,-4,-1,2,3,0,1,0,-1,83
5892,1,2,-1,0,-3,2,1,0,-3,2,-1,0,1,35
5893,-1,4,-3,-2,-5,0,-1,2,-1,4,-3,2,-1,91
5894,1,0,-3,-2,-5,0,3,2,-1,0,1,-2,1,59
5895,3,2,-5,-4,-7,-2,1,4,1,2,-1,0,-1,131
5896,1,2,-3,0,1,2,1,-4,1,-2,1,0,1,43
5897,-1,0,-1,-2,-1,0,-1,-2,3,0,-1,2,-1,27
5898,-3,4,-5,-2,-1,0,3,-2,3,-4,3,-2,1,107
5899,-1,2,-3,-4,-3,-2,1,0,5,-2,1,0,-1,75
5900,1,-2,-5,-2,-1,4,3,-2,-1,0,-1,0,1,67
5901,-1,0,-3,-4,-3,2,1,0,1,2,-3,2,-1,59
5902,1,0,-7,-4,-3,2,5,0,1,-2,1,-2,1,115
5903,3,2,-5,-6,-5,0,3,2,3,0,-1,0,-1,123
5904,1,2,-3,2,1,2,-3,0,-3,0,1,0,1,43
5905,-1,0,-5,4,-1,0,-5,2,-1,2,-1,2,-1,83
5906,-3,0,-1,0,-1,0,-1,2,-1,-2,3,-2,1,35
5907,-1,-2,-3,2,-3,-2,-3,4,1,0,1,0,-1,59
5908,-3,2,-5,0,-1,4,-1,2,-5,2,-1,0,1,91
5909,-5,4,-7,2,-3,2,-3,4,-3,4,-3,2,-1,171
5910,-3,0,-3,-2,-3,2,1,4,-3,0,1,-2,1,67
5911,-1,2,-5,0,-5,0,-1,6,-1,2,-1,0,-1,99
5912,1,-2,-7,0,3,4,-1,-2,-1,-2,1,0,1,91
5913,-1,-4,-5,2,1,2,-3,0,1,0,-1,2,-1,67
5914,-3,0,-5,-2,1,2,1,0,1,-4,3,-2,1,75
5915,-1,-2,-3,0,-1,0,-1,2,3,-2,1,0,-1,35
5916,1,-2,-9,-2,1,6,1,0,-3,0,-1,0,1,139
5917,-1,0,-7,0,-1,4,-1,2,-1,2,-3,2,-1,91
5918,1,0,-7,-4,-1,4,3,2,-1,-2,1,-2,1,107
5919,3,2,-5,-2,-3,2,1,4,1,0,-1,0,-1,75
5920,1,2,1,2,-1,-2,1,-4,-1,0,1,0,1,35
5921,-1,0,-1,0,1,-4,-1,-2,1,2,-1,2,-1,35
5922,-3,0,-1,4,-3,-4,3,-2,1,-2,3,-2,1,83
5923,-1,-2,-3,2,-1,-6,1,0,3,0,1,0,-1,67
5924,-3,-2,3,0,-3,0,3,-2,-3,2,-1,0,1,59
5925,-5,0,1,-2,-1,-2,1,0,-1,4,-3,2,-1,67
5926,-3,-4,1,2,-5,-2,5,0,-1,0,1,-2,1,91
5927,-1,-2,-1,0,-3,-4,3,2,1,2,-1,0,-1,51
5928,-3,2,-3,0,1,0,3,-6,1,-2,1,0,1,75
5929,-5,0,-1,-2,3,-2,1,-4,3,0,-1,2,-1,75
5930,-7,4,-5,2,-1,-2,5,-4,3,-4,3,-2,1,179
5931,-5,2,-3,0,1,-4,3,-2,5,-2,1,0,-1,99
5932,-3,-2,-1,-2,-1,2,5,-4,-1,0,-1,0,1,67
5933,-5,0,1,-4,1,0,3,-2,1,2,-3,2,-1,75
5934,-3,0,-3,0,-3,0,7,-2,1,-2,1,-2,1,91
5935,-1,2,-1,-2,-1,-2,5,0,3,0,-1,0,-1,51
5936,1,-2,-3,2,1,0,-1,-2,-3,0,1,0,1,35
5937,-1,-4,-5,4,3,-2,-3,0,-1,2,-1,2,-1,91
5938,-3,-4,-1,4,-1,-2,1,0,-1,-2,3,-2,1,67
5939,-1,-6,-3,6,1,-4,-1,2,1,0,1,0,-1,107
5940,-3,-2,-1,0,-1,2,1,0,-5,2,-1,0,1,51
5941,-5,0,-3,2,1,0,-1,2,-3,4,-3,2,-1,83
5942,-3,-4,1,2,-3,0,3,2,-3,0,1,-2,1,67
5943,-1,-2,-1,4,-1,-2,1,4,-1,2,-1,0,-1,51
5944,1,-2,-7,0,3,2,1,-4,-1,-2,1,0,1,91
5945,-1,-4,-5,2,5,0,-1,-2,1,0,-1,2,-1,83
5946,-3,0,-5,2,1,0,3,-2,1,-4,3,-2,1,83
5947,-1,-2,-3,4,3,-2,1,0,3,-2,1,0,-1,59
5948,1,-2,-5,-2,1,4,3,-2,-3,0,-1,0,1,75
5949,-1,0,-3,0,3,2,1,0,-1,2,-3,2,-1,43
5950,1,0,-3,0,-1,2,5,0,-1,-2,1,-2,1,51
5951,3,2,-1,2,1,0,3,2,1,0,-1,0,-1,35
5952,1,6,1,2,-5,0,-3,-2,-1,0,1,0,1,83
5953,-1,4,-1,0,-7,2,-5,0,1,2,-1,2,-1,107
5954,-3,4,-1,0,-3,-2,-1,0,1,-2,3,-2,1,59
5955,-1,2,-3,-2,-5,0,-3,2,3,0,1,0,-1,67
5956,-3,2,-1,4,-7,2,-1,0,-3,2,-1,0,1,99
5957,-5,4,-3,2,-9,4,-3,2,-1,4,-3,2,-1,195
5958,-3,0,-3,2,-5,0,1,2,-1,0,1,-2,1,59
5959,-1,2,-5,0,-7,2,-1,4,1,2,-1,0,-1,107
5960,-3,2,1,0,-3,2,-1,-4,1,-2,1,0,1,51
5961,-5,0,3,-2,-5,4,-3,-2,3,0,-1,2,-1,107
5962,-7,4,-1,-2,-1,0,1,-2,3,-4,3,-2,1,115
5963,-5,2,1,-4,-3,2,-1,0,5,-2,1,0,-1,91
5964,-3,-2,-1,2,-5,4,1,-2,-1,0,-1,0,1,67
5965,-5,0,1,0,-7,6,-1,0,1,2,-3,2,-1,131
5966,-3,0,-3,0,-3,2,3,0,1,-2,1,-2,1,51
5967,-1,2,-1,-2,-5,4,1,2,3,0,-1,0,-1,67
5968,-3,6,-3,2,-3,2,-5,0,-3,0,1,0,1,107
5969,-5,4,-5,4,-5,4,-7,2,-1,2,-1,2,-1,187
5970,-7,4,-1,0,-1,0,-3,2,-1,-2,3,-2,1,99
5971,-5,2,-3,2,-3,2,-5,4,1,0,1,0,-1,99
5972,-7,6,-5,4,-5,4,-3,2,-5,2,-1,0,1,211
5973,-9,8,-7,6,-7,6,-5,4,-3,4,-3,2,-1,395
5974,-7,4,-3,2,-3,2,-1,4,-3,0,1,-2,1,123
5975,-5,6,-5,4,-5,4,-3,6,-1,2,-1,0,-1,195
5976,-3,2,-3,0,-1,4,-3,-2,-1,-2,1,0,1,59
5977,-5,0,-1,2,-3,6,-5,0,1,0,-1,2,-1,107
5978,-7,4,-1,-2,1,2,-1,0,1,-4,3,-2,1,107
5979,-5,2,1,0,-1,4,-3,2,3,-2,1,0,-1,75
5980,-3,2,-5,2,-3,6,-1,0,-3,0,-1,0,1,99
5981,-5,4,-3,4,-5,8,-3,2,-1,2,-3,2,-1,187
5982,-3,4,-3,0,-1,4,1,2,-1,-2,1,-2,1,67
5983,-1,6,-1,2,-3,6,-1,4,1,0,-1,0,-1,107
5984,1,2,1,2,-5,-2,-1,-4,-1,0,1,0,1,59
5985,-1,0,-1,0,-3,0,-3,-2,1,2,-1,2,-1,35
5986,-3,0,-1,4,-3,-4,1,-2,1,-2,3,-2,1,75
5987,-1,-2,-3,2,-1,-2,-1,0,3,0,1,0,-1,35
5988,-3,-2,3,4,-7,0,1,-2,-3,2,-1,0,1,107
5989,-5,0,1,2,-5,2,-1,0,-1,4,-3,2,-1,91
5990,-3,-4,1,6,-5,-2,3,0,-1,0,1,-2,1,107
5991,-1,-2,-1,4,-3,0,1,2,1,2,-1,0,-1,43
5992,-3,2,1,0,-3,0,1,-6,1,-2,1,0,1,67
5993,-5,0,3,-2,-1,2,-1,-4,3,0,-1,2,-1,75
5994,-7,4,-1,2,-1,-2,3,-4,3,-4,3,-2,1,139
5995,-5,2,1,0,1,0,1,-2,5,-2,1,0,-1,67
5996,-3,-2,3,2,-5,2,3,-4,-1,0,-1,0,1,83
5997,-5,0,5,0,-3,4,1,-2,1,2,-3,2,-1,99
5998,-3,0,1,4,-3,0,5,-2,1,-2,1,-2,1,75
5999,-1,2,3,2,-1,2,3,0,3,0,-1,0,-1,43
6000,1,2,-3,2,-3,0,-3,-2,-3,0,1,0,1,51
6001,-1,0,-5,4,-1,2,-5,0,-1,2,-1,2,-1,83
6002,-3,0,-1,4,-1,-2,-1,0,-1,-2,3,-2,1,51
6003,-1,-2,-3,6,1,0,-3,2,1,0,1,0,-1,67
6004,-3,2,-1,4,-5,2,-1,0,-5,2,-1,0,1,91
6005,-5,4,-3,6,-3,4,-3,2,-3,4,-3,2,-1,163
6006,-3,0,1,6,-3,0,1,2,-3,0,1,-2,1,75
6007,-1,2,-1,8,-1,2,-1,4,-1,2,-1,0,-1,99
6008,1,2,-3,0,-1,2,-1,-4,-1,-2,1,0,1,43
6009,-1,0,-1,2,1,4,-3,-2,1,0,-1,2,-1,43
6010,-3,4,-1,2,1,0,1,-2,1,-4,3,-2,1,67
6011,-1,2,1,4,3,2,-1,0,3,-2,1,0,-1,51
6012,1,2,-1,2,-3,4,1,-2,-3,0,-1,0,1,51
6013,-1,4,1,4,-1,6,-1,0,-1,2,-3,2,-1,91
6014,1,4,1,4,-1,2,3,0,-1,-2,1,-2,1,59
6015,3,6,3,6,1,4,1,2,1,0,-1,0,-1,115
6016,5,6,1,-2,-1,-4,-3,-2,-1,0,1,0,1,99
6017,3,4,-1,-4,-3,-6,-1,0,1,2,-1,2,-1,99
6018,1,4,-1,-4,-3,-2,-1,0,1,-2,3,-2,1,67
6019,3,2,-3,-6,-5,-4,1,2,3,0,1,0,-1,115
6020,1,2,-1,-4,1,-2,-1,0,-3,2,-1,0,1,43
6021,-1,4,-3,-6,-1,-4,1,2,-1,4,-3,2,-1,115
6022,1,0,-3,-6,-1,0,1,2,-1,0,1,-2,1,59
6023,3,2,-5,-8,-3,-2,3,4,1,2,-1,0,-1,147
6024,1,2,-3,0,1,-2,-1,-4,1,-2,1,0,1,43
6025,-1,0,-1,-2,-1,-4,1,-2,3,0,-1,2,-1,43
6026,-3,4,-5,-2,-1,0,1,-2,3,-4,3,-2,1,99
6027,-1,2,-3,-4,-3,-2,3,0,5,-2,1,0,-1,83
6028,1,-2,-5,-2,3,0,1,-2,-1,0,-1,0,1,51
6029,-1,0,-3,-4,1,-2,3,0,1,2,-3,2,-1,59
6030,1,0,-7,-4,1,2,3,0,1,-2,1,-2,1,91
6031,3,2,-5,-6,-1,0,5,2,3,0,-1,0,-1,115
6032,1,2,1,-2,1,-2,-5,0,-3,0,1,0,1,51
6033,-1,0,-1,0,-1,-4,-3,2,-1,2,-1,2,-1,43
6034,-3,0,3,-4,-1,0,-3,2,-1,-2,3,-2,1,67
6035,-1,-2,1,-2,-3,-2,-1,4,1,0,1,0,-1,43
6036,-3,2,-1,-4,3,0,-3,2,-5,2,-1,0,1,83
6037,-5,4,-3,-2,1,-2,-1,4,-3,4,-3,2,-1,115
6038,-3,0,1,-6,1,2,-1,4,-3,0,1,-2,1,83
6039,-1,2,-1,-4,-1,0,1,6,-1,2,-1,0,-1,67
6040,1,-2,-3,0,3,0,-3,-2,-1,-2,1,0,1,43
6041,-1,-4,-1,2,1,-2,-1,0,1,0,-1,2,-1,35
6042,-3,0,-1,-2,1,2,-1,0,1,-4,3,-2,1,51
6043,-1,-2,1,0,-1,0,1,2,3,-2,1,0,-1,27
6044,1,-2,-5,-2,5,2,-1,0,-3,0,-1,0,1,75
6045,-1,0,-3,0,3,0,1,2,-1,2,-3,2,-1,43
6046,1,0,-3,-4,3,4,1,2,-1,-2,1,-2,1,67
6047,3,2,-1,-2,1,2,3,4,1,0,-1,0,-1,51
6048,1,6,1,-2,-1,-6,-1,-4,-1,0,1,0,1,99
6049,-1,4,-1,-4,1,-8,1,-2,1,2,-1,2,-1,115
6050,-3,4,-1,0,-3,-4,1,-2,1,-2,3,-2,1,75
6051,-1,2,-3,-2,-1,-6,3,0,3,0,1,0,-1,75
6052,-3,2,3,-4,1,-4,1,-2,-3,2,-1,0,1,75
6053,-5,4,1,-6,3,-6,3,0,-1,4,-3,2,-1,163
6054,-3,0,1,-2,-1,-2,3,0,-1,0,1,-2,1,35
6055,-1,2,-1,-4,1,-4,5,2,1,2,-1,0,-1,75
6056,-3,6,-3,0,1,-4,1,-6,1,-2,1,0,1,115
6057,-5,4,-1,-2,3,-6,3,-4,3,0,-1,2,-1,131
6058,-7,8,-5,2,-1,-2,3,-4,3,-4,3,-2,1,211
6059,-5,6,-3,0,1,-4,5,-2,5,-2,1,0,-1,147
6060,-3,2,-1,-2,3,-2,3,-4,-1,0,-1,0,1,59
6061,-5,4,1,-4,5,-4,5,-2,1,2,-3,2,-1,147
6062,-3,4,-3,0,1,0,5,-2,1,-2,1,-2,1,75
6063,-1,6,-1,-2,3,-2,7,0,3,0,-1,0,-1,115
6064,1,2,1,-2,1,-4,-3,-2,-3,0,1,0,1,51
6065,-1,0,-1,0,3,-6,-1,0,-1,2,-1,2,-1,59
6066,-3,0,3,0,-1,-2,-1,0,-1,-2,3,-2,1,43
6067,-1,-2,1,2,1,-4,1,2,1,0,1,0,-1,35
6068,-3,2,3,-4,3,-2,-1,0,-5,2,-1,0,1,83
6069,-5,4,1,-2,5,-4,1,2,-3,4,-3,2,-1,131
6070,-3,0,5,-2,1,0,1,2,-3,0,1,-2,1,59
6071,-1,2,3,0,3,-2,3,4,-1,2,-1,0,-1,59
6072,1,2,-3,0,3,-2,-1,-4,-1,-2,1,0,1,51
6073,-1,0,-1,2,5,-4,1,-2,1,0,-1,2,-1,59
6074,-3,4,-1,2,1,0,1,-2,1,-4,3,-2,1,67
6075,-1,2,1,4,3,-2,3,0,3,-2,1,0,-1,59
6076,1,2,-1,-2,5,0,1,-2,-3,0,-1,0,1,51
6077,-1,4,1,0,7,-2,3,0,-1,2,-3,2,-1,99
6078,1,4,1,0,3,2,3,0,-1,-2,1,-2,1,51
6079,3,6,3,2,5,0,5,2,1,0,-1,0,-1,115
6080,5,6,1,-2,-5,-4,-5,-2,-1,0,1,0,1,139
6081,3,4,-1,-4,-7,-2,-3,0,1,2,-1,2,-1,115
6082,1,4,-1,-4,-3,-2,-3,0,1,-2,3,-2,1,75
6083,3,2,-3,-6,-5,0,-1,2,3,0,1,0,-1,99
6084,1,2,-1,0,-3,-2,-3,0,-3,2,-1,0,1,43
6085,-1,4,-3,-2,-5,0,-1,2,-1,4,-3,2,-1,91
6086,1,0,-3,-2,-1,0,-1,2,-1,0,1,-2,1,27
6087,3,2,-5,-4,-3,2,1,4,1,2,-1,0,-1,91
6088,1,2,1,0,-3,-2,-3,-4,1,-2,1,0,1,51
6089,-1,0,3,-2,-5,0,-1,-2,3,0,-1,2,-1,59
6090,-3,4,-1,-2,-1,0,-1,-2,3,-4,3,-2,1,75
6091,-1,2,1,-4,-3,2,1,0,5,-2,1,0,-1,67
6092,1,-2,-1,2,-1,0,-1,-2,-1,0,-1,0,1,19
6093,-1,0,1,0,-3,2,1,0,1,2,-3,2,-1,35
6094,1,0,-3,0,1,2,1,0,1,-2,1,-2,1,27
6095,3,2,-1,-2,-1,4,3,2,3,0,-1,0,-1,59
6096,1,6,1,-2,-3,-2,-7,0,-3,0,1,0,1,115
6097,-1,4,-1,0,-5,0,-5,2,-1,2,-1,2,-1,83
6098,-3,4,3,-4,-1,0,-5,2,-1,-2,3,-2,1,99
6099,-1,2,1,-2,-3,2,-3,4,1,0,1,0,-1,51
6100,-3,6,-1,0,-1,0,-5,2,-5,2,-1,0,1,107
6101,-5,8,-3,2,-3,2,-3,4,-3,4,-3,2,-1,179
6102,-3,4,1,-2,1,2,-3,4,-3,0,1,-2,1,75
6103,-1,6,-1,0,-1,4,-1,6,-1,2,-1,0,-1,99
6104,1,2,1,0,-1,0,-5,-2,-1,-2,1,0,1,43
6105,-1,0,3,2,-3,2,-3,0,1,0,-1,2,-1,43
6106,-3,4,3,-2,1,2,-3,0,1,-4,3,-2,1,83
6107,-1,2,5,0,-1,4,-1,2,3,-2,1,0,-1,67
6108,1,2,-1,2,1,2,-3,0,-3,0,-1,0,1,35
6109,-1,4,1,4,-1,4,-1,2,-1,2,-3,2,-1,75
6110,1,4,1,0,3,4,-1,2,-1,-2,1,-2,1,59
6111,3,6,3,2,1,6,1,4,1,0,-1,0,-1,115
6112,5,6,1,-2,-5,-6,-3,-4,-1,0,1,0,1,155
6113,3,4,-1,-4,-3,-4,-1,-2,1,2,-1,2,-1,83
6114,1,4,-1,0,-3,-4,-1,-2,1,-2,3,-2,1,67
6115,3,2,-3,-2,-1,-2,1,0,3,0,1,0,-1,43
6116,1,2,3,0,-3,-4,-1,-2,-3,2,-1,0,1,59
6117,-1,4,1,-2,-1,-2,1,0,-1,4,-3,2,-1,59
6118,1,0,1,2,-1,-2,1,0,-1,0,1,-2,1,19
6119,3,2,-1,0,1,0,3,2,1,2,-1,0,-1,35
6120,1,6,1,0,-3,-4,-1,-6,1,-2,1,0,1,107
6121,-1,4,3,-2,-1,-2,1,-4,3,0,-1,2,-1,67
6122,-3,8,-1,2,-1,-2,1,-4,3,-4,3,-2,1,139
6123,-1,6,1,0,1,0,3,-2,5,-2,1,0,-1,83
6124,1,2,3,2,-1,-2,1,-4,-1,0,-1,0,1,43
6125,-1,4,5,0,1,0,3,-2,1,2,-3,2,-1,75
6126,1,4,1,4,1,0,3,-2,1,-2,1,-2,1,59
6127,3,6,3,2,3,2,5,0,3,0,-1,0,-1,107
6128,5,6,1,-2,-3,-4,-5,-2,-3,0,1,0,1,131
6129,3,4,-1,0,-1,-2,-3,0,-1,2,-1,2,-1,51
6130,1,4,3,0,-1,-2,-3,0,-1,-2,3,-2,1,59
6131,3,2,1,2,1,0,-1,2,1,0,1,0,-1,27
6132,1,6,3,0,-1,-2,-3,0,-5,2,-1,0,1,91
6133,-1,8,1,2,1,0,-1,2,-3,4,-3,2,-1,115
6134,1,4,5,2,1,0,-1,2,-3,0,1,-2,1,67
6135,3,6,3,4,3,2,1,4,-1,2,-1,0,-1,107
6136,5,6,1,0,-1,-2,-3,-4,-1,-2,1,0,1,99
6137,3,4,3,2,1,0,-1,-2,1,0,-1,2,-1,51
6138,1,8,3,2,1,0,-1,-2,1,-4,3,-2,1,115
6139,3,6,5,4,3,2,1,0,3,-2,1,0,-1,115
6140,5,6,3,2,1,0,-1,-2,-3,0,-1,0,1,91
6141,3,8,5,4,3,2,1,0,-1,2,-3,2,-1,147
6142,5,8,5,4,3,2,1,0,-1,-2,1,-2,1,155
6143,7,10,7,6,5,4,3,2,1,0,-1,0,-1,291
6144,9,6,7,6,5,4,3,2,1,0,-1,0,1,259
6145,7,4,5,4,3,2,1,0,-1,-2,1,2,-1,131
6146,5,4,5,4,3,2,1,0,-1,2,1,-2,1,107
6147,7,2,3,2,1,0,-1,-2,-3,0,3,0,-1,91
6148,5,2,5,4,3,2,1,0,3,2,-3,0,1,107
6149,3,4,3,2,1,0,-1,-2,1,0,-1,2,-1,51
6150,5,0,3,2,1,0,-1,-2,1,4,-1,-2,1,67
6151,7,2,1,0,-1,-2,-3,-4,-1,2,1,0,-1,91
6152,5,2,3,4,3,2,1,4,3,-2,-1,0,1,99
6153,3,0,5,2,1,0,-1,2,1,-4,1,2,-1,67
6154,1,4,1,2,1,0,-1,2,1,0,1,-2,1,35
6155,3,2,3,0,-1,-2,-3,0,-1,-2,3,0,-1,51
6156,5,-2,1,2,1,0,-1,2,5,0,-3,0,1,75
6157,3,0,3,0,-1,-2,-3,0,3,-2,-1,2,-1,51
6158,5,0,-1,0,-1,-2,-3,0,3,2,-1,-2,1,59
6159,7,2,1,-2,-3,-4,-5,-2,1,0,1,0,-1,115
6160,5,2,3,2,3,2,5,4,-1,0,-1,0,1,99
6161,3,0,1,4,1,0,3,2,-3,-2,1,2,-1,59
6162,1,0,5,0,1,0,3,2,-3,2,1,-2,1,59
6163,3,-2,3,2,-1,-2,1,0,-5,0,3,0,-1,67
6164,1,2,1,0,1,0,3,2,1,2,-3,0,1,35
6165,-1,4,-1,2,-1,-2,1,0,-1,0,-1,2,-1,35
6166,1,0,3,-2,-1,-2,1,0,-1,4,-1,-2,1,43
6167,3,2,1,0,-3,-4,-1,-2,-3,2,1,0,-1,59
6168,5,-2,-1,0,1,0,3,6,1,-2,-1,0,1,83
6169,3,-4,1,2,-1,-2,1,4,-1,-4,1,2,-1,75
6170,1,0,1,-2,-1,-2,1,4,-1,0,1,-2,1,35
6171,3,-2,3,0,-3,-4,-1,2,-3,-2,3,0,-1,75
6172,5,-2,-3,-2,-1,-2,1,4,3,0,-3,0,1,83
6173,3,0,-1,0,-3,-4,-1,2,1,-2,-1,2,-1,51
6174,5,0,-1,-4,-3,-4,-1,2,1,2,-1,-2,1,83
6175,7,2,1,-2,-5,-6,-3,0,-1,0,1,0,-1,131
6176,5,2,3,2,1,6,5,0,1,0,-1,0,1,107
6177,3,0,1,0,3,4,3,-2,-1,-2,1,2,-1,59
6178,1,0,1,4,-1,4,3,-2,-1,2,1,-2,1,59
6179,3,-2,-1,2,1,2,1,-4,-3,0,3,0,-1,59
6180,1,-2,5,0,-1,4,3,-2,3,2,-3,0,1,83
6181,-1,0,3,-2,1,2,1,-4,1,0,-1,2,-1,43
6182,1,-4,3,2,-3,2,1,-4,1,4,-1,-2,1,83
6183,3,-2,1,0,-1,0,-1,-6,-1,2,1,0,-1,59
6184,1,2,-1,0,-1,4,3,2,3,-2,-1,0,1,51
6185,-1,0,1,-2,1,2,1,0,1,-4,1,2,-1,35
6186,-3,4,-3,2,-3,2,1,0,1,0,1,-2,1,59
6187,-1,2,-1,0,-1,0,-1,-2,-1,-2,3,0,-1,27
6188,1,-2,1,-2,-3,2,1,0,5,0,-3,0,1,59
6189,-1,0,3,-4,-1,0,-1,-2,3,-2,-1,2,-1,51
6190,1,0,-1,0,-5,0,-1,-2,3,2,-1,-2,1,51
6191,3,2,1,-2,-3,-2,-3,-4,1,0,1,0,-1,59
6192,5,-2,-1,-2,-1,4,7,2,-1,0,-1,0,1,107
6193,3,-4,-3,0,1,2,5,0,-3,-2,1,2,-1,83
6194,1,-4,1,0,-3,2,5,0,-3,2,1,-2,1,75
6195,3,-6,-1,2,-1,0,3,-2,-5,0,3,0,-1,99
6196,1,-2,1,-4,-3,2,5,0,1,2,-3,0,1,75
6197,-1,0,-1,-2,-1,0,3,-2,-1,0,-1,2,-1,27
6198,1,-4,3,-2,-5,0,3,-2,-1,4,-1,-2,1,91
6199,3,-2,1,0,-3,-2,1,-4,-3,2,1,0,-1,59
6200,5,-2,-5,-4,-3,2,5,4,1,-2,-1,0,1,131
6201,3,-4,-3,-2,-1,0,3,2,-1,-4,1,2,-1,75
6202,1,0,-3,-2,-5,0,3,2,-1,0,1,-2,1,59
6203,3,-2,-1,0,-3,-2,1,0,-3,-2,3,0,-1,51
6204,5,-2,-3,-6,-5,0,3,2,3,0,-3,0,1,131
6205,3,0,-1,-4,-3,-2,1,0,1,-2,-1,2,-1,51
6206,5,0,-1,-4,-7,-2,1,0,1,2,-1,-2,1,107
6207,7,2,1,-2,-5,-4,-1,-2,-1,0,1,0,-1,107
6208,5,2,3,2,5,4,1,2,1,0,-1,0,1,91
6209,3,0,1,0,3,6,-1,0,-1,-2,1,2,-1,67
6210,1,0,1,0,7,2,-1,0,-1,2,1,-2,1,67
6211,3,-2,-1,-2,5,4,-3,-2,-3,0,3,0,-1,91
6212,1,-2,1,4,3,2,-1,0,3,2,-3,0,1,59
6213,-1,0,-1,2,1,4,-3,-2,1,0,-1,2,-1,43
6214,1,-4,-1,2,5,0,-3,-2,1,4,-1,-2,1,83
6215,3,-2,-3,0,3,2,-5,-4,-1,2,1,0,-1,83
6216,1,-2,3,0,3,2,-1,4,3,-2,-1,0,1,59
6217,-1,-4,5,-2,1,4,-3,2,1,-4,1,2,-1,99
6218,-3,0,1,-2,5,0,-3,2,1,0,1,-2,1,59
6219,-1,-2,3,-4,3,2,-5,0,-1,-2,3,0,-1,83
6220,1,-6,1,2,1,0,-3,2,5,0,-3,0,1,91
6221,-1,-4,3,0,-1,2,-5,0,3,-2,-1,2,-1,75
6222,1,-4,-1,0,3,-2,-5,0,3,2,-1,-2,1,75
6223,3,-2,1,-2,1,0,-7,-2,1,0,1,0,-1,75
6224,1,2,-1,-2,3,2,3,4,-1,0,-1,0,1,51
6225,-1,0,-3,0,1,4,1,2,-3,-2,1,2,-1,51
6226,-3,0,1,-4,5,0,1,2,-3,2,1,-2,1,75
6227,-1,-2,-1,-2,3,2,-1,0,-5,0,3,0,-1,59
6228,-3,2,-3,0,1,0,1,2,1,2,-3,0,1,43
6229,-5,4,-5,2,-1,2,-1,0,-1,0,-1,2,-1,83
6230,-3,0,-1,-2,3,-2,-1,0,-1,4,-1,-2,1,51
6231,-1,2,-3,0,1,0,-3,-2,-3,2,1,0,-1,43
6232,1,-2,-1,-4,1,0,1,6,1,-2,-1,0,1,67
6233,-1,-4,1,-2,-1,2,-1,4,-1,-4,1,2,-1,67
6234,-3,0,1,-6,3,-2,-1,4,-1,0,1,-2,1,83
6235,-1,-2,3,-4,1,0,-3,2,-3,-2,3,0,-1,67
6236,1,-2,-3,-2,-1,-2,-1,4,3,0,-3,0,1,59
6237,-1,0,-1,0,-3,0,-3,2,1,-2,-1,2,-1,35
6238,1,0,-1,-4,1,-4,-3,2,1,2,-1,-2,1,59
6239,3,2,1,-2,-1,-2,-5,0,-1,0,1,0,-1,51
6240,5,-2,-1,-2,1,6,3,0,1,0,-1,0,1,83
6241,3,-4,-3,-4,3,8,1,-2,-1,-2,1,2,-1,139
6242,1,-4,-3,0,3,4,1,-2,-1,2,1,-2,1,67
6243,3,-6,-5,-2,5,6,-1,-4,-3,0,3,0,-1,171
6244,1,-6,1,0,-1,4,1,-2,3,2,-3,0,1,83
6245,-1,-4,-1,-2,1,6,-1,-4,1,0,-1,2,-1,83
6246,1,-8,-1,2,1,2,-1,-4,1,4,-1,-2,1,115
6247,3,-6,-3,0,3,4,-3,-6,-1,2,1,0,-1,131
6248,1,-2,-1,-4,-1,4,1,2,3,-2,-1,0,1,59
6249,-1,-4,1,-6,1,6,-1,0,1,-4,1,2,-1,115
6250,-3,0,-3,-2,1,2,-1,0,1,0,1,-2,1,35
6251,-1,-2,-1,-4,3,4,-3,-2,-1,-2,3,0,-1,75
6252,1,-6,1,-2,-3,2,-1,0,5,0,-3,0,1,91
6253,-1,-4,3,-4,-1,4,-3,-2,3,-2,-1,2,-1,91
6254,1,-4,-1,0,-1,0,-3,-2,3,2,-1,-2,1,51
6255,3,-2,1,-2,1,2,-5,-4,1,0,1,0,-1,67
6256,5,-2,-5,-6,-1,4,5,2,-1,0,-1,0,1,139
6257,3,-4,-7,-4,1,6,3,0,-3,-2,1,2,-1,155
6258,1,-4,-3,-4,1,2,3,0,-3,2,1,-2,1,75
6259,3,-6,-5,-2,3,4,1,-2,-5,0,3,0,-1,139
6260,1,-2,-3,-4,-3,2,3,0,1,2,-3,0,1,67
6261,-1,0,-5,-2,-1,4,1,-2,-1,0,-1,2,-1,59
6262,1,-4,-1,-2,-1,0,1,-2,-1,4,-1,-2,1,51
6263,3,-2,-3,0,1,2,-1,-4,-3,2,1,0,-1,59
6264,5,-2,-5,-8,-3,2,3,4,1,-2,-1,0,1,163
6265,3,-4,-3,-6,-1,4,1,2,-1,-4,1,2,-1,115
6266,1,0,-3,-6,-1,0,1,2,-1,0,1,-2,1,59
6267,3,-2,-1,-4,1,2,-1,0,-3,-2,3,0,-1,59
6268,5,-2,-3,-6,-5,0,1,2,3,0,-3,0,1,123
6269,3,0,-1,-4,-3,2,-1,0,1,-2,-1,2,-1,51
6270,5,0,-1,-4,-3,-2,-1,0,1,2,-1,-2,1,67
6271,7,2,1,-2,-1,0,-3,-2,-1,0,1,0,-1,75
6272,5,2,3,6,5,0,1,2,1,0,-1,0,1,107
6273,3,0,1,4,3,-2,3,0,-1,-2,1,2,-1,59
6274,1,0,1,4,3,2,-1,0,-1,2,1,-2,1,43
6275,3,-2,-1,2,1,0,1,-2,-3,0,3,0,-1,43
6276,1,-2,1,4,7,-2,-1,0,3,2,-3,0,1,99
6277,-1,0,-1,2,5,-4,1,-2,1,0,-1,2,-1,59
6278,1,-4,-1,2,5,0,-3,-2,1,4,-1,-2,1,83
6279,3,-2,-3,0,3,-2,-1,-4,-1,2,1,0,-1,59
6280,1,-2,-1,8,3,-2,-1,4,3,-2,-1,0,1,115
6281,-1,-4,1,6,1,-4,1,2,1,-4,1,2,-1,99
6282,-3,0,-3,6,1,0,-3,2,1,0,1,-2,1,75
6283,-1,-2,-1,4,-1,-2,-1,0,-1,-2,3,0,-1,43
6284,1,-6,-3,6,5,-4,-3,2,5,0,-3,0,1,171
6285,-1,-4,-1,4,3,-6,-1,0,3,-2,-1,2,-1,99
6286,1,-4,-5,4,3,-2,-5,0,3,2,-1,-2,1,115
6287,3,-2,-3,2,1,-4,-3,-2,1,0,1,0,-1,59
6288,1,-2,3,2,3,-2,3,4,-1,0,-1,0,1,59
6289,-1,-4,1,4,1,-4,5,2,-3,-2,1,2,-1,99
6290,-3,-4,5,0,1,0,1,2,-3,2,1,-2,1,75
6291,-1,-6,3,2,-1,-2,3,0,-5,0,3,0,-1,99
6292,-3,-2,1,0,5,-4,1,2,1,2,-3,0,1,75
6293,-5,0,-1,2,3,-6,3,0,-1,0,-1,2,-1,91
6294,-3,-4,3,-2,3,-2,-1,0,-1,4,-1,-2,1,75
6295,-1,-2,1,0,1,-4,1,-2,-3,2,1,0,-1,43
6296,1,-6,-1,4,1,-4,1,6,1,-2,-1,0,1,115
6297,-1,-8,1,6,-1,-6,3,4,-1,-4,1,2,-1,187
6298,-3,-4,1,2,-1,-2,-1,4,-1,0,1,-2,1,59
6299,-1,-6,3,4,-3,-4,1,2,-3,-2,3,0,-1,115
6300,1,-6,-3,2,3,-6,-1,4,3,0,-3,0,1,131
6301,-1,-4,-1,4,1,-8,1,2,1,-2,-1,2,-1,115
6302,1,-4,-1,0,1,-4,-3,2,1,2,-1,-2,1,59
6303,3,-2,1,2,-1,-6,-1,0,-1,0,1,0,-1,59
6304,1,2,-1,2,1,2,3,0,1,0,-1,0,1,27
6305,-1,0,-3,0,3,0,5,-2,-1,-2,1,2,-1,59
6306,-3,0,-3,4,-1,4,1,-2,-1,2,1,-2,1,67
6307,-1,-2,-5,2,1,2,3,-4,-3,0,3,0,-1,83
6308,-3,-2,1,0,3,0,1,-2,3,2,-3,0,1,51
6309,-5,0,-1,-2,5,-2,3,-4,1,0,-1,2,-1,91
6310,-3,-4,-1,2,1,2,-1,-4,1,4,-1,-2,1,75
6311,-1,-2,-3,0,3,0,1,-6,-1,2,1,0,-1,67
6312,-3,2,-5,4,-1,0,1,2,3,-2,-1,0,1,75
6313,-5,0,-3,2,1,-2,3,0,1,-4,1,2,-1,75
6314,-7,4,-7,6,-3,2,-1,0,1,0,1,-2,1,171
6315,-5,2,-5,4,-1,0,1,-2,-1,-2,3,0,-1,91
6316,-3,-2,-3,2,1,-2,-1,0,5,0,-3,0,1,67
6317,-5,0,-1,0,3,-4,1,-2,3,-2,-1,2,-1,75
6318,-3,0,-5,4,-1,0,-3,-2,3,2,-1,-2,1,83
6319,-1,2,-3,2,1,-2,-1,-4,1,0,1,0,-1,43
6320,1,-2,-1,-2,-1,0,5,2,-1,0,-1,0,1,43
6321,-1,-4,-3,0,1,-2,7,0,-3,-2,1,2,-1,99
6322,-3,-4,1,0,-3,2,3,0,-3,2,1,-2,1,67
6323,-1,-6,-1,2,-1,0,5,-2,-5,0,3,0,-1,107
6324,-3,-2,1,-4,1,-2,3,0,1,2,-3,0,1,59
6325,-5,0,-1,-2,3,-4,5,-2,-1,0,-1,2,-1,91
6326,-3,-4,3,-2,-1,0,1,-2,-1,4,-1,-2,1,67
6327,-1,-2,1,0,1,-2,3,-4,-3,2,1,0,-1,51
6328,1,-2,-5,0,-3,-2,3,4,1,-2,-1,0,1,75
6329,-1,-4,-3,2,-1,-4,5,2,-1,-4,1,2,-1,99
6330,-3,0,-3,2,-5,0,1,2,-1,0,1,-2,1,59
6331,-1,-2,-1,4,-3,-2,3,0,-3,-2,3,0,-1,67
6332,1,-2,-3,-2,-1,-4,1,2,3,0,-3,0,1,59
6333,-1,0,-1,0,1,-6,3,0,1,-2,-1,2,-1,59
6334,1,0,-1,0,-3,-2,-1,0,1,2,-1,-2,1,27
6335,3,2,1,2,-1,-4,1,-2,-1,0,1,0,-1,43
6336,5,-2,-1,2,5,0,-1,2,1,0,-1,0,1,67
6337,3,-4,-3,0,3,2,1,0,-1,-2,1,2,-1,59
6338,1,-4,-3,0,7,2,-3,0,-1,2,1,-2,1,99
6339,3,-6,-5,-2,5,4,-1,-2,-3,0,3,0,-1,139
6340,1,-6,-3,4,7,-2,-3,0,3,2,-3,0,1,147
6341,-1,-4,-5,2,5,0,-1,-2,1,0,-1,2,-1,83
6342,1,-8,-5,2,9,0,-5,-2,1,4,-1,-2,1,227
6343,3,-6,-7,0,7,2,-3,-4,-1,2,1,0,-1,179
6344,1,-6,-1,4,3,-2,-3,4,3,-2,-1,0,1,107
6345,-1,-8,1,2,1,0,-1,2,1,-4,1,2,-1,99
6346,-3,-4,-3,2,5,0,-5,2,1,0,1,-2,1,99
6347,-1,-6,-1,0,3,2,-3,0,-1,-2,3,0,-1,75
6348,1,-10,-3,6,5,-4,-5,2,5,0,-3,0,1,251
6349,-1,-8,-1,4,3,-2,-3,0,3,-2,-1,2,-1,123
6350,1,-8,-5,4,7,-2,-7,0,3,2,-1,-2,1,227
6351,3,-6,-3,2,5,0,-5,-2,1,0,1,0,-1,115
6352,1,-2,-1,-2,3,-2,1,4,-1,0,-1,0,1,43
6353,-1,-4,-3,0,1,0,3,2,-3,-2,1,2,-1,59
6354,-3,-4,1,-4,5,0,-1,2,-3,2,1,-2,1,91
6355,-1,-6,-1,-2,3,2,1,0,-5,0,3,0,-1,91
6356,-3,-2,-3,0,5,-4,-1,2,1,2,-3,0,1,83
6357,-5,0,-5,2,3,-2,1,0,-1,0,-1,2,-1,75
6358,-3,-4,-1,-2,7,-2,-3,0,-1,4,-1,-2,1,115
6359,-1,-2,-3,0,5,0,-1,-2,-3,2,1,0,-1,59
6360,1,-6,-1,0,1,-4,-1,6,1,-2,-1,0,1,99
6361,-1,-8,1,2,-1,-2,1,4,-1,-4,1,2,-1,115
6362,-3,-4,1,-2,3,-2,-3,4,-1,0,1,-2,1,75
6363,-1,-6,3,0,1,0,-1,2,-3,-2,3,0,-1,75
6364,1,-6,-3,2,3,-6,-3,4,3,0,-3,0,1,139
6365,-1,-4,-1,4,1,-4,-1,2,1,-2,-1,2,-1,67
6366,1,-4,-1,0,5,-4,-5,2,1,2,-1,-2,1,99
6367,3,-2,1,2,3,-2,-3,0,-1,0,1,0,-1,43
6368,5,-2,-5,-2,1,2,1,0,1,0,-1,0,1,67
6369,3,-4,-7,-4,3,4,3,-2,-1,-2,1,2,-1,139
6370,1,-4,-7,0,3,4,-1,-2,-1,2,1,-2,1,107
6371,3,-6,-9,-2,5,6,1,-4,-3,0,3,0,-1,227
6372,1,-6,-3,0,3,0,-1,-2,3,2,-3,0,1,83
6373,-1,-4,-5,-2,5,2,1,-4,1,0,-1,2,-1,99
6374,1,-8,-5,2,5,2,-3,-4,1,4,-1,-2,1,171
6375,3,-6,-7,0,7,4,-1,-6,-1,2,1,0,-1,203
6376,1,-2,-5,0,-1,0,-1,2,3,-2,-1,0,1,51
6377,-1,-4,-3,-2,1,2,1,0,1,-4,1,2,-1,59
6378,-3,0,-7,2,1,2,-3,0,1,0,1,-2,1,83
6379,-1,-2,-5,0,3,4,-1,-2,-1,-2,3,0,-1,75
6380,1,-6,-3,2,1,-2,-3,0,5,0,-3,0,1,99
6381,-1,-4,-1,0,3,0,-1,-2,3,-2,-1,2,-1,51
6382,1,-4,-5,4,3,0,-5,-2,3,2,-1,-2,1,115
6383,3,-2,-3,2,5,2,-3,-4,1,0,1,0,-1,83
6384,5,-2,-5,-6,-1,0,3,2,-1,0,-1,0,1,107
6385,3,-4,-7,-4,1,2,5,0,-3,-2,1,2,-1,139
6386,1,-4,-3,-4,1,2,1,0,-3,2,1,-2,1,67
6387,3,-6,-5,-2,3,4,3,-2,-5,0,3,0,-1,147
6388,1,-2,-3,-4,1,-2,1,0,1,2,-3,0,1,51
6389,-1,0,-5,-2,3,0,3,-2,-1,0,-1,2,-1,59
6390,1,-4,-1,-2,3,0,-1,-2,-1,4,-1,-2,1,59
6391,3,-2,-3,0,5,2,1,-4,-3,2,1,0,-1,83
6392,5,-2,-5,-4,-3,-2,1,4,1,-2,-1,0,1,107
6393,3,-4,-3,-2,-1,0,3,2,-1,-4,1,2,-1,75
6394,1,0,-3,-2,-1,0,-1,2,-1,0,1,-2,1,27
6395,3,-2,-1,0,1,2,1,0,-3,-2,3,0,-1,43
6396,5,-2,-3,-2,-1,-4,-1,2,3,0,-3,0,1,83
6397,3,0,-1,0,1,-2,1,0,1,-2,-1,2,-1,27
6398,5,0,-1,0,1,-2,-3,0,1,2,-1,-2,1,51
6399,7,2,1,2,3,0,-1,-2,-1,0,1,0,-1,75
6400,5,2,7,6,1,2,1,0,1,0,-1,0,1,123
6401,3,0,5,4,-1,0,-1,2,-1,-2,1,2,-1,67
6402,1,0,5,4,-1,0,3,-2,-1,2,1,-2,1,67
6403,3,-2,3,2,-3,-2,1,0,-3,0,3,0,-1,59
6404,1,-2,5,4,-1,4,-1,-2,3,2,-3,0,1,91
6405,-1,0,3,2,-3,2,-3,0,1,0,-1,2,-1,43
6406,1,-4,3,2,-3,2,1,-4,1,4,-1,-2,1,83
6407,3,-2,1,0,-5,0,-1,-2,-1,2,1,0,-1,51
6408,1,-2,3,4,3,0,-1,2,3,-2,-1,0,1,59
6409,-1,-4,5,2,1,-2,-3,4,1,-4,1,2,-1,99
6410,-3,0,1,2,1,-2,1,0,1,0,1,-2,1,27
6411,-1,-2,3,0,-1,-4,-1,2,-1,-2,3,0,-1,51
6412,1,-6,1,2,1,2,-3,0,5,0,-3,0,1,91
6413,-1,-4,3,0,-1,0,-5,2,3,-2,-1,2,-1,75
6414,1,-4,-1,0,-1,0,-1,-2,3,2,-1,-2,1,43
6415,3,-2,1,-2,-3,-2,-3,0,1,0,1,0,-1,43
6416,1,-2,3,6,-1,0,3,2,-1,0,-1,0,1,67
6417,-1,-4,1,8,-3,-2,1,4,-3,-2,1,2,-1,131
6418,-3,-4,5,4,-3,-2,5,0,-3,2,1,-2,1,123
6419,-1,-6,3,6,-5,-4,3,2,-5,0,3,0,-1,171
6420,-3,-2,1,4,-3,2,1,0,1,2,-3,0,1,59
6421,-5,0,-1,6,-5,0,-1,2,-1,0,-1,2,-1,99
6422,-3,-4,3,2,-5,0,3,-2,-1,4,-1,-2,1,99
6423,-1,-2,1,4,-7,-2,1,0,-3,2,1,0,-1,91
6424,1,-6,-1,4,1,-2,1,4,1,-2,-1,0,1,83
6425,-1,-8,1,6,-1,-4,-1,6,-1,-4,1,2,-1,179
6426,-3,-4,1,2,-1,-4,3,2,-1,0,1,-2,1,67
6427,-1,-6,3,4,-3,-6,1,4,-3,-2,3,0,-1,147
6428,1,-6,-3,2,-1,0,-1,2,3,0,-3,0,1,75
6429,-1,-4,-1,4,-3,-2,-3,4,1,-2,-1,2,-1,83
6430,1,-4,-1,0,-3,-2,1,0,1,2,-1,-2,1,43
6431,3,-2,1,2,-5,-4,-1,2,-1,0,1,0,-1,67
6432,1,-2,7,2,-3,4,3,-2,1,0,-1,0,1,99
6433,-1,-4,5,0,-1,2,1,0,-1,-2,1,2,-1,59
6434,-3,-4,5,4,-5,2,5,-4,-1,2,1,-2,1,147
6435,-1,-6,3,2,-3,0,3,-2,-3,0,3,0,-1,91
6436,-3,-6,9,0,-5,6,1,-4,3,2,-3,0,1,227
6437,-5,-4,7,-2,-3,4,-1,-2,1,0,-1,2,-1,131
6438,-3,-8,7,2,-7,4,3,-6,1,4,-1,-2,1,259
6439,-1,-6,5,0,-5,2,1,-4,-1,2,1,0,-1,115
6440,-3,-2,3,0,-1,2,1,0,3,-2,-1,0,1,43
6441,-5,-4,5,-2,1,0,-1,2,1,-4,1,2,-1,99
6442,-7,0,1,2,-3,0,3,-2,1,0,1,-2,1,83
6443,-5,-2,3,0,-1,-2,1,0,-1,-2,3,0,-1,59
6444,-3,-6,5,-2,-3,4,-1,-2,5,0,-3,0,1,139
6445,-5,-4,7,-4,-1,2,-3,0,3,-2,-1,2,-1,139
6446,-3,-4,3,0,-5,2,1,-4,3,2,-1,-2,1,99
6447,-1,-2,5,-2,-3,0,-1,-2,1,0,1,0,-1,51
6448,1,-6,3,2,-5,2,5,0,-1,0,-1,0,1,107
6449,-1,-8,1,4,-3,0,3,2,-3,-2,1,2,-1,123
6450,-3,-8,5,4,-7,0,7,-2,-3,2,1,-2,1,235
6451,-1,-10,3,6,-5,-2,5,0,-5,0,3,0,-1,235
6452,-3,-6,5,0,-7,4,3,-2,1,2,-3,0,1,163
6453,-5,-4,3,2,-5,2,1,0,-1,0,-1,2,-1,91
6454,-3,-8,7,2,-9,2,5,-4,-1,4,-1,-2,1,275
6455,-1,-6,5,4,-7,0,3,-2,-3,2,1,0,-1,155
6456,1,-6,-1,0,-3,0,3,2,1,-2,-1,0,1,67
6457,-1,-8,1,2,-1,-2,1,4,-1,-4,1,2,-1,115
6458,-3,-4,1,2,-5,-2,5,0,-1,0,1,-2,1,91
6459,-1,-6,3,4,-3,-4,3,2,-3,-2,3,0,-1,123
6460,1,-6,1,-2,-5,2,1,0,3,0,-3,0,1,91
6461,-1,-4,3,0,-3,0,-1,2,1,-2,-1,2,-1,51
6462,1,-4,3,0,-7,0,3,-2,1,2,-1,-2,1,99
6463,3,-2,5,2,-5,-2,1,0,-1,0,1,0,-1,75
6464,1,2,3,2,1,2,-1,0,1,0,-1,0,1,27
6465,-1,0,1,0,-1,4,-3,2,-1,-2,1,2,-1,43
6466,-3,0,1,0,3,0,1,-2,-1,2,1,-2,1,35
6467,-1,-2,-1,-2,1,2,-1,0,-3,0,3,0,-1,35
6468,-3,-2,1,4,-1,4,-3,-2,3,2,-3,0,1,83
6469,-5,0,-1,2,-3,6,-5,0,1,0,-1,2,-1,107
6470,-3,-4,-1,2,1,2,-1,-4,1,4,-1,-2,1,75
6471,-1,-2,-3,0,-1,4,-3,-2,-1,2,1,0,-1,51
6472,-3,-2,3,0,3,0,-3,2,3,-2,-1,0,1,59
6473,-5,-4,5,-2,1,2,-5,4,1,-4,1,2,-1,139
6474,-7,0,1,-2,5,-2,-1,0,1,0,1,-2,1,91
6475,-5,-2,3,-4,3,0,-3,2,-1,-2,3,0,-1,91
6476,-3,-6,1,2,1,2,-5,0,5,0,-3,0,1,115
6477,-5,-4,3,0,-1,4,-7,2,3,-2,-1,2,-1,139
6478,-3,-4,-1,0,3,0,-3,-2,3,2,-1,-2,1,67
6479,-1,-2,1,-2,1,2,-5,0,1,0,1,0,-1,43
6480,-3,2,-1,2,-1,0,1,2,-1,0,-1,0,1,27
6481,-5,0,-3,4,-3,2,-1,4,-3,-2,1,2,-1,99
6482,-7,0,1,0,1,-2,3,0,-3,2,1,-2,1,83
6483,-5,-2,-1,2,-1,0,1,2,-5,0,3,0,-1,75
6484,-7,2,-3,4,-3,2,-1,0,1,2,-3,0,1,107
6485,-9,4,-5,6,-5,4,-3,2,-1,0,-1,2,-1,219
6486,-7,0,-1,2,-1,0,1,-2,-1,4,-1,-2,1,83
6487,-5,2,-3,4,-3,2,-1,0,-3,2,1,0,-1,83
6488,-3,-2,-1,0,1,-2,-1,4,1,-2,-1,0,1,43
6489,-5,-4,1,2,-1,0,-3,6,-1,-4,1,2,-1,115
6490,-7,0,1,-2,3,-4,1,2,-1,0,1,-2,1,91
6491,-5,-2,3,0,1,-2,-1,4,-3,-2,3,0,-1,83
6492,-3,-2,-3,2,-1,0,-3,2,3,0,-3,0,1,59
6493,-5,0,-1,4,-3,2,-5,4,1,-2,-1,2,-1,107
6494,-3,0,-1,0,1,-2,-1,0,1,2,-1,-2,1,27
6495,-1,2,1,2,-1,0,-3,2,-1,0,1,0,-1,27
6496,1,-2,3,-2,-3,4,1,-2,1,0,-1,0,1,51
6497,-1,-4,1,-4,-1,6,-1,0,-1,-2,1,2,-1,83
6498,-3,-4,1,0,-1,2,3,-4,-1,2,1,-2,1,67
6499,-1,-6,-1,-2,1,4,1,-2,-3,0,3,0,-1,83
6500,-3,-6,5,0,-5,6,-1,-4,3,2,-3,0,1,171
6501,-5,-4,3,-2,-3,8,-3,-2,1,0,-1,2,-1,147
6502,-3,-8,3,2,-3,4,1,-6,1,4,-1,-2,1,171
6503,-1,-6,1,0,-1,6,-1,-4,-1,2,1,0,-1,99
6504,-3,-2,3,-4,-1,2,-1,0,3,-2,-1,0,1,59
6505,-5,-4,5,-6,1,4,-3,2,1,-4,1,2,-1,155
6506,-7,0,1,-2,1,0,1,-2,1,0,1,-2,1,67
6507,-5,-2,3,-4,3,2,-1,0,-1,-2,3,0,-1,83
6508,-3,-6,5,-2,-3,4,-3,-2,5,0,-3,0,1,147
6509,-5,-4,7,-4,-1,6,-5,0,3,-2,-1,2,-1,187
6510,-3,-4,3,0,-1,2,-1,-4,3,2,-1,-2,1,75
6511,-1,-2,5,-2,1,4,-3,-2,1,0,1,0,-1,67
6512,1,-2,-1,-2,-5,2,3,0,-1,0,-1,0,1,51
6513,-1,-4,-3,0,-3,4,1,2,-3,-2,1,2,-1,75
6514,-3,-4,1,0,-3,0,5,-2,-3,2,1,-2,1,83
6515,-1,-6,-1,2,-1,2,3,0,-5,0,3,0,-1,91
6516,-3,-2,1,0,-7,4,1,-2,1,2,-3,0,1,99
6517,-5,0,-1,2,-5,6,-1,0,-1,0,-1,2,-1,99
6518,-3,-4,3,2,-5,2,3,-4,-1,4,-1,-2,1,115
6519,-1,-2,1,4,-3,4,1,-2,-3,2,1,0,-1,67
6520,1,-2,-1,-4,-3,0,1,2,1,-2,-1,0,1,43
6521,-1,-4,1,-2,-1,2,-1,4,-1,-4,1,2,-1,67
6522,-3,0,1,-2,-1,-2,3,0,-1,0,1,-2,1,35
6523,-1,-2,3,0,1,0,1,2,-3,-2,3,0,-1,43
6524,1,-2,1,-2,-5,2,-1,0,3,0,-3,0,1,59
6525,-1,0,3,0,-3,4,-3,2,1,-2,-1,2,-1,59
6526,1,0,3,0,-3,0,1,-2,1,2,-1,-2,1,35
6527,3,2,5,2,-1,2,-1,0,-1,0,1,0,-1,51
6528,5,-2,3,6,1,-2,-1,0,1,0,-1,0,1,83
6529,3,-4,1,4,-1,-4,1,2,-1,-2,1,2,-1,75
6530,1,-4,1,4,-1,0,1,-2,-1,2,1,-2,1,51
6531,3,-6,-1,2,-3,-2,3,0,-3,0,3,0,-1,91
6532,1,-6,1,4,3,0,-3,-2,3,2,-3,0,1,99
6533,-1,-4,-1,2,1,-2,-1,0,1,0,-1,2,-1,35
6534,1,-8,-1,2,1,2,-1,-4,1,4,-1,-2,1,115
6535,3,-6,-3,0,-1,0,1,-2,-1,2,1,0,-1,67
6536,1,-6,-1,8,3,-4,-3,2,3,-2,-1,0,1,155
6537,-1,-8,1,6,1,-6,-1,4,1,-4,1,2,-1,179
6538,-3,-4,-3,6,1,-2,-1,0,1,0,1,-2,1,83
6539,-1,-6,-1,4,-1,-4,1,2,-1,-2,3,0,-1,91
6540,1,-10,-3,6,5,-2,-5,0,5,0,-3,0,1,235
6541,-1,-8,-1,4,3,-4,-3,2,3,-2,-1,2,-1,139
6542,1,-8,-5,4,3,0,-3,-2,3,2,-1,-2,1,147
6543,3,-6,-3,2,1,-2,-1,0,1,0,1,0,-1,67
6544,1,-6,3,6,-1,-4,1,2,-1,0,-1,0,1,107
6545,-1,-8,1,8,-3,-6,3,4,-3,-2,1,2,-1,219
6546,-3,-8,5,4,-3,-2,3,0,-3,2,1,-2,1,155
6547,-1,-10,3,6,-5,-4,5,2,-5,0,3,0,-1,251
6548,-3,-6,1,4,1,-2,-1,0,1,2,-3,0,1,83
6549,-5,-4,-1,6,-1,-4,1,2,-1,0,-1,2,-1,107
6550,-3,-8,3,2,-1,0,1,-2,-1,4,-1,-2,1,115
6551,-1,-6,1,4,-3,-2,3,0,-3,2,1,0,-1,91
6552,1,-10,-1,8,1,-6,-1,4,1,-2,-1,0,1,227
6553,-1,-12,1,10,-1,-8,1,6,-1,-4,1,2,-1,371
6554,-3,-8,1,6,-1,-4,1,2,-1,0,1,-2,1,139
6555,-1,-10,3,8,-3,-6,3,4,-3,-2,3,0,-1,267
6556,1,-10,-3,6,3,-4,-3,2,3,0,-3,0,1,203
6557,-1,-8,-1,8,1,-6,-1,4,1,-2,-1,2,-1,195
6558,1,-8,-1,4,1,-2,-1,0,1,2,-1,-2,1,99
6559,3,-6,1,6,-1,-4,1,2,-1,0,1,0,-1,107
6560,1,-2,3,2,-3,0,1,-2,1,0,-1,0,1,35
6561,-1,-4,1,0,-1,-2,3,0,-1,-2,1,2,-1,43
6562,-3,-4,1,4,-5,2,3,-4,-1,2,1,-2,1,107
6563,-1,-6,-1,2,-3,0,5,-2,-3,0,3,0,-1,99
6564,-3,-6,5,0,-1,2,-1,-4,3,2,-3,0,1,115
6565,-5,-4,3,-2,1,0,1,-2,1,0,-1,2,-1,67
6566,-3,-8,3,2,-3,4,1,-6,1,4,-1,-2,1,171
6567,-1,-6,1,0,-1,2,3,-4,-1,2,1,0,-1,75
6568,-3,-2,-1,4,-1,-2,-1,0,3,-2,-1,0,1,51
6569,-5,-4,1,2,1,-4,1,2,1,-4,1,2,-1,91
6570,-7,0,-3,6,-3,0,1,-2,1,0,1,-2,1,115
6571,-5,-2,-1,4,-1,-2,3,0,-1,-2,3,0,-1,75
6572,-3,-6,1,2,1,0,-3,-2,5,0,-3,0,1,99
6573,-5,-4,3,0,3,-2,-1,0,3,-2,-1,2,-1,83
6574,-3,-4,-1,4,-1,2,-1,-4,3,2,-1,-2,1,83
6575,-1,-2,1,2,1,0,1,-2,1,0,1,0,-1,19
6576,1,-6,3,2,-5,-2,3,0,-1,0,-1,0,1,91
6577,-1,-8,1,4,-3,-4,5,2,-3,-2,1,2,-1,155
6578,-3,-8,5,4,-7,0,5,-2,-3,2,1,-2,1,211
6579,-1,-10,3,6,-5,-2,7,0,-5,0,3,0,-1,259
6580,-3,-6,5,0,-3,0,1,-2,1,2,-3,0,1,99
6581,-5,-4,3,2,-1,-2,3,0,-1,0,-1,2,-1,75
6582,-3,-8,7,2,-5,2,3,-4,-1,4,-1,-2,1,203
6583,-1,-6,5,4,-3,0,5,-2,-3,2,1,0,-1,131
6584,1,-6,-1,4,-3,-4,1,2,1,-2,-1,0,1,91
6585,-1,-8,1,6,-1,-6,3,4,-1,-4,1,2,-1,187
6586,-3,-4,1,6,-5,-2,3,0,-1,0,1,-2,1,107
6587,-1,-6,3,8,-3,-4,5,2,-3,-2,3,0,-1,187
6588,1,-6,1,2,-1,-2,-1,0,3,0,-3,0,1,67
6589,-1,-4,3,4,1,-4,1,2,1,-2,-1,2,-1,75
6590,1,-4,3,4,-3,0,1,-2,1,2,-1,-2,1,67
6591,3,-2,5,6,-1,-2,3,0,-1,0,1,0,-1,91
6592,5,-2,-1,2,1,-2,-3,0,1,0,-1,0,1,51
6593,3,-4,-3,0,-1,0,-1,2,-1,-2,1,2,-1,51
6594,1,-4,-3,0,3,0,-1,-2,-1,2,1,-2,1,51
6595,3,-6,-5,-2,1,2,1,0,-3,0,3,0,-1,99
6596,1,-6,-3,4,3,0,-5,-2,3,2,-3,0,1,123
6597,-1,-4,-5,2,1,2,-3,0,1,0,-1,2,-1,67
6598,1,-8,-5,2,5,2,-3,-4,1,4,-1,-2,1,171
6599,3,-6,-7,0,3,4,-1,-2,-1,2,1,0,-1,131
6600,1,-6,-1,4,3,-4,-5,2,3,-2,-1,0,1,123
6601,-1,-8,1,2,1,-2,-3,4,1,-4,1,2,-1,123
6602,-3,-4,-3,2,5,-2,-3,0,1,0,1,-2,1,83
6603,-1,-6,-1,0,3,0,-1,2,-1,-2,3,0,-1,67
6604,1,-10,-3,6,5,-2,-7,0,5,0,-3,0,1,259
6605,-1,-8,-1,4,3,0,-5,2,3,-2,-1,2,-1,139
6606,1,-8,-5,4,7,0,-5,-2,3,2,-1,-2,1,203
6607,3,-6,-3,2,5,2,-3,0,1,0,1,0,-1,99
6608,1,-2,-1,2,-1,-4,-1,2,-1,0,-1,0,1,35
6609,-1,-4,-3,4,-3,-2,1,4,-3,-2,1,2,-1,91
6610,-3,-4,1,0,1,-2,1,0,-3,2,1,-2,1,51
6611,-1,-6,-1,2,-1,0,3,2,-5,0,3,0,-1,91
6612,-3,-2,-3,4,1,-2,-3,0,1,2,-3,0,1,67
6613,-5,0,-5,6,-1,0,-1,2,-1,0,-1,2,-1,99
6614,-3,-4,-1,2,3,0,-1,-2,-1,4,-1,-2,1,67
6615,-1,-2,-3,4,1,2,1,0,-3,2,1,0,-1,51
6616,1,-6,-1,4,1,-6,-3,4,1,-2,-1,0,1,123
6617,-1,-8,1,6,-1,-4,-1,6,-1,-4,1,2,-1,179
6618,-3,-4,1,2,3,-4,-1,2,-1,0,1,-2,1,67
6619,-1,-6,3,4,1,-2,1,4,-3,-2,3,0,-1,107
6620,1,-6,-3,6,3,-4,-5,2,3,0,-3,0,1,155
6621,-1,-4,-1,8,1,-2,-3,4,1,-2,-1,2,-1,123
6622,1,-4,-1,4,5,-2,-3,0,1,2,-1,-2,1,83
6623,3,-2,1,6,3,0,-1,2,-1,0,1,0,-1,67
6624,5,-2,-1,-2,-3,0,-1,-2,1,0,-1,0,1,51
6625,3,-4,-3,-4,-1,2,1,0,-1,-2,1,2,-1,67
6626,1,-4,-3,0,-1,2,1,-4,-1,2,1,-2,1,59
6627,3,-6,-5,-2,1,4,3,-2,-3,0,3,0,-1,123
6628,1,-6,1,0,-1,2,-3,-4,3,2,-3,0,1,91
6629,-1,-4,-1,-2,1,4,-1,-2,1,0,-1,2,-1,51
6630,1,-8,-1,2,1,4,-1,-6,1,4,-1,-2,1,147
6631,3,-6,-3,0,3,6,1,-4,-1,2,1,0,-1,123
6632,1,-2,-1,0,-1,-2,-3,0,3,-2,-1,0,1,35
6633,-1,-4,1,-2,1,0,-1,2,1,-4,1,2,-1,51
6634,-3,0,-3,2,1,0,-1,-2,1,0,1,-2,1,35
6635,-1,-2,-1,0,3,2,1,0,-1,-2,3,0,-1,35
6636,1,-6,1,2,1,0,-5,-2,5,0,-3,0,1,107
6637,-1,-4,3,0,3,2,-3,0,3,-2,-1,2,-1,67
6638,1,-4,-1,4,3,2,-3,-4,3,2,-1,-2,1,91
6639,3,-2,1,2,5,4,-1,-2,1,0,1,0,-1,67
6640,5,-2,-1,-2,-5,-2,1,0,-1,0,-1,0,1,67
6641,3,-4,-3,0,-3,0,3,2,-3,-2,1,2,-1,75
6642,1,-4,1,0,-3,0,3,-2,-3,2,1,-2,1,59
6643,3,-6,-1,2,-1,2,5,0,-5,0,3,0,-1,115
6644,1,-2,1,0,-3,0,-1,-2,1,2,-3,0,1,35
6645,-1,0,-1,2,-1,2,1,0,-1,0,-1,2,-1,19
6646,1,-4,3,2,-1,2,1,-4,-1,4,-1,-2,1,75
6647,3,-2,1,4,1,4,3,-2,-3,2,1,0,-1,75
6648,5,-2,-1,0,-3,-4,-1,2,1,-2,-1,0,1,67
6649,3,-4,1,2,-1,-2,1,4,-1,-4,1,2,-1,75
6650,1,0,1,2,-1,-2,1,0,-1,0,1,-2,1,19
6651,3,-2,3,4,1,0,3,2,-3,-2,3,0,-1,75
6652,5,-2,1,2,-1,-2,-3,0,3,0,-3,0,1,67
6653,3,0,3,4,1,0,-1,2,1,-2,-1,2,-1,51
6654,5,0,3,4,1,0,-1,-2,1,2,-1,-2,1,67
6655,7,2,5,6,3,2,1,0,-1,0,1,0,-1,131
6656,5,6,7,2,3,2,1,0,-1,0,-1,0,1,131
6657,3,4,5,0,1,0,-1,-2,1,-2,1,2,-1,67
6658,1,4,5,0,1,0,-1,2,-3,2,1,-2,1,67
6659,3,2,3,-2,-1,-2,-3,0,-1,0,3,0,-1,51
6660,1,2,5,0,1,0,3,-2,1,2,-3,0,1,59
6661,-1,4,3,-2,-1,-2,1,-4,3,0,-1,2,-1,67
6662,1,0,3,-2,-1,-2,1,0,-1,4,-1,-2,1,43
6663,3,2,1,-4,-3,-4,-1,-2,1,2,1,0,-1,67
6664,1,2,3,0,1,4,-1,2,1,-2,-1,0,1,43
6665,-1,0,5,-2,-1,2,-3,0,3,-4,1,2,-1,75
6666,-3,4,1,-2,-1,2,-3,4,-1,0,1,-2,1,67
6667,-1,2,3,-4,-3,0,-5,2,1,-2,3,0,-1,83
6668,1,-2,1,-2,-1,2,1,0,3,0,-3,0,1,35
6669,-1,0,3,-4,-3,0,-1,-2,5,-2,-1,2,-1,75
6670,1,0,-1,-4,-3,0,-1,2,1,2,-1,-2,1,43
6671,3,2,1,-6,-5,-2,-3,0,3,0,1,0,-1,99
6672,1,2,3,-2,5,0,3,2,-3,0,-1,0,1,67
6673,-1,0,1,0,3,-2,1,0,-1,-2,1,2,-1,27
6674,-3,0,5,-4,3,-2,1,4,-5,2,1,-2,1,115
6675,-1,-2,3,-2,1,-4,-1,2,-3,0,3,0,-1,59
6676,-3,2,1,-4,3,-2,5,0,-1,2,-3,0,1,83
6677,-5,4,-1,-2,1,-4,3,-2,1,0,-1,2,-1,83
6678,-3,0,3,-6,1,-4,3,2,-3,4,-1,-2,1,115
6679,-1,2,1,-4,-1,-6,1,0,-1,2,1,0,-1,67
6680,1,-2,-1,-4,3,2,1,4,-1,-2,-1,0,1,59
6681,-1,-4,1,-2,1,0,-1,2,1,-4,1,2,-1,51
6682,-3,0,1,-6,1,0,-1,6,-3,0,1,-2,1,99
6683,-1,-2,3,-4,-1,-2,-3,4,-1,-2,3,0,-1,75
6684,1,-2,-3,-6,1,0,3,2,1,0,-3,0,1,75
6685,-1,0,-1,-4,-1,-2,1,0,3,-2,-1,2,-1,43
6686,1,0,-1,-8,-1,-2,1,4,-1,2,-1,-2,1,99
6687,3,2,1,-6,-3,-4,-1,2,1,0,1,0,-1,83
6688,1,2,3,2,-1,4,3,-2,-1,0,-1,0,1,51
6689,-1,0,1,0,1,2,1,-4,1,-2,1,2,-1,35
6690,-3,0,1,4,-3,2,1,0,-3,2,1,-2,1,59
6691,-1,-2,-1,2,-1,0,-1,-2,-1,0,3,0,-1,27
6692,-3,-2,5,0,-3,2,5,-4,1,2,-3,0,1,107
6693,-5,0,3,-2,-1,0,3,-6,3,0,-1,2,-1,99
6694,-3,-4,3,2,-5,0,3,-2,-1,4,-1,-2,1,99
6695,-1,-2,1,0,-3,-2,1,-4,1,2,1,0,-1,43
6696,-3,2,-1,0,-3,6,1,0,1,-2,-1,0,1,67
6697,-5,0,1,-2,-1,4,-1,-2,3,-4,1,2,-1,83
6698,-7,4,-3,2,-5,4,-1,2,-1,0,1,-2,1,131
6699,-5,2,-1,0,-3,2,-3,0,1,-2,3,0,-1,67
6700,-3,-2,1,-2,-5,4,3,-2,3,0,-3,0,1,91
6701,-5,0,3,-4,-3,2,1,-4,5,-2,-1,2,-1,115
6702,-3,0,-1,0,-7,2,1,0,1,2,-1,-2,1,75
6703,-1,2,1,-2,-5,0,-1,-2,3,0,1,0,-1,51
6704,1,-2,-1,-2,1,2,5,0,-3,0,-1,0,1,51
6705,-1,-4,-3,0,3,0,3,-2,-1,-2,1,2,-1,59
6706,-3,-4,1,0,-1,0,3,2,-5,2,1,-2,1,75
6707,-1,-6,-1,2,1,-2,1,0,-3,0,3,0,-1,67
6708,-3,-2,1,-4,-1,0,7,-2,-1,2,-3,0,1,99
6709,-5,0,-1,-2,1,-2,5,-4,1,0,-1,2,-1,83
6710,-3,-4,3,-2,-3,-2,5,0,-3,4,-1,-2,1,107
6711,-1,-2,1,0,-1,-4,3,-2,-1,2,1,0,-1,43
6712,1,-2,-5,-4,-1,4,3,2,-1,-2,-1,0,1,83
6713,-1,-4,-3,-2,1,2,1,0,1,-4,1,2,-1,59
6714,-3,0,-3,-2,-3,2,1,4,-3,0,1,-2,1,67
6715,-1,-2,-1,0,-1,0,-1,2,-1,-2,3,0,-1,27
6716,1,-2,-3,-6,-3,2,5,0,1,0,-3,0,1,99
6717,-1,0,-1,-4,-1,0,3,-2,3,-2,-1,2,-1,51
6718,1,0,-1,-4,-5,0,3,2,-1,2,-1,-2,1,67
6719,3,2,1,-2,-3,-2,1,0,1,0,1,0,-1,35
6720,1,2,7,-2,3,2,-1,0,-1,0,-1,0,1,75
6721,-1,0,5,-4,1,4,-3,-2,1,-2,1,2,-1,83
6722,-3,0,5,-4,5,0,-3,2,-3,2,1,-2,1,107
6723,-1,-2,3,-6,3,2,-5,0,-1,0,3,0,-1,99
6724,-3,-2,5,0,1,0,1,-2,1,2,-3,0,1,59
6725,-5,0,3,-2,-1,2,-1,-4,3,0,-1,2,-1,75
6726,-3,-4,3,-2,3,-2,-1,0,-1,4,-1,-2,1,75
6727,-1,-2,1,-4,1,0,-3,-2,1,2,1,0,-1,43
6728,-3,-2,7,-4,1,4,-3,2,1,-2,-1,0,1,115
6729,-5,-4,9,-6,-1,6,-5,0,3,-4,1,2,-1,251
6730,-7,0,5,-6,3,2,-5,4,-1,0,1,-2,1,171
6731,-5,-2,7,-8,1,4,-7,2,1,-2,3,0,-1,227
6732,-3,-6,5,-2,-1,2,-1,0,3,0,-3,0,1,99
6733,-5,-4,7,-4,-3,4,-3,-2,5,-2,-1,2,-1,179
6734,-3,-4,3,-4,1,0,-3,2,1,2,-1,-2,1,75
6735,-1,-2,5,-6,-1,2,-5,0,3,0,1,0,-1,107
6736,-3,2,3,-6,5,0,1,2,-3,0,-1,0,1,99
6737,-5,0,1,-4,3,2,-1,0,-1,-2,1,2,-1,67
6738,-7,0,5,-8,7,-2,-1,4,-5,2,1,-2,1,243
6739,-5,-2,3,-6,5,0,-3,2,-3,0,3,0,-1,131
6740,-7,2,1,-4,3,-2,3,0,-1,2,-3,0,1,107
6741,-9,4,-1,-2,1,0,1,-2,1,0,-1,2,-1,115
6742,-7,0,3,-6,5,-4,1,2,-3,4,-1,-2,1,171
6743,-5,2,1,-4,3,-2,-1,0,-1,2,1,0,-1,67
6744,-3,-2,3,-8,3,2,-1,4,-1,-2,-1,0,1,123
6745,-5,-4,5,-6,1,4,-3,2,1,-4,1,2,-1,155
6746,-7,0,5,-10,5,0,-3,6,-3,0,1,-2,1,259
6747,-5,-2,7,-8,3,2,-5,4,-1,-2,3,0,-1,211
6748,-3,-2,1,-6,1,0,1,2,1,0,-3,0,1,67
6749,-5,0,3,-4,-1,2,-1,0,3,-2,-1,2,-1,75
6750,-3,0,3,-8,3,-2,-1,4,-1,2,-1,-2,1,123
6751,-1,2,5,-6,1,0,-3,2,1,0,1,0,-1,83
6752,1,-2,3,-2,-1,4,1,-2,-1,0,-1,0,1,43
6753,-1,-4,1,-4,1,6,-1,-4,1,-2,1,2,-1,99
6754,-3,-4,1,0,1,2,-1,0,-3,2,1,-2,1,51
6755,-1,-6,-1,-2,3,4,-3,-2,-1,0,3,0,-1,91
6756,-3,-6,5,0,-3,2,3,-4,1,2,-3,0,1,123
6757,-5,-4,3,-2,-1,4,1,-6,3,0,-1,2,-1,123
6758,-3,-8,3,2,-1,0,1,-2,-1,4,-1,-2,1,115
6759,-1,-6,1,0,1,2,-1,-4,1,2,1,0,-1,67
6760,-3,-2,3,-4,-3,6,-1,0,1,-2,-1,0,1,91
6761,-5,-4,5,-6,-1,8,-3,-2,3,-4,1,2,-1,211
6762,-7,0,1,-2,-1,4,-3,2,-1,0,1,-2,1,91
6763,-5,-2,3,-4,1,6,-5,0,1,-2,3,0,-1,131
6764,-3,-6,5,-2,-5,4,1,-2,3,0,-3,0,1,139
6765,-5,-4,7,-4,-3,6,-1,-4,5,-2,-1,2,-1,203
6766,-3,-4,3,0,-3,2,-1,0,1,2,-1,-2,1,59
6767,-1,-2,5,-2,-1,4,-3,-2,3,0,1,0,-1,75
6768,1,-2,-1,-6,1,2,3,0,-3,0,-1,0,1,67
6769,-1,-4,-3,-4,3,4,1,-2,-1,-2,1,2,-1,83
6770,-3,-4,1,-4,3,0,1,2,-5,2,1,-2,1,91
6771,-1,-6,-1,-2,5,2,-1,0,-3,0,3,0,-1,91
6772,-3,-2,1,-4,-1,0,5,-2,-1,2,-3,0,1,75
6773,-5,0,-1,-2,1,2,3,-4,1,0,-1,2,-1,67
6774,-3,-4,3,-2,1,-2,3,0,-3,4,-1,-2,1,83
6775,-1,-2,1,0,3,0,1,-2,-1,2,1,0,-1,27
6776,1,-2,-1,-8,-1,4,1,2,-1,-2,-1,0,1,99
6777,-1,-4,1,-6,1,6,-1,0,1,-4,1,2,-1,115
6778,-3,0,1,-6,1,2,-1,4,-3,0,1,-2,1,83
6779,-1,-2,3,-4,3,4,-3,2,-1,-2,3,0,-1,83
6780,1,-2,1,-6,-3,2,3,0,1,0,-3,0,1,75
6781,-1,0,3,-4,-1,4,1,-2,3,-2,-1,2,-1,67
6782,1,0,3,-4,-1,0,1,2,-1,2,-1,-2,1,43
6783,3,2,5,-2,1,2,-1,0,1,0,1,0,-1,51
6784,1,6,3,2,3,-2,-1,0,-1,0,-1,0,1,67
6785,-1,4,1,0,1,-4,1,-2,1,-2,1,2,-1,51
6786,-3,4,1,0,1,0,-3,2,-3,2,1,-2,1,59
6787,-1,2,-1,-2,-1,-2,-1,0,-1,0,3,0,-1,27
6788,-3,2,1,0,5,-4,1,-2,1,2,-3,0,1,75
6789,-5,4,-1,-2,3,-6,3,-4,3,0,-1,2,-1,131
6790,-3,0,-1,-2,3,-2,-1,0,-1,4,-1,-2,1,51
6791,-1,2,-3,-4,1,-4,1,-2,1,2,1,0,-1,59
6792,-3,2,-1,4,1,0,-3,2,1,-2,-1,0,1,51
6793,-5,0,1,2,-1,-2,-1,0,3,-4,1,2,-1,67
6794,-7,4,-3,2,-1,2,-5,4,-1,0,1,-2,1,131
6795,-5,2,-1,0,-3,0,-3,2,1,-2,3,0,-1,67
6796,-3,-2,-3,2,3,-2,-1,0,3,0,-3,0,1,59
6797,-5,0,-1,0,1,-4,1,-2,5,-2,-1,2,-1,83
6798,-3,0,-5,0,1,0,-3,2,1,2,-1,-2,1,59
6799,-1,2,-3,-2,-1,-2,-1,0,3,0,1,0,-1,35
6800,-3,2,3,-2,5,-4,1,2,-3,0,-1,0,1,83
6801,-5,0,1,0,3,-6,3,0,-1,-2,1,2,-1,91
6802,-7,0,5,-4,3,-2,-1,4,-5,2,1,-2,1,155
6803,-5,-2,3,-2,1,-4,1,2,-3,0,3,0,-1,83
6804,-7,2,1,-4,7,-6,3,0,-1,2,-3,0,1,179
6805,-9,4,-1,-2,5,-8,5,-2,1,0,-1,2,-1,227
6806,-7,0,3,-6,5,-4,1,2,-3,4,-1,-2,1,171
6807,-5,2,1,-4,3,-6,3,0,-1,2,1,0,-1,107
6808,-3,-2,-1,0,3,-2,-1,4,-1,-2,-1,0,1,51
6809,-5,-4,1,2,1,-4,1,2,1,-4,1,2,-1,91
6810,-7,0,1,-2,1,0,-3,6,-3,0,1,-2,1,115
6811,-5,-2,3,0,-1,-2,-1,4,-1,-2,3,0,-1,75
6812,-3,-2,-3,-2,5,-4,1,2,1,0,-3,0,1,83
6813,-5,0,-1,0,3,-6,3,0,3,-2,-1,2,-1,99
6814,-3,0,-1,-4,3,-2,-1,4,-1,2,-1,-2,1,67
6815,-1,2,1,-2,1,-4,1,2,1,0,1,0,-1,35
6816,-3,6,-1,2,-1,0,1,-2,-1,0,-1,0,1,59
6817,-5,4,-3,0,1,-2,3,-4,1,-2,1,2,-1,91
6818,-7,4,-3,4,-3,2,-1,0,-3,2,1,-2,1,123
6819,-5,2,-5,2,-1,0,1,-2,-1,0,3,0,-1,75
6820,-7,2,1,0,1,-2,3,-4,1,2,-3,0,1,99
6821,-9,4,-1,-2,3,-4,5,-6,3,0,-1,2,-1,203
6822,-7,0,-1,2,-1,0,1,-2,-1,4,-1,-2,1,83
6823,-5,2,-3,0,1,-2,3,-4,1,2,1,0,-1,75
6824,-7,6,-5,4,-3,2,-1,0,1,-2,-1,0,1,147
6825,-9,4,-3,2,-1,0,1,-2,3,-4,1,2,-1,147
6826,-11,8,-7,6,-5,4,-3,2,-1,0,1,-2,1,331
6827,-9,6,-5,4,-3,2,-1,0,1,-2,3,0,-1,187
6828,-7,2,-3,2,-1,0,1,-2,3,0,-3,0,1,91
6829,-9,4,-1,0,1,-2,3,-4,5,-2,-1,2,-1,163
6830,-7,4,-5,4,-3,2,-1,0,1,2,-1,-2,1,131
6831,-5,6,-3,2,-1,0,1,-2,3,0,1,0,-1,91
6832,-3,2,-1,-2,1,-2,3,0,-3,0,-1,0,1,43
6833,-5,0,-3,0,3,-4,5,-2,-1,-2,1,2,-1,99
6834,-7,0,1,0,-1,0,1,2,-5,2,1,-2,1,91
6835,-5,-2,-1,2,1,-2,3,0,-3,0,3,0,-1,67
6836,-7,2,1,-4,3,-4,5,-2,-1,2,-3,0,1,139
6837,-9,4,-1,-2,5,-6,7,-4,1,0,-1,2,-1,235
6838,-7,0,3,-2,1,-2,3,0,-3,4,-1,-2,1,107
6839,-5,2,1,0,3,-4,5,-2,-1,2,1,0,-1,91
6840,-3,2,-5,0,-1,0,1,2,-1,-2,-1,0,1,51
6841,-5,0,-3,2,1,-2,3,0,1,-4,1,2,-1,75
6842,-7,4,-3,2,-3,2,-1,4,-3,0,1,-2,1,123
6843,-5,2,-1,4,-1,0,1,2,-1,-2,3,0,-1,67
6844,-3,2,-3,-2,1,-2,3,0,1,0,-3,0,1,51
6845,-5,4,-1,0,3,-4,5,-2,3,-2,-1,2,-1,115
6846,-3,4,-1,0,-1,0,1,2,-1,2,-1,-2,1,43
6847,-1,6,1,2,1,-2,3,0,1,0,1,0,-1,59
6848,1,2,3,-2,3,-2,-3,0,-1,0,-1,0,1,43
6849,-1,0,1,-4,1,0,-1,-2,1,-2,1,2,-1,35
6850,-3,0,1,-4,5,0,-5,2,-3,2,1,-2,1,99
6851,-1,-2,-1,-6,3,2,-3,0,-1,0,3,0,-1,75
6852,-3,-2,1,0,5,-4,-1,-2,1,2,-3,0,1,75
6853,-5,0,-1,-2,3,-2,1,-4,3,0,-1,2,-1,75
6854,-3,-4,-1,-2,7,-2,-3,0,-1,4,-1,-2,1,115
6855,-1,-2,-3,-4,5,0,-1,-2,1,2,1,0,-1,67
6856,-3,-2,3,0,1,0,-5,2,1,-2,-1,0,1,59
6857,-5,-4,5,-2,-1,2,-3,0,3,-4,1,2,-1,115
6858,-7,0,1,-2,3,2,-7,4,-1,0,1,-2,1,139
6859,-5,-2,3,-4,1,4,-5,2,1,-2,3,0,-1,115
6860,-3,-6,1,2,3,-2,-3,0,3,0,-3,0,1,91
6861,-5,-4,3,0,1,0,-1,-2,5,-2,-1,2,-1,91
6862,-3,-4,-1,0,5,0,-5,2,1,2,-1,-2,1,91
6863,-1,-2,1,-2,3,2,-3,0,3,0,1,0,-1,43
6864,-3,2,3,-6,5,-4,-1,2,-3,0,-1,0,1,115
6865,-5,0,1,-4,3,-2,1,0,-1,-2,1,2,-1,67
6866,-7,0,5,-8,7,-2,-3,4,-5,2,1,-2,1,251
6867,-5,-2,3,-6,5,0,-1,2,-3,0,3,0,-1,123
6868,-7,2,1,-4,7,-6,1,0,-1,2,-3,0,1,171
6869,-9,4,-1,-2,5,-4,3,-2,1,0,-1,2,-1,163
6870,-7,0,3,-6,9,-4,-1,2,-3,4,-1,-2,1,227
6871,-5,2,1,-4,7,-2,1,0,-1,2,1,0,-1,107
6872,-3,-2,3,-4,3,-2,-3,4,-1,-2,-1,0,1,83
6873,-5,-4,5,-2,1,0,-1,2,1,-4,1,2,-1,99
6874,-7,0,5,-6,5,0,-5,6,-3,0,1,-2,1,211
6875,-5,-2,7,-4,3,2,-3,4,-1,-2,3,0,-1,147
6876,-3,-2,1,-2,5,-4,-1,2,1,0,-3,0,1,75
6877,-5,0,3,0,3,-2,1,0,3,-2,-1,2,-1,67
6878,-3,0,3,-4,7,-2,-3,4,-1,2,-1,-2,1,123
6879,-1,2,5,-2,5,0,-1,2,1,0,1,0,-1,67
6880,1,2,-1,-2,-1,0,-1,-2,-1,0,-1,0,1,19
6881,-1,0,-3,-4,1,2,1,-4,1,-2,1,2,-1,59
6882,-3,0,-3,0,1,2,-3,0,-3,2,1,-2,1,51
6883,-1,-2,-5,-2,3,4,-1,-2,-1,0,3,0,-1,75
6884,-3,-2,1,0,1,-2,1,-4,1,2,-3,0,1,51
6885,-5,0,-1,-2,3,0,3,-6,3,0,-1,2,-1,99
6886,-3,-4,-1,2,3,0,-1,-2,-1,4,-1,-2,1,67
6887,-1,-2,-3,0,5,2,1,-4,1,2,1,0,-1,67
6888,-3,2,-1,0,-3,2,-3,0,1,-2,-1,0,1,43
6889,-5,0,1,-2,-1,4,-1,-2,3,-4,1,2,-1,83
6890,-7,4,-3,2,-1,4,-5,2,-1,0,1,-2,1,131
6891,-5,2,-1,0,1,6,-3,0,1,-2,3,0,-1,91
6892,-3,-2,1,2,-1,0,-1,-2,3,0,-3,0,1,43
6893,-5,0,3,0,1,2,1,-4,5,-2,-1,2,-1,91
6894,-3,0,-1,4,1,2,-3,0,1,2,-1,-2,1,51
6895,-1,2,1,2,3,4,-1,-2,3,0,1,0,-1,51
6896,1,2,-1,-6,1,-2,1,0,-3,0,-1,0,1,59
6897,-1,0,-3,-4,3,0,3,-2,-1,-2,1,2,-1,59
6898,-3,0,1,-4,3,0,-1,2,-5,2,1,-2,1,75
6899,-1,-2,-1,-2,5,2,1,0,-3,0,3,0,-1,59
6900,-3,2,1,-4,3,-4,3,-2,-1,2,-3,0,1,83
6901,-5,4,-1,-2,5,-2,5,-4,1,0,-1,2,-1,123
6902,-3,0,3,-2,5,-2,1,0,-3,4,-1,-2,1,83
6903,-1,2,1,0,7,0,3,-2,-1,2,1,0,-1,75
6904,1,2,-1,-4,-1,0,-1,2,-1,-2,-1,0,1,35
6905,-1,0,1,-2,1,2,1,0,1,-4,1,2,-1,35
6906,-3,4,1,-2,1,2,-3,4,-3,0,1,-2,1,75
6907,-1,2,3,0,3,4,-1,2,-1,-2,3,0,-1,59
6908,1,2,1,-2,1,-2,1,0,1,0,-3,0,1,27
6909,-1,4,3,0,3,0,3,-2,3,-2,-1,2,-1,67
6910,1,4,3,0,3,0,-1,2,-1,2,-1,-2,1,51
6911,3,6,5,2,5,2,1,0,1,0,1,0,-1,107
6912,5,2,7,2,-1,0,-1,-2,-1,0,-1,0,1,91
6913,3,0,5,0,-3,-2,-3,0,1,-2,1,2,-1,67
6914,1,0,5,0,-3,-2,1,0,-3,2,1,-2,1,59
6915,3,-2,3,-2,-5,-4,-1,2,-1,0,3,0,-1,83
6916,1,-2,5,0,-3,2,1,-4,1,2,-3,0,1,75
6917,-1,0,3,-2,-5,0,-1,-2,3,0,-1,2,-1,59
6918,1,-4,3,-2,-5,0,3,-2,-1,4,-1,-2,1,91
6919,3,-2,1,-4,-7,-2,1,0,1,2,1,0,-1,91
6920,1,-2,3,0,1,2,-3,0,1,-2,-1,0,1,35
6921,-1,-4,5,-2,-1,0,-5,2,3,-4,1,2,-1,107
6922,-3,0,1,-2,-1,0,-1,2,-1,0,1,-2,1,27
6923,-1,-2,3,-4,-3,-2,-3,4,1,-2,3,0,-1,83
6924,1,-6,1,-2,-1,4,-1,-2,3,0,-3,0,1,83
6925,-1,-4,3,-4,-3,2,-3,0,5,-2,-1,2,-1,99
6926,1,-4,-1,-4,-3,2,1,0,1,2,-1,-2,1,59
6927,3,-2,1,-6,-5,0,-1,2,3,0,1,0,-1,91
6928,1,-2,3,2,1,-2,1,0,-3,0,-1,0,1,35
6929,-1,-4,1,4,-1,-4,-1,2,-1,-2,1,2,-1,67
6930,-3,-4,5,0,-1,-4,3,2,-5,2,1,-2,1,115
6931,-1,-6,3,2,-3,-6,1,4,-3,0,3,0,-1,131
6932,-3,-2,1,0,-1,0,3,-2,-1,2,-3,0,1,43
6933,-5,0,-1,2,-3,-2,1,0,1,0,-1,2,-1,51
6934,-3,-4,3,-2,-3,-2,5,0,-3,4,-1,-2,1,107
6935,-1,-2,1,0,-5,-4,3,2,-1,2,1,0,-1,67
6936,1,-6,-1,0,3,0,-1,2,-1,-2,-1,0,1,59
6937,-1,-8,1,2,1,-2,-3,4,1,-4,1,2,-1,123
6938,-3,-4,1,-2,1,-2,1,4,-3,0,1,-2,1,67
6939,-1,-6,3,0,-1,-4,-1,6,-1,-2,3,0,-1,115
6940,1,-6,-3,-2,1,2,1,0,1,0,-3,0,1,67
6941,-1,-4,-1,0,-1,0,-1,2,3,-2,-1,2,-1,43
6942,1,-4,-1,-4,-1,0,3,2,-1,2,-1,-2,1,59
6943,3,-2,1,-2,-3,-2,1,4,1,0,1,0,-1,51
6944,1,-2,7,2,-5,2,1,-4,-1,0,-1,0,1,107
6945,-1,-4,5,0,-3,0,-1,-2,1,-2,1,2,-1,67
6946,-3,-4,5,4,-7,0,3,-2,-3,2,1,-2,1,147
6947,-1,-6,3,2,-5,-2,1,0,-1,0,3,0,-1,91
6948,-3,-6,9,0,-7,4,3,-6,1,2,-3,0,1,251
6949,-5,-4,7,-2,-5,2,1,-4,3,0,-1,2,-1,155
6950,-3,-8,7,2,-9,2,5,-4,-1,4,-1,-2,1,275
6951,-1,-6,5,0,-7,0,3,-2,1,2,1,0,-1,131
6952,-3,-2,3,0,-3,4,-1,-2,1,-2,-1,0,1,59
6953,-5,-4,5,-2,-1,2,-3,0,3,-4,1,2,-1,115
6954,-7,0,1,2,-5,2,1,0,-1,0,1,-2,1,91
6955,-5,-2,3,0,-3,0,-1,2,1,-2,3,0,-1,67
6956,-3,-6,5,-2,-5,6,1,-4,3,0,-3,0,1,171
6957,-5,-4,7,-4,-3,4,-1,-2,5,-2,-1,2,-1,171
6958,-3,-4,3,0,-7,4,3,-2,1,2,-1,-2,1,123
6959,-1,-2,5,-2,-5,2,1,0,3,0,1,0,-1,75
6960,1,-6,3,2,-3,0,3,-2,-3,0,-1,0,1,83
6961,-1,-8,1,4,-1,-2,1,0,-1,-2,1,2,-1,99
6962,-3,-8,5,4,-5,-2,5,0,-5,2,1,-2,1,203
6963,-1,-10,3,6,-3,-4,3,2,-3,0,3,0,-1,203
6964,-3,-6,5,0,-5,2,5,-4,-1,2,-3,0,1,155
6965,-5,-4,3,2,-3,0,3,-2,1,0,-1,2,-1,83
6966,-3,-8,7,2,-7,0,7,-2,-3,4,-1,-2,1,259
6967,-1,-6,5,4,-5,-2,5,0,-1,2,1,0,-1,139
6968,1,-6,-1,0,-1,2,1,0,-1,-2,-1,0,1,51
6969,-1,-8,1,2,1,0,-1,2,1,-4,1,2,-1,99
6970,-3,-4,1,2,-3,0,3,2,-3,0,1,-2,1,67
6971,-1,-6,3,4,-1,-2,1,4,-1,-2,3,0,-1,99
6972,1,-6,1,-2,-3,4,3,-2,1,0,-3,0,1,91
6973,-1,-4,3,0,-1,2,1,0,3,-2,-1,2,-1,51
6974,1,-4,3,0,-5,2,5,0,-1,2,-1,-2,1,91
6975,3,-2,5,2,-3,0,3,2,1,0,1,0,-1,67
6976,1,2,7,-2,-1,0,-3,-2,-1,0,-1,0,1,75
6977,-1,0,5,-4,-3,2,-5,0,1,-2,1,2,-1,91
6978,-3,0,5,-4,1,-2,-1,0,-3,2,1,-2,1,75
6979,-1,-2,3,-6,-1,0,-3,2,-1,0,3,0,-1,75
6980,-3,-2,5,0,-3,2,-1,-4,1,2,-3,0,1,83
6981,-5,0,3,-2,-5,4,-3,-2,3,0,-1,2,-1,107
6982,-3,-4,3,-2,-1,0,1,-2,-1,4,-1,-2,1,67
6983,-1,-2,1,-4,-3,2,-1,0,1,2,1,0,-1,43
6984,-3,-2,7,-4,1,2,-5,0,1,-2,-1,0,1,115
6985,-5,-4,9,-6,-1,4,-7,2,3,-4,1,2,-1,259
6986,-7,0,5,-6,3,0,-3,2,-1,0,1,-2,1,139
6987,-5,-2,7,-8,1,2,-5,4,1,-2,3,0,-1,203
6988,-3,-6,5,-2,-1,4,-3,-2,3,0,-3,0,1,123
6989,-5,-4,7,-4,-3,6,-5,0,5,-2,-1,2,-1,211
6990,-3,-4,3,-4,1,2,-1,0,1,2,-1,-2,1,67
6991,-1,-2,5,-6,-1,4,-3,2,3,0,1,0,-1,107
6992,-3,2,3,-2,1,-2,-1,0,-3,0,-1,0,1,43
6993,-5,0,1,0,-1,0,-3,2,-1,-2,1,2,-1,51
6994,-7,0,5,-4,3,-4,1,2,-5,2,1,-2,1,155
6995,-5,-2,3,-2,1,-2,-1,4,-3,0,3,0,-1,83
6996,-7,2,1,0,-1,0,1,-2,-1,2,-3,0,1,75
6997,-9,4,-1,2,-3,2,-1,0,1,0,-1,2,-1,123
6998,-7,0,3,-2,1,-2,3,0,-3,4,-1,-2,1,107
6999,-5,2,1,0,-1,0,1,2,-1,2,1,0,-1,43
7000,-3,-2,3,-4,3,0,-3,2,-1,-2,-1,0,1,67
7001,-5,-4,5,-2,1,2,-5,4,1,-4,1,2,-1,139
7002,-7,0,5,-6,5,-2,-1,4,-3,0,1,-2,1,171
7003,-5,-2,7,-4,3,0,-3,6,-1,-2,3,0,-1,163
7004,-3,-2,1,-2,1,2,-1,0,1,0,-3,0,1,35
7005,-5,0,3,0,-1,4,-3,2,3,-2,-1,2,-1,83
7006,-3,0,3,-4,3,0,1,2,-1,2,-1,-2,1,59
7007,-1,2,5,-2,1,2,-1,4,1,0,1,0,-1,59
7008,1,-2,7,-2,-5,2,-1,-4,-1,0,-1,0,1,107
7009,-1,-4,5,-4,-3,4,-3,-2,1,-2,1,2,-1,107
7010,-3,-4,5,0,-3,0,1,-2,-3,2,1,-2,1,83
7011,-1,-6,3,-2,-1,2,-1,0,-1,0,3,0,-1,67
7012,-3,-6,9,0,-7,4,1,-6,1,2,-3,0,1,243
7013,-5,-4,7,-2,-5,6,-1,-4,3,0,-1,2,-1,187
7014,-3,-8,7,2,-5,2,3,-4,-1,4,-1,-2,1,203
7015,-1,-6,5,0,-3,4,1,-2,1,2,1,0,-1,99
7016,-3,-2,7,-4,-3,4,-3,-2,1,-2,-1,0,1,123
7017,-5,-4,9,-6,-1,6,-5,0,3,-4,1,2,-1,251
7018,-7,0,5,-2,-1,2,-1,0,-1,0,1,-2,1,91
7019,-5,-2,7,-4,1,4,-3,2,1,-2,3,0,-1,139
7020,-3,-6,9,-2,-5,6,-1,-4,3,0,-3,0,1,227
7021,-5,-4,11,-4,-3,8,-3,-2,5,-2,-1,2,-1,299
7022,-3,-4,7,0,-3,4,1,-2,1,2,-1,-2,1,115
7023,-1,-2,9,-2,-1,6,-1,0,3,0,1,0,-1,139
7024,1,-2,3,-2,-3,0,1,-2,-3,0,-1,0,1,43
7025,-1,-4,1,0,-1,2,-1,0,-1,-2,1,2,-1,35
7026,-3,-4,5,0,-1,-2,3,0,-5,2,1,-2,1,99
7027,-1,-6,3,2,1,0,1,2,-3,0,3,0,-1,75
7028,-3,-2,5,0,-5,2,3,-4,-1,2,-3,0,1,107
7029,-5,0,3,2,-3,4,1,-2,1,0,-1,2,-1,75
7030,-3,-4,7,2,-3,0,5,-2,-3,4,-1,-2,1,147
7031,-1,-2,5,4,-1,2,3,0,-1,2,1,0,-1,67
7032,1,-2,3,-4,-1,2,-1,0,-1,-2,-1,0,1,43
7033,-1,-4,5,-2,1,4,-3,2,1,-4,1,2,-1,99
7034,-3,0,5,-2,1,0,1,2,-3,0,1,-2,1,59
7035,-1,-2,7,0,3,2,-1,4,-1,-2,3,0,-1,99
7036,1,-2,5,-2,-3,4,1,-2,1,0,-3,0,1,75
7037,-1,0,7,0,-1,6,-1,0,3,-2,-1,2,-1,107
7038,1,0,7,0,-1,2,3,0,-1,2,-1,-2,1,75
7039,3,2,9,2,1,4,1,2,1,0,1,0,-1,123
7040,5,2,3,2,-1,-4,-3,-2,-1,0,-1,0,1,75
7041,3,0,1,0,-3,-6,-1,0,1,-2,1,2,-1,67
7042,1,0,1,0,-3,-2,-1,0,-3,2,1,-2,1,35
7043,3,-2,-1,-2,-5,-4,1,2,-1,0,3,0,-1,75
7044,1,-2,1,0,1,-2,-1,-4,1,2,-3,0,1,43
7045,-1,0,-1,-2,-1,-4,1,-2,3,0,-1,2,-1,43
7046,1,-4,-1,-2,-1,0,1,-2,-1,4,-1,-2,1,51
7047,3,-2,-3,-4,-3,-2,3,0,1,2,1,0,-1,67
7048,1,-2,-1,4,1,-2,-5,0,1,-2,-1,0,1,59
7049,-1,-4,1,2,-1,-4,-3,2,3,-4,1,2,-1,83
7050,-3,0,-3,2,-1,0,-3,2,-1,0,1,-2,1,43
7051,-1,-2,-1,0,-3,-2,-1,4,1,-2,3,0,-1,51
7052,1,-6,-3,2,3,0,-3,-2,3,0,-3,0,1,91
7053,-1,-4,-1,0,1,-2,-1,0,5,-2,-1,2,-1,59
7054,1,-4,-5,0,1,2,-1,0,1,2,-1,-2,1,59
7055,3,-2,-3,-2,-1,0,1,2,3,0,1,0,-1,43
7056,1,-2,3,2,1,-6,-1,0,-3,0,-1,0,1,67
7057,-1,-4,1,4,-1,-8,1,2,-1,-2,1,2,-1,115
7058,-3,-4,5,0,-1,-4,1,2,-5,2,1,-2,1,107
7059,-1,-6,3,2,-3,-6,3,4,-3,0,3,0,-1,139
7060,-3,-2,1,0,3,-4,1,-2,-1,2,-3,0,1,59
7061,-5,0,-1,2,1,-6,3,0,1,0,-1,2,-1,83
7062,-3,-4,3,-2,1,-2,3,0,-3,4,-1,-2,1,83
7063,-1,-2,1,0,-1,-4,5,2,-1,2,1,0,-1,59
7064,1,-6,-1,4,3,-4,-3,2,-1,-2,-1,0,1,99
7065,-1,-8,1,6,1,-6,-1,4,1,-4,1,2,-1,179
7066,-3,-4,1,2,1,-2,-1,4,-3,0,1,-2,1,67
7067,-1,-6,3,4,-1,-4,1,6,-1,-2,3,0,-1,131
7068,1,-6,-3,2,5,-2,-1,0,1,0,-3,0,1,91
7069,-1,-4,-1,4,3,-4,1,2,3,-2,-1,2,-1,83
7070,1,-4,-1,0,3,0,1,2,-1,2,-1,-2,1,43
7071,3,-2,1,2,1,-2,3,4,1,0,1,0,-1,51
7072,1,2,3,2,-5,-2,-1,-4,-1,0,-1,0,1,67
7073,-1,0,1,0,-3,-4,1,-2,1,-2,1,2,-1,43
7074,-3,0,1,4,-7,0,1,-2,-3,2,1,-2,1,99
7075,-1,-2,-1,2,-5,-2,3,0,-1,0,3,0,-1,59
7076,-3,-2,5,0,-3,0,1,-6,1,2,-3,0,1,99
7077,-5,0,3,-2,-1,-2,3,-4,3,0,-1,2,-1,83
7078,-3,-4,3,2,-5,2,3,-4,-1,4,-1,-2,1,115
7079,-1,-2,1,0,-3,0,5,-2,1,2,1,0,-1,51
7080,-3,2,-1,4,-3,0,-3,-2,1,-2,-1,0,1,59
7081,-5,0,1,2,-1,-2,-1,0,3,-4,1,2,-1,67
7082,-7,4,-3,6,-5,2,-1,0,-1,0,1,-2,1,147
7083,-5,2,-1,4,-3,0,1,2,1,-2,3,0,-1,75
7084,-3,-2,1,2,-1,2,-1,-4,3,0,-3,0,1,59
7085,-5,0,3,0,1,0,1,-2,5,-2,-1,2,-1,75
7086,-3,0,-1,4,-3,4,1,-2,1,2,-1,-2,1,67
7087,-1,2,1,2,-1,2,3,0,3,0,1,0,-1,35
7088,1,-2,3,2,-3,-4,1,-2,-3,0,-1,0,1,59
7089,-1,-4,1,4,-1,-6,3,0,-1,-2,1,2,-1,91
7090,-3,-4,5,4,-5,-2,3,0,-5,2,1,-2,1,139
7091,-1,-6,3,6,-3,-4,5,2,-3,0,3,0,-1,155
7092,-3,-2,5,0,-1,-2,3,-4,-1,2,-3,0,1,83
7093,-5,0,3,2,1,-4,5,-2,1,0,-1,2,-1,91
7094,-3,-4,7,2,-3,0,5,-2,-3,4,-1,-2,1,147
7095,-1,-2,5,4,-1,-2,7,0,-1,2,1,0,-1,107
7096,1,-2,-1,4,-1,-2,-1,0,-1,-2,-1,0,1,35
7097,-1,-4,1,6,1,-4,1,2,1,-4,1,2,-1,99
7098,-3,0,1,6,-3,0,1,2,-3,0,1,-2,1,75
7099,-1,-2,3,8,-1,-2,3,4,-1,-2,3,0,-1,123
7100,1,-2,1,2,1,0,1,-2,1,0,-3,0,1,27
7101,-1,0,3,4,3,-2,3,0,3,-2,-1,2,-1,67
7102,1,0,3,4,-1,2,3,0,-1,2,-1,-2,1,51
7103,3,2,5,6,1,0,5,2,1,0,1,0,-1,107
7104,5,2,3,-2,-1,-4,-5,-2,-1,0,-1,0,1,91
7105,3,0,1,-4,-3,-2,-3,0,1,-2,1,2,-1,59
7106,1,0,1,-4,1,-2,-3,0,-3,2,1,-2,1,51
7107,3,-2,-1,-6,-1,0,-1,2,-1,0,3,0,-1,67
7108,1,-2,1,0,1,-2,-3,-4,1,2,-3,0,1,51
7109,-1,0,-1,-2,-1,0,-1,-2,3,0,-1,2,-1,27
7110,1,-4,-1,-2,3,0,-1,-2,-1,4,-1,-2,1,59
7111,3,-2,-3,-4,1,2,1,0,1,2,1,0,-1,51
7112,1,-2,3,0,1,-2,-7,0,1,-2,-1,0,1,75
7113,-1,-4,5,-2,-1,0,-5,2,3,-4,1,2,-1,107
7114,-3,0,1,-2,3,0,-5,2,-1,0,1,-2,1,59
7115,-1,-2,3,-4,1,2,-3,4,1,-2,3,0,-1,75
7116,1,-6,1,2,3,0,-5,-2,3,0,-3,0,1,99
7117,-1,-4,3,0,1,2,-3,0,5,-2,-1,2,-1,75
7118,1,-4,-1,0,5,2,-3,0,1,2,-1,-2,1,67
7119,3,-2,1,-2,3,4,-1,2,3,0,1,0,-1,59
7120,1,2,3,-2,1,-6,-3,0,-3,0,-1,0,1,75
7121,-1,0,1,0,-1,-4,-1,2,-1,-2,1,2,-1,35
7122,-3,0,5,-4,3,-4,-1,2,-5,2,1,-2,1,115
7123,-1,-2,3,-2,1,-2,1,4,-3,0,3,0,-1,59
7124,-3,2,1,0,3,-4,-1,-2,-1,2,-3,0,1,59
7125,-5,4,-1,2,1,-2,1,0,1,0,-1,2,-1,59
7126,-3,0,3,-2,5,-2,1,0,-3,4,-1,-2,1,83
7127,-1,2,1,0,3,0,3,2,-1,2,1,0,-1,35
7128,1,-2,3,0,3,-4,-5,2,-1,-2,-1,0,1,75
7129,-1,-4,5,2,1,-2,-3,4,1,-4,1,2,-1,99
7130,-3,0,5,-2,5,-2,-3,4,-3,0,1,-2,1,107
7131,-1,-2,7,0,3,0,-1,6,-1,-2,3,0,-1,115
7132,1,-2,1,2,5,-2,-3,0,1,0,-3,0,1,59
7133,-1,0,3,4,3,0,-1,2,3,-2,-1,2,-1,59
7134,1,0,3,0,7,0,-1,2,-1,2,-1,-2,1,75
7135,3,2,5,2,5,2,1,4,1,0,1,0,-1,91
7136,5,2,3,-2,-5,-2,-3,-4,-1,0,-1,0,1,99
7137,3,0,1,-4,-3,0,-1,-2,1,-2,1,2,-1,51
7138,1,0,1,0,-3,0,-1,-2,-3,2,1,-2,1,35
7139,3,-2,-1,-2,-1,2,1,0,-1,0,3,0,-1,35
7140,1,-2,5,0,-3,0,-1,-6,1,2,-3,0,1,91
7141,-1,0,3,-2,-1,2,1,-4,3,0,-1,2,-1,51
7142,1,-4,3,2,-1,2,1,-4,-1,4,-1,-2,1,75
7143,3,-2,1,0,1,4,3,-2,1,2,1,0,-1,51
7144,1,2,3,0,-3,0,-5,-2,1,-2,-1,0,1,59
7145,-1,0,5,-2,-1,2,-3,0,3,-4,1,2,-1,75
7146,-3,4,1,2,-1,2,-3,0,-1,0,1,-2,1,51
7147,-1,2,3,0,1,4,-1,2,1,-2,3,0,-1,51
7148,1,-2,5,2,-1,2,-3,-4,3,0,-3,0,1,83
7149,-1,0,7,0,1,4,-1,-2,5,-2,-1,2,-1,107
7150,1,0,3,4,1,4,-1,-2,1,2,-1,-2,1,59
7151,3,2,5,2,3,6,1,0,3,0,1,0,-1,99
7152,5,2,3,-2,-3,-4,-1,-2,-3,0,-1,0,1,83
7153,3,0,1,0,-1,-2,1,0,-1,-2,1,2,-1,27
7154,1,0,5,0,-1,-2,1,0,-5,2,1,-2,1,67
7155,3,-2,3,2,1,0,3,2,-3,0,3,0,-1,59
7156,1,2,5,0,-1,-2,1,-4,-1,2,-3,0,1,67
7157,-1,4,3,2,1,0,3,-2,1,0,-1,2,-1,51
7158,1,0,7,2,1,0,3,-2,-3,4,-1,-2,1,99
7159,3,2,5,4,3,2,5,0,-1,2,1,0,-1,99
7160,5,2,3,0,-1,-2,-3,0,-1,-2,-1,0,1,59
7161,3,0,5,2,1,0,-1,2,1,-4,1,2,-1,67
7162,1,4,5,2,1,0,-1,2,-3,0,1,-2,1,67
7163,3,2,7,4,3,2,1,4,-1,-2,3,0,-1,123
7164,5,2,5,2,1,0,-1,-2,1,0,-3,0,1,75
7165,3,4,7,4,3,2,1,0,3,-2,-1,2,-1,123
7166,5,4,7,4,3,2,1,0,-1,2,-1,-2,1,131
7167,7,6,9,6,5,4,3,2,1,0,1,0,-1,259
7168,9,6,3,4,3,2,1,0,-1,-2,-1,0,1,163
7169,7,4,1,2,1,0,-1,-2,-3,0,1,2,-1,91
7170,5,4,1,2,1,0,-1,-2,1,0,1,-2,1,59
7171,7,2,-1,0,-1,-2,-3,-4,-1,2,3,0,-1,99
7172,5,2,1,2,1,0,-1,2,1,0,-3,0,1,51
7173,3,4,-1,0,-1,-2,-3,0,-1,2,-1,2,-1,51
7174,5,0,-1,0,-1,-2,-3,0,3,2,-1,-2,1,59
7175,7,2,-3,-2,-3,-4,-5,-2,1,4,1,0,-1,139
7176,5,2,-1,2,1,0,3,2,1,-4,-1,0,1,67
7177,3,0,1,0,-1,-2,1,0,-1,-2,1,2,-1,27
7178,1,4,-3,0,-1,-2,1,0,3,-2,1,-2,1,51
7179,3,2,-1,-2,-3,-4,-1,-2,1,0,3,0,-1,59
7180,5,-2,-3,0,-1,-2,1,4,3,-2,-3,0,1,83
7181,3,0,-1,-2,-3,-4,-1,2,1,0,-1,2,-1,51
7182,5,0,-5,-2,-3,-4,-1,2,5,0,-1,-2,1,115
7183,7,2,-3,-4,-5,-6,-3,0,3,2,1,0,-1,163
7184,5,2,-1,0,1,4,3,2,-3,-2,-1,0,1,75
7185,3,0,-3,2,-1,2,1,0,-5,0,1,2,-1,59
7186,1,0,1,-2,-1,2,1,0,-1,0,1,-2,1,19
7187,3,-2,-1,0,-3,0,-1,-2,-3,2,3,0,-1,51
7188,1,2,-3,-2,-1,2,1,4,-1,0,-3,0,1,51
7189,-1,4,-5,0,-3,0,-1,2,-3,2,-1,2,-1,75
7190,1,0,-1,-4,-3,0,-1,2,1,2,-1,-2,1,43
7191,3,2,-3,-2,-5,-2,-3,0,-1,4,1,0,-1,83
7192,5,-2,-5,-2,-1,2,5,4,-1,-4,-1,0,1,123
7193,3,-4,-3,0,-3,0,3,2,-3,-2,1,2,-1,75
7194,1,0,-3,-4,-3,0,3,2,1,-2,1,-2,1,59
7195,3,-2,-1,-2,-5,-2,1,0,-1,0,3,0,-1,59
7196,5,-2,-7,-4,-3,0,3,6,1,-2,-3,0,1,163
7197,3,0,-5,-2,-5,-2,1,4,-1,0,-1,2,-1,91
7198,5,0,-5,-6,-5,-2,1,4,3,0,-1,-2,1,147
7199,7,2,-3,-4,-7,-4,-1,2,1,2,1,0,-1,155
7200,5,2,-1,0,3,4,3,-2,-1,-2,-1,0,1,75
7201,3,0,-3,-2,5,2,1,-4,-3,0,1,2,-1,83
7202,1,0,-3,2,1,2,1,-4,1,0,1,-2,1,43
7203,3,-2,-5,0,3,0,-1,-6,-1,2,3,0,-1,99
7204,1,-2,1,-2,1,2,1,0,1,0,-3,0,1,27
7205,-1,0,-1,-4,3,0,-1,-2,-1,2,-1,2,-1,43
7206,1,-4,-1,0,-1,0,-1,-2,3,2,-1,-2,1,43
7207,3,-2,-3,-2,1,-2,-3,-4,1,4,1,0,-1,75
7208,1,2,-5,-2,1,2,5,0,1,-4,-1,0,1,83
7209,-1,0,-3,-4,3,0,3,-2,-1,-2,1,2,-1,59
7210,-3,4,-7,0,-1,0,3,-2,3,-2,1,-2,1,107
7211,-1,2,-5,-2,1,-2,1,-4,1,0,3,0,-1,67
7212,1,-2,-3,-4,-1,0,3,2,3,-2,-3,0,1,67
7213,-1,0,-1,-6,1,-2,1,0,1,0,-1,2,-1,51
7214,1,0,-5,-2,-3,-2,1,0,5,0,-1,-2,1,75
7215,3,2,-3,-4,-1,-4,-1,-2,3,2,1,0,-1,75
7216,5,-2,-5,-4,1,6,5,0,-3,-2,-1,0,1,147
7217,3,-4,-7,-2,3,4,3,-2,-5,0,1,2,-1,147
7218,1,-4,-3,-2,-1,4,3,-2,-1,0,1,-2,1,67
7219,3,-6,-5,0,1,2,1,-4,-3,2,3,0,-1,115
7220,1,-2,-3,-6,-1,4,3,2,-1,0,-3,0,1,91
7221,-1,0,-5,-4,1,2,1,0,-3,2,-1,2,-1,67
7222,1,-4,-1,-4,-3,2,1,0,1,2,-1,-2,1,59
7223,3,-2,-3,-2,-1,0,-1,-2,-1,4,1,0,-1,51
7224,5,-2,-9,-6,-1,4,7,2,-1,-4,-1,0,1,235
7225,3,-4,-7,-4,1,2,5,0,-3,-2,1,2,-1,139
7226,1,0,-7,-4,-3,2,5,0,1,-2,1,-2,1,115
7227,3,-2,-5,-2,-1,0,3,-2,-1,0,3,0,-1,67
7228,5,-2,-7,-8,-3,2,5,4,1,-2,-3,0,1,211
7229,3,0,-5,-6,-1,0,3,2,-1,0,-1,2,-1,91
7230,5,0,-5,-6,-5,0,3,2,3,0,-1,-2,1,139
7231,7,2,-3,-4,-3,-2,1,0,1,2,1,0,-1,99
7232,5,2,-1,4,3,2,-1,0,-1,-2,-1,0,1,67
7233,3,0,-3,2,1,4,-3,-2,-3,0,1,2,-1,67
7234,1,0,-3,2,5,0,-3,-2,1,0,1,-2,1,59
7235,3,-2,-5,0,3,2,-5,-4,-1,2,3,0,-1,107
7236,1,-2,-3,6,1,0,-3,2,1,0,-3,0,1,75
7237,-1,0,-5,4,-1,2,-5,0,-1,2,-1,2,-1,83
7238,1,-4,-5,4,3,-2,-5,0,3,2,-1,-2,1,115
7239,3,-2,-7,2,1,0,-7,-2,1,4,1,0,-1,139
7240,1,-2,-1,2,1,0,1,2,1,-4,-1,0,1,35
7241,-1,-4,1,0,-1,2,-1,0,-1,-2,1,2,-1,35
7242,-3,0,-3,0,3,-2,-1,0,3,-2,1,-2,1,51
7243,-1,-2,-1,-2,1,0,-3,-2,1,0,3,0,-1,35
7244,1,-6,-3,4,-1,-2,-1,4,3,-2,-3,0,1,107
7245,-1,-4,-1,2,-3,0,-3,2,1,0,-1,2,-1,51
7246,1,-4,-5,2,1,-4,-3,2,5,0,-1,-2,1,107
7247,3,-2,-3,0,-1,-2,-5,0,3,2,1,0,-1,67
7248,1,2,-5,0,1,4,1,2,-3,-2,-1,0,1,67
7249,-1,0,-7,2,-1,6,-1,0,-5,0,1,2,-1,123
7250,-3,0,-3,-2,3,2,-1,0,-1,0,1,-2,1,43
7251,-1,-2,-5,0,1,4,-3,-2,-3,2,3,0,-1,83
7252,-3,2,-7,2,-1,2,-1,4,-1,0,-3,0,1,99
7253,-5,4,-9,4,-3,4,-3,2,-3,2,-1,2,-1,195
7254,-3,0,-5,0,1,0,-3,2,1,2,-1,-2,1,59
7255,-1,2,-7,2,-1,2,-5,0,-1,4,1,0,-1,107
7256,1,-2,-5,-2,-1,2,3,4,-1,-4,-1,0,1,83
7257,-1,-4,-3,0,-3,4,1,2,-3,-2,1,2,-1,75
7258,-3,0,-3,-4,1,0,1,2,1,-2,1,-2,1,51
7259,-1,-2,-1,-2,-1,2,-1,0,-1,0,3,0,-1,27
7260,1,-2,-7,0,-3,0,1,6,1,-2,-3,0,1,115
7261,-1,0,-5,2,-5,2,-1,4,-1,0,-1,2,-1,83
7262,1,0,-5,-2,-1,-2,-1,4,3,0,-1,-2,1,67
7263,3,2,-3,0,-3,0,-3,2,1,2,1,0,-1,51
7264,5,-2,-5,0,3,4,1,-2,-1,-2,-1,0,1,91
7265,3,-4,-7,-2,5,6,-1,-4,-3,0,1,2,-1,171
7266,1,-4,-7,2,5,2,-1,-4,1,0,1,-2,1,123
7267,3,-6,-9,0,7,4,-3,-6,-1,2,3,0,-1,251
7268,1,-6,-3,2,1,2,-1,0,1,0,-3,0,1,67
7269,-1,-4,-5,0,3,4,-3,-2,-1,2,-1,2,-1,91
7270,1,-8,-5,4,3,0,-3,-2,3,2,-1,-2,1,147
7271,3,-6,-7,2,5,2,-5,-4,1,4,1,0,-1,187
7272,1,-2,-5,-2,1,2,3,0,1,-4,-1,0,1,67
7273,-1,-4,-3,-4,3,4,1,-2,-1,-2,1,2,-1,83
7274,-3,0,-7,0,3,0,1,-2,3,-2,1,-2,1,91
7275,-1,-2,-5,-2,5,2,-1,-4,1,0,3,0,-1,91
7276,1,-6,-3,0,-1,0,1,2,3,-2,-3,0,1,75
7277,-1,-4,-1,-2,1,2,-1,0,1,0,-1,2,-1,35
7278,1,-4,-5,2,1,-2,-1,0,5,0,-1,-2,1,83
7279,3,-2,-3,0,3,0,-3,-2,3,2,1,0,-1,59
7280,5,-2,-9,-4,1,6,3,0,-3,-2,-1,0,1,187
7281,3,-4,-11,-2,3,8,1,-2,-5,0,1,2,-1,259
7282,1,-4,-7,-2,3,4,1,-2,-1,0,1,-2,1,107
7283,3,-6,-9,0,5,6,-1,-4,-3,2,3,0,-1,227
7284,1,-2,-7,-2,-1,4,1,2,-1,0,-3,0,1,91
7285,-1,0,-9,0,1,6,-1,0,-3,2,-1,2,-1,139
7286,1,-4,-5,0,1,2,-1,0,1,2,-1,-2,1,59
7287,3,-2,-7,2,3,4,-3,-2,-1,4,1,0,-1,123
7288,5,-2,-9,-6,-1,4,5,2,-1,-4,-1,0,1,211
7289,3,-4,-7,-4,1,6,3,0,-3,-2,1,2,-1,155
7290,1,0,-7,-4,1,2,3,0,1,-2,1,-2,1,91
7291,3,-2,-5,-2,3,4,1,-2,-1,0,3,0,-1,83
7292,5,-2,-7,-4,-3,2,3,4,1,-2,-3,0,1,147
7293,3,0,-5,-2,-1,4,1,2,-1,0,-1,2,-1,67
7294,5,0,-5,-2,-1,0,1,2,3,0,-1,-2,1,75
7295,7,2,-3,0,1,2,-1,0,1,2,1,0,-1,75
7296,5,2,3,4,3,-2,-1,0,-1,-2,-1,0,1,75
7297,3,0,1,2,1,-4,1,-2,-3,0,1,2,-1,51
7298,1,0,1,2,1,0,-3,-2,1,0,1,-2,1,27
7299,3,-2,-1,0,-1,-2,-1,-4,-1,2,3,0,-1,51
7300,1,-2,1,2,5,-4,-3,2,1,0,-3,0,1,75
7301,-1,0,-1,0,3,-6,-1,0,-1,2,-1,2,-1,59
7302,1,-4,-1,0,3,-2,-5,0,3,2,-1,-2,1,75
7303,3,-2,-3,-2,1,-4,-3,-2,1,4,1,0,-1,75
7304,1,-2,-1,6,1,-4,1,2,1,-4,-1,0,1,83
7305,-1,-4,1,4,-1,-6,3,0,-1,-2,1,2,-1,91
7306,-3,0,-3,4,-1,-2,-1,0,3,-2,1,-2,1,59
7307,-1,-2,-1,2,-3,-4,1,-2,1,0,3,0,-1,51
7308,1,-6,-3,4,3,-6,-1,4,3,-2,-3,0,1,147
7309,-1,-4,-1,2,1,-8,1,2,1,0,-1,2,-1,99
7310,1,-4,-5,2,1,-4,-3,2,5,0,-1,-2,1,107
7311,3,-2,-3,0,-1,-6,-1,0,3,2,1,0,-1,75
7312,1,-2,3,0,1,0,1,2,-3,-2,-1,0,1,35
7313,-1,-4,1,2,-1,-2,3,0,-5,0,1,2,-1,67
7314,-3,-4,5,-2,-1,2,-1,0,-1,0,1,-2,1,67
7315,-1,-6,3,0,-3,0,1,-2,-3,2,3,0,-1,83
7316,-3,-2,1,-2,3,-2,-1,4,-1,0,-3,0,1,59
7317,-5,0,-1,0,1,-4,1,2,-3,2,-1,2,-1,67
7318,-3,-4,3,-4,1,0,-3,2,1,2,-1,-2,1,75
7319,-1,-2,1,-2,-1,-2,-1,0,-1,4,1,0,-1,35
7320,1,-6,-1,2,-1,-2,3,4,-1,-4,-1,0,1,91
7321,-1,-8,1,4,-3,-4,5,2,-3,-2,1,2,-1,155
7322,-3,-4,1,0,-3,0,1,2,1,-2,1,-2,1,51
7323,-1,-6,3,2,-5,-2,3,0,-1,0,3,0,-1,99
7324,1,-6,-3,0,1,-4,1,6,1,-2,-3,0,1,115
7325,-1,-4,-1,2,-1,-6,3,4,-1,0,-1,2,-1,91
7326,1,-4,-1,-2,-1,-2,-1,4,3,0,-1,-2,1,59
7327,3,-2,1,0,-3,-4,1,2,1,2,1,0,-1,51
7328,1,2,-1,0,3,0,1,-2,-1,-2,-1,0,1,27
7329,-1,0,-3,-2,5,-2,3,-4,-3,0,1,2,-1,83
7330,-3,0,-3,2,1,2,-1,-4,1,0,1,-2,1,51
7331,-1,-2,-5,0,3,0,1,-6,-1,2,3,0,-1,91
7332,-3,-2,1,-2,5,-2,-1,0,1,0,-3,0,1,59
7333,-5,0,-1,-4,7,-4,1,-2,-1,2,-1,2,-1,123
7334,-3,-4,-1,0,3,0,-3,-2,3,2,-1,-2,1,67
7335,-1,-2,-3,-2,5,-2,-1,-4,1,4,1,0,-1,83
7336,-3,2,-5,2,1,-2,3,0,1,-4,-1,0,1,75
7337,-5,0,-3,0,3,-4,5,-2,-1,-2,1,2,-1,99
7338,-7,4,-7,4,-1,0,1,-2,3,-2,1,-2,1,155
7339,-5,2,-5,2,1,-2,3,-4,1,0,3,0,-1,99
7340,-3,-2,-3,0,3,-4,1,2,3,-2,-3,0,1,75
7341,-5,0,-1,-2,5,-6,3,0,1,0,-1,2,-1,107
7342,-3,0,-5,2,1,-2,-1,0,5,0,-1,-2,1,75
7343,-1,2,-3,0,3,-4,1,-2,3,2,1,0,-1,59
7344,1,-2,-1,-4,1,2,3,0,-3,-2,-1,0,1,51
7345,-1,-4,-3,-2,3,0,5,-2,-5,0,1,2,-1,99
7346,-3,-4,1,-2,-1,4,1,-2,-1,0,1,-2,1,59
7347,-1,-6,-1,0,1,2,3,-4,-3,2,3,0,-1,91
7348,-3,-2,1,-6,3,0,1,2,-1,0,-3,0,1,75
7349,-5,0,-1,-4,5,-2,3,0,-3,2,-1,2,-1,99
7350,-3,-4,3,-4,1,2,-1,0,1,2,-1,-2,1,67
7351,-1,-2,1,-2,3,0,1,-2,-1,4,1,0,-1,43
7352,1,-2,-5,-2,-1,0,5,2,-1,-4,-1,0,1,83
7353,-1,-4,-3,0,1,-2,7,0,-3,-2,1,2,-1,99
7354,-3,0,-3,0,-3,2,3,0,1,-2,1,-2,1,51
7355,-1,-2,-1,2,-1,0,5,-2,-1,0,3,0,-1,51
7356,1,-2,-3,-4,1,-2,3,4,1,-2,-3,0,1,75
7357,-1,0,-1,-2,3,-4,5,2,-1,0,-1,2,-1,67
7358,1,0,-1,-2,-1,0,1,2,3,0,-1,-2,1,27
7359,3,2,1,0,1,-2,3,0,1,2,1,0,-1,35
7360,5,-2,-1,4,3,-2,-3,0,-1,-2,-1,0,1,75
7361,3,-4,-3,2,1,0,-1,-2,-3,0,1,2,-1,59
7362,1,-4,-3,2,5,0,-5,-2,1,0,1,-2,1,91
7363,3,-6,-5,0,3,2,-3,-4,-1,2,3,0,-1,123
7364,1,-6,-3,6,5,-4,-5,2,1,0,-3,0,1,163
7365,-1,-4,-5,4,3,-2,-3,0,-1,2,-1,2,-1,91
7366,1,-8,-5,4,7,-2,-7,0,3,2,-1,-2,1,227
7367,3,-6,-7,2,5,0,-5,-2,1,4,1,0,-1,171
7368,1,-6,-1,6,1,-4,-1,2,1,-4,-1,0,1,115
7369,-1,-8,1,4,-1,-2,1,0,-1,-2,1,2,-1,99
7370,-3,-4,-3,4,3,-2,-3,0,3,-2,1,-2,1,91
7371,-1,-6,-1,2,1,0,-1,-2,1,0,3,0,-1,59
7372,1,-10,-3,8,3,-6,-3,4,3,-2,-3,0,1,267
7373,-1,-8,-1,6,1,-4,-1,2,1,0,-1,2,-1,131
7374,1,-8,-5,6,5,-4,-5,2,5,0,-1,-2,1,227
7375,3,-6,-3,4,3,-2,-3,0,3,2,1,0,-1,107
7376,1,-2,-1,0,1,0,-1,2,-3,-2,-1,0,1,27
7377,-1,-4,-3,2,-1,2,1,0,-5,0,1,2,-1,67
7378,-3,-4,1,-2,3,2,-3,0,-1,0,1,-2,1,59
7379,-1,-6,-1,0,1,4,-1,-2,-3,2,3,0,-1,83
7380,-3,-2,-3,2,3,-2,-3,4,-1,0,-3,0,1,75
7381,-5,0,-5,4,1,0,-1,2,-3,2,-1,2,-1,91
7382,-3,-4,-1,0,5,0,-5,2,1,2,-1,-2,1,91
7383,-1,-2,-3,2,3,2,-3,0,-1,4,1,0,-1,59
7384,1,-6,-1,2,-1,-2,1,4,-1,-4,-1,0,1,83
7385,-1,-8,1,4,-3,0,3,2,-3,-2,1,2,-1,123
7386,-3,-4,1,0,1,0,-1,2,1,-2,1,-2,1,43
7387,-1,-6,3,2,-1,2,1,0,-1,0,3,0,-1,67
7388,1,-6,-3,4,1,-4,-1,6,1,-2,-3,0,1,131
7389,-1,-4,-1,6,-1,-2,1,4,-1,0,-1,2,-1,83
7390,1,-4,-1,2,3,-2,-3,4,3,0,-1,-2,1,75
7391,3,-2,1,4,1,0,-1,2,1,2,1,0,-1,43
7392,5,-2,-5,0,3,0,-1,-2,-1,-2,-1,0,1,75
7393,3,-4,-7,-2,5,2,1,-4,-3,0,1,2,-1,139
7394,1,-4,-7,2,5,2,-3,-4,1,0,1,-2,1,131
7395,3,-6,-9,0,7,4,-1,-6,-1,2,3,0,-1,243
7396,1,-6,-3,2,5,-2,-3,0,1,0,-3,0,1,99
7397,-1,-4,-5,0,7,0,-1,-2,-1,2,-1,2,-1,107
7398,1,-8,-5,4,7,0,-5,-2,3,2,-1,-2,1,203
7399,3,-6,-7,2,9,2,-3,-4,1,4,1,0,-1,227
7400,1,-2,-5,2,1,-2,1,0,1,-4,-1,0,1,59
7401,-1,-4,-3,0,3,0,3,-2,-1,-2,1,2,-1,59
7402,-3,0,-7,4,3,0,-1,-2,3,-2,1,-2,1,107
7403,-1,-2,-5,2,5,2,1,-4,1,0,3,0,-1,91
7404,1,-6,-3,4,3,-4,-1,2,3,-2,-3,0,1,115
7405,-1,-4,-1,2,5,-2,1,0,1,0,-1,2,-1,59
7406,1,-4,-5,6,5,-2,-3,0,5,0,-1,-2,1,147
7407,3,-2,-3,4,7,0,-1,-2,3,2,1,0,-1,107
7408,5,-2,-5,-4,1,2,1,0,-3,-2,-1,0,1,91
7409,3,-4,-7,-2,3,4,3,-2,-5,0,1,2,-1,147
7410,1,-4,-3,-2,3,4,-1,-2,-1,0,1,-2,1,67
7411,3,-6,-5,0,5,6,1,-4,-3,2,3,0,-1,171
7412,1,-2,-3,-2,3,0,-1,2,-1,0,-3,0,1,43
7413,-1,0,-5,0,5,2,1,0,-3,2,-1,2,-1,75
7414,1,-4,-1,0,5,2,-3,0,1,2,-1,-2,1,67
7415,3,-2,-3,2,7,4,-1,-2,-1,4,1,0,-1,115
7416,5,-2,-5,-2,-1,0,3,2,-1,-4,-1,0,1,91
7417,3,-4,-3,0,1,2,5,0,-3,-2,1,2,-1,83
7418,1,0,-3,0,1,2,1,0,1,-2,1,-2,1,27
7419,3,-2,-1,2,3,4,3,-2,-1,0,3,0,-1,67
7420,5,-2,-3,0,1,-2,1,4,1,-2,-3,0,1,75
7421,3,0,-1,2,3,0,3,2,-1,0,-1,2,-1,43
7422,5,0,-1,2,3,0,-1,2,3,0,-1,-2,1,59
7423,7,2,1,4,5,2,1,0,1,2,1,0,-1,107
7424,5,6,3,4,-1,0,-1,-2,-1,-2,-1,0,1,99
7425,3,4,1,2,-3,-2,-3,0,-3,0,1,2,-1,67
7426,1,4,1,2,-3,-2,1,-4,1,0,1,-2,1,59
7427,3,2,-1,0,-5,-4,-1,-2,-1,2,3,0,-1,75
7428,1,2,1,2,-3,2,-3,0,1,0,-3,0,1,43
7429,-1,4,-1,0,-5,0,-5,2,-1,2,-1,2,-1,83
7430,1,0,-1,0,-5,0,-1,-2,3,2,-1,-2,1,51
7431,3,2,-3,-2,-7,-2,-3,0,1,4,1,0,-1,107
7432,1,2,-1,2,1,-2,1,0,1,-4,-1,0,1,35
7433,-1,0,1,0,-1,-4,-1,2,-1,-2,1,2,-1,35
7434,-3,4,-3,0,-1,-4,3,-2,3,-2,1,-2,1,83
7435,-1,2,-1,-2,-3,-6,1,0,1,0,3,0,-1,67
7436,1,-2,-3,0,-1,0,-1,2,3,-2,-3,0,1,43
7437,-1,0,-1,-2,-3,-2,-3,4,1,0,-1,2,-1,51
7438,1,0,-5,-2,-3,-2,1,0,5,0,-1,-2,1,75
7439,3,2,-3,-4,-5,-4,-1,2,3,2,1,0,-1,99
7440,1,2,-1,4,-3,2,1,0,-3,-2,-1,0,1,51
7441,-1,0,-3,6,-5,0,-1,2,-5,0,1,2,-1,107
7442,-3,0,1,2,-5,0,3,-2,-1,0,1,-2,1,59
7443,-1,-2,-1,4,-7,-2,1,0,-3,2,3,0,-1,99
7444,-3,2,-3,2,-5,4,-1,2,-1,0,-3,0,1,83
7445,-5,4,-5,4,-7,2,-3,4,-3,2,-1,2,-1,179
7446,-3,0,-1,0,-7,2,1,0,1,2,-1,-2,1,75
7447,-1,2,-3,2,-9,0,-1,2,-1,4,1,0,-1,123
7448,1,-2,-5,2,-1,0,3,2,-1,-4,-1,0,1,67
7449,-1,-4,-3,4,-3,-2,1,4,-3,-2,1,2,-1,91
7450,-3,0,-3,0,-3,-2,5,0,1,-2,1,-2,1,67
7451,-1,-2,-1,2,-5,-4,3,2,-1,0,3,0,-1,75
7452,1,-2,-7,0,-3,2,1,4,1,-2,-3,0,1,99
7453,-1,0,-5,2,-5,0,-1,6,-1,0,-1,2,-1,99
7454,1,0,-5,-2,-5,0,3,2,3,0,-1,-2,1,83
7455,3,2,-3,0,-7,-2,1,4,1,2,1,0,-1,99
7456,1,2,3,0,-1,2,1,-4,-1,-2,-1,0,1,43
7457,-1,0,1,-2,1,0,-1,-2,-3,0,1,2,-1,27
7458,-3,0,1,2,-3,0,3,-6,1,0,1,-2,1,75
7459,-1,-2,-1,0,-1,-2,1,-4,-1,2,3,0,-1,43
7460,-3,-2,5,-2,-3,4,-1,-2,1,0,-3,0,1,83
7461,-5,0,3,-4,-1,2,-3,0,-1,2,-1,2,-1,75
7462,-3,-4,3,0,-5,2,1,-4,3,2,-1,-2,1,99
7463,-1,-2,1,-2,-3,0,-1,-2,1,4,1,0,-1,43
7464,-3,2,-1,-2,1,0,3,-2,1,-4,-1,0,1,51
7465,-5,0,1,-4,3,-2,1,0,-1,-2,1,2,-1,67
7466,-7,4,-3,0,-1,-2,5,-4,3,-2,1,-2,1,139
7467,-5,2,-1,-2,1,-4,3,-2,1,0,3,0,-1,75
7468,-3,-2,1,-4,-1,2,1,0,3,-2,-3,0,1,59
7469,-5,0,3,-6,1,0,-1,2,1,0,-1,2,-1,83
7470,-3,0,-1,-2,-3,0,3,-2,5,0,-1,-2,1,67
7471,-1,2,1,-4,-1,-2,1,0,3,2,1,0,-1,43
7472,1,-2,-1,0,-3,4,3,-2,-3,-2,-1,0,1,59
7473,-1,-4,-3,2,-1,2,1,0,-5,0,1,2,-1,67
7474,-3,-4,1,2,-5,2,5,-4,-1,0,1,-2,1,107
7475,-1,-6,-1,4,-3,0,3,-2,-3,2,3,0,-1,99
7476,-3,-2,1,-2,-5,6,1,0,-1,0,-3,0,1,91
7477,-5,0,-1,0,-3,4,-1,2,-3,2,-1,2,-1,75
7478,-3,-4,3,0,-7,4,3,-2,1,2,-1,-2,1,123
7479,-1,-2,1,2,-5,2,1,0,-1,4,1,0,-1,59
7480,1,-2,-5,-2,-1,2,5,0,-1,-4,-1,0,1,83
7481,-1,-4,-3,0,1,0,3,2,-3,-2,1,2,-1,59
7482,-3,0,-3,0,-3,0,7,-2,1,-2,1,-2,1,91
7483,-1,-2,-1,2,-1,-2,5,0,-1,0,3,0,-1,51
7484,1,-2,-3,-4,-3,4,3,2,1,-2,-3,0,1,83
7485,-1,0,-1,-2,-1,2,1,4,-1,0,-1,2,-1,35
7486,1,0,-1,-2,-5,2,5,0,3,0,-1,-2,1,75
7487,3,2,1,0,-3,0,3,2,1,2,1,0,-1,43
7488,1,6,-1,4,-1,0,-3,-2,-1,-2,-1,0,1,75
7489,-1,4,-3,2,-3,2,-5,0,-3,0,1,2,-1,83
7490,-3,4,-3,2,1,-2,-1,-4,1,0,1,-2,1,67
7491,-1,2,-5,0,-1,0,-3,-2,-1,2,3,0,-1,59
7492,-3,2,-3,6,-3,2,-5,0,1,0,-3,0,1,107
7493,-5,4,-5,4,-5,4,-7,2,-1,2,-1,2,-1,187
7494,-3,0,-5,4,-1,0,-3,-2,3,2,-1,-2,1,83
7495,-1,2,-7,2,-3,2,-5,0,1,4,1,0,-1,115
7496,-3,2,-1,2,1,-2,-1,0,1,-4,-1,0,1,43
7497,-5,0,1,0,-1,0,-3,2,-1,-2,1,2,-1,51
7498,-7,4,-3,0,3,-4,1,-2,3,-2,1,-2,1,123
7499,-5,2,-1,-2,1,-2,-1,0,1,0,3,0,-1,51
7500,-3,-2,-3,4,-1,0,-3,2,3,-2,-3,0,1,75
7501,-5,0,-1,2,-3,2,-5,4,1,0,-1,2,-1,91
7502,-3,0,-5,2,1,-2,-1,0,5,0,-1,-2,1,75
7503,-1,2,-3,0,-1,0,-3,2,3,2,1,0,-1,43
7504,-3,6,-5,4,-3,2,-1,0,-3,-2,-1,0,1,115
7505,-5,4,-7,6,-5,4,-3,2,-5,0,1,2,-1,211
7506,-7,4,-3,2,-1,0,1,-2,-1,0,1,-2,1,91
7507,-5,2,-5,4,-3,2,-1,0,-3,2,3,0,-1,107
7508,-7,6,-7,6,-5,4,-3,2,-1,0,-3,0,1,235
7509,-9,8,-9,8,-7,6,-5,4,-3,2,-1,2,-1,435
7510,-7,4,-5,4,-3,2,-1,0,1,2,-1,-2,1,131
7511,-5,6,-7,6,-5,4,-3,2,-1,4,1,0,-1,219
7512,-3,2,-5,2,-1,0,1,2,-1,-4,-1,0,1,67
7513,-5,0,-3,4,-3,2,-1,4,-3,-2,1,2,-1,99
7514,-7,4,-3,0,1,-2,3,0,1,-2,1,-2,1,99
7515,-5,2,-1,2,-1,0,1,2,-1,0,3,0,-1,51
7516,-3,2,-7,4,-3,2,-1,4,1,-2,-3,0,1,123
7517,-5,4,-5,6,-5,4,-3,6,-1,0,-1,2,-1,195
7518,-3,4,-5,2,-1,0,1,2,3,0,-1,-2,1,75
7519,-1,6,-3,4,-3,2,-1,4,1,2,1,0,-1,99
7520,1,2,-1,0,-1,2,-1,-4,-1,-2,-1,0,1,35
7521,-1,0,-3,-2,1,4,-3,-2,-3,0,1,2,-1,59
7522,-3,0,-3,2,1,0,1,-6,1,0,1,-2,1,67
7523,-1,-2,-5,0,3,2,-1,-4,-1,2,3,0,-1,75
7524,-3,-2,1,2,-3,4,-3,-2,1,0,-3,0,1,67
7525,-5,0,-1,0,-1,6,-5,0,-1,2,-1,2,-1,99
7526,-3,-4,-1,4,-1,2,-1,-4,3,2,-1,-2,1,83
7527,-1,-2,-3,2,1,4,-3,-2,1,4,1,0,-1,67
7528,-3,2,-1,-2,1,0,1,-2,1,-4,-1,0,1,43
7529,-5,0,1,-4,3,2,-1,0,-1,-2,1,2,-1,67
7530,-7,4,-3,0,3,-2,3,-4,3,-2,1,-2,1,131
7531,-5,2,-1,-2,5,0,1,-2,1,0,3,0,-1,75
7532,-3,-2,1,0,-1,2,-1,0,3,-2,-3,0,1,43
7533,-5,0,3,-2,1,4,-3,2,1,0,-1,2,-1,75
7534,-3,0,-1,2,1,0,1,-2,5,0,-1,-2,1,51
7535,-1,2,1,0,3,2,-1,0,3,2,1,0,-1,35
7536,1,2,-5,0,-3,4,1,-2,-3,-2,-1,0,1,75
7537,-1,0,-7,2,-1,6,-1,0,-5,0,1,2,-1,123
7538,-3,0,-3,2,-1,2,3,-4,-1,0,1,-2,1,59
7539,-1,-2,-5,4,1,4,1,-2,-3,2,3,0,-1,91
7540,-3,2,-3,2,-5,6,-1,0,-1,0,-3,0,1,99
7541,-5,4,-5,4,-3,8,-3,2,-3,2,-1,2,-1,187
7542,-3,0,-1,4,-3,4,1,-2,1,2,-1,-2,1,67
7543,-1,2,-3,6,-1,6,-1,0,-1,4,1,0,-1,107
7544,1,2,-5,-2,-1,2,3,0,-1,-4,-1,0,1,67
7545,-1,0,-3,0,1,4,1,2,-3,-2,1,2,-1,51
7546,-3,4,-3,0,1,0,5,-2,1,-2,1,-2,1,75
7547,-1,2,-1,2,3,2,3,0,-1,0,3,0,-1,43
7548,1,2,-3,0,-3,4,1,2,1,-2,-3,0,1,59
7549,-1,4,-1,2,-1,6,-1,4,-1,0,-1,2,-1,83
7550,1,4,-1,2,-1,2,3,0,3,0,-1,-2,1,51
7551,3,6,1,4,1,4,1,2,1,2,1,0,-1,91
7552,5,2,3,4,-1,-4,-3,-2,-1,-2,-1,0,1,91
7553,3,0,1,2,-3,-6,-1,0,-3,0,1,2,-1,75
7554,1,0,1,2,-3,-2,-1,-4,1,0,1,-2,1,43
7555,3,-2,-1,0,-5,-4,1,-2,-1,2,3,0,-1,75
7556,1,-2,1,2,1,-2,-5,0,1,0,-3,0,1,51
7557,-1,0,-1,0,-1,-4,-3,2,-1,2,-1,2,-1,43
7558,1,-4,-1,0,-1,0,-3,-2,3,2,-1,-2,1,51
7559,3,-2,-3,-2,-3,-2,-1,0,1,4,1,0,-1,59
7560,1,-2,-1,6,1,-6,-1,0,1,-4,-1,0,1,99
7561,-1,-4,1,4,-1,-8,1,2,-1,-2,1,2,-1,115
7562,-3,0,-3,4,-1,-4,1,-2,3,-2,1,-2,1,75
7563,-1,-2,-1,2,-3,-6,3,0,1,0,3,0,-1,75
7564,1,-6,-3,4,3,-4,-3,2,3,-2,-3,0,1,123
7565,-1,-4,-1,2,1,-6,-1,4,1,0,-1,2,-1,83
7566,1,-4,-5,2,1,-2,-1,0,5,0,-1,-2,1,83
7567,3,-2,-3,0,-1,-4,1,2,3,2,1,0,-1,59
7568,1,-2,3,4,-3,-2,-1,0,-3,-2,-1,0,1,59
7569,-1,-4,1,6,-5,-4,1,2,-5,0,1,2,-1,131
7570,-3,-4,5,2,-5,0,1,-2,-1,0,1,-2,1,91
7571,-1,-6,3,4,-7,-2,3,0,-3,2,3,0,-1,147
7572,-3,-2,1,2,-1,0,-3,2,-1,0,-3,0,1,43
7573,-5,0,-1,4,-3,-2,-1,4,-3,2,-1,2,-1,91
7574,-3,-4,3,0,-3,2,-1,0,1,2,-1,-2,1,59
7575,-1,-2,1,2,-5,0,1,2,-1,4,1,0,-1,59
7576,1,-6,-1,6,-1,-4,1,2,-1,-4,-1,0,1,115
7577,-1,-8,1,8,-3,-6,3,4,-3,-2,1,2,-1,219
7578,-3,-4,1,4,-3,-2,3,0,1,-2,1,-2,1,75
7579,-1,-6,3,6,-5,-4,5,2,-1,0,3,0,-1,163
7580,1,-6,-3,4,1,-2,-1,4,1,-2,-3,0,1,99
7581,-1,-4,-1,6,-1,-4,1,6,-1,0,-1,2,-1,115
7582,1,-4,-1,2,-1,0,1,2,3,0,-1,-2,1,43
7583,3,-2,1,4,-3,-2,3,4,1,2,1,0,-1,75
7584,1,2,3,0,-1,-2,-1,-4,-1,-2,-1,0,1,43
7585,-1,0,1,-2,1,-4,1,-2,-3,0,1,2,-1,43
7586,-3,0,1,2,-3,0,1,-6,1,0,1,-2,1,67
7587,-1,-2,-1,0,-1,-2,3,-4,-1,2,3,0,-1,51
7588,-3,-2,5,-2,1,0,-3,-2,1,0,-3,0,1,67
7589,-5,0,3,-4,3,-2,-1,0,-1,2,-1,2,-1,75
7590,-3,-4,3,0,-1,2,-1,-4,3,2,-1,-2,1,75
7591,-1,-2,1,-2,1,0,1,-2,1,4,1,0,-1,35
7592,-3,2,-1,2,1,-4,1,-2,1,-4,-1,0,1,59
7593,-5,0,1,0,3,-6,3,0,-1,-2,1,2,-1,91
7594,-7,4,-3,4,-1,-2,3,-4,3,-2,1,-2,1,139
7595,-5,2,-1,2,1,-4,5,-2,1,0,3,0,-1,91
7596,-3,-2,1,0,3,-2,-1,0,3,-2,-3,0,1,51
7597,-5,0,3,-2,5,-4,1,2,1,0,-1,2,-1,91
7598,-3,0,-1,2,1,0,1,-2,5,0,-1,-2,1,51
7599,-1,2,1,0,3,-2,3,0,3,2,1,0,-1,43
7600,1,-2,3,0,-3,0,1,-2,-3,-2,-1,0,1,43
7601,-1,-4,1,2,-1,-2,3,0,-5,0,1,2,-1,67
7602,-3,-4,5,2,-5,2,3,-4,-1,0,1,-2,1,115
7603,-1,-6,3,4,-3,0,5,-2,-3,2,3,0,-1,123
7604,-3,-2,5,-2,-1,2,-1,0,-1,0,-3,0,1,59
7605,-5,0,3,0,1,0,1,2,-3,2,-1,2,-1,59
7606,-3,-4,7,0,-3,4,1,-2,1,2,-1,-2,1,115
7607,-1,-2,5,2,-1,2,3,0,-1,4,1,0,-1,67
7608,1,-2,-1,2,-1,-2,3,0,-1,-4,-1,0,1,43
7609,-1,-4,1,4,1,-4,5,2,-3,-2,1,2,-1,99
7610,-3,0,1,4,-3,0,5,-2,1,-2,1,-2,1,75
7611,-1,-2,3,6,-1,-2,7,0,-1,0,3,0,-1,115
7612,1,-2,1,0,1,0,1,2,1,-2,-3,0,1,27
7613,-1,0,3,2,3,-2,3,4,-1,0,-1,2,-1,59
7614,1,0,3,2,-1,2,3,0,3,0,-1,-2,1,43
7615,3,2,5,4,1,0,5,2,1,2,1,0,-1,91
7616,5,2,-1,4,-1,-4,-5,-2,-1,-2,-1,0,1,99
7617,3,0,-3,2,-3,-2,-3,0,-3,0,1,2,-1,59
7618,1,0,-3,2,1,-2,-3,-4,1,0,1,-2,1,51
7619,3,-2,-5,0,-1,0,-1,-2,-1,2,3,0,-1,59
7620,1,-2,-3,6,1,-2,-7,0,1,0,-3,0,1,115
7621,-1,0,-5,4,-1,0,-5,2,-1,2,-1,2,-1,83
7622,1,-4,-5,4,3,0,-5,-2,3,2,-1,-2,1,115
7623,3,-2,-7,2,1,2,-3,0,1,4,1,0,-1,99
7624,1,-2,-1,6,1,-6,-3,0,1,-4,-1,0,1,107
7625,-1,-4,1,4,-1,-4,-1,2,-1,-2,1,2,-1,67
7626,-3,0,-3,4,3,-4,-1,-2,3,-2,1,-2,1,83
7627,-1,-2,-1,2,1,-2,1,0,1,0,3,0,-1,27
7628,1,-6,-3,8,3,-4,-5,2,3,-2,-3,0,1,187
7629,-1,-4,-1,6,1,-2,-3,4,1,0,-1,2,-1,91
7630,1,-4,-5,6,5,-2,-3,0,5,0,-1,-2,1,147
7631,3,-2,-3,4,3,0,-1,2,3,2,1,0,-1,67
7632,1,2,-1,4,-3,-2,-3,0,-3,-2,-1,0,1,59
7633,-1,0,-3,6,-5,0,-1,2,-5,0,1,2,-1,107
7634,-3,0,1,2,-1,0,-1,-2,-1,0,1,-2,1,27
7635,-1,-2,-1,4,-3,2,1,0,-3,2,3,0,-1,59
7636,-3,2,-3,6,-1,0,-5,2,-1,0,-3,0,1,99
7637,-5,4,-5,8,-3,2,-3,4,-3,2,-1,2,-1,187
7638,-3,0,-1,4,1,2,-3,0,1,2,-1,-2,1,51
7639,-1,2,-3,6,-1,4,-1,2,-1,4,1,0,-1,91
7640,1,-2,-1,6,-1,-4,-1,2,-1,-4,-1,0,1,83
7641,-1,-4,1,8,-3,-2,1,4,-3,-2,1,2,-1,131
7642,-3,0,1,4,1,-2,1,0,1,-2,1,-2,1,43
7643,-1,-2,3,6,-1,0,3,2,-1,0,3,0,-1,75
7644,1,-2,-3,8,1,-2,-3,4,1,-2,-3,0,1,123
7645,-1,0,-1,10,-1,0,-1,6,-1,0,-1,2,-1,147
7646,1,0,-1,6,3,0,-1,2,3,0,-1,-2,1,67
7647,3,2,1,8,1,2,1,4,1,2,1,0,-1,107
7648,5,2,-1,0,-1,-2,-3,-4,-1,-2,-1,0,1,67
7649,3,0,-3,-2,1,0,-1,-2,-3,0,1,2,-1,43
7650,1,0,-3,2,1,0,-1,-6,1,0,1,-2,1,59
7651,3,-2,-5,0,3,2,1,-4,-1,2,3,0,-1,83
7652,1,-2,1,2,1,0,-5,-2,1,0,-3,0,1,51
7653,-1,0,-1,0,3,2,-3,0,-1,2,-1,2,-1,35
7654,1,-4,-1,4,3,2,-3,-4,3,2,-1,-2,1,91
7655,3,-2,-3,2,5,4,-1,-2,1,4,1,0,-1,91
7656,1,2,-1,2,1,-4,-1,-2,1,-4,-1,0,1,51
7657,-1,0,1,0,3,-2,1,0,-1,-2,1,2,-1,27
7658,-3,4,-3,4,3,-2,1,-4,3,-2,1,-2,1,99
7659,-1,2,-1,2,5,0,3,-2,1,0,3,0,-1,59
7660,1,-2,1,4,3,-2,-3,0,3,-2,-3,0,1,67
7661,-1,0,3,2,5,0,-1,2,1,0,-1,2,-1,51
7662,1,0,-1,6,5,0,-1,-2,5,0,-1,-2,1,99
7663,3,2,1,4,7,2,1,0,3,2,1,0,-1,99
7664,5,2,-1,0,-3,0,-1,-2,-3,-2,-1,0,1,59
7665,3,0,-3,2,-1,2,1,0,-5,0,1,2,-1,59
7666,1,0,1,2,-1,2,1,-4,-1,0,1,-2,1,35
7667,3,-2,-1,4,1,4,3,-2,-3,2,3,0,-1,83
7668,1,2,1,2,-1,2,-3,0,-1,0,-3,0,1,35
7669,-1,4,-1,4,1,4,-1,2,-3,2,-1,2,-1,75
7670,1,0,3,4,1,4,-1,-2,1,2,-1,-2,1,59
7671,3,2,1,6,3,6,1,0,-1,4,1,0,-1,115
7672,5,2,-1,2,-1,-2,1,0,-1,-4,-1,0,1,59
7673,3,0,1,4,1,0,3,2,-3,-2,1,2,-1,59
7674,1,4,1,4,1,0,3,-2,1,-2,1,-2,1,59
7675,3,2,3,6,3,2,5,0,-1,0,3,0,-1,107
7676,5,2,1,4,1,0,-1,2,1,-2,-3,0,1,67
7677,3,4,3,6,3,2,1,4,-1,0,-1,2,-1,107
7678,5,4,3,6,3,2,1,0,3,0,-1,-2,1,115
7679,7,6,5,8,5,4,3,2,1,2,1,0,-1,235
7680,9,6,3,0,1,0,-1,-2,-3,-2,-1,0,1,147
7681,7,4,1,-2,-1,-2,-3,-4,-1,0,1,2,-1,107
7682,5,4,1,-2,-1,-2,-3,0,-1,0,1,-2,1,67
7683,7,2,-1,-4,-3,-4,-5,-2,1,2,3,0,-1,139
7684,5,2,1,-2,-1,-2,1,0,-1,0,-3,0,1,51
7685,3,4,-1,-4,-3,-4,-1,-2,1,2,-1,2,-1,83
7686,5,0,-1,-4,-3,-4,-1,2,1,2,-1,-2,1,83
7687,7,2,-3,-6,-5,-6,-3,0,3,4,1,0,-1,195
7688,5,2,-1,-2,-1,2,1,0,-1,-4,-1,0,1,59
7689,3,0,1,-4,-3,0,-1,-2,1,-2,1,2,-1,51
7690,1,4,-3,-4,-3,0,-1,2,1,-2,1,-2,1,67
7691,3,2,-1,-6,-5,-2,-3,0,3,0,3,0,-1,107
7692,5,-2,-3,-4,-3,0,3,2,1,-2,-3,0,1,91
7693,3,0,-1,-6,-5,-2,1,0,3,0,-1,2,-1,91
7694,5,0,-5,-6,-5,-2,1,4,3,0,-1,-2,1,147
7695,7,2,-3,-8,-7,-4,-1,2,5,2,1,0,-1,227
7696,5,2,-1,-4,3,2,1,0,-5,-2,-1,0,1,91
7697,3,0,-3,-2,1,0,-1,-2,-3,0,1,2,-1,43
7698,1,0,1,-6,1,0,-1,2,-3,0,1,-2,1,59
7699,3,-2,-1,-4,-1,-2,-3,0,-1,2,3,0,-1,59
7700,1,2,-3,-6,1,0,3,2,-3,0,-3,0,1,83
7701,-1,4,-5,-4,-1,-2,1,0,-1,2,-1,2,-1,75
7702,1,0,-1,-8,-1,-2,1,4,-1,2,-1,-2,1,99
7703,3,2,-3,-6,-3,-4,-1,2,1,4,1,0,-1,107
7704,5,-2,-5,-6,1,4,3,2,-3,-4,-1,0,1,147
7705,3,-4,-3,-4,-1,2,1,0,-1,-2,1,2,-1,67
7706,1,0,-3,-8,-1,2,1,4,-1,-2,1,-2,1,107
7707,3,-2,-1,-6,-3,0,-1,2,1,0,3,0,-1,75
7708,5,-2,-7,-8,-1,2,5,4,-1,-2,-3,0,1,203
7709,3,0,-5,-6,-3,0,3,2,1,0,-1,2,-1,99
7710,5,0,-5,-10,-3,0,3,6,1,0,-1,-2,1,211
7711,7,2,-3,-8,-5,-2,1,4,3,2,1,0,-1,187
7712,5,2,-1,0,1,2,1,-4,-3,-2,-1,0,1,67
7713,3,0,-3,-2,3,0,-1,-6,-1,0,1,2,-1,75
7714,1,0,-3,2,-1,0,-1,-2,-1,0,1,-2,1,27
7715,3,-2,-5,0,1,-2,-3,-4,1,2,3,0,-1,83
7716,1,-2,1,-2,-1,0,3,-2,-1,0,-3,0,1,35
7717,-1,0,-1,-4,1,-2,1,-4,1,2,-1,2,-1,51
7718,1,-4,-1,0,-3,-2,1,0,1,2,-1,-2,1,43
7719,3,-2,-3,-2,-1,-4,-1,-2,3,4,1,0,-1,75
7720,1,2,-5,-2,-1,4,3,-2,-1,-4,-1,0,1,83
7721,-1,0,-3,-4,1,2,1,-4,1,-2,1,2,-1,59
7722,-3,4,-7,0,-3,2,1,0,1,-2,1,-2,1,99
7723,-1,2,-5,-2,-1,0,-1,-2,3,0,3,0,-1,59
7724,1,-2,-3,-4,-3,2,5,0,1,-2,-3,0,1,83
7725,-1,0,-1,-6,-1,0,3,-2,3,0,-1,2,-1,67
7726,1,0,-5,-2,-5,0,3,2,3,0,-1,-2,1,83
7727,3,2,-3,-4,-3,-2,1,0,5,2,1,0,-1,83
7728,5,-2,-5,-4,3,4,3,-2,-5,-2,-1,0,1,139
7729,3,-4,-7,-2,5,2,1,-4,-3,0,1,2,-1,139
7730,1,-4,-3,-2,1,2,1,0,-3,0,1,-2,1,51
7731,3,-6,-5,0,3,0,-1,-2,-1,2,3,0,-1,99
7732,1,-2,-3,-6,1,2,5,0,-3,0,-3,0,1,99
7733,-1,0,-5,-4,3,0,3,-2,-1,2,-1,2,-1,75
7734,1,-4,-1,-4,-1,0,3,2,-1,2,-1,-2,1,59
7735,3,-2,-3,-2,1,-2,1,0,1,4,1,0,-1,51
7736,5,-2,-9,-6,1,6,5,0,-3,-4,-1,0,1,235
7737,3,-4,-7,-4,3,4,3,-2,-1,-2,1,2,-1,139
7738,1,0,-7,-4,-1,4,3,2,-1,-2,1,-2,1,107
7739,3,-2,-5,-2,1,2,1,0,1,0,3,0,-1,59
7740,5,-2,-7,-8,-1,4,7,2,-1,-2,-3,0,1,227
7741,3,0,-5,-6,1,2,5,0,1,0,-1,2,-1,107
7742,5,0,-5,-6,-3,2,5,4,1,0,-1,-2,1,147
7743,7,2,-3,-4,-1,0,3,2,3,2,1,0,-1,107
7744,5,2,3,0,1,0,-3,-2,-3,-2,-1,0,1,67
7745,3,0,1,-2,-1,2,-5,-4,-1,0,1,2,-1,67
7746,1,0,1,-2,3,-2,-5,0,-1,0,1,-2,1,51
7747,3,-2,-1,-4,1,0,-7,-2,1,2,3,0,-1,99
7748,1,-2,1,2,-1,-2,-1,0,-1,0,-3,0,1,27
7749,-1,0,-1,0,-3,0,-3,-2,1,2,-1,2,-1,35
7750,1,-4,-1,0,1,-4,-3,2,1,2,-1,-2,1,59
7751,3,-2,-3,-2,-1,-2,-5,0,3,4,1,0,-1,83
7752,1,-2,3,-2,-1,2,-1,0,-1,-4,-1,0,1,43
7753,-1,-4,5,-4,-3,4,-3,-2,1,-2,1,2,-1,107
7754,-3,0,1,-4,1,0,-3,2,1,-2,1,-2,1,51
7755,-1,-2,3,-6,-1,2,-5,0,3,0,3,0,-1,99
7756,1,-6,1,0,-3,0,1,2,1,-2,-3,0,1,67
7757,-1,-4,3,-2,-5,2,-1,0,3,0,-1,2,-1,75
7758,1,-4,-1,-2,-1,-2,-1,4,3,0,-1,-2,1,59
7759,3,-2,1,-4,-3,0,-3,2,5,2,1,0,-1,83
7760,1,2,-1,-4,3,2,-1,0,-5,-2,-1,0,1,67
7761,-1,0,-3,-2,1,4,-3,-2,-3,0,1,2,-1,59
7762,-3,0,1,-6,5,0,-3,2,-3,0,1,-2,1,99
7763,-1,-2,-1,-4,3,2,-5,0,-1,2,3,0,-1,75
7764,-3,2,-3,-2,1,0,1,2,-3,0,-3,0,1,51
7765,-5,4,-5,0,-1,2,-1,0,-1,2,-1,2,-1,83
7766,-3,0,-1,-4,3,-2,-1,4,-1,2,-1,-2,1,67
7767,-1,2,-3,-2,1,0,-3,2,1,4,1,0,-1,51
7768,1,-2,-1,-6,1,4,1,2,-3,-4,-1,0,1,91
7769,-1,-4,1,-4,-1,6,-1,0,-1,-2,1,2,-1,83
7770,-3,0,1,-8,3,2,-1,4,-1,-2,1,-2,1,115
7771,-1,-2,3,-6,1,4,-3,2,1,0,3,0,-1,91
7772,1,-2,-3,-4,-1,2,3,4,-1,-2,-3,0,1,75
7773,-1,0,-1,-2,-3,4,1,2,1,0,-1,2,-1,43
7774,1,0,-1,-6,1,0,1,6,1,0,-1,-2,1,83
7775,3,2,1,-4,-1,2,-1,4,3,2,1,0,-1,67
7776,5,-2,-1,0,1,2,-1,-4,-3,-2,-1,0,1,67
7777,3,-4,-3,-2,3,4,-3,-6,-1,0,1,2,-1,115
7778,1,-4,-3,2,3,0,-3,-2,-1,0,1,-2,1,59
7779,3,-6,-5,0,5,2,-5,-4,1,2,3,0,-1,155
7780,1,-6,1,2,-1,0,1,-2,-1,0,-3,0,1,59
7781,-1,-4,-1,0,1,2,-1,-4,1,2,-1,2,-1,51
7782,1,-8,-1,4,1,-2,-1,0,1,2,-1,-2,1,99
7783,3,-6,-3,2,3,0,-3,-2,3,4,1,0,-1,107
7784,1,-2,-1,-2,-1,4,1,-2,-1,-4,-1,0,1,51
7785,-1,-4,1,-4,1,6,-1,-4,1,-2,1,2,-1,99
7786,-3,0,-3,0,1,2,-1,0,1,-2,1,-2,1,35
7787,-1,-2,-1,-2,3,4,-3,-2,3,0,3,0,-1,67
7788,1,-6,1,0,-3,2,3,0,1,-2,-3,0,1,75
7789,-1,-4,3,-2,-1,4,1,-2,3,0,-1,2,-1,67
7790,1,-4,-1,2,-1,0,1,2,3,0,-1,-2,1,43
7791,3,-2,1,0,1,2,-1,0,5,2,1,0,-1,51
7792,5,-2,-5,-4,3,4,1,-2,-5,-2,-1,0,1,131
7793,3,-4,-7,-2,5,6,-1,-4,-3,0,1,2,-1,171
7794,1,-4,-3,-2,5,2,-1,0,-3,0,1,-2,1,75
7795,3,-6,-5,0,7,4,-3,-2,-1,2,3,0,-1,163
7796,1,-2,-3,-2,1,2,3,0,-3,0,-3,0,1,51
7797,-1,0,-5,0,3,4,1,-2,-1,2,-1,2,-1,67
7798,1,-4,-1,0,3,0,1,2,-1,2,-1,-2,1,43
7799,3,-2,-3,2,5,2,-1,0,1,4,1,0,-1,75
7800,5,-2,-5,-6,1,6,3,0,-3,-4,-1,0,1,163
7801,3,-4,-3,-4,3,8,1,-2,-1,-2,1,2,-1,139
7802,1,0,-3,-4,3,4,1,2,-1,-2,1,-2,1,67
7803,3,-2,-1,-2,5,6,-1,0,1,0,3,0,-1,91
7804,5,-2,-3,-4,-1,4,5,2,-1,-2,-3,0,1,115
7805,3,0,-1,-2,1,6,3,0,1,0,-1,2,-1,67
7806,5,0,-1,-2,1,2,3,4,1,0,-1,-2,1,67
7807,7,2,1,0,3,4,1,2,3,2,1,0,-1,99
7808,5,6,3,0,1,-4,-3,-2,-3,-2,-1,0,1,115
7809,3,4,1,-2,-1,-6,-1,-4,-1,0,1,2,-1,91
7810,1,4,1,-2,-1,-2,-5,0,-1,0,1,-2,1,59
7811,3,2,-1,-4,-3,-4,-3,-2,1,2,3,0,-1,83
7812,1,2,1,-2,3,-6,-1,0,-1,0,-3,0,1,67
7813,-1,4,-1,-4,1,-8,1,-2,1,2,-1,2,-1,115
7814,1,0,-1,-4,1,-4,-3,2,1,2,-1,-2,1,59
7815,3,2,-3,-6,-1,-6,-1,0,3,4,1,0,-1,123
7816,1,2,-1,2,-1,-2,-1,0,-1,-4,-1,0,1,35
7817,-1,0,1,0,-3,-4,1,-2,1,-2,1,2,-1,43
7818,-3,4,-3,0,-3,0,-3,2,1,-2,1,-2,1,67
7819,-1,2,-1,-2,-5,-2,-1,0,3,0,3,0,-1,59
7820,1,-2,-3,0,1,-4,1,2,1,-2,-3,0,1,51
7821,-1,0,-1,-2,-1,-6,3,0,3,0,-1,2,-1,67
7822,1,0,-5,-2,-1,-2,-1,4,3,0,-1,-2,1,67
7823,3,2,-3,-4,-3,-4,1,2,5,2,1,0,-1,99
7824,1,2,3,-4,3,-2,-1,0,-5,-2,-1,0,1,75
7825,-1,0,1,-2,1,-4,1,-2,-3,0,1,2,-1,43
7826,-3,0,5,-6,1,0,-3,2,-3,0,1,-2,1,99
7827,-1,-2,3,-4,-1,-2,-1,0,-1,2,3,0,-1,51
7828,-3,2,1,-6,5,-4,1,2,-3,0,-3,0,1,115
7829,-5,4,-1,-4,3,-6,3,0,-1,2,-1,2,-1,123
7830,-3,0,3,-8,3,-2,-1,4,-1,2,-1,-2,1,123
7831,-1,2,1,-6,1,-4,1,2,1,4,1,0,-1,83
7832,1,-2,-1,-2,1,0,1,2,-3,-4,-1,0,1,43
7833,-1,-4,1,0,-1,-2,3,0,-1,-2,1,2,-1,43
7834,-3,0,1,-4,-1,2,-1,4,-1,-2,1,-2,1,59
7835,-1,-2,3,-2,-3,0,1,2,1,0,3,0,-1,43
7836,1,-2,-3,-4,3,-2,3,4,-1,-2,-3,0,1,83
7837,-1,0,-1,-2,1,-4,5,2,1,0,-1,2,-1,59
7838,1,0,-1,-6,1,0,1,6,1,0,-1,-2,1,83
7839,3,2,1,-4,-1,-2,3,4,3,2,1,0,-1,75
7840,1,6,-1,0,1,-2,-1,-4,-3,-2,-1,0,1,75
7841,-1,4,-3,-2,3,-4,1,-6,-1,0,1,2,-1,99
7842,-3,4,-3,2,-1,0,-3,-2,-1,0,1,-2,1,59
7843,-1,2,-5,0,1,-2,-1,-4,1,2,3,0,-1,67
7844,-3,2,1,-2,3,-4,1,-2,-1,0,-3,0,1,59
7845,-5,4,-1,-4,5,-6,3,-4,1,2,-1,2,-1,155
7846,-3,0,-1,0,1,-2,-1,0,1,2,-1,-2,1,27
7847,-1,2,-3,-2,3,-4,1,-2,3,4,1,0,-1,75
7848,-3,6,-5,2,-1,0,1,-2,-1,-4,-1,0,1,99
7849,-5,4,-3,0,1,-2,3,-4,1,-2,1,2,-1,91
7850,-7,8,-7,4,-3,2,-1,0,1,-2,1,-2,1,203
7851,-5,6,-5,2,-1,0,1,-2,3,0,3,0,-1,115
7852,-3,2,-3,0,1,-2,3,0,1,-2,-3,0,1,51
7853,-5,4,-1,-2,3,-4,5,-2,3,0,-1,2,-1,115
7854,-3,4,-5,2,-1,0,1,2,3,0,-1,-2,1,75
7855,-1,6,-3,0,1,-2,3,0,5,2,1,0,-1,91
7856,1,2,-1,-4,3,0,1,-2,-5,-2,-1,0,1,67
7857,-1,0,-3,-2,5,-2,3,-4,-3,0,1,2,-1,83
7858,-3,0,1,-2,1,2,-1,0,-3,0,1,-2,1,35
7859,-1,-2,-1,0,3,0,1,-2,-1,2,3,0,-1,35
7860,-3,2,1,-6,5,-2,3,0,-3,0,-3,0,1,107
7861,-5,4,-1,-4,7,-4,5,-2,-1,2,-1,2,-1,163
7862,-3,0,3,-4,3,0,1,2,-1,2,-1,-2,1,59
7863,-1,2,1,-2,5,-2,3,0,1,4,1,0,-1,67
7864,1,2,-5,-2,1,2,3,0,-3,-4,-1,0,1,75
7865,-1,0,-3,0,3,0,5,-2,-1,-2,1,2,-1,59
7866,-3,4,-3,0,-1,4,1,2,-1,-2,1,-2,1,67
7867,-1,2,-1,2,1,2,3,0,1,0,3,0,-1,35
7868,1,2,-3,-4,3,0,5,2,-1,-2,-3,0,1,83
7869,-1,4,-1,-2,5,-2,7,0,1,0,-1,2,-1,107
7870,1,4,-1,-2,1,2,3,4,1,0,-1,-2,1,59
7871,3,6,1,0,3,0,5,2,3,2,1,0,-1,99
7872,5,2,3,0,1,-4,-5,-2,-3,-2,-1,0,1,99
7873,3,0,1,-2,-1,-2,-3,-4,-1,0,1,2,-1,51
7874,1,0,1,-2,3,-2,-7,0,-1,0,1,-2,1,75
7875,3,-2,-1,-4,1,0,-5,-2,1,2,3,0,-1,75
7876,1,-2,1,2,3,-6,-3,0,-1,0,-3,0,1,75
7877,-1,0,-1,0,1,-4,-1,-2,1,2,-1,2,-1,35
7878,1,-4,-1,0,5,-4,-5,2,1,2,-1,-2,1,99
7879,3,-2,-3,-2,3,-2,-3,0,3,4,1,0,-1,75
7880,1,-2,3,2,-1,-2,-3,0,-1,-4,-1,0,1,51
7881,-1,-4,5,0,-3,0,-1,-2,1,-2,1,2,-1,67
7882,-3,0,1,0,1,0,-5,2,1,-2,1,-2,1,51
7883,-1,-2,3,-2,-1,2,-3,0,3,0,3,0,-1,51
7884,1,-6,1,4,1,-4,-1,2,1,-2,-3,0,1,91
7885,-1,-4,3,2,-1,-2,1,0,3,0,-1,2,-1,51
7886,1,-4,-1,2,3,-2,-3,4,3,0,-1,-2,1,75
7887,3,-2,1,0,1,0,-1,2,5,2,1,0,-1,51
7888,1,2,3,-4,3,-2,-3,0,-5,-2,-1,0,1,83
7889,-1,0,1,-2,1,0,-1,-2,-3,0,1,2,-1,27
7890,-3,0,5,-6,5,0,-5,2,-3,0,1,-2,1,139
7891,-1,-2,3,-4,3,2,-3,0,-1,2,3,0,-1,67
7892,-3,2,1,-2,5,-4,-1,2,-3,0,-3,0,1,83
7893,-5,4,-1,0,3,-2,1,0,-1,2,-1,2,-1,67
7894,-3,0,3,-4,7,-2,-3,4,-1,2,-1,-2,1,123
7895,-1,2,1,-2,5,0,-1,2,1,4,1,0,-1,59
7896,1,-2,3,-2,1,0,-1,2,-3,-4,-1,0,1,51
7897,-1,-4,5,0,-1,2,1,0,-1,-2,1,2,-1,59
7898,-3,0,5,-4,3,2,-3,4,-1,-2,1,-2,1,99
7899,-1,-2,7,-2,1,4,-1,2,1,0,3,0,-1,91
7900,1,-2,1,0,3,-2,1,4,-1,-2,-3,0,1,51
7901,-1,0,3,2,1,0,3,2,1,0,-1,2,-1,35
7902,1,0,3,-2,5,0,-1,6,1,0,-1,-2,1,83
7903,3,2,5,0,3,2,1,4,3,2,1,0,-1,83
7904,5,2,-1,0,1,-2,-3,-4,-3,-2,-1,0,1,75
7905,3,0,-3,-2,3,0,-1,-6,-1,0,1,2,-1,75
7906,1,0,-3,2,3,0,-5,-2,-1,0,1,-2,1,59
7907,3,-2,-5,0,5,2,-3,-4,1,2,3,0,-1,107
7908,1,-2,1,2,3,-4,-1,-2,-1,0,-3,0,1,51
7909,-1,0,-1,0,5,-2,1,-4,1,2,-1,2,-1,59
7910,1,-4,-1,4,5,-2,-3,0,1,2,-1,-2,1,83
7911,3,-2,-3,2,7,0,-1,-2,3,4,1,0,-1,107
7912,1,2,-1,2,-1,0,-1,-2,-1,-4,-1,0,1,35
7913,-1,0,1,0,1,2,1,-4,1,-2,1,2,-1,35
7914,-3,4,-3,4,1,2,-3,0,1,-2,1,-2,1,75
7915,-1,2,-1,2,3,4,-1,-2,3,0,3,0,-1,59
7916,1,-2,1,4,1,-2,1,0,1,-2,-3,0,1,43
7917,-1,0,3,2,3,0,3,-2,3,0,-1,2,-1,51
7918,1,0,-1,6,3,0,-1,2,3,0,-1,-2,1,67
7919,3,2,1,4,5,2,1,0,5,2,1,0,-1,91
7920,5,2,-1,-4,3,0,-1,-2,-5,-2,-1,0,1,91
7921,3,0,-3,-2,5,2,1,-4,-3,0,1,2,-1,83
7922,1,0,1,-2,5,2,-3,0,-3,0,1,-2,1,59
7923,3,-2,-1,0,7,4,-1,-2,-1,2,3,0,-1,99
7924,1,2,1,-2,5,-2,1,0,-3,0,-3,0,1,59
7925,-1,4,-1,0,7,0,3,-2,-1,2,-1,2,-1,91
7926,1,0,3,0,7,0,-1,2,-1,2,-1,-2,1,75
7927,3,2,1,2,9,2,1,0,1,4,1,0,-1,123
7928,5,2,-1,-2,1,2,1,0,-3,-4,-1,0,1,67
7929,3,0,1,0,3,4,3,-2,-1,-2,1,2,-1,59
7930,1,4,1,0,3,4,-1,2,-1,-2,1,-2,1,59
7931,3,2,3,2,5,6,1,0,1,0,3,0,-1,99
7932,5,2,1,0,3,0,3,2,-1,-2,-3,0,1,67
7933,3,4,3,2,5,2,5,0,1,0,-1,2,-1,99
7934,5,4,3,2,5,2,1,4,1,0,-1,-2,1,107
7935,7,6,5,4,7,4,3,2,3,2,1,0,-1,219
7936,9,6,3,0,-3,-2,-3,-4,-3,-2,-1,0,1,179
7937,7,4,1,-2,-5,-4,-5,-2,-1,0,1,2,-1,147
7938,5,4,1,-2,-5,-4,-1,-2,-1,0,1,-2,1,99
7939,7,2,-1,-4,-7,-6,-3,0,1,2,3,0,-1,179
7940,5,2,1,-2,-5,0,-1,-2,-1,0,-3,0,1,75
7941,3,4,-1,-4,-7,-2,-3,0,1,2,-1,2,-1,115
7942,5,0,-1,-4,-7,-2,1,0,1,2,-1,-2,1,107
7943,7,2,-3,-6,-9,-4,-1,2,3,4,1,0,-1,227
7944,5,2,-1,-2,-1,0,-1,-2,-1,-4,-1,0,1,59
7945,3,0,1,-4,-3,-2,-3,0,1,-2,1,2,-1,59
7946,1,4,-3,-4,-3,-2,1,0,1,-2,1,-2,1,67
7947,3,2,-1,-6,-5,-4,-1,2,3,0,3,0,-1,115
7948,5,-2,-3,-4,-3,2,1,0,1,-2,-3,0,1,83
7949,3,0,-1,-6,-5,0,-1,2,3,0,-1,2,-1,91
7950,5,0,-5,-6,-5,0,3,2,3,0,-1,-2,1,139
7951,7,2,-3,-8,-7,-2,1,4,5,2,1,0,-1,227
7952,5,2,-1,0,-1,0,-1,-2,-5,-2,-1,0,1,67
7953,3,0,-3,2,-3,-2,-3,0,-3,0,1,2,-1,59
7954,1,0,1,-2,-3,-2,1,0,-3,0,1,-2,1,35
7955,3,-2,-1,0,-5,-4,-1,2,-1,2,3,0,-1,75
7956,1,2,-3,-2,-3,2,1,0,-3,0,-3,0,1,51
7957,-1,4,-5,0,-5,0,-1,2,-1,2,-1,2,-1,83
7958,1,0,-1,-4,-5,0,3,2,-1,2,-1,-2,1,67
7959,3,2,-3,-2,-7,-2,1,4,1,4,1,0,-1,115
7960,5,-2,-5,-2,1,2,1,0,-3,-4,-1,0,1,91
7961,3,-4,-3,0,-1,0,-1,2,-1,-2,1,2,-1,51
7962,1,0,-3,-4,-1,0,3,2,-1,-2,1,-2,1,51
7963,3,-2,-1,-2,-3,-2,1,4,1,0,3,0,-1,59
7964,5,-2,-7,-4,-1,4,3,2,-1,-2,-3,0,1,139
7965,3,0,-5,-2,-3,2,1,4,1,0,-1,2,-1,75
7966,5,0,-5,-6,-3,2,5,4,1,0,-1,-2,1,147
7967,7,2,-3,-4,-5,0,3,6,3,2,1,0,-1,163
7968,5,2,3,0,-3,0,-1,-6,-3,-2,-1,0,1,99
7969,3,0,1,-2,-1,-2,-3,-4,-1,0,1,2,-1,51
7970,1,0,1,2,-5,-2,1,-4,-1,0,1,-2,1,59
7971,3,-2,-1,0,-3,-4,-1,-2,1,2,3,0,-1,59
7972,1,-2,5,-2,-5,2,1,-4,-1,0,-3,0,1,91
7973,-1,0,3,-4,-3,0,-1,-2,1,2,-1,2,-1,51
7974,1,-4,3,0,-7,0,3,-2,1,2,-1,-2,1,99
7975,3,-2,1,-2,-5,-2,1,0,3,4,1,0,-1,75
7976,1,2,-1,-2,-1,2,1,-4,-1,-4,-1,0,1,51
7977,-1,0,1,-4,1,0,-1,-2,1,-2,1,2,-1,35
7978,-3,4,-3,0,-3,0,3,-2,1,-2,1,-2,1,67
7979,-1,2,-1,-2,-1,-2,1,0,3,0,3,0,-1,35
7980,1,-2,1,-4,-3,4,3,-2,1,-2,-3,0,1,75
7981,-1,0,3,-6,-1,2,1,0,3,0,-1,2,-1,67
7982,1,0,-1,-2,-5,2,5,0,3,0,-1,-2,1,75
7983,3,2,1,-4,-3,0,3,2,5,2,1,0,-1,83
7984,5,-2,-1,0,-1,2,1,-4,-5,-2,-1,0,1,83
7985,3,-4,-3,2,1,0,-1,-2,-3,0,1,2,-1,59
7986,1,-4,1,2,-3,0,3,-2,-3,0,1,-2,1,59
7987,3,-6,-1,4,-1,-2,1,0,-1,2,3,0,-1,83
7988,1,-2,1,-2,-3,4,3,-2,-3,0,-3,0,1,67
7989,-1,0,-1,0,-1,2,1,0,-1,2,-1,2,-1,19
7990,1,-4,3,0,-5,2,5,0,-1,2,-1,-2,1,91
7991,3,-2,1,2,-3,0,3,2,1,4,1,0,-1,59
7992,5,-2,-5,-2,1,4,3,-2,-3,-4,-1,0,1,115
7993,3,-4,-3,0,3,2,1,0,-1,-2,1,2,-1,59
7994,1,0,-3,0,-1,2,5,0,-1,-2,1,-2,1,51
7995,3,-2,-1,2,1,0,3,2,1,0,3,0,-1,43
7996,5,-2,-3,-4,-1,6,5,0,-1,-2,-3,0,1,131
7997,3,0,-1,-2,1,4,3,2,1,0,-1,2,-1,51
7998,5,0,-1,-2,-3,4,7,2,1,0,-1,-2,1,115
7999,7,2,1,0,-1,2,5,4,3,2,1,0,-1,115
8000,5,6,3,0,-3,-2,-5,-4,-3,-2,-1,0,1,139
8001,3,4,1,-2,-5,0,-7,-2,-1,0,1,2,-1,115
8002,1,4,1,-2,-1,-4,-3,-2,-1,0,1,-2,1,59
8003,3,2,-1,-4,-3,-2,-5,0,1,2,3,0,-1,83
8004,1,2,1,2,-5,0,-3,-2,-1,0,-3,0,1,59
8005,-1,4,-1,0,-7,2,-5,0,1,2,-1,2,-1,107
8006,1,0,-1,0,-3,-2,-1,0,1,2,-1,-2,1,27
8007,3,2,-3,-2,-5,0,-3,2,3,4,1,0,-1,91
8008,1,2,3,-2,-1,0,-3,-2,-1,-4,-1,0,1,51
8009,-1,0,5,-4,-3,2,-5,0,1,-2,1,2,-1,91
8010,-3,4,1,-4,1,-2,-1,0,1,-2,1,-2,1,59
8011,-1,2,3,-6,-1,0,-3,2,3,0,3,0,-1,83
8012,1,-2,1,0,-3,2,-1,0,1,-2,-3,0,1,35
8013,-1,0,3,-2,-5,4,-3,2,3,0,-1,2,-1,83
8014,1,0,-1,-2,-1,0,1,2,3,0,-1,-2,1,27
8015,3,2,1,-4,-3,2,-1,4,5,2,1,0,-1,91
8016,1,6,-1,0,-1,0,-3,-2,-5,-2,-1,0,1,83
8017,-1,4,-3,2,-3,2,-5,0,-3,0,1,2,-1,83
8018,-3,4,1,-2,1,-2,-1,0,-3,0,1,-2,1,51
8019,-1,2,-1,0,-1,0,-3,2,-1,2,3,0,-1,35
8020,-3,6,-3,2,-3,2,-1,0,-3,0,-3,0,1,91
8021,-5,8,-5,4,-5,4,-3,2,-1,2,-1,2,-1,195
8022,-3,4,-1,0,-1,0,1,2,-1,2,-1,-2,1,43
8023,-1,6,-3,2,-3,2,-1,4,1,4,1,0,-1,99
8024,1,2,-1,-2,1,2,-1,0,-3,-4,-1,0,1,43
8025,-1,0,1,0,-1,4,-3,2,-1,-2,1,2,-1,43
8026,-3,4,1,-4,3,0,1,2,-1,-2,1,-2,1,67
8027,-1,2,3,-2,1,2,-1,4,1,0,3,0,-1,51
8028,1,2,-3,0,-1,4,1,2,-1,-2,-3,0,1,51
8029,-1,4,-1,2,-3,6,-1,4,1,0,-1,2,-1,91
8030,1,4,-1,-2,1,2,3,4,1,0,-1,-2,1,59
8031,3,6,1,0,-1,4,1,6,3,2,1,0,-1,115
8032,5,2,3,0,-3,0,-3,-6,-3,-2,-1,0,1,107
8033,3,0,1,-2,-1,2,-5,-4,-1,0,1,2,-1,67
8034,1,0,1,2,-1,-2,-1,-4,-1,0,1,-2,1,35
8035,3,-2,-1,0,1,0,-3,-2,1,2,3,0,-1,43
8036,1,-2,5,2,-5,2,-1,-4,-1,0,-3,0,1,91
8037,-1,0,3,0,-3,4,-3,-2,1,2,-1,2,-1,59
8038,1,-4,3,4,-3,0,1,-2,1,2,-1,-2,1,67
8039,3,-2,1,2,-1,2,-1,0,3,4,1,0,-1,51
8040,1,2,3,-2,-1,2,-1,-4,-1,-4,-1,0,1,59
8041,-1,0,5,-4,1,4,-3,-2,1,-2,1,2,-1,83
8042,-3,4,1,0,1,0,1,-2,1,-2,1,-2,1,43
8043,-1,2,3,-2,3,2,-1,0,3,0,3,0,-1,51
8044,1,-2,5,0,-3,4,1,-2,1,-2,-3,0,1,75
8045,-1,0,7,-2,-1,6,-1,0,3,0,-1,2,-1,107
8046,1,0,3,2,-1,2,3,0,3,0,-1,-2,1,43
8047,3,2,5,0,1,4,1,2,5,2,1,0,-1,91
8048,5,2,-1,0,-1,2,-1,-4,-5,-2,-1,0,1,83
8049,3,0,-3,2,1,4,-3,-2,-3,0,1,2,-1,67
8050,1,0,1,2,1,0,1,-2,-3,0,1,-2,1,27
8051,3,-2,-1,4,3,2,-1,0,-1,2,3,0,-1,59
8052,1,2,1,2,-3,4,1,-2,-3,0,-3,0,1,59
8053,-1,4,-1,4,-1,6,-1,0,-1,2,-1,2,-1,83
8054,1,0,3,4,-1,2,3,0,-1,2,-1,-2,1,51
8055,3,2,1,6,1,4,1,2,1,4,1,0,-1,91
8056,5,2,-1,-2,1,4,1,-2,-3,-4,-1,0,1,83
8057,3,0,1,0,3,6,-1,0,-1,-2,1,2,-1,67
8058,1,4,1,0,3,2,3,0,-1,-2,1,-2,1,51
8059,3,2,3,2,5,4,1,2,1,0,3,0,-1,83
8060,5,2,1,0,-1,6,3,0,-1,-2,-3,0,1,91
8061,3,4,3,2,1,8,1,2,1,0,-1,2,-1,115
8062,5,4,3,2,1,4,5,2,1,0,-1,-2,1,107
8063,7,6,5,4,3,6,3,4,3,2,1,0,-1,211
8064,9,6,3,0,-3,-6,-5,-4,-3,-2,-1,0,1,227
8065,7,4,1,-2,-5,-8,-3,-2,-1,0,1,2,-1,179
8066,5,4,1,-2,-5,-4,-3,-2,-1,0,1,-2,1,107
8067,7,2,-1,-4,-7,-6,-1,0,1,2,3,0,-1,171
8068,5,2,1,-2,-1,-4,-3,-2,-1,0,-3,0,1,75
8069,3,4,-1,-4,-3,-6,-1,0,1,2,-1,2,-1,99
8070,5,0,-1,-4,-3,-2,-1,0,1,2,-1,-2,1,67
8071,7,2,-3,-6,-5,-4,1,2,3,4,1,0,-1,171
8072,5,2,-1,2,-1,-4,-3,-2,-1,-4,-1,0,1,83
8073,3,0,1,0,-3,-6,-1,0,1,-2,1,2,-1,67
8074,1,4,-3,0,-3,-2,-1,0,1,-2,1,-2,1,51
8075,3,2,-1,-2,-5,-4,1,2,3,0,3,0,-1,83
8076,5,-2,-3,0,1,-2,-1,0,1,-2,-3,0,1,59
8077,3,0,-1,-2,-1,-4,1,2,3,0,-1,2,-1,51
8078,5,0,-5,-2,-1,0,1,2,3,0,-1,-2,1,75
8079,7,2,-3,-4,-3,-2,3,4,5,2,1,0,-1,147
8080,5,2,3,0,-1,-4,-3,-2,-5,-2,-1,0,1,99
8081,3,0,1,2,-3,-6,-1,0,-3,0,1,2,-1,75
8082,1,0,5,-2,-3,-2,-1,0,-3,0,1,-2,1,59
8083,3,-2,3,0,-5,-4,1,2,-1,2,3,0,-1,83
8084,1,2,1,-2,1,-2,-1,0,-3,0,-3,0,1,35
8085,-1,4,-1,0,-1,-4,1,2,-1,2,-1,2,-1,51
8086,1,0,3,-4,-1,0,1,2,-1,2,-1,-2,1,43
8087,3,2,1,-2,-3,-2,3,4,1,4,1,0,-1,75
8088,5,-2,-1,2,1,-2,-1,0,-3,-4,-1,0,1,67
8089,3,-4,1,4,-1,-4,1,2,-1,-2,1,2,-1,75
8090,1,0,1,0,-1,0,1,2,-1,-2,1,-2,1,19
8091,3,-2,3,2,-3,-2,3,4,1,0,3,0,-1,75
8092,5,-2,-3,0,3,0,1,2,-1,-2,-3,0,1,67
8093,3,0,-1,2,1,-2,3,4,1,0,-1,2,-1,51
8094,5,0,-1,-2,1,2,3,4,1,0,-1,-2,1,67
8095,7,2,1,0,-1,0,5,6,3,2,1,0,-1,131
8096,5,6,3,0,-3,-4,-3,-6,-3,-2,-1,0,1,155
8097,3,4,1,-2,-1,-6,-1,-4,-1,0,1,2,-1,91
8098,1,4,1,2,-5,-2,-1,-4,-1,0,1,-2,1,75
8099,3,2,-1,0,-3,-4,1,-2,1,2,3,0,-1,59
8100,1,2,5,-2,-1,-2,-1,-4,-1,0,-3,0,1,67
8101,-1,4,3,-4,1,-4,1,-2,1,2,-1,2,-1,75
8102,1,0,3,0,-3,0,1,-2,1,2,-1,-2,1,35
8103,3,2,1,-2,-1,-2,3,0,3,4,1,0,-1,59
8104,1,6,-1,2,-1,-2,-1,-4,-1,-4,-1,0,1,83
8105,-1,4,1,0,1,-4,1,-2,1,-2,1,2,-1,51
8106,-3,8,-3,4,-3,0,1,-2,1,-2,1,-2,1,123
8107,-1,6,-1,2,-1,-2,3,0,3,0,3,0,-1,75
8108,1,2,1,0,1,0,1,-2,1,-2,-3,0,1,27
8109,-1,4,3,-2,3,-2,3,0,3,0,-1,2,-1,67
8110,1,4,-1,2,-1,2,3,0,3,0,-1,-2,1,51
8111,3,6,1,0,1,0,5,2,5,2,1,0,-1,107
8112,5,2,3,0,-1,-2,-1,-4,-5,-2,-1,0,1,91
8113,3,0,1,2,1,-4,1,-2,-3,0,1,2,-1,51
8114,1,0,5,2,-3,0,1,-2,-3,0,1,-2,1,59
8115,3,-2,3,4,-1,-2,3,0,-1,2,3,0,-1,67
8116,1,2,5,-2,1,0,1,-2,-3,0,-3,0,1,59
8117,-1,4,3,0,3,-2,3,0,-1,2,-1,2,-1,59
8118,1,0,7,0,-1,2,3,0,-1,2,-1,-2,1,75
8119,3,2,5,2,1,0,5,2,1,4,1,0,-1,91
8120,5,2,-1,2,1,0,1,-2,-3,-4,-1,0,1,67
8121,3,0,1,4,3,-2,3,0,-1,-2,1,2,-1,59
8122,1,4,1,4,-1,2,3,0,-1,-2,1,-2,1,59
8123,3,2,3,6,1,0,5,2,1,0,3,0,-1,99
8124,5,2,1,0,3,2,3,0,-1,-2,-3,0,1,67
8125,3,4,3,2,5,0,5,2,1,0,-1,2,-1,99
8126,5,4,3,2,1,4,5,2,1,0,-1,-2,1,107
8127,7,6,5,4,3,2,7,4,3,2,1,0,-1,219
8128,9,6,3,0,-3,-6,-7,-4,-3,-2,-1,0,1,251
8129,7,4,1,-2,-5,-4,-5,-2,-1,0,1,2,-1,147
8130,5,4,1,-2,-1,-4,-5,-2,-1,0,1,-2,1,99
8131,7,2,-1,-4,-3,-2,-3,0,1,2,3,0,-1,107
8132,5,2,1,2,-1,-4,-5,-2,-1,0,-3,0,1,91
8133,3,4,-1,0,-3,-2,-3,0,1,2,-1,2,-1,59
8134,5,0,-1,0,1,-2,-3,0,1,2,-1,-2,1,51
8135,7,2,-3,-2,-1,0,-1,2,3,4,1,0,-1,99
8136,5,2,3,2,-1,-4,-5,-2,-1,-4,-1,0,1,107
8137,3,0,5,0,-3,-2,-3,0,1,-2,1,2,-1,67
8138,1,4,1,0,1,-2,-3,0,1,-2,1,-2,1,43
8139,3,2,3,-2,-1,0,-1,2,3,0,3,0,-1,51
8140,5,-2,1,4,1,-2,-3,0,1,-2,-3,0,1,75
8141,3,0,3,2,-1,0,-1,2,3,0,-1,2,-1,43
8142,5,0,-1,2,3,0,-1,2,3,0,-1,-2,1,59
8143,7,2,1,0,1,2,1,4,5,2,1,0,-1,107
8144,5,6,3,0,-1,-4,-5,-2,-5,-2,-1,0,1,147
8145,3,4,1,2,-3,-2,-3,0,-3,0,1,2,-1,67
8146,1,4,5,-2,1,-2,-3,0,-3,0,1,-2,1,75
8147,3,2,3,0,-1,0,-1,2,-1,2,3,0,-1,43
8148,1,6,1,2,1,-2,-3,0,-3,0,-3,0,1,75
8149,-1,8,-1,4,-1,0,-1,2,-1,2,-1,2,-1,99
8150,1,4,3,0,3,0,-1,2,-1,2,-1,-2,1,51
8151,3,6,1,2,1,2,1,4,1,4,1,0,-1,91
8152,5,2,3,2,1,-2,-3,0,-3,-4,-1,0,1,83
8153,3,0,5,4,-1,0,-1,2,-1,-2,1,2,-1,67
8154,1,4,5,0,3,0,-1,2,-1,-2,1,-2,1,67
8155,3,2,7,2,1,2,1,4,1,0,3,0,-1,99
8156,5,2,1,4,3,0,-1,2,-1,-2,-3,0,1,75
8157,3,4,3,6,1,2,1,4,1,0,-1,2,-1,99
8158,5,4,3,2,5,2,1,4,1,0,-1,-2,1,107
8159,7,6,5,4,3,4,3,6,3,2,1,0,-1,211
8160,9,6,3,0,-3,-4,-5,-6,-3,-2,-1,0,1,227
8161,7,4,1,-2,-1,-2,-3,-4,-1,0,1,2,-1,107
8162,5,4,1,2,-1,-2,-3,-4,-1,0,1,-2,1,83
8163,7,2,-1,0,1,0,-1,-2,1,2,3,0,-1,75
8164,5,2,5,2,-1,-2,-3,-4,-1,0,-3,0,1,99
8165,3,4,3,0,1,0,-1,-2,1,2,-1,2,-1,51
8166,5,0,3,4,1,0,-1,-2,1,2,-1,-2,1,67
8167,7,2,1,2,3,2,1,0,3,4,1,0,-1,99
8168,5,6,3,2,-1,-2,-3,-4,-1,-4,-1,0,1,123
8169,3,4,5,0,1,0,-1,-2,1,-2,1,2,-1,67
8170,1,8,1,4,1,0,-1,-2,1,-2,1,-2,1,99
8171,3,6,3,2,3,2,1,0,3,0,3,0,-1,91
8172,5,2,5,4,1,0,-1,-2,1,-2,-3,0,1,91
8173,3,4,7,2,3,2,1,0,3,0,-1,2,-1,107
8174,5,4,3,6,3,2,1,0,3,0,-1,-2,1,115
8175,7,6,5,4,5,4,3,2,5,2,1,0,-1,211
8176,9,6,3,0,-1,-2,-3,-4,-5,-2,-1,0,1,187
8177,7,4,1,2,1,0,-1,-2,-3,0,1,2,-1,91
8178,5,4,5,2,1,0,-1,-2,-3,0,1,-2,1,91
8179,7,2,3,4,3,2,1,0,-1,2,3,0,-1,107
8180,5,6,5,2,1,0,-1,-2,-3,0,-3,0,1,115
8181,3,8,3,4,3,2,1,0,-1,2,-1,2,-1,123
8182,5,4,7,4,3,2,1,0,-1,2,-1,-2,1,131
8183,7,6,5,6,5,4,3,2,1,4,1,0,-1,219
8184,9,6,3,2,1,0,-1,-2,-3,-4,-1,0,1,163
8185,7,4,5,4,3,2,1,0,-1,-2,1,2,-1,131
8186,5,8,5,4,3,2,1,0,-1,-2,1,-2,1,155
8187,7,6,7,6,5,4,3,2,1,0,3,0,-1,235
8188,9,6,5,4,3,2,1,0,-1,-2,-3,0,1,187
8189,7,8,7,6,5,4,3,2,1,0,-1,2,-1,259
8190,9,8,7,6,5,4,3,2,1,0,-1,-2,1,291
8191,11,10,9,8,7,6,5,4,3,2,1,0,-1,507
8192,11,10,9,8,7,6,5,4,3,2,1,0,-1,507
8193,9,8,7,6,5,4,3,2,1,0,-1,-2,1,291
8194,7,8,7,6,5,4,3,2,1,0,-1,2,-1,259
8195,9,6,5,4,3,2,1,0,-1,-2,-3,0,1,187
8196,7,6,7,6,5,4,3,2,1,0,3,0,-1,235
8197,5,8,5,4,3,2,1,0,-1,-2,1,-2,1,155
8198,7,4,5,4,3,2,1,0,-1,-2,1,2,-1,131
8199,9,6,3,2,1,0,-1,-2,-3,-4,-1,0,1,163
8200,7,6,5,6,5,4,3,2,1,4,1,0,-1,219
8201,5,4,7,4,3,2,1,0,-1,2,-1,-2,1,131
8202,3,8,3,4,3,2,1,0,-1,2,-1,2,-1,123
8203,5,6,5,2,1,0,-1,-2,-3,0,-3,0,1,115
8204,7,2,3,4,3,2,1,0,-1,2,3,0,-1,107
8205,5,4,5,2,1,0,-1,-2,-3,0,1,-2,1,91
8206,7,4,1,2,1,0,-1,-2,-3,0,1,2,-1,91
8207,9,6,3,0,-1,-2,-3,-4,-5,-2,-1,0,1,187
8208,7,6,5,4,5,4,3,2,5,2,1,0,-1,211
8209,5,4,3,6,3,2,1,0,3,0,-1,-2,1,115
8210,3,4,7,2,3,2,1,0,3,0,-1,2,-1,107
8211,5,2,5,4,1,0,-1,-2,1,-2,-3,0,1,91
8212,3,6,3,2,3,2,1,0,3,0,3,0,-1,91
8213,1,8,1,4,1,0,-1,-2,1,-2,1,-2,1,99
8214,3,4,5,0,1,0,-1,-2,1,-2,1,2,-1,67
8215,5,6,3,2,-1,-2,-3,-4,-1,-4,-1,0,1,123
8216,7,2,1,2,3,2,1,0,3,4,1,0,-1,99
8217,5,0,3,4,1,0,-1,-2,1,2,-1,-2,1,67
8218,3,4,3,0,1,0,-1,-2,1,2,-1,2,-1,51
8219,5,2,5,2,-1,-2,-3,-4,-1,0,-3,0,1,99
8220,7,2,-1,0,1,0,-1,-2,1,2,3,0,-1,75
8221,5,4,1,2,-1,-2,-3,-4,-1,0,1,-2,1,83
8222,7,4,1,-2,-1,-2,-3,-4,-1,0,1,2,-1,107
8223,9,6,3,0,-3,-4,-5,-6,-3,-2,-1,0,1,227
8224,7,6,5,4,3,4,3,6,3,2,1,0,-1,211
8225,5,4,3,2,5,2,1,4,1,0,-1,-2,1,107
8226,3,4,3,6,1,2,1,4,1,0,-1,2,-1,99
8227,5,2,1,4,3,0,-1,2,-1,-2,-3,0,1,75
8228,3,2,7,2,1,2,1,4,1,0,3,0,-1,99
8229,1,4,5,0,3,0,-1,2,-1,-2,1,-2,1,67
8230,3,0,5,4,-1,0,-1,2,-1,-2,1,2,-1,67
8231,5,2,3,2,1,-2,-3,0,-3,-4,-1,0,1,83
8232,3,6,1,2,1,2,1,4,1,4,1,0,-1,91
8233,1,4,3,0,3,0,-1,2,-1,2,-1,-2,1,51
8234,-1,8,-1,4,-1,0,-1,2,-1,2,-1,2,-1,99
8235,1,6,1,2,1,-2,-3,0,-3,0,-3,0,1,75
8236,3,2,3,0,-1,0,-1,2,-1,2,3,0,-1,43
8237,1,4,5,-2,1,-2,-3,0,-3,0,1,-2,1,75
8238,3,4,1,2,-3,-2,-3,0,-3,0,1,2,-1,67
8239,5,6,3,0,-1,-4,-5,-2,-5,-2,-1,0,1,147
8240,7,2,1,0,1,2,1,4,5,2,1,0,-1,107
8241,5,0,-1,2,3,0,-1,2,3,0,-1,-2,1,59
8242,3,0,3,2,-1,0,-1,2,3,0,-1,2,-1,43
8243,5,-2,1,4,1,-2,-3,0,1,-2,-3,0,1,75
8244,3,2,3,-2,-1,0,-1,2,3,0,3,0,-1,51
8245,1,4,1,0,1,-2,-3,0,1,-2,1,-2,1,43
8246,3,0,5,0,-3,-2,-3,0,1,-2,1,2,-1,67
8247,5,2,3,2,-1,-4,-5,-2,-1,-4,-1,0,1,107
8248,7,2,-3,-2,-1,0,-1,2,3,4,1,0,-1,99
8249,5,0,-1,0,1,-2,-3,0,1,2,-1,-2,1,51
8250,3,4,-1,0,-3,-2,-3,0,1,2,-1,2,-1,59
8251,5,2,1,2,-1,-4,-5,-2,-1,0,-3,0,1,91
8252,7,2,-1,-4,-3,-2,-3,0,1,2,3,0,-1,107
8253,5,4,1,-2,-1,-4,-5,-2,-1,0,1,-2,1,99
8254,7,4,1,-2,-5,-4,-5,-2,-1,0,1,2,-1,147
8255,9,6,3,0,-3,-6,-7,-4,-3,-2,-1,0,1,251
8256,7,6,5,4,3,2,7,4,3,2,1,0,-1,219
8257,5,4,3,2,1,4,5,2,1,0,-1,-2,1,107
8258,3,4,3,2,5,0,5,2,1,0,-1,2,-1,99
8259,5,2,1,0,3,2,3,0,-1,-2,-3,0,1,67
8260,3,2,3,6,1,0,5,2,1,0,3,0,-1,99
8261,1,4,1,4,-1,2,3,0,-1,-2,1,-2,1,59
8262,3,0,1,4,3,-2,3,0,-1,-2,1,2,-1,59
8263,5,2,-1,2,1,0,1,-2,-3,-4,-1,0,1,67
8264,3,2,5,2,1,0,5,2,1,4,1,0,-1,91
8265,1,0,7,0,-1,2,3,0,-1,2,-1,-2,1,75
8266,-1,4,3,0,3,-2,3,0,-1,2,-1,2,-1,59
8267,1,2,5,-2,1,0,1,-2,-3,0,-3,0,1,59
8268,3,-2,3,4,-1,-2,3,0,-1,2,3,0,-1,67
8269,1,0,5,2,-3,0,1,-2,-3,0,1,-2,1,59
8270,3,0,1,2,1,-4,1,-2,-3,0,1,2,-1,51
8271,5,2,3,0,-1,-2,-1,-4,-5,-2,-1,0,1,91
8272,3,6,1,0,1,0,5,2,5,2,1,0,-1,107
8273,1,4,-1,2,-1,2,3,0,3,0,-1,-2,1,51
8274,-1,4,3,-2,3,-2,3,0,3,0,-1,2,-1,67
8275,1,2,1,0,1,0,1,-2,1,-2,-3,0,1,27
8276,-1,6,-1,2,-1,-2,3,0,3,0,3,0,-1,75
8277,-3,8,-3,4,-3,0,1,-2,1,-2,1,-2,1,123
8278,-1,4,1,0,1,-4,1,-2,1,-2,1,2,-1,51
8279,1,6,-1,2,-1,-2,-1,-4,-1,-4,-1,0,1,83
8280,3,2,1,-2,-1,-2,3,0,3,4,1,0,-1,59
8281,1,0,3,0,-3,0,1,-2,1,2,-1,-2,1,35
8282,-1,4,3,-4,1,-4,1,-2,1,2,-1,2,-1,75
8283,1,2,5,-2,-1,-2,-1,-4,-1,0,-3,0,1,67
8284,3,2,-1,0,-3,-4,1,-2,1,2,3,0,-1,59
8285,1,4,1,2,-5,-2,-1,-4,-1,0,1,-2,1,75
8286,3,4,1,-2,-1,-6,-1,-4,-1,0,1,2,-1,91
8287,5,6,3,0,-3,-4,-3,-6,-3,-2,-1,0,1,155
8288,7,2,1,0,-1,0,5,6,3,2,1,0,-1,131
8289,5,0,-1,-2,1,2,3,4,1,0,-1,-2,1,67
8290,3,0,-1,2,1,-2,3,4,1,0,-1,2,-1,51
8291,5,-2,-3,0,3,0,1,2,-1,-2,-3,0,1,67
8292,3,-2,3,2,-3,-2,3,4,1,0,3,0,-1,75
8293,1,0,1,0,-1,0,1,2,-1,-2,1,-2,1,19
8294,3,-4,1,4,-1,-4,1,2,-1,-2,1,2,-1,75
8295,5,-2,-1,2,1,-2,-1,0,-3,-4,-1,0,1,67
8296,3,2,1,-2,-3,-2,3,4,1,4,1,0,-1,75
8297,1,0,3,-4,-1,0,1,2,-1,2,-1,-2,1,43
8298,-1,4,-1,0,-1,-4,1,2,-1,2,-1,2,-1,51
8299,1,2,1,-2,1,-2,-1,0,-3,0,-3,0,1,35
8300,3,-2,3,0,-5,-4,1,2,-1,2,3,0,-1,83
8301,1,0,5,-2,-3,-2,-1,0,-3,0,1,-2,1,59
8302,3,0,1,2,-3,-6,-1,0,-3,0,1,2,-1,75
8303,5,2,3,0,-1,-4,-3,-2,-5,-2,-1,0,1,99
8304,7,2,-3,-4,-3,-2,3,4,5,2,1,0,-1,147
8305,5,0,-5,-2,-1,0,1,2,3,0,-1,-2,1,75
8306,3,0,-1,-2,-1,-4,1,2,3,0,-1,2,-1,51
8307,5,-2,-3,0,1,-2,-1,0,1,-2,-3,0,1,59
8308,3,2,-1,-2,-5,-4,1,2,3,0,3,0,-1,83
8309,1,4,-3,0,-3,-2,-1,0,1,-2,1,-2,1,51
8310,3,0,1,0,-3,-6,-1,0,1,-2,1,2,-1,67
8311,5,2,-1,2,-1,-4,-3,-2,-1,-4,-1,0,1,83
8312,7,2,-3,-6,-5,-4,1,2,3,4,1,0,-1,171
8313,5,0,-1,-4,-3,-2,-1,0,1,2,-1,-2,1,67
8314,3,4,-1,-4,-3,-6,-1,0,1,2,-1,2,-1,99
8315,5,2,1,-2,-1,-4,-3,-2,-1,0,-3,0,1,75
8316,7,2,-1,-4,-7,-6,-1,0,1,2,3,0,-1,171
8317,5,4,1,-2,-5,-4,-3,-2,-1,0,1,-2,1,107
8318,7,4,1,-2,-5,-8,-3,-2,-1,0,1,2,-1,179
8319,9,6,3,0,-3,-6,-5,-4,-3,-2,-1,0,1,227
8320,7,6,5,4,3,6,3,4,3,2,1,0,-1,211
8321,5,4,3,2,1,4,5,2,1,0,-1,-2,1,107
8322,3,4,3,2,1,8,1,2,1,0,-1,2,-1,115
8323,5,2,1,0,-1,6,3,0,-1,-2,-3,0,1,91
8324,3,2,3,2,5,4,1,2,1,0,3,0,-1,83
8325,1,4,1,0,3,2,3,0,-1,-2,1,-2,1,51
8326,3,0,1,0,3,6,-1,0,-1,-2,1,2,-1,67
8327,5,2,-1,-2,1,4,1,-2,-3,-4,-1,0,1,83
8328,3,2,1,6,1,4,1,2,1,4,1,0,-1,91
8329,1,0,3,4,-1,2,3,0,-1,2,-1,-2,1,51
8330,-1,4,-1,4,-1,6,-1,0,-1,2,-1,2,-1,83
8331,1,2,1,2,-3,4,1,-2,-3,0,-3,0,1,59
8332,3,-2,-1,4,3,2,-1,0,-1,2,3,0,-1,59
8333,1,0,1,2,1,0,1,-2,-3,0,1,-2,1,27
8334,3,0,-3,2,1,4,-3,-2,-3,0,1,2,-1,67
8335,5,2,-1,0,-1,2,-1,-4,-5,-2,-1,0,1,83
8336,3,2,5,0,1,4,1,2,5,2,1,0,-1,91
8337,1,0,3,2,-1,2,3,0,3,0,-1,-2,1,43
8338,-1,0,7,-2,-1,6,-1,0,3,0,-1,2,-1,107
8339,1,-2,5,0,-3,4,1,-2,1,-2,-3,0,1,75
8340,-1,2,3,-2,3,2,-1,0,3,0,3,0,-1,51
8341,-3,4,1,0,1,0,1,-2,1,-2,1,-2,1,43
8342,-1,0,5,-4,1,4,-3,-2,1,-2,1,2,-1,83
8343,1,2,3,-2,-1,2,-1,-4,-1,-4,-1,0,1,59
8344,3,-2,1,2,-1,2,-1,0,3,4,1,0,-1,51
8345,1,-4,3,4,-3,0,1,-2,1,2,-1,-2,1,67
8346,-1,0,3,0,-3,4,-3,-2,1,2,-1,2,-1,59
8347,1,-2,5,2,-5,2,-1,-4,-1,0,-3,0,1,91
8348,3,-2,-1,0,1,0,-3,-2,1,2,3,0,-1,43
8349,1,0,1,2,-1,-2,-1,-4,-1,0,1,-2,1,35
8350,3,0,1,-2,-1,2,-5,-4,-1,0,1,2,-1,67
8351,5,2,3,0,-3,0,-3,-6,-3,-2,-1,0,1,107
8352,3,6,1,0,-1,4,1,6,3,2,1,0,-1,115
8353,1,4,-1,-2,1,2,3,4,1,0,-1,-2,1,59
8354,-1,4,-1,2,-3,6,-1,4,1,0,-1,2,-1,91
8355,1,2,-3,0,-1,4,1,2,-1,-2,-3,0,1,51
8356,-1,2,3,-2,1,2,-1,4,1,0,3,0,-1,51
8357,-3,4,1,-4,3,0,1,2,-1,-2,1,-2,1,67
8358,-1,0,1,0,-1,4,-3,2,-1,-2,1,2,-1,43
8359,1,2,-1,-2,1,2,-1,0,-3,-4,-1,0,1,43
8360,-1,6,-3,2,-3,2,-1,4,1,4,1,0,-1,99
8361,-3,4,-1,0,-1,0,1,2,-1,2,-1,-2,1,43
8362,-5,8,-5,4,-5,4,-3,2,-1,2,-1,2,-1,195
8363,-3,6,-3,2,-3,2,-1,0,-3,0,-3,0,1,91
8364,-1,2,-1,0,-1,0,-3,2,-1,2,3,0,-1,35
8365,-3,4,1,-2,1,-2,-1,0,-3,0,1,-2,1,51
8366,-1,4,-3,2,-3,2,-5,0,-3,0,1,2,-1,83
8367,1,6,-1,0,-1,0,-3,-2,-5,-2,-1,0,1,83
8368,3,2,1,-4,-3,2,-1,4,5,2,1,0,-1,91
8369,1,0,-1,-2,-1,0,1,2,3,0,-1,-2,1,27
8370,-1,0,3,-2,-5,4,-3,2,3,0,-1,2,-1,83
8371,1,-2,1,0,-3,2,-1,0,1,-2,-3,0,1,35
8372,-1,2,3,-6,-1,0,-3,2,3,0,3,0,-1,83
8373,-3,4,1,-4,1,-2,-1,0,1,-2,1,-2,1,59
8374,-1,0,5,-4,-3,2,-5,0,1,-2,1,2,-1,91
8375,1,2,3,-2,-1,0,-3,-2,-1,-4,-1,0,1,51
8376,3,2,-3,-2,-5,0,-3,2,3,4,1,0,-1,91
8377,1,0,-1,0,-3,-2,-1,0,1,2,-1,-2,1,27
8378,-1,4,-1,0,-7,2,-5,0,1,2,-1,2,-1,107
8379,1,2,1,2,-5,0,-3,-2,-1,0,-3,0,1,59
8380,3,2,-1,-4,-3,-2,-5,0,1,2,3,0,-1,83
8381,1,4,1,-2,-1,-4,-3,-2,-1,0,1,-2,1,59
8382,3,4,1,-2,-5,0,-7,-2,-1,0,1,2,-1,115
8383,5,6,3,0,-3,-2,-5,-4,-3,-2,-1,0,1,139
8384,7,2,1,0,-1,2,5,4,3,2,1,0,-1,115
8385,5,0,-1,-2,-3,4,7,2,1,0,-1,-2,1,115
8386,3,0,-1,-2,1,4,3,2,1,0,-1,2,-1,51
8387,5,-2,-3,-4,-1,6,5,0,-1,-2,-3,0,1,131
8388,3,-2,-1,2,1,0,3,2,1,0,3,0,-1,43
8389,1,0,-3,0,-1,2,5,0,-1,-2,1,-2,1,51
8390,3,-4,-3,0,3,2,1,0,-1,-2,1,2,-1,59
8391,5,-2,-5,-2,1,4,3,-2,-3,-4,-1,0,1,115
8392,3,-2,1,2,-3,0,3,2,1,4,1,0,-1,59
8393,1,-4,3,0,-5,2,5,0,-1,2,-1,-2,1,91
8394,-1,0,-1,0,-1,2,1,0,-1,2,-1,2,-1,19
8395,1,-2,1,-2,-3,4,3,-2,-3,0,-3,0,1,67
8396,3,-6,-1,4,-1,-2,1,0,-1,2,3,0,-1,83
8397,1,-4,1,2,-3,0,3,-2,-3,0,1,-2,1,59
8398,3,-4,-3,2,1,0,-1,-2,-3,0,1,2,-1,59
8399,5,-2,-1,0,-1,2,1,-4,-5,-2,-1,0,1,83
8400,3,2,1,-4,-3,0,3,2,5,2,1,0,-1,83
8401,1,0,-1,-2,-5,2,5,0,3,0,-1,-2,1,75
8402,-1,0,3,-6,-1,2,1,0,3,0,-1,2,-1,67
8403,1,-2,1,-4,-3,4,3,-2,1,-2,-3,0,1,75
8404,-1,2,-1,-2,-1,-2,1,0,3,0,3,0,-1,35
8405,-3,4,-3,0,-3,0,3,-2,1,-2,1,-2,1,67
8406,-1,0,1,-4,1,0,-1,-2,1,-2,1,2,-1,35
8407,1,2,-1,-2,-1,2,1,-4,-1,-4,-1,0,1,51
8408,3,-2,1,-2,-5,-2,1,0,3,4,1,0,-1,75
8409,1,-4,3,0,-7,0,3,-2,1,2,-1,-2,1,99
8410,-1,0,3,-4,-3,0,-1,-2,1,2,-1,2,-1,51
8411,1,-2,5,-2,-5,2,1,-4,-1,0,-3,0,1,91
8412,3,-2,-1,0,-3,-4,-1,-2,1,2,3,0,-1,59
8413,1,0,1,2,-5,-2,1,-4,-1,0,1,-2,1,59
8414,3,0,1,-2,-1,-2,-3,-4,-1,0,1,2,-1,51
8415,5,2,3,0,-3,0,-1,-6,-3,-2,-1,0,1,99
8416,7,2,-3,-4,-5,0,3,6,3,2,1,0,-1,163
8417,5,0,-5,-6,-3,2,5,4,1,0,-1,-2,1,147
8418,3,0,-5,-2,-3,2,1,4,1,0,-1,2,-1,75
8419,5,-2,-7,-4,-1,4,3,2,-1,-2,-3,0,1,139
8420,3,-2,-1,-2,-3,-2,1,4,1,0,3,0,-1,59
8421,1,0,-3,-4,-1,0,3,2,-1,-2,1,-2,1,51
8422,3,-4,-3,0,-1,0,-1,2,-1,-2,1,2,-1,51
8423,5,-2,-5,-2,1,2,1,0,-3,-4,-1,0,1,91
8424,3,2,-3,-2,-7,-2,1,4,1,4,1,0,-1,115
8425,1,0,-1,-4,-5,0,3,2,-1,2,-1,-2,1,67
8426,-1,4,-5,0,-5,0,-1,2,-1,2,-1,2,-1,83
8427,1,2,-3,-2,-3,2,1,0,-3,0,-3,0,1,51
8428,3,-2,-1,0,-5,-4,-1,2,-1,2,3,0,-1,75
8429,1,0,1,-2,-3,-2,1,0,-3,0,1,-2,1,35
8430,3,0,-3,2,-3,-2,-3,0,-3,0,1,2,-1,59
8431,5,2,-1,0,-1,0,-1,-2,-5,-2,-1,0,1,67
8432,7,2,-3,-8,-7,-2,1,4,5,2,1,0,-1,227
8433,5,0,-5,-6,-5,0,3,2,3,0,-1,-2,1,139
8434,3,0,-1,-6,-5,0,-1,2,3,0,-1,2,-1,91
8435,5,-2,-3,-4,-3,2,1,0,1,-2,-3,0,1,83
8436,3,2,-1,-6,-5,-4,-1,2,3,0,3,0,-1,115
8437,1,4,-3,-4,-3,-2,1,0,1,-2,1,-2,1,67
8438,3,0,1,-4,-3,-2,-3,0,1,-2,1,2,-1,59
8439,5,2,-1,-2,-1,0,-1,-2,-1,-4,-1,0,1,59
8440,7,2,-3,-6,-9,-4,-1,2,3,4,1,0,-1,227
8441,5,0,-1,-4,-7,-2,1,0,1,2,-1,-2,1,107
8442,3,4,-1,-4,-7,-2,-3,0,1,2,-1,2,-1,115
8443,5,2,1,-2,-5,0,-1,-2,-1,0,-3,0,1,75
8444,7,2,-1,-4,-7,-6,-3,0,1,2,3,0,-1,179
8445,5,4,1,-2,-5,-4,-1,-2,-1,0,1,-2,1,99
8446,7,4,1,-2,-5,-4,-5,-2,-1,0,1,2,-1,147
8447,9,6,3,0,-3,-2,-3,-4,-3,-2,-1,0,1,179
8448,7,6,5,4,7,4,3,2,3,2,1,0,-1,219
8449,5,4,3,2,5,2,1,4,1,0,-1,-2,1,107
8450,3,4,3,2,5,2,5,0,1,0,-1,2,-1,99
8451,5,2,1,0,3,0,3,2,-1,-2,-3,0,1,67
8452,3,2,3,2,5,6,1,0,1,0,3,0,-1,99
8453,1,4,1,0,3,4,-1,2,-1,-2,1,-2,1,59
8454,3,0,1,0,3,4,3,-2,-1,-2,1,2,-1,59
8455,5,2,-1,-2,1,2,1,0,-3,-4,-1,0,1,67
8456,3,2,1,2,9,2,1,0,1,4,1,0,-1,123
8457,1,0,3,0,7,0,-1,2,-1,2,-1,-2,1,75
8458,-1,4,-1,0,7,0,3,-2,-1,2,-1,2,-1,91
8459,1,2,1,-2,5,-2,1,0,-3,0,-3,0,1,59
8460,3,-2,-1,0,7,4,-1,-2,-1,2,3,0,-1,99
8461,1,0,1,-2,5,2,-3,0,-3,0,1,-2,1,59
8462,3,0,-3,-2,5,2,1,-4,-3,0,1,2,-1,83
8463,5,2,-1,-4,3,0,-1,-2,-5,-2,-1,0,1,91
8464,3,2,1,4,5,2,1,0,5,2,1,0,-1,91
8465,1,0,-1,6,3,0,-1,2,3,0,-1,-2,1,67
8466,-1,0,3,2,3,0,3,-2,3,0,-1,2,-1,51
8467,1,-2,1,4,1,-2,1,0,1,-2,-3,0,1,43
8468,-1,2,-1,2,3,4,-1,-2,3,0,3,0,-1,59
8469,-3,4,-3,4,1,2,-3,0,1,-2,1,-2,1,75
8470,-1,0,1,0,1,2,1,-4,1,-2,1,2,-1,35
8471,1,2,-1,2,-1,0,-1,-2,-1,-4,-1,0,1,35
8472,3,-2,-3,2,7,0,-1,-2,3,4,1,0,-1,107
8473,1,-4,-1,4,5,-2,-3,0,1,2,-1,-2,1,83
8474,-1,0,-1,0,5,-2,1,-4,1,2,-1,2,-1,59
8475,1,-2,1,2,3,-4,-1,-2,-1,0,-3,0,1,51
8476,3,-2,-5,0,5,2,-3,-4,1,2,3,0,-1,107
8477,1,0,-3,2,3,0,-5,-2,-1,0,1,-2,1,59
8478,3,0,-3,-2,3,0,-1,-6,-1,0,1,2,-1,75
8479,5,2,-1,0,1,-2,-3,-4,-3,-2,-1,0,1,75
8480,3,2,5,0,3,2,1,4,3,2,1,0,-1,83
8481,1,0,3,-2,5,0,-1,6,1,0,-1,-2,1,83
8482,-1,0,3,2,1,0,3,2,1,0,-1,2,-1,35
8483,1,-2,1,0,3,-2,1,4,-1,-2,-3,0,1,51
8484,-1,-2,7,-2,1,4,-1,2,1,0,3,0,-1,91
8485,-3,0,5,-4,3,2,-3,4,-1,-2,1,-2,1,99
8486,-1,-4,5,0,-1,2,1,0,-1,-2,1,2,-1,59
8487,1,-2,3,-2,1,0,-1,2,-3,-4,-1,0,1,51
8488,-1,2,1,-2,5,0,-1,2,1,4,1,0,-1,59
8489,-3,0,3,-4,7,-2,-3,4,-1,2,-1,-2,1,123
8490,-5,4,-1,0,3,-2,1,0,-1,2,-1,2,-1,67
8491,-3,2,1,-2,5,-4,-1,2,-3,0,-3,0,1,83
8492,-1,-2,3,-4,3,2,-3,0,-1,2,3,0,-1,67
8493,-3,0,5,-6,5,0,-5,2,-3,0,1,-2,1,139
8494,-1,0,1,-2,1,0,-1,-2,-3,0,1,2,-1,27
8495,1,2,3,-4,3,-2,-3,0,-5,-2,-1,0,1,83
8496,3,-2,1,0,1,0,-1,2,5,2,1,0,-1,51
8497,1,-4,-1,2,3,-2,-3,4,3,0,-1,-2,1,75
8498,-1,-4,3,2,-1,-2,1,0,3,0,-1,2,-1,51
8499,1,-6,1,4,1,-4,-1,2,1,-2,-3,0,1,91
8500,-1,-2,3,-2,-1,2,-3,0,3,0,3,0,-1,51
8501,-3,0,1,0,1,0,-5,2,1,-2,1,-2,1,51
8502,-1,-4,5,0,-3,0,-1,-2,1,-2,1,2,-1,67
8503,1,-2,3,2,-1,-2,-3,0,-1,-4,-1,0,1,51
8504,3,-2,-3,-2,3,-2,-3,0,3,4,1,0,-1,75
8505,1,-4,-1,0,5,-4,-5,2,1,2,-1,-2,1,99
8506,-1,0,-1,0,1,-4,-1,-2,1,2,-1,2,-1,35
8507,1,-2,1,2,3,-6,-3,0,-1,0,-3,0,1,75
8508,3,-2,-1,-4,1,0,-5,-2,1,2,3,0,-1,75
8509,1,0,1,-2,3,-2,-7,0,-1,0,1,-2,1,75
8510,3,0,1,-2,-1,-2,-3,-4,-1,0,1,2,-1,51
8511,5,2,3,0,1,-4,-5,-2,-3,-2,-1,0,1,99
8512,3,6,1,0,3,0,5,2,3,2,1,0,-1,99
8513,1,4,-1,-2,1,2,3,4,1,0,-1,-2,1,59
8514,-1,4,-1,-2,5,-2,7,0,1,0,-1,2,-1,107
8515,1,2,-3,-4,3,0,5,2,-1,-2,-3,0,1,83
8516,-1,2,-1,2,1,2,3,0,1,0,3,0,-1,35
8517,-3,4,-3,0,-1,4,1,2,-1,-2,1,-2,1,67
8518,-1,0,-3,0,3,0,5,-2,-1,-2,1,2,-1,59
8519,1,2,-5,-2,1,2,3,0,-3,-4,-1,0,1,75
8520,-1,2,1,-2,5,-2,3,0,1,4,1,0,-1,67
8521,-3,0,3,-4,3,0,1,2,-1,2,-1,-2,1,59
8522,-5,4,-1,-4,7,-4,5,-2,-1,2,-1,2,-1,163
8523,-3,2,1,-6,5,-2,3,0,-3,0,-3,0,1,107
8524,-1,-2,-1,0,3,0,1,-2,-1,2,3,0,-1,35
8525,-3,0,1,-2,1,2,-1,0,-3,0,1,-2,1,35
8526,-1,0,-3,-2,5,-2,3,-4,-3,0,1,2,-1,83
8527,1,2,-1,-4,3,0,1,-2,-5,-2,-1,0,1,67
8528,-1,6,-3,0,1,-2,3,0,5,2,1,0,-1,91
8529,-3,4,-5,2,-1,0,1,2,3,0,-1,-2,1,75
8530,-5,4,-1,-2,3,-4,5,-2,3,0,-1,2,-1,115
8531,-3,2,-3,0,1,-2,3,0,1,-2,-3,0,1,51
8532,-5,6,-5,2,-1,0,1,-2,3,0,3,0,-1,115
8533,-7,8,-7,4,-3,2,-1,0,1,-2,1,-2,1,203
8534,-5,4,-3,0,1,-2,3,-4,1,-2,1,2,-1,91
8535,-3,6,-5,2,-1,0,1,-2,-1,-4,-1,0,1,99
8536,-1,2,-3,-2,3,-4,1,-2,3,4,1,0,-1,75
8537,-3,0,-1,0,1,-2,-1,0,1,2,-1,-2,1,27
8538,-5,4,-1,-4,5,-6,3,-4,1,2,-1,2,-1,155
8539,-3,2,1,-2,3,-4,1,-2,-1,0,-3,0,1,59
8540,-1,2,-5,0,1,-2,-1,-4,1,2,3,0,-1,67
8541,-3,4,-3,2,-1,0,-3,-2,-1,0,1,-2,1,59
8542,-1,4,-3,-2,3,-4,1,-6,-1,0,1,2,-1,99
8543,1,6,-1,0,1,-2,-1,-4,-3,-2,-1,0,1,75
8544,3,2,1,-4,-1,-2,3,4,3,2,1,0,-1,75
8545,1,0,-1,-6,1,0,1,6,1,0,-1,-2,1,83
8546,-1,0,-1,-2,1,-4,5,2,1,0,-1,2,-1,59
8547,1,-2,-3,-4,3,-2,3,4,-1,-2,-3,0,1,83
8548,-1,-2,3,-2,-3,0,1,2,1,0,3,0,-1,43
8549,-3,0,1,-4,-1,2,-1,4,-1,-2,1,-2,1,59
8550,-1,-4,1,0,-1,-2,3,0,-1,-2,1,2,-1,43
8551,1,-2,-1,-2,1,0,1,2,-3,-4,-1,0,1,43
8552,-1,2,1,-6,1,-4,1,2,1,4,1,0,-1,83
8553,-3,0,3,-8,3,-2,-1,4,-1,2,-1,-2,1,123
8554,-5,4,-1,-4,3,-6,3,0,-1,2,-1,2,-1,123
8555,-3,2,1,-6,5,-4,1,2,-3,0,-3,0,1,115
8556,-1,-2,3,-4,-1,-2,-1,0,-1,2,3,0,-1,51
8557,-3,0,5,-6,1,0,-3,2,-3,0,1,-2,1,99
8558,-1,0,1,-2,1,-4,1,-2,-3,0,1,2,-1,43
8559,1,2,3,-4,3,-2,-1,0,-5,-2,-1,0,1,75
8560,3,2,-3,-4,-3,-4,1,2,5,2,1,0,-1,99
8561,1,0,-5,-2,-1,-2,-1,4,3,0,-1,-2,1,67
8562,-1,0,-1,-2,-1,-6,3,0,3,0,-1,2,-1,67
8563,1,-2,-3,0,1,-4,1,2,1,-2,-3,0,1,51
8564,-1,2,-1,-2,-5,-2,-1,0,3,0,3,0,-1,59
8565,-3,4,-3,0,-3,0,-3,2,1,-2,1,-2,1,67
8566,-1,0,1,0,-3,-4,1,-2,1,-2,1,2,-1,43
8567,1,2,-1,2,-1,-2,-1,0,-1,-4,-1,0,1,35
8568,3,2,-3,-6,-1,-6,-1,0,3,4,1,0,-1,123
8569,1,0,-1,-4,1,-4,-3,2,1,2,-1,-2,1,59
8570,-1,4,-1,-4,1,-8,1,-2,1,2,-1,2,-1,115
8571,1,2,1,-2,3,-6,-1,0,-1,0,-3,0,1,67
8572,3,2,-1,-4,-3,-4,-3,-2,1,2,3,0,-1,83
8573,1,4,1,-2,-1,-2,-5,0,-1,0,1,-2,1,59
8574,3,4,1,-2,-1,-6,-1,-4,-1,0,1,2,-1,91
8575,5,6,3,0,1,-4,-3,-2,-3,-2,-1,0,1,115
8576,7,2,1,0,3,4,1,2,3,2,1,0,-1,99
8577,5,0,-1,-2,1,2,3,4,1,0,-1,-2,1,67
8578,3,0,-1,-2,1,6,3,0,1,0,-1,2,-1,67
8579,5,-2,-3,-4,-1,4,5,2,-1,-2,-3,0,1,115
8580,3,-2,-1,-2,5,6,-1,0,1,0,3,0,-1,91
8581,1,0,-3,-4,3,4,1,2,-1,-2,1,-2,1,67
8582,3,-4,-3,-4,3,8,1,-2,-1,-2,1,2,-1,139
8583,5,-2,-5,-6,1,6,3,0,-3,-4,-1,0,1,163
8584,3,-2,-3,2,5,2,-1,0,1,4,1,0,-1,75
8585,1,-4,-1,0,3,0,1,2,-1,2,-1,-2,1,43
8586,-1,0,-5,0,3,4,1,-2,-1,2,-1,2,-1,67
8587,1,-2,-3,-2,1,2,3,0,-3,0,-3,0,1,51
8588,3,-6,-5,0,7,4,-3,-2,-1,2,3,0,-1,163
8589,1,-4,-3,-2,5,2,-1,0,-3,0,1,-2,1,75
8590,3,-4,-7,-2,5,6,-1,-4,-3,0,1,2,-1,171
8591,5,-2,-5,-4,3,4,1,-2,-5,-2,-1,0,1,131
8592,3,-2,1,0,1,2,-1,0,5,2,1,0,-1,51
8593,1,-4,-1,2,-1,0,1,2,3,0,-1,-2,1,43
8594,-1,-4,3,-2,-1,4,1,-2,3,0,-1,2,-1,67
8595,1,-6,1,0,-3,2,3,0,1,-2,-3,0,1,75
8596,-1,-2,-1,-2,3,4,-3,-2,3,0,3,0,-1,67
8597,-3,0,-3,0,1,2,-1,0,1,-2,1,-2,1,35
8598,-1,-4,1,-4,1,6,-1,-4,1,-2,1,2,-1,99
8599,1,-2,-1,-2,-1,4,1,-2,-1,-4,-1,0,1,51
8600,3,-6,-3,2,3,0,-3,-2,3,4,1,0,-1,107
8601,1,-8,-1,4,1,-2,-1,0,1,2,-1,-2,1,99
8602,-1,-4,-1,0,1,2,-1,-4,1,2,-1,2,-1,51
8603,1,-6,1,2,-1,0,1,-2,-1,0,-3,0,1,59
8604,3,-6,-5,0,5,2,-5,-4,1,2,3,0,-1,155
8605,1,-4,-3,2,3,0,-3,-2,-1,0,1,-2,1,59
8606,3,-4,-3,-2,3,4,-3,-6,-1,0,1,2,-1,115
8607,5,-2,-1,0,1,2,-1,-4,-3,-2,-1,0,1,67
8608,3,2,1,-4,-1,2,-1,4,3,2,1,0,-1,67
8609,1,0,-1,-6,1,0,1,6,1,0,-1,-2,1,83
8610,-1,0,-1,-2,-3,4,1,2,1,0,-1,2,-1,43
8611,1,-2,-3,-4,-1,2,3,4,-1,-2,-3,0,1,75
8612,-1,-2,3,-6,1,4,-3,2,1,0,3,0,-1,91
8613,-3,0,1,-8,3,2,-1,4,-1,-2,1,-2,1,115
8614,-1,-4,1,-4,-1,6,-1,0,-1,-2,1,2,-1,83
8615,1,-2,-1,-6,1,4,1,2,-3,-4,-1,0,1,91
8616,-1,2,-3,-2,1,0,-3,2,1,4,1,0,-1,51
8617,-3,0,-1,-4,3,-2,-1,4,-1,2,-1,-2,1,67
8618,-5,4,-5,0,-1,2,-1,0,-1,2,-1,2,-1,83
8619,-3,2,-3,-2,1,0,1,2,-3,0,-3,0,1,51
8620,-1,-2,-1,-4,3,2,-5,0,-1,2,3,0,-1,75
8621,-3,0,1,-6,5,0,-3,2,-3,0,1,-2,1,99
8622,-1,0,-3,-2,1,4,-3,-2,-3,0,1,2,-1,59
8623,1,2,-1,-4,3,2,-1,0,-5,-2,-1,0,1,67
8624,3,-2,1,-4,-3,0,-3,2,5,2,1,0,-1,83
8625,1,-4,-1,-2,-1,-2,-1,4,3,0,-1,-2,1,59
8626,-1,-4,3,-2,-5,2,-1,0,3,0,-1,2,-1,75
8627,1,-6,1,0,-3,0,1,2,1,-2,-3,0,1,67
8628,-1,-2,3,-6,-1,2,-5,0,3,0,3,0,-1,99
8629,-3,0,1,-4,1,0,-3,2,1,-2,1,-2,1,51
8630,-1,-4,5,-4,-3,4,-3,-2,1,-2,1,2,-1,107
8631,1,-2,3,-2,-1,2,-1,0,-1,-4,-1,0,1,43
8632,3,-2,-3,-2,-1,-2,-5,0,3,4,1,0,-1,83
8633,1,-4,-1,0,1,-4,-3,2,1,2,-1,-2,1,59
8634,-1,0,-1,0,-3,0,-3,-2,1,2,-1,2,-1,35
8635,1,-2,1,2,-1,-2,-1,0,-1,0,-3,0,1,27
8636,3,-2,-1,-4,1,0,-7,-2,1,2,3,0,-1,99
8637,1,0,1,-2,3,-2,-5,0,-1,0,1,-2,1,51
8638,3,0,1,-2,-1,2,-5,-4,-1,0,1,2,-1,67
8639,5,2,3,0,1,0,-3,-2,-3,-2,-1,0,1,67
8640,7,2,-3,-4,-1,0,3,2,3,2,1,0,-1,107
8641,5,0,-5,-6,-3,2,5,4,1,0,-1,-2,1,147
8642,3,0,-5,-6,1,2,5,0,1,0,-1,2,-1,107
8643,5,-2,-7,-8,-1,4,7,2,-1,-2,-3,0,1,227
8644,3,-2,-5,-2,1,2,1,0,1,0,3,0,-1,59
8645,1,0,-7,-4,-1,4,3,2,-1,-2,1,-2,1,107
8646,3,-4,-7,-4,3,4,3,-2,-1,-2,1,2,-1,139
8647,5,-2,-9,-6,1,6,5,0,-3,-4,-1,0,1,235
8648,3,-2,-3,-2,1,-2,1,0,1,4,1,0,-1,51
8649,1,-4,-1,-4,-1,0,3,2,-1,2,-1,-2,1,59
8650,-1,0,-5,-4,3,0,3,-2,-1,2,-1,2,-1,75
8651,1,-2,-3,-6,1,2,5,0,-3,0,-3,0,1,99
8652,3,-6,-5,0,3,0,-1,-2,-1,2,3,0,-1,99
8653,1,-4,-3,-2,1,2,1,0,-3,0,1,-2,1,51
8654,3,-4,-7,-2,5,2,1,-4,-3,0,1,2,-1,139
8655,5,-2,-5,-4,3,4,3,-2,-5,-2,-1,0,1,139
8656,3,2,-3,-4,-3,-2,1,0,5,2,1,0,-1,83
8657,1,0,-5,-2,-5,0,3,2,3,0,-1,-2,1,83
8658,-1,0,-1,-6,-1,0,3,-2,3,0,-1,2,-1,67
8659,1,-2,-3,-4,-3,2,5,0,1,-2,-3,0,1,83
8660,-1,2,-5,-2,-1,0,-1,-2,3,0,3,0,-1,59
8661,-3,4,-7,0,-3,2,1,0,1,-2,1,-2,1,99
8662,-1,0,-3,-4,1,2,1,-4,1,-2,1,2,-1,59
8663,1,2,-5,-2,-1,4,3,-2,-1,-4,-1,0,1,83
8664,3,-2,-3,-2,-1,-4,-1,-2,3,4,1,0,-1,75
8665,1,-4,-1,0,-3,-2,1,0,1,2,-1,-2,1,43
8666,-1,0,-1,-4,1,-2,1,-4,1,2,-1,2,-1,51
8667,1,-2,1,-2,-1,0,3,-2,-1,0,-3,0,1,35
8668,3,-2,-5,0,1,-2,-3,-4,1,2,3,0,-1,83
8669,1,0,-3,2,-1,0,-1,-2,-1,0,1,-2,1,27
8670,3,0,-3,-2,3,0,-1,-6,-1,0,1,2,-1,75
8671,5,2,-1,0,1,2,1,-4,-3,-2,-1,0,1,67
8672,7,2,-3,-8,-5,-2,1,4,3,2,1,0,-1,187
8673,5,0,-5,-10,-3,0,3,6,1,0,-1,-2,1,211
8674,3,0,-5,-6,-3,0,3,2,1,0,-1,2,-1,99
8675,5,-2,-7,-8,-1,2,5,4,-1,-2,-3,0,1,203
8676,3,-2,-1,-6,-3,0,-1,2,1,0,3,0,-1,75
8677,1,0,-3,-8,-1,2,1,4,-1,-2,1,-2,1,107
8678,3,-4,-3,-4,-1,2,1,0,-1,-2,1,2,-1,67
8679,5,-2,-5,-6,1,4,3,2,-3,-4,-1,0,1,147
8680,3,2,-3,-6,-3,-4,-1,2,1,4,1,0,-1,107
8681,1,0,-1,-8,-1,-2,1,4,-1,2,-1,-2,1,99
8682,-1,4,-5,-4,-1,-2,1,0,-1,2,-1,2,-1,75
8683,1,2,-3,-6,1,0,3,2,-3,0,-3,0,1,83
8684,3,-2,-1,-4,-1,-2,-3,0,-1,2,3,0,-1,59
8685,1,0,1,-6,1,0,-1,2,-3,0,1,-2,1,59
8686,3,0,-3,-2,1,0,-1,-2,-3,0,1,2,-1,43
8687,5,2,-1,-4,3,2,1,0,-5,-2,-1,0,1,91
8688,7,2,-3,-8,-7,-4,-1,2,5,2,1,0,-1,227
8689,5,0,-5,-6,-5,-2,1,4,3,0,-1,-2,1,147
8690,3,0,-1,-6,-5,-2,1,0,3,0,-1,2,-1,91
8691,5,-2,-3,-4,-3,0,3,2,1,-2,-3,0,1,91
8692,3,2,-1,-6,-5,-2,-3,0,3,0,3,0,-1,107
8693,1,4,-3,-4,-3,0,-1,2,1,-2,1,-2,1,67
8694,3,0,1,-4,-3,0,-1,-2,1,-2,1,2,-1,51
8695,5,2,-1,-2,-1,2,1,0,-1,-4,-1,0,1,59
8696,7,2,-3,-6,-5,-6,-3,0,3,4,1,0,-1,195
8697,5,0,-1,-4,-3,-4,-1,2,1,2,-1,-2,1,83
8698,3,4,-1,-4,-3,-4,-1,-2,1,2,-1,2,-1,83
8699,5,2,1,-2,-1,-2,1,0,-1,0,-3,0,1,51
8700,7,2,-1,-4,-3,-4,-5,-2,1,2,3,0,-1,139
8701,5,4,1,-2,-1,-2,-3,0,-1,0,1,-2,1,67
8702,7,4,1,-2,-1,-2,-3,-4,-1,0,1,2,-1,107
8703,9,6,3,0,1,0,-1,-2,-3,-2,-1,0,1,147
8704,7,6,5,8,5,4,3,2,1,2,1,0,-1,235
8705,5,4,3,6,3,2,1,0,3,0,-1,-2,1,115
8706,3,4,3,6,3,2,1,4,-1,0,-1,2,-1,107
8707,5,2,1,4,1,0,-1,2,1,-2,-3,0,1,67
8708,3,2,3,6,3,2,5,0,-1,0,3,0,-1,107
8709,1,4,1,4,1,0,3,-2,1,-2,1,-2,1,59
8710,3,0,1,4,1,0,3,2,-3,-2,1,2,-1,59
8711,5,2,-1,2,-1,-2,1,0,-1,-4,-1,0,1,59
8712,3,2,1,6,3,6,1,0,-1,4,1,0,-1,115
8713,1,0,3,4,1,4,-1,-2,1,2,-1,-2,1,59
8714,-1,4,-1,4,1,4,-1,2,-3,2,-1,2,-1,75
8715,1,2,1,2,-1,2,-3,0,-1,0,-3,0,1,35
8716,3,-2,-1,4,1,4,3,-2,-3,2,3,0,-1,83
8717,1,0,1,2,-1,2,1,-4,-1,0,1,-2,1,35
8718,3,0,-3,2,-1,2,1,0,-5,0,1,2,-1,59
8719,5,2,-1,0,-3,0,-1,-2,-3,-2,-1,0,1,59
8720,3,2,1,4,7,2,1,0,3,2,1,0,-1,99
8721,1,0,-1,6,5,0,-1,-2,5,0,-1,-2,1,99
8722,-1,0,3,2,5,0,-1,2,1,0,-1,2,-1,51
8723,1,-2,1,4,3,-2,-3,0,3,-2,-3,0,1,67
8724,-1,2,-1,2,5,0,3,-2,1,0,3,0,-1,59
8725,-3,4,-3,4,3,-2,1,-4,3,-2,1,-2,1,99
8726,-1,0,1,0,3,-2,1,0,-1,-2,1,2,-1,27
8727,1,2,-1,2,1,-4,-1,-2,1,-4,-1,0,1,51
8728,3,-2,-3,2,5,4,-1,-2,1,4,1,0,-1,91
8729,1,-4,-1,4,3,2,-3,-4,3,2,-1,-2,1,91
8730,-1,0,-1,0,3,2,-3,0,-1,2,-1,2,-1,35
8731,1,-2,1,2,1,0,-5,-2,1,0,-3,0,1,51
8732,3,-2,-5,0,3,2,1,-4,-1,2,3,0,-1,83
8733,1,0,-3,2,1,0,-1,-6,1,0,1,-2,1,59
8734,3,0,-3,-2,1,0,-1,-2,-3,0,1,2,-1,43
8735,5,2,-1,0,-1,-2,-3,-4,-1,-2,-1,0,1,67
8736,3,2,1,8,1,2,1,4,1,2,1,0,-1,107
8737,1,0,-1,6,3,0,-1,2,3,0,-1,-2,1,67
8738,-1,0,-1,10,-1,0,-1,6,-1,0,-1,2,-1,147
8739,1,-2,-3,8,1,-2,-3,4,1,-2,-3,0,1,123
8740,-1,-2,3,6,-1,0,3,2,-1,0,3,0,-1,75
8741,-3,0,1,4,1,-2,1,0,1,-2,1,-2,1,43
8742,-1,-4,1,8,-3,-2,1,4,-3,-2,1,2,-1,131
8743,1,-2,-1,6,-1,-4,-1,2,-1,-4,-1,0,1,83
8744,-1,2,-3,6,-1,4,-1,2,-1,4,1,0,-1,91
8745,-3,0,-1,4,1,2,-3,0,1,2,-1,-2,1,51
8746,-5,4,-5,8,-3,2,-3,4,-3,2,-1,2,-1,187
8747,-3,2,-3,6,-1,0,-5,2,-1,0,-3,0,1,99
8748,-1,-2,-1,4,-3,2,1,0,-3,2,3,0,-1,59
8749,-3,0,1,2,-1,0,-1,-2,-1,0,1,-2,1,27
8750,-1,0,-3,6,-5,0,-1,2,-5,0,1,2,-1,107
8751,1,2,-1,4,-3,-2,-3,0,-3,-2,-1,0,1,59
8752,3,-2,-3,4,3,0,-1,2,3,2,1,0,-1,67
8753,1,-4,-5,6,5,-2,-3,0,5,0,-1,-2,1,147
8754,-1,-4,-1,6,1,-2,-3,4,1,0,-1,2,-1,91
8755,1,-6,-3,8,3,-4,-5,2,3,-2,-3,0,1,187
8756,-1,-2,-1,2,1,-2,1,0,1,0,3,0,-1,27
8757,-3,0,-3,4,3,-4,-1,-2,3,-2,1,-2,1,83
8758,-1,-4,1,4,-1,-4,-1,2,-1,-2,1,2,-1,67
8759,1,-2,-1,6,1,-6,-3,0,1,-4,-1,0,1,107
8760,3,-2,-7,2,1,2,-3,0,1,4,1,0,-1,99
8761,1,-4,-5,4,3,0,-5,-2,3,2,-1,-2,1,115
8762,-1,0,-5,4,-1,0,-5,2,-1,2,-1,2,-1,83
8763,1,-2,-3,6,1,-2,-7,0,1,0,-3,0,1,115
8764,3,-2,-5,0,-1,0,-1,-2,-1,2,3,0,-1,59
8765,1,0,-3,2,1,-2,-3,-4,1,0,1,-2,1,51
8766,3,0,-3,2,-3,-2,-3,0,-3,0,1,2,-1,59
8767,5,2,-1,4,-1,-4,-5,-2,-1,-2,-1,0,1,99
8768,3,2,5,4,1,0,5,2,1,2,1,0,-1,91
8769,1,0,3,2,-1,2,3,0,3,0,-1,-2,1,43
8770,-1,0,3,2,3,-2,3,4,-1,0,-1,2,-1,59
8771,1,-2,1,0,1,0,1,2,1,-2,-3,0,1,27
8772,-1,-2,3,6,-1,-2,7,0,-1,0,3,0,-1,115
8773,-3,0,1,4,-3,0,5,-2,1,-2,1,-2,1,75
8774,-1,-4,1,4,1,-4,5,2,-3,-2,1,2,-1,99
8775,1,-2,-1,2,-1,-2,3,0,-1,-4,-1,0,1,43
8776,-1,-2,5,2,-1,2,3,0,-1,4,1,0,-1,67
8777,-3,-4,7,0,-3,4,1,-2,1,2,-1,-2,1,115
8778,-5,0,3,0,1,0,1,2,-3,2,-1,2,-1,59
8779,-3,-2,5,-2,-1,2,-1,0,-1,0,-3,0,1,59
8780,-1,-6,3,4,-3,0,5,-2,-3,2,3,0,-1,123
8781,-3,-4,5,2,-5,2,3,-4,-1,0,1,-2,1,115
8782,-1,-4,1,2,-1,-2,3,0,-5,0,1,2,-1,67
8783,1,-2,3,0,-3,0,1,-2,-3,-2,-1,0,1,43
8784,-1,2,1,0,3,-2,3,0,3,2,1,0,-1,43
8785,-3,0,-1,2,1,0,1,-2,5,0,-1,-2,1,51
8786,-5,0,3,-2,5,-4,1,2,1,0,-1,2,-1,91
8787,-3,-2,1,0,3,-2,-1,0,3,-2,-3,0,1,51
8788,-5,2,-1,2,1,-4,5,-2,1,0,3,0,-1,91
8789,-7,4,-3,4,-1,-2,3,-4,3,-2,1,-2,1,139
8790,-5,0,1,0,3,-6,3,0,-1,-2,1,2,-1,91
8791,-3,2,-1,2,1,-4,1,-2,1,-4,-1,0,1,59
8792,-1,-2,1,-2,1,0,1,-2,1,4,1,0,-1,35
8793,-3,-4,3,0,-1,2,-1,-4,3,2,-1,-2,1,75
8794,-5,0,3,-4,3,-2,-1,0,-1,2,-1,2,-1,75
8795,-3,-2,5,-2,1,0,-3,-2,1,0,-3,0,1,67
8796,-1,-2,-1,0,-1,-2,3,-4,-1,2,3,0,-1,51
8797,-3,0,1,2,-3,0,1,-6,1,0,1,-2,1,67
8798,-1,0,1,-2,1,-4,1,-2,-3,0,1,2,-1,43
8799,1,2,3,0,-1,-2,-1,-4,-1,-2,-1,0,1,43
8800,3,-2,1,4,-3,-2,3,4,1,2,1,0,-1,75
8801,1,-4,-1,2,-1,0,1,2,3,0,-1,-2,1,43
8802,-1,-4,-1,6,-1,-4,1,6,-1,0,-1,2,-1,115
8803,1,-6,-3,4,1,-2,-1,4,1,-2,-3,0,1,99
8804,-1,-6,3,6,-5,-4,5,2,-1,0,3,0,-1,163
8805,-3,-4,1,4,-3,-2,3,0,1,-2,1,-2,1,75
8806,-1,-8,1,8,-3,-6,3,4,-3,-2,1,2,-1,219
8807,1,-6,-1,6,-1,-4,1,2,-1,-4,-1,0,1,115
8808,-1,-2,1,2,-5,0,1,2,-1,4,1,0,-1,59
8809,-3,-4,3,0,-3,2,-1,0,1,2,-1,-2,1,59
8810,-5,0,-1,4,-3,-2,-1,4,-3,2,-1,2,-1,91
8811,-3,-2,1,2,-1,0,-3,2,-1,0,-3,0,1,43
8812,-1,-6,3,4,-7,-2,3,0,-3,2,3,0,-1,147
8813,-3,-4,5,2,-5,0,1,-2,-1,0,1,-2,1,91
8814,-1,-4,1,6,-5,-4,1,2,-5,0,1,2,-1,131
8815,1,-2,3,4,-3,-2,-1,0,-3,-2,-1,0,1,59
8816,3,-2,-3,0,-1,-4,1,2,3,2,1,0,-1,59
8817,1,-4,-5,2,1,-2,-1,0,5,0,-1,-2,1,83
8818,-1,-4,-1,2,1,-6,-1,4,1,0,-1,2,-1,83
8819,1,-6,-3,4,3,-4,-3,2,3,-2,-3,0,1,123
8820,-1,-2,-1,2,-3,-6,3,0,1,0,3,0,-1,75
8821,-3,0,-3,4,-1,-4,1,-2,3,-2,1,-2,1,75
8822,-1,-4,1,4,-1,-8,1,2,-1,-2,1,2,-1,115
8823,1,-2,-1,6,1,-6,-1,0,1,-4,-1,0,1,99
8824,3,-2,-3,-2,-3,-2,-1,0,1,4,1,0,-1,59
8825,1,-4,-1,0,-1,0,-3,-2,3,2,-1,-2,1,51
8826,-1,0,-1,0,-1,-4,-3,2,-1,2,-1,2,-1,43
8827,1,-2,1,2,1,-2,-5,0,1,0,-3,0,1,51
8828,3,-2,-1,0,-5,-4,1,-2,-1,2,3,0,-1,75
8829,1,0,1,2,-3,-2,-1,-4,1,0,1,-2,1,43
8830,3,0,1,2,-3,-6,-1,0,-3,0,1,2,-1,75
8831,5,2,3,4,-1,-4,-3,-2,-1,-2,-1,0,1,91
8832,3,6,1,4,1,4,1,2,1,2,1,0,-1,91
8833,1,4,-1,2,-1,2,3,0,3,0,-1,-2,1,51
8834,-1,4,-1,2,-1,6,-1,4,-1,0,-1,2,-1,83
8835,1,2,-3,0,-3,4,1,2,1,-2,-3,0,1,59
8836,-1,2,-1,2,3,2,3,0,-1,0,3,0,-1,43
8837,-3,4,-3,0,1,0,5,-2,1,-2,1,-2,1,75
8838,-1,0,-3,0,1,4,1,2,-3,-2,1,2,-1,51
8839,1,2,-5,-2,-1,2,3,0,-1,-4,-1,0,1,67
8840,-1,2,-3,6,-1,6,-1,0,-1,4,1,0,-1,107
8841,-3,0,-1,4,-3,4,1,-2,1,2,-1,-2,1,67
8842,-5,4,-5,4,-3,8,-3,2,-3,2,-1,2,-1,187
8843,-3,2,-3,2,-5,6,-1,0,-1,0,-3,0,1,99
8844,-1,-2,-5,4,1,4,1,-2,-3,2,3,0,-1,91
8845,-3,0,-3,2,-1,2,3,-4,-1,0,1,-2,1,59
8846,-1,0,-7,2,-1,6,-1,0,-5,0,1,2,-1,123
8847,1,2,-5,0,-3,4,1,-2,-3,-2,-1,0,1,75
8848,-1,2,1,0,3,2,-1,0,3,2,1,0,-1,35
8849,-3,0,-1,2,1,0,1,-2,5,0,-1,-2,1,51
8850,-5,0,3,-2,1,4,-3,2,1,0,-1,2,-1,75
8851,-3,-2,1,0,-1,2,-1,0,3,-2,-3,0,1,43
8852,-5,2,-1,-2,5,0,1,-2,1,0,3,0,-1,75
8853,-7,4,-3,0,3,-2,3,-4,3,-2,1,-2,1,131
8854,-5,0,1,-4,3,2,-1,0,-1,-2,1,2,-1,67
8855,-3,2,-1,-2,1,0,1,-2,1,-4,-1,0,1,43
8856,-1,-2,-3,2,1,4,-3,-2,1,4,1,0,-1,67
8857,-3,-4,-1,4,-1,2,-1,-4,3,2,-1,-2,1,83
8858,-5,0,-1,0,-1,6,-5,0,-1,2,-1,2,-1,99
8859,-3,-2,1,2,-3,4,-3,-2,1,0,-3,0,1,67
8860,-1,-2,-5,0,3,2,-1,-4,-1,2,3,0,-1,75
8861,-3,0,-3,2,1,0,1,-6,1,0,1,-2,1,67
8862,-1,0,-3,-2,1,4,-3,-2,-3,0,1,2,-1,59
8863,1,2,-1,0,-1,2,-1,-4,-1,-2,-1,0,1,35
8864,-1,6,-3,4,-3,2,-1,4,1,2,1,0,-1,99
8865,-3,4,-5,2,-1,0,1,2,3,0,-1,-2,1,75
8866,-5,4,-5,6,-5,4,-3,6,-1,0,-1,2,-1,195
8867,-3,2,-7,4,-3,2,-1,4,1,-2,-3,0,1,123
8868,-5,2,-1,2,-1,0,1,2,-1,0,3,0,-1,51
8869,-7,4,-3,0,1,-2,3,0,1,-2,1,-2,1,99
8870,-5,0,-3,4,-3,2,-1,4,-3,-2,1,2,-1,99
8871,-3,2,-5,2,-1,0,1,2,-1,-4,-1,0,1,67
8872,-5,6,-7,6,-5,4,-3,2,-1,4,1,0,-1,219
8873,-7,4,-5,4,-3,2,-1,0,1,2,-1,-2,1,131
8874,-9,8,-9,8,-7,6,-5,4,-3,2,-1,2,-1,435
8875,-7,6,-7,6,-5,4,-3,2,-1,0,-3,0,1,235
8876,-5,2,-5,4,-3,2,-1,0,-3,2,3,0,-1,107
8877,-7,4,-3,2,-1,0,1,-2,-1,0,1,-2,1,91
8878,-5,4,-7,6,-5,4,-3,2,-5,0,1,2,-1,211
8879,-3,6,-5,4,-3,2,-1,0,-3,-2,-1,0,1,115
8880,-1,2,-3,0,-1,0,-3,2,3,2,1,0,-1,43
8881,-3,0,-5,2,1,-2,-1,0,5,0,-1,-2,1,75
8882,-5,0,-1,2,-3,2,-5,4,1,0,-1,2,-1,91
8883,-3,-2,-3,4,-1,0,-3,2,3,-2,-3,0,1,75
8884,-5,2,-1,-2,1,-2,-1,0,1,0,3,0,-1,51
8885,-7,4,-3,0,3,-4,1,-2,3,-2,1,-2,1,123
8886,-5,0,1,0,-1,0,-3,2,-1,-2,1,2,-1,51
8887,-3,2,-1,2,1,-2,-1,0,1,-4,-1,0,1,43
8888,-1,2,-7,2,-3,2,-5,0,1,4,1,0,-1,115
8889,-3,0,-5,4,-1,0,-3,-2,3,2,-1,-2,1,83
8890,-5,4,-5,4,-5,4,-7,2,-1,2,-1,2,-1,187
8891,-3,2,-3,6,-3,2,-5,0,1,0,-3,0,1,107
8892,-1,2,-5,0,-1,0,-3,-2,-1,2,3,0,-1,59
8893,-3,4,-3,2,1,-2,-1,-4,1,0,1,-2,1,67
8894,-1,4,-3,2,-3,2,-5,0,-3,0,1,2,-1,83
8895,1,6,-1,4,-1,0,-3,-2,-1,-2,-1,0,1,75
8896,3,2,1,0,-3,0,3,2,1,2,1,0,-1,43
8897,1,0,-1,-2,-5,2,5,0,3,0,-1,-2,1,75
8898,-1,0,-1,-2,-1,2,1,4,-1,0,-1,2,-1,35
8899,1,-2,-3,-4,-3,4,3,2,1,-2,-3,0,1,83
8900,-1,-2,-1,2,-1,-2,5,0,-1,0,3,0,-1,51
8901,-3,0,-3,0,-3,0,7,-2,1,-2,1,-2,1,91
8902,-1,-4,-3,0,1,0,3,2,-3,-2,1,2,-1,59
8903,1,-2,-5,-2,-1,2,5,0,-1,-4,-1,0,1,83
8904,-1,-2,1,2,-5,2,1,0,-1,4,1,0,-1,59
8905,-3,-4,3,0,-7,4,3,-2,1,2,-1,-2,1,123
8906,-5,0,-1,0,-3,4,-1,2,-3,2,-1,2,-1,75
8907,-3,-2,1,-2,-5,6,1,0,-1,0,-3,0,1,91
8908,-1,-6,-1,4,-3,0,3,-2,-3,2,3,0,-1,99
8909,-3,-4,1,2,-5,2,5,-4,-1,0,1,-2,1,107
8910,-1,-4,-3,2,-1,2,1,0,-5,0,1,2,-1,67
8911,1,-2,-1,0,-3,4,3,-2,-3,-2,-1,0,1,59
8912,-1,2,1,-4,-1,-2,1,0,3,2,1,0,-1,43
8913,-3,0,-1,-2,-3,0,3,-2,5,0,-1,-2,1,67
8914,-5,0,3,-6,1,0,-1,2,1,0,-1,2,-1,83
8915,-3,-2,1,-4,-1,2,1,0,3,-2,-3,0,1,59
8916,-5,2,-1,-2,1,-4,3,-2,1,0,3,0,-1,75
8917,-7,4,-3,0,-1,-2,5,-4,3,-2,1,-2,1,139
8918,-5,0,1,-4,3,-2,1,0,-1,-2,1,2,-1,67
8919,-3,2,-1,-2,1,0,3,-2,1,-4,-1,0,1,51
8920,-1,-2,1,-2,-3,0,-1,-2,1,4,1,0,-1,43
8921,-3,-4,3,0,-5,2,1,-4,3,2,-1,-2,1,99
8922,-5,0,3,-4,-1,2,-3,0,-1,2,-1,2,-1,75
8923,-3,-2,5,-2,-3,4,-1,-2,1,0,-3,0,1,83
8924,-1,-2,-1,0,-1,-2,1,-4,-1,2,3,0,-1,43
8925,-3,0,1,2,-3,0,3,-6,1,0,1,-2,1,75
8926,-1,0,1,-2,1,0,-1,-2,-3,0,1,2,-1,27
8927,1,2,3,0,-1,2,1,-4,-1,-2,-1,0,1,43
8928,3,2,-3,0,-7,-2,1,4,1,2,1,0,-1,99
8929,1,0,-5,-2,-5,0,3,2,3,0,-1,-2,1,83
8930,-1,0,-5,2,-5,0,-1,6,-1,0,-1,2,-1,99
8931,1,-2,-7,0,-3,2,1,4,1,-2,-3,0,1,99
8932,-1,-2,-1,2,-5,-4,3,2,-1,0,3,0,-1,75
8933,-3,0,-3,0,-3,-2,5,0,1,-2,1,-2,1,67
8934,-1,-4,-3,4,-3,-2,1,4,-3,-2,1,2,-1,91
8935,1,-2,-5,2,-1,0,3,2,-1,-4,-1,0,1,67
8936,-1,2,-3,2,-9,0,-1,2,-1,4,1,0,-1,123
8937,-3,0,-1,0,-7,2,1,0,1,2,-1,-2,1,75
8938,-5,4,-5,4,-7,2,-3,4,-3,2,-1,2,-1,179
8939,-3,2,-3,2,-5,4,-1,2,-1,0,-3,0,1,83
8940,-1,-2,-1,4,-7,-2,1,0,-3,2,3,0,-1,99
8941,-3,0,1,2,-5,0,3,-2,-1,0,1,-2,1,59
8942,-1,0,-3,6,-5,0,-1,2,-5,0,1,2,-1,107
8943,1,2,-1,4,-3,2,1,0,-3,-2,-1,0,1,51
8944,3,2,-3,-4,-5,-4,-1,2,3,2,1,0,-1,99
8945,1,0,-5,-2,-3,-2,1,0,5,0,-1,-2,1,75
8946,-1,0,-1,-2,-3,-2,-3,4,1,0,-1,2,-1,51
8947,1,-2,-3,0,-1,0,-1,2,3,-2,-3,0,1,43
8948,-1,2,-1,-2,-3,-6,1,0,1,0,3,0,-1,67
8949,-3,4,-3,0,-1,-4,3,-2,3,-2,1,-2,1,83
8950,-1,0,1,0,-1,-4,-1,2,-1,-2,1,2,-1,35
8951,1,2,-1,2,1,-2,1,0,1,-4,-1,0,1,35
8952,3,2,-3,-2,-7,-2,-3,0,1,4,1,0,-1,107
8953,1,0,-1,0,-5,0,-1,-2,3,2,-1,-2,1,51
8954,-1,4,-1,0,-5,0,-5,2,-1,2,-1,2,-1,83
8955,1,2,1,2,-3,2,-3,0,1,0,-3,0,1,43
8956,3,2,-1,0,-5,-4,-1,-2,-1,2,3,0,-1,75
8957,1,4,1,2,-3,-2,1,-4,1,0,1,-2,1,59
8958,3,4,1,2,-3,-2,-3,0,-3,0,1,2,-1,67
8959,5,6,3,4,-1,0,-1,-2,-1,-2,-1,0,1,99
8960,7,2,1,4,5,2,1,0,1,2,1,0,-1,107
8961,5,0,-1,2,3,0,-1,2,3,0,-1,-2,1,59
8962,3,0,-1,2,3,0,3,2,-1,0,-1,2,-1,43
8963,5,-2,-3,0,1,-2,1,4,1,-2,-3,0,1,75
8964,3,-2,-1,2,3,4,3,-2,-1,0,3,0,-1,67
8965,1,0,-3,0,1,2,1,0,1,-2,1,-2,1,27
8966,3,-4,-3,0,1,2,5,0,-3,-2,1,2,-1,83
8967,5,-2,-5,-2,-1,0,3,2,-1,-4,-1,0,1,91
8968,3,-2,-3,2,7,4,-1,-2,-1,4,1,0,-1,115
8969,1,-4,-1,0,5,2,-3,0,1,2,-1,-2,1,67
8970,-1,0,-5,0,5,2,1,0,-3,2,-1,2,-1,75
8971,1,-2,-3,-2,3,0,-1,2,-1,0,-3,0,1,43
8972,3,-6,-5,0,5,6,1,-4,-3,2,3,0,-1,171
8973,1,-4,-3,-2,3,4,-1,-2,-1,0,1,-2,1,67
8974,3,-4,-7,-2,3,4,3,-2,-5,0,1,2,-1,147
8975,5,-2,-5,-4,1,2,1,0,-3,-2,-1,0,1,91
8976,3,-2,-3,4,7,0,-1,-2,3,2,1,0,-1,107
8977,1,-4,-5,6,5,-2,-3,0,5,0,-1,-2,1,147
8978,-1,-4,-1,2,5,-2,1,0,1,0,-1,2,-1,59
8979,1,-6,-3,4,3,-4,-1,2,3,-2,-3,0,1,115
8980,-1,-2,-5,2,5,2,1,-4,1,0,3,0,-1,91
8981,-3,0,-7,4,3,0,-1,-2,3,-2,1,-2,1,107
8982,-1,-4,-3,0,3,0,3,-2,-1,-2,1,2,-1,59
8983,1,-2,-5,2,1,-2,1,0,1,-4,-1,0,1,59
8984,3,-6,-7,2,9,2,-3,-4,1,4,1,0,-1,227
8985,1,-8,-5,4,7,0,-5,-2,3,2,-1,-2,1,203
8986,-1,-4,-5,0,7,0,-1,-2,-1,2,-1,2,-1,107
8987,1,-6,-3,2,5,-2,-3,0,1,0,-3,0,1,99
8988,3,-6,-9,0,7,4,-1,-6,-1,2,3,0,-1,243
8989,1,-4,-7,2,5,2,-3,-4,1,0,1,-2,1,131
8990,3,-4,-7,-2,5,2,1,-4,-3,0,1,2,-1,139
8991,5,-2,-5,0,3,0,-1,-2,-1,-2,-1,0,1,75
8992,3,-2,1,4,1,0,-1,2,1,2,1,0,-1,43
8993,1,-4,-1,2,3,-2,-3,4,3,0,-1,-2,1,75
8994,-1,-4,-1,6,-1,-2,1,4,-1,0,-1,2,-1,83
8995,1,-6,-3,4,1,-4,-1,6,1,-2,-3,0,1,131
8996,-1,-6,3,2,-1,2,1,0,-1,0,3,0,-1,67
8997,-3,-4,1,0,1,0,-1,2,1,-2,1,-2,1,43
8998,-1,-8,1,4,-3,0,3,2,-3,-2,1,2,-1,123
8999,1,-6,-1,2,-1,-2,1,4,-1,-4,-1,0,1,83
9000,-1,-2,-3,2,3,2,-3,0,-1,4,1,0,-1,59
9001,-3,-4,-1,0,5,0,-5,2,1,2,-1,-2,1,91
9002,-5,0,-5,4,1,0,-1,2,-3,2,-1,2,-1,91
9003,-3,-2,-3,2,3,-2,-3,4,-1,0,-3,0,1,75
9004,-1,-6,-1,0,1,4,-1,-2,-3,2,3,0,-1,83
9005,-3,-4,1,-2,3,2,-3,0,-1,0,1,-2,1,59
9006,-1,-4,-3,2,-1,2,1,0,-5,0,1,2,-1,67
9007,1,-2,-1,0,1,0,-1,2,-3,-2,-1,0,1,27
9008,3,-6,-3,4,3,-2,-3,0,3,2,1,0,-1,107
9009,1,-8,-5,6,5,-4,-5,2,5,0,-1,-2,1,227
9010,-1,-8,-1,6,1,-4,-1,2,1,0,-1,2,-1,131
9011,1,-10,-3,8,3,-6,-3,4,3,-2,-3,0,1,267
9012,-1,-6,-1,2,1,0,-1,-2,1,0,3,0,-1,59
9013,-3,-4,-3,4,3,-2,-3,0,3,-2,1,-2,1,91
9014,-1,-8,1,4,-1,-2,1,0,-1,-2,1,2,-1,99
9015,1,-6,-1,6,1,-4,-1,2,1,-4,-1,0,1,115
9016,3,-6,-7,2,5,0,-5,-2,1,4,1,0,-1,171
9017,1,-8,-5,4,7,-2,-7,0,3,2,-1,-2,1,227
9018,-1,-4,-5,4,3,-2,-3,0,-1,2,-1,2,-1,91
9019,1,-6,-3,6,5,-4,-5,2,1,0,-3,0,1,163
9020,3,-6,-5,0,3,2,-3,-4,-1,2,3,0,-1,123
9021,1,-4,-3,2,5,0,-5,-2,1,0,1,-2,1,91
9022,3,-4,-3,2,1,0,-1,-2,-3,0,1,2,-1,59
9023,5,-2,-1,4,3,-2,-3,0,-1,-2,-1,0,1,75
9024,3,2,1,0,1,-2,3,0,1,2,1,0,-1,35
9025,1,0,-1,-2,-1,0,1,2,3,0,-1,-2,1,27
9026,-1,0,-1,-2,3,-4,5,2,-1,0,-1,2,-1,67
9027,1,-2,-3,-4,1,-2,3,4,1,-2,-3,0,1,75
9028,-1,-2,-1,2,-1,0,5,-2,-1,0,3,0,-1,51
9029,-3,0,-3,0,-3,2,3,0,1,-2,1,-2,1,51
9030,-1,-4,-3,0,1,-2,7,0,-3,-2,1,2,-1,99
9031,1,-2,-5,-2,-1,0,5,2,-1,-4,-1,0,1,83
9032,-1,-2,1,-2,3,0,1,-2,-1,4,1,0,-1,43
9033,-3,-4,3,-4,1,2,-1,0,1,2,-1,-2,1,67
9034,-5,0,-1,-4,5,-2,3,0,-3,2,-1,2,-1,99
9035,-3,-2,1,-6,3,0,1,2,-1,0,-3,0,1,75
9036,-1,-6,-1,0,1,2,3,-4,-3,2,3,0,-1,91
9037,-3,-4,1,-2,-1,4,1,-2,-1,0,1,-2,1,59
9038,-1,-4,-3,-2,3,0,5,-2,-5,0,1,2,-1,99
9039,1,-2,-1,-4,1,2,3,0,-3,-2,-1,0,1,51
9040,-1,2,-3,0,3,-4,1,-2,3,2,1,0,-1,59
9041,-3,0,-5,2,1,-2,-1,0,5,0,-1,-2,1,75
9042,-5,0,-1,-2,5,-6,3,0,1,0,-1,2,-1,107
9043,-3,-2,-3,0,3,-4,1,2,3,-2,-3,0,1,75
9044,-5,2,-5,2,1,-2,3,-4,1,0,3,0,-1,99
9045,-7,4,-7,4,-1,0,1,-2,3,-2,1,-2,1,155
9046,-5,0,-3,0,3,-4,5,-2,-1,-2,1,2,-1,99
9047,-3,2,-5,2,1,-2,3,0,1,-4,-1,0,1,75
9048,-1,-2,-3,-2,5,-2,-1,-4,1,4,1,0,-1,83
9049,-3,-4,-1,0,3,0,-3,-2,3,2,-1,-2,1,67
9050,-5,0,-1,-4,7,-4,1,-2,-1,2,-1,2,-1,123
9051,-3,-2,1,-2,5,-2,-1,0,1,0,-3,0,1,59
9052,-1,-2,-5,0,3,0,1,-6,-1,2,3,0,-1,91
9053,-3,0,-3,2,1,2,-1,-4,1,0,1,-2,1,51
9054,-1,0,-3,-2,5,-2,3,-4,-3,0,1,2,-1,83
9055,1,2,-1,0,3,0,1,-2,-1,-2,-1,0,1,27
9056,3,-2,1,0,-3,-4,1,2,1,2,1,0,-1,51
9057,1,-4,-1,-2,-1,-2,-1,4,3,0,-1,-2,1,59
9058,-1,-4,-1,2,-1,-6,3,4,-1,0,-1,2,-1,91
9059,1,-6,-3,0,1,-4,1,6,1,-2,-3,0,1,115
9060,-1,-6,3,2,-5,-2,3,0,-1,0,3,0,-1,99
9061,-3,-4,1,0,-3,0,1,2,1,-2,1,-2,1,51
9062,-1,-8,1,4,-3,-4,5,2,-3,-2,1,2,-1,155
9063,1,-6,-1,2,-1,-2,3,4,-1,-4,-1,0,1,91
9064,-1,-2,1,-2,-1,-2,-1,0,-1,4,1,0,-1,35
9065,-3,-4,3,-4,1,0,-3,2,1,2,-1,-2,1,75
9066,-5,0,-1,0,1,-4,1,2,-3,2,-1,2,-1,67
9067,-3,-2,1,-2,3,-2,-1,4,-1,0,-3,0,1,59
9068,-1,-6,3,0,-3,0,1,-2,-3,2,3,0,-1,83
9069,-3,-4,5,-2,-1,2,-1,0,-1,0,1,-2,1,67
9070,-1,-4,1,2,-1,-2,3,0,-5,0,1,2,-1,67
9071,1,-2,3,0,1,0,1,2,-3,-2,-1,0,1,35
9072,3,-2,-3,0,-1,-6,-1,0,3,2,1,0,-1,75
9073,1,-4,-5,2,1,-4,-3,2,5,0,-1,-2,1,107
9074,-1,-4,-1,2,1,-8,1,2,1,0,-1,2,-1,99
9075,1,-6,-3,4,3,-6,-1,4,3,-2,-3,0,1,147
9076,-1,-2,-1,2,-3,-4,1,-2,1,0,3,0,-1,51
9077,-3,0,-3,4,-1,-2,-1,0,3,-2,1,-2,1,59
9078,-1,-4,1,4,-1,-6,3,0,-1,-2,1,2,-1,91
9079,1,-2,-1,6,1,-4,1,2,1,-4,-1,0,1,83
9080,3,-2,-3,-2,1,-4,-3,-2,1,4,1,0,-1,75
9081,1,-4,-1,0,3,-2,-5,0,3,2,-1,-2,1,75
9082,-1,0,-1,0,3,-6,-1,0,-1,2,-1,2,-1,59
9083,1,-2,1,2,5,-4,-3,2,1,0,-3,0,1,75
9084,3,-2,-1,0,-1,-2,-1,-4,-1,2,3,0,-1,51
9085,1,0,1,2,1,0,-3,-2,1,0,1,-2,1,27
9086,3,0,1,2,1,-4,1,-2,-3,0,1,2,-1,51
9087,5,2,3,4,3,-2,-1,0,-1,-2,-1,0,1,75
9088,7,2,-3,0,1,2,-1,0,1,2,1,0,-1,75
9089,5,0,-5,-2,-1,0,1,2,3,0,-1,-2,1,75
9090,3,0,-5,-2,-1,4,1,2,-1,0,-1,2,-1,67
9091,5,-2,-7,-4,-3,2,3,4,1,-2,-3,0,1,147
9092,3,-2,-5,-2,3,4,1,-2,-1,0,3,0,-1,83
9093,1,0,-7,-4,1,2,3,0,1,-2,1,-2,1,91
9094,3,-4,-7,-4,1,6,3,0,-3,-2,1,2,-1,155
9095,5,-2,-9,-6,-1,4,5,2,-1,-4,-1,0,1,211
9096,3,-2,-7,2,3,4,-3,-2,-1,4,1,0,-1,123
9097,1,-4,-5,0,1,2,-1,0,1,2,-1,-2,1,59
9098,-1,0,-9,0,1,6,-1,0,-3,2,-1,2,-1,139
9099,1,-2,-7,-2,-1,4,1,2,-1,0,-3,0,1,91
9100,3,-6,-9,0,5,6,-1,-4,-3,2,3,0,-1,227
9101,1,-4,-7,-2,3,4,1,-2,-1,0,1,-2,1,107
9102,3,-4,-11,-2,3,8,1,-2,-5,0,1,2,-1,259
9103,5,-2,-9,-4,1,6,3,0,-3,-2,-1,0,1,187
9104,3,-2,-3,0,3,0,-3,-2,3,2,1,0,-1,59
9105,1,-4,-5,2,1,-2,-1,0,5,0,-1,-2,1,83
9106,-1,-4,-1,-2,1,2,-1,0,1,0,-1,2,-1,35
9107,1,-6,-3,0,-1,0,1,2,3,-2,-3,0,1,75
9108,-1,-2,-5,-2,5,2,-1,-4,1,0,3,0,-1,91
9109,-3,0,-7,0,3,0,1,-2,3,-2,1,-2,1,91
9110,-1,-4,-3,-4,3,4,1,-2,-1,-2,1,2,-1,83
9111,1,-2,-5,-2,1,2,3,0,1,-4,-1,0,1,67
9112,3,-6,-7,2,5,2,-5,-4,1,4,1,0,-1,187
9113,1,-8,-5,4,3,0,-3,-2,3,2,-1,-2,1,147
9114,-1,-4,-5,0,3,4,-3,-2,-1,2,-1,2,-1,91
9115,1,-6,-3,2,1,2,-1,0,1,0,-3,0,1,67
9116,3,-6,-9,0,7,4,-3,-6,-1,2,3,0,-1,251
9117,1,-4,-7,2,5,2,-1,-4,1,0,1,-2,1,123
9118,3,-4,-7,-2,5,6,-1,-4,-3,0,1,2,-1,171
9119,5,-2,-5,0,3,4,1,-2,-1,-2,-1,0,1,91
9120,3,2,-3,0,-3,0,-3,2,1,2,1,0,-1,51
9121,1,0,-5,-2,-1,-2,-1,4,3,0,-1,-2,1,67
9122,-1,0,-5,2,-5,2,-1,4,-1,0,-1,2,-1,83
9123,1,-2,-7,0,-3,0,1,6,1,-2,-3,0,1,115
9124,-1,-2,-1,-2,-1,2,-1,0,-1,0,3,0,-1,27
9125,-3,0,-3,-4,1,0,1,2,1,-2,1,-2,1,51
9126,-1,-4,-3,0,-3,4,1,2,-3,-2,1,2,-1,75
9127,1,-2,-5,-2,-1,2,3,4,-1,-4,-1,0,1,83
9128,-1,2,-7,2,-1,2,-5,0,-1,4,1,0,-1,107
9129,-3,0,-5,0,1,0,-3,2,1,2,-1,-2,1,59
9130,-5,4,-9,4,-3,4,-3,2,-3,2,-1,2,-1,195
9131,-3,2,-7,2,-1,2,-1,4,-1,0,-3,0,1,99
9132,-1,-2,-5,0,1,4,-3,-2,-3,2,3,0,-1,83
9133,-3,0,-3,-2,3,2,-1,0,-1,0,1,-2,1,43
9134,-1,0,-7,2,-1,6,-1,0,-5,0,1,2,-1,123
9135,1,2,-5,0,1,4,1,2,-3,-2,-1,0,1,67
9136,3,-2,-3,0,-1,-2,-5,0,3,2,1,0,-1,67
9137,1,-4,-5,2,1,-4,-3,2,5,0,-1,-2,1,107
9138,-1,-4,-1,2,-3,0,-3,2,1,0,-1,2,-1,51
9139,1,-6,-3,4,-1,-2,-1,4,3,-2,-3,0,1,107
9140,-1,-2,-1,-2,1,0,-3,-2,1,0,3,0,-1,35
9141,-3,0,-3,0,3,-2,-1,0,3,-2,1,-2,1,51
9142,-1,-4,1,0,-1,2,-1,0,-1,-2,1,2,-1,35
9143,1,-2,-1,2,1,0,1,2,1,-4,-1,0,1,35
9144,3,-2,-7,2,1,0,-7,-2,1,4,1,0,-1,139
9145,1,-4,-5,4,3,-2,-5,0,3,2,-1,-2,1,115
9146,-1,0,-5,4,-1,2,-5,0,-1,2,-1,2,-1,83
9147,1,-2,-3,6,1,0,-3,2,1,0,-3,0,1,75
9148,3,-2,-5,0,3,2,-5,-4,-1,2,3,0,-1,107
9149,1,0,-3,2,5,0,-3,-2,1,0,1,-2,1,59
9150,3,0,-3,2,1,4,-3,-2,-3,0,1,2,-1,67
9151,5,2,-1,4,3,2,-1,0,-1,-2,-1,0,1,67
9152,7,2,-3,-4,-3,-2,1,0,1,2,1,0,-1,99
9153,5,0,-5,-6,-5,0,3,2,3,0,-1,-2,1,139
9154,3,0,-5,-6,-1,0,3,2,-1,0,-1,2,-1,91
9155,5,-2,-7,-8,-3,2,5,4,1,-2,-3,0,1,211
9156,3,-2,-5,-2,-1,0,3,-2,-1,0,3,0,-1,67
9157,1,0,-7,-4,-3,2,5,0,1,-2,1,-2,1,115
9158,3,-4,-7,-4,1,2,5,0,-3,-2,1,2,-1,139
9159,5,-2,-9,-6,-1,4,7,2,-1,-4,-1,0,1,235
9160,3,-2,-3,-2,-1,0,-1,-2,-1,4,1,0,-1,51
9161,1,-4,-1,-4,-3,2,1,0,1,2,-1,-2,1,59
9162,-1,0,-5,-4,1,2,1,0,-3,2,-1,2,-1,67
9163,1,-2,-3,-6,-1,4,3,2,-1,0,-3,0,1,91
9164,3,-6,-5,0,1,2,1,-4,-3,2,3,0,-1,115
9165,1,-4,-3,-2,-1,4,3,-2,-1,0,1,-2,1,67
9166,3,-4,-7,-2,3,4,3,-2,-5,0,1,2,-1,147
9167,5,-2,-5,-4,1,6,5,0,-3,-2,-1,0,1,147
9168,3,2,-3,-4,-1,-4,-1,-2,3,2,1,0,-1,75
9169,1,0,-5,-2,-3,-2,1,0,5,0,-1,-2,1,75
9170,-1,0,-1,-6,1,-2,1,0,1,0,-1,2,-1,51
9171,1,-2,-3,-4,-1,0,3,2,3,-2,-3,0,1,67
9172,-1,2,-5,-2,1,-2,1,-4,1,0,3,0,-1,67
9173,-3,4,-7,0,-1,0,3,-2,3,-2,1,-2,1,107
9174,-1,0,-3,-4,3,0,3,-2,-1,-2,1,2,-1,59
9175,1,2,-5,-2,1,2,5,0,1,-4,-1,0,1,83
9176,3,-2,-3,-2,1,-2,-3,-4,1,4,1,0,-1,75
9177,1,-4,-1,0,-1,0,-1,-2,3,2,-1,-2,1,43
9178,-1,0,-1,-4,3,0,-1,-2,-1,2,-1,2,-1,43
9179,1,-2,1,-2,1,2,1,0,1,0,-3,0,1,27
9180,3,-2,-5,0,3,0,-1,-6,-1,2,3,0,-1,99
9181,1,0,-3,2,1,2,1,-4,1,0,1,-2,1,43
9182,3,0,-3,-2,5,2,1,-4,-3,0,1,2,-1,83
9183,5,2,-1,0,3,4,3,-2,-1,-2,-1,0,1,75
9184,7,2,-3,-4,-7,-4,-1,2,1,2,1,0,-1,155
9185,5,0,-5,-6,-5,-2,1,4,3,0,-1,-2,1,147
9186,3,0,-5,-2,-5,-2,1,4,-1,0,-1,2,-1,91
9187,5,-2,-7,-4,-3,0,3,6,1,-2,-3,0,1,163
9188,3,-2,-1,-2,-5,-2,1,0,-1,0,3,0,-1,59
9189,1,0,-3,-4,-3,0,3,2,1,-2,1,-2,1,59
9190,3,-4,-3,0,-3,0,3,2,-3,-2,1,2,-1,75
9191,5,-2,-5,-2,-1,2,5,4,-1,-4,-1,0,1,123
9192,3,2,-3,-2,-5,-2,-3,0,-1,4,1,0,-1,83
9193,1,0,-1,-4,-3,0,-1,2,1,2,-1,-2,1,43
9194,-1,4,-5,0,-3,0,-1,2,-3,2,-1,2,-1,75
9195,1,2,-3,-2,-1,2,1,4,-1,0,-3,0,1,51
9196,3,-2,-1,0,-3,0,-1,-2,-3,2,3,0,-1,51
9197,1,0,1,-2,-1,2,1,0,-1,0,1,-2,1,19
9198,3,0,-3,2,-1,2,1,0,-5,0,1,2,-1,59
9199,5,2,-1,0,1,4,3,2,-3,-2,-1,0,1,75
9200,7,2,-3,-4,-5,-6,-3,0,3,2,1,0,-1,163
9201,5,0,-5,-2,-3,-4,-1,2,5,0,-1,-2,1,115
9202,3,0,-1,-2,-3,-4,-1,2,1,0,-1,2,-1,51
9203,5,-2,-3,0,-1,-2,1,4,3,-2,-3,0,1,83
9204,3,2,-1,-2,-3,-4,-1,-2,1,0,3,0,-1,59
9205,1,4,-3,0,-1,-2,1,0,3,-2,1,-2,1,51
9206,3,0,1,0,-1,-2,1,0,-1,-2,1,2,-1,27
9207,5,2,-1,2,1,0,3,2,1,-4,-1,0,1,67
9208,7,2,-3,-2,-3,-4,-5,-2,1,4,1,0,-1,139
9209,5,0,-1,0,-1,-2,-3,0,3,2,-1,-2,1,59
9210,3,4,-1,0,-1,-2,-3,0,-1,2,-1,2,-1,51
9211,5,2,1,2,1,0,-1,2,1,0,-3,0,1,51
9212,7,2,-1,0,-1,-2,-3,-4,-1,2,3,0,-1,99
9213,5,4,1,2,1,0,-1,-2,1,0,1,-2,1,59
9214,7,4,1,2,1,0,-1,-2,-3,0,1,2,-1,91
9215,9,6,3,4,3,2,1,0,-1,-2,-1,0,1,163
9216,7,6,9,6,5,4,3,2,1,0,1,0,-1,259
9217,5,4,7,4,3,2,1,0,-1,2,-1,-2,1,131
9218,3,4,7,4,3,2,1,0,3,-2,-1,2,-1,123
9219,5,2,5,2,1,0,-1,-2,1,0,-3,0,1,75
9220,3,2,7,4,3,2,1,4,-1,-2,3,0,-1,123
9221,1,4,5,2,1,0,-1,2,-3,0,1,-2,1,67
9222,3,0,5,2,1,0,-1,2,1,-4,1,2,-1,67
9223,5,2,3,0,-1,-2,-3,0,-1,-2,-1,0,1,59
9224,3,2,5,4,3,2,5,0,-1,2,1,0,-1,99
9225,1,0,7,2,1,0,3,-2,-3,4,-1,-2,1,99
9226,-1,4,3,2,1,0,3,-2,1,0,-1,2,-1,51
9227,1,2,5,0,-1,-2,1,-4,-1,2,-3,0,1,67
9228,3,-2,3,2,1,0,3,2,-3,0,3,0,-1,59
9229,1,0,5,0,-1,-2,1,0,-5,2,1,-2,1,67
9230,3,0,1,0,-1,-2,1,0,-1,-2,1,2,-1,27
9231,5,2,3,-2,-3,-4,-1,-2,-3,0,-1,0,1,83
9232,3,2,5,2,3,6,1,0,3,0,1,0,-1,99
9233,1,0,3,4,1,4,-1,-2,1,2,-1,-2,1,59
9234,-1,0,7,0,1,4,-1,-2,5,-2,-1,2,-1,107
9235,1,-2,5,2,-1,2,-3,-4,3,0,-3,0,1,83
9236,-1,2,3,0,1,4,-1,2,1,-2,3,0,-1,51
9237,-3,4,1,2,-1,2,-3,0,-1,0,1,-2,1,51
9238,-1,0,5,-2,-1,2,-3,0,3,-4,1,2,-1,75
9239,1,2,3,0,-3,0,-5,-2,1,-2,-1,0,1,59
9240,3,-2,1,0,1,4,3,-2,1,2,1,0,-1,51
9241,1,-4,3,2,-1,2,1,-4,-1,4,-1,-2,1,75
9242,-1,0,3,-2,-1,2,1,-4,3,0,-1,2,-1,51
9243,1,-2,5,0,-3,0,-1,-6,1,2,-3,0,1,91
9244,3,-2,-1,-2,-1,2,1,0,-1,0,3,0,-1,35
9245,1,0,1,0,-3,0,-1,-2,-3,2,1,-2,1,35
9246,3,0,1,-4,-3,0,-1,-2,1,-2,1,2,-1,51
9247,5,2,3,-2,-5,-2,-3,-4,-1,0,-1,0,1,99
9248,3,2,5,2,5,2,1,4,1,0,1,0,-1,91
9249,1,0,3,0,7,0,-1,2,-1,2,-1,-2,1,75
9250,-1,0,3,4,3,0,-1,2,3,-2,-1,2,-1,59
9251,1,-2,1,2,5,-2,-3,0,1,0,-3,0,1,59
9252,-1,-2,7,0,3,0,-1,6,-1,-2,3,0,-1,115
9253,-3,0,5,-2,5,-2,-3,4,-3,0,1,-2,1,107
9254,-1,-4,5,2,1,-2,-3,4,1,-4,1,2,-1,99
9255,1,-2,3,0,3,-4,-5,2,-1,-2,-1,0,1,75
9256,-1,2,1,0,3,0,3,2,-1,2,1,0,-1,35
9257,-3,0,3,-2,5,-2,1,0,-3,4,-1,-2,1,83
9258,-5,4,-1,2,1,-2,1,0,1,0,-1,2,-1,59
9259,-3,2,1,0,3,-4,-1,-2,-1,2,-3,0,1,59
9260,-1,-2,3,-2,1,-2,1,4,-3,0,3,0,-1,59
9261,-3,0,5,-4,3,-4,-1,2,-5,2,1,-2,1,115
9262,-1,0,1,0,-1,-4,-1,2,-1,-2,1,2,-1,35
9263,1,2,3,-2,1,-6,-3,0,-3,0,-1,0,1,75
9264,3,-2,1,-2,3,4,-1,2,3,0,1,0,-1,59
9265,1,-4,-1,0,5,2,-3,0,1,2,-1,-2,1,67
9266,-1,-4,3,0,1,2,-3,0,5,-2,-1,2,-1,75
9267,1,-6,1,2,3,0,-5,-2,3,0,-3,0,1,99
9268,-1,-2,3,-4,1,2,-3,4,1,-2,3,0,-1,75
9269,-3,0,1,-2,3,0,-5,2,-1,0,1,-2,1,59
9270,-1,-4,5,-2,-1,0,-5,2,3,-4,1,2,-1,107
9271,1,-2,3,0,1,-2,-7,0,1,-2,-1,0,1,75
9272,3,-2,-3,-4,1,2,1,0,1,2,1,0,-1,51
9273,1,-4,-1,-2,3,0,-1,-2,-1,4,-1,-2,1,59
9274,-1,0,-1,-2,-1,0,-1,-2,3,0,-1,2,-1,27
9275,1,-2,1,0,1,-2,-3,-4,1,2,-3,0,1,51
9276,3,-2,-1,-6,-1,0,-1,2,-1,0,3,0,-1,67
9277,1,0,1,-4,1,-2,-3,0,-3,2,1,-2,1,51
9278,3,0,1,-4,-3,-2,-3,0,1,-2,1,2,-1,59
9279,5,2,3,-2,-1,-4,-5,-2,-1,0,-1,0,1,91
9280,3,2,5,6,1,0,5,2,1,0,1,0,-1,107
9281,1,0,3,4,-1,2,3,0,-1,2,-1,-2,1,51
9282,-1,0,3,4,3,-2,3,0,3,-2,-1,2,-1,67
9283,1,-2,1,2,1,0,1,-2,1,0,-3,0,1,27
9284,-1,-2,3,8,-1,-2,3,4,-1,-2,3,0,-1,123
9285,-3,0,1,6,-3,0,1,2,-3,0,1,-2,1,75
9286,-1,-4,1,6,1,-4,1,2,1,-4,1,2,-1,99
9287,1,-2,-1,4,-1,-2,-1,0,-1,-2,-1,0,1,35
9288,-1,-2,5,4,-1,-2,7,0,-1,2,1,0,-1,107
9289,-3,-4,7,2,-3,0,5,-2,-3,4,-1,-2,1,147
9290,-5,0,3,2,1,-4,5,-2,1,0,-1,2,-1,91
9291,-3,-2,5,0,-1,-2,3,-4,-1,2,-3,0,1,83
9292,-1,-6,3,6,-3,-4,5,2,-3,0,3,0,-1,155
9293,-3,-4,5,4,-5,-2,3,0,-5,2,1,-2,1,139
9294,-1,-4,1,4,-1,-6,3,0,-1,-2,1,2,-1,91
9295,1,-2,3,2,-3,-4,1,-2,-3,0,-1,0,1,59
9296,-1,2,1,2,-1,2,3,0,3,0,1,0,-1,35
9297,-3,0,-1,4,-3,4,1,-2,1,2,-1,-2,1,67
9298,-5,0,3,0,1,0,1,-2,5,-2,-1,2,-1,75
9299,-3,-2,1,2,-1,2,-1,-4,3,0,-3,0,1,59
9300,-5,2,-1,4,-3,0,1,2,1,-2,3,0,-1,75
9301,-7,4,-3,6,-5,2,-1,0,-1,0,1,-2,1,147
9302,-5,0,1,2,-1,-2,-1,0,3,-4,1,2,-1,67
9303,-3,2,-1,4,-3,0,-3,-2,1,-2,-1,0,1,59
9304,-1,-2,1,0,-3,0,5,-2,1,2,1,0,-1,51
9305,-3,-4,3,2,-5,2,3,-4,-1,4,-1,-2,1,115
9306,-5,0,3,-2,-1,-2,3,-4,3,0,-1,2,-1,83
9307,-3,-2,5,0,-3,0,1,-6,1,2,-3,0,1,99
9308,-1,-2,-1,2,-5,-2,3,0,-1,0,3,0,-1,59
9309,-3,0,1,4,-7,0,1,-2,-3,2,1,-2,1,99
9310,-1,0,1,0,-3,-4,1,-2,1,-2,1,2,-1,43
9311,1,2,3,2,-5,-2,-1,-4,-1,0,-1,0,1,67
9312,3,-2,1,2,1,-2,3,4,1,0,1,0,-1,51
9313,1,-4,-1,0,3,0,1,2,-1,2,-1,-2,1,43
9314,-1,-4,-1,4,3,-4,1,2,3,-2,-1,2,-1,83
9315,1,-6,-3,2,5,-2,-1,0,1,0,-3,0,1,91
9316,-1,-6,3,4,-1,-4,1,6,-1,-2,3,0,-1,131
9317,-3,-4,1,2,1,-2,-1,4,-3,0,1,-2,1,67
9318,-1,-8,1,6,1,-6,-1,4,1,-4,1,2,-1,179
9319,1,-6,-1,4,3,-4,-3,2,-1,-2,-1,0,1,99
9320,-1,-2,1,0,-1,-4,5,2,-1,2,1,0,-1,59
9321,-3,-4,3,-2,1,-2,3,0,-3,4,-1,-2,1,83
9322,-5,0,-1,2,1,-6,3,0,1,0,-1,2,-1,83
9323,-3,-2,1,0,3,-4,1,-2,-1,2,-3,0,1,59
9324,-1,-6,3,2,-3,-6,3,4,-3,0,3,0,-1,139
9325,-3,-4,5,0,-1,-4,1,2,-5,2,1,-2,1,107
9326,-1,-4,1,4,-1,-8,1,2,-1,-2,1,2,-1,115
9327,1,-2,3,2,1,-6,-1,0,-3,0,-1,0,1,67
9328,3,-2,-3,-2,-1,0,1,2,3,0,1,0,-1,43
9329,1,-4,-5,0,1,2,-1,0,1,2,-1,-2,1,59
9330,-1,-4,-1,0,1,-2,-1,0,5,-2,-1,2,-1,59
9331,1,-6,-3,2,3,0,-3,-2,3,0,-3,0,1,91
9332,-1,-2,-1,0,-3,-2,-1,4,1,-2,3,0,-1,51
9333,-3,0,-3,2,-1,0,-3,2,-1,0,1,-2,1,43
9334,-1,-4,1,2,-1,-4,-3,2,3,-4,1,2,-1,83
9335,1,-2,-1,4,1,-2,-5,0,1,-2,-1,0,1,59
9336,3,-2,-3,-4,-3,-2,3,0,1,2,1,0,-1,67
9337,1,-4,-1,-2,-1,0,1,-2,-1,4,-1,-2,1,51
9338,-1,0,-1,-2,-1,-4,1,-2,3,0,-1,2,-1,43
9339,1,-2,1,0,1,-2,-1,-4,1,2,-3,0,1,43
9340,3,-2,-1,-2,-5,-4,1,2,-1,0,3,0,-1,75
9341,1,0,1,0,-3,-2,-1,0,-3,2,1,-2,1,35
9342,3,0,1,0,-3,-6,-1,0,1,-2,1,2,-1,67
9343,5,2,3,2,-1,-4,-3,-2,-1,0,-1,0,1,75
9344,3,2,9,2,1,4,1,2,1,0,1,0,-1,123
9345,1,0,7,0,-1,2,3,0,-1,2,-1,-2,1,75
9346,-1,0,7,0,-1,6,-1,0,3,-2,-1,2,-1,107
9347,1,-2,5,-2,-3,4,1,-2,1,0,-3,0,1,75
9348,-1,-2,7,0,3,2,-1,4,-1,-2,3,0,-1,99
9349,-3,0,5,-2,1,0,1,2,-3,0,1,-2,1,59
9350,-1,-4,5,-2,1,4,-3,2,1,-4,1,2,-1,99
9351,1,-2,3,-4,-1,2,-1,0,-1,-2,-1,0,1,43
9352,-1,-2,5,4,-1,2,3,0,-1,2,1,0,-1,67
9353,-3,-4,7,2,-3,0,5,-2,-3,4,-1,-2,1,147
9354,-5,0,3,2,-3,4,1,-2,1,0,-1,2,-1,75
9355,-3,-2,5,0,-5,2,3,-4,-1,2,-3,0,1,107
9356,-1,-6,3,2,1,0,1,2,-3,0,3,0,-1,75
9357,-3,-4,5,0,-1,-2,3,0,-5,2,1,-2,1,99
9358,-1,-4,1,0,-1,2,-1,0,-1,-2,1,2,-1,35
9359,1,-2,3,-2,-3,0,1,-2,-3,0,-1,0,1,43
9360,-1,-2,9,-2,-1,6,-1,0,3,0,1,0,-1,139
9361,-3,-4,7,0,-3,4,1,-2,1,2,-1,-2,1,115
9362,-5,-4,11,-4,-3,8,-3,-2,5,-2,-1,2,-1,299
9363,-3,-6,9,-2,-5,6,-1,-4,3,0,-3,0,1,227
9364,-5,-2,7,-4,1,4,-3,2,1,-2,3,0,-1,139
9365,-7,0,5,-2,-1,2,-1,0,-1,0,1,-2,1,91
9366,-5,-4,9,-6,-1,6,-5,0,3,-4,1,2,-1,251
9367,-3,-2,7,-4,-3,4,-3,-2,1,-2,-1,0,1,123
9368,-1,-6,5,0,-3,4,1,-2,1,2,1,0,-1,99
9369,-3,-8,7,2,-5,2,3,-4,-1,4,-1,-2,1,203
9370,-5,-4,7,-2,-5,6,-1,-4,3,0,-1,2,-1,187
9371,-3,-6,9,0,-7,4,1,-6,1,2,-3,0,1,243
9372,-1,-6,3,-2,-1,2,-1,0,-1,0,3,0,-1,67
9373,-3,-4,5,0,-3,0,1,-2,-3,2,1,-2,1,83
9374,-1,-4,5,-4,-3,4,-3,-2,1,-2,1,2,-1,107
9375,1,-2,7,-2,-5,2,-1,-4,-1,0,-1,0,1,107
9376,-1,2,5,-2,1,2,-1,4,1,0,1,0,-1,59
9377,-3,0,3,-4,3,0,1,2,-1,2,-1,-2,1,59
9378,-5,0,3,0,-1,4,-3,2,3,-2,-1,2,-1,83
9379,-3,-2,1,-2,1,2,-1,0,1,0,-3,0,1,35
9380,-5,-2,7,-4,3,0,-3,6,-1,-2,3,0,-1,163
9381,-7,0,5,-6,5,-2,-1,4,-3,0,1,-2,1,171
9382,-5,-4,5,-2,1,2,-5,4,1,-4,1,2,-1,139
9383,-3,-2,3,-4,3,0,-3,2,-1,-2,-1,0,1,67
9384,-5,2,1,0,-1,0,1,2,-1,2,1,0,-1,43
9385,-7,0,3,-2,1,-2,3,0,-3,4,-1,-2,1,107
9386,-9,4,-1,2,-3,2,-1,0,1,0,-1,2,-1,123
9387,-7,2,1,0,-1,0,1,-2,-1,2,-3,0,1,75
9388,-5,-2,3,-2,1,-2,-1,4,-3,0,3,0,-1,83
9389,-7,0,5,-4,3,-4,1,2,-5,2,1,-2,1,155
9390,-5,0,1,0,-1,0,-3,2,-1,-2,1,2,-1,51
9391,-3,2,3,-2,1,-2,-1,0,-3,0,-1,0,1,43
9392,-1,-2,5,-6,-1,4,-3,2,3,0,1,0,-1,107
9393,-3,-4,3,-4,1,2,-1,0,1,2,-1,-2,1,67
9394,-5,-4,7,-4,-3,6,-5,0,5,-2,-1,2,-1,211
9395,-3,-6,5,-2,-1,4,-3,-2,3,0,-3,0,1,123
9396,-5,-2,7,-8,1,2,-5,4,1,-2,3,0,-1,203
9397,-7,0,5,-6,3,0,-3,2,-1,0,1,-2,1,139
9398,-5,-4,9,-6,-1,4,-7,2,3,-4,1,2,-1,259
9399,-3,-2,7,-4,1,2,-5,0,1,-2,-1,0,1,115
9400,-1,-2,1,-4,-3,2,-1,0,1,2,1,0,-1,43
9401,-3,-4,3,-2,-1,0,1,-2,-1,4,-1,-2,1,67
9402,-5,0,3,-2,-5,4,-3,-2,3,0,-1,2,-1,107
9403,-3,-2,5,0,-3,2,-1,-4,1,2,-3,0,1,83
9404,-1,-2,3,-6,-1,0,-3,2,-1,0,3,0,-1,75
9405,-3,0,5,-4,1,-2,-1,0,-3,2,1,-2,1,75
9406,-1,0,5,-4,-3,2,-5,0,1,-2,1,2,-1,91
9407,1,2,7,-2,-1,0,-3,-2,-1,0,-1,0,1,75
9408,3,-2,5,2,-3,0,3,2,1,0,1,0,-1,67
9409,1,-4,3,0,-5,2,5,0,-1,2,-1,-2,1,91
9410,-1,-4,3,0,-1,2,1,0,3,-2,-1,2,-1,51
9411,1,-6,1,-2,-3,4,3,-2,1,0,-3,0,1,91
9412,-1,-6,3,4,-1,-2,1,4,-1,-2,3,0,-1,99
9413,-3,-4,1,2,-3,0,3,2,-3,0,1,-2,1,67
9414,-1,-8,1,2,1,0,-1,2,1,-4,1,2,-1,99
9415,1,-6,-1,0,-1,2,1,0,-1,-2,-1,0,1,51
9416,-1,-6,5,4,-5,-2,5,0,-1,2,1,0,-1,139
9417,-3,-8,7,2,-7,0,7,-2,-3,4,-1,-2,1,259
9418,-5,-4,3,2,-3,0,3,-2,1,0,-1,2,-1,83
9419,-3,-6,5,0,-5,2,5,-4,-1,2,-3,0,1,155
9420,-1,-10,3,6,-3,-4,3,2,-3,0,3,0,-1,203
9421,-3,-8,5,4,-5,-2,5,0,-5,2,1,-2,1,203
9422,-1,-8,1,4,-1,-2,1,0,-1,-2,1,2,-1,99
9423,1,-6,3,2,-3,0,3,-2,-3,0,-1,0,1,83
9424,-1,-2,5,-2,-5,2,1,0,3,0,1,0,-1,75
9425,-3,-4,3,0,-7,4,3,-2,1,2,-1,-2,1,123
9426,-5,-4,7,-4,-3,4,-1,-2,5,-2,-1,2,-1,171
9427,-3,-6,5,-2,-5,6,1,-4,3,0,-3,0,1,171
9428,-5,-2,3,0,-3,0,-1,2,1,-2,3,0,-1,67
9429,-7,0,1,2,-5,2,1,0,-1,0,1,-2,1,91
9430,-5,-4,5,-2,-1,2,-3,0,3,-4,1,2,-1,115
9431,-3,-2,3,0,-3,4,-1,-2,1,-2,-1,0,1,59
9432,-1,-6,5,0,-7,0,3,-2,1,2,1,0,-1,131
9433,-3,-8,7,2,-9,2,5,-4,-1,4,-1,-2,1,275
9434,-5,-4,7,-2,-5,2,1,-4,3,0,-1,2,-1,155
9435,-3,-6,9,0,-7,4,3,-6,1,2,-3,0,1,251
9436,-1,-6,3,2,-5,-2,1,0,-1,0,3,0,-1,91
9437,-3,-4,5,4,-7,0,3,-2,-3,2,1,-2,1,147
9438,-1,-4,5,0,-3,0,-1,-2,1,-2,1,2,-1,67
9439,1,-2,7,2,-5,2,1,-4,-1,0,-1,0,1,107
9440,3,-2,1,-2,-3,-2,1,4,1,0,1,0,-1,51
9441,1,-4,-1,-4,-1,0,3,2,-1,2,-1,-2,1,59
9442,-1,-4,-1,0,-1,0,-1,2,3,-2,-1,2,-1,43
9443,1,-6,-3,-2,1,2,1,0,1,0,-3,0,1,67
9444,-1,-6,3,0,-1,-4,-1,6,-1,-2,3,0,-1,115
9445,-3,-4,1,-2,1,-2,1,4,-3,0,1,-2,1,67
9446,-1,-8,1,2,1,-2,-3,4,1,-4,1,2,-1,123
9447,1,-6,-1,0,3,0,-1,2,-1,-2,-1,0,1,59
9448,-1,-2,1,0,-5,-4,3,2,-1,2,1,0,-1,67
9449,-3,-4,3,-2,-3,-2,5,0,-3,4,-1,-2,1,107
9450,-5,0,-1,2,-3,-2,1,0,1,0,-1,2,-1,51
9451,-3,-2,1,0,-1,0,3,-2,-1,2,-3,0,1,43
9452,-1,-6,3,2,-3,-6,1,4,-3,0,3,0,-1,131
9453,-3,-4,5,0,-1,-4,3,2,-5,2,1,-2,1,115
9454,-1,-4,1,4,-1,-4,-1,2,-1,-2,1,2,-1,67
9455,1,-2,3,2,1,-2,1,0,-3,0,-1,0,1,35
9456,3,-2,1,-6,-5,0,-1,2,3,0,1,0,-1,91
9457,1,-4,-1,-4,-3,2,1,0,1,2,-1,-2,1,59
9458,-1,-4,3,-4,-3,2,-3,0,5,-2,-1,2,-1,99
9459,1,-6,1,-2,-1,4,-1,-2,3,0,-3,0,1,83
9460,-1,-2,3,-4,-3,-2,-3,4,1,-2,3,0,-1,83
9461,-3,0,1,-2,-1,0,-1,2,-1,0,1,-2,1,27
9462,-1,-4,5,-2,-1,0,-5,2,3,-4,1,2,-1,107
9463,1,-2,3,0,1,2,-3,0,1,-2,-1,0,1,35
9464,3,-2,1,-4,-7,-2,1,0,1,2,1,0,-1,91
9465,1,-4,3,-2,-5,0,3,-2,-1,4,-1,-2,1,91
9466,-1,0,3,-2,-5,0,-1,-2,3,0,-1,2,-1,59
9467,1,-2,5,0,-3,2,1,-4,1,2,-3,0,1,75
9468,3,-2,3,-2,-5,-4,-1,2,-1,0,3,0,-1,83
9469,1,0,5,0,-3,-2,1,0,-3,2,1,-2,1,59
9470,3,0,5,0,-3,-2,-3,0,1,-2,1,2,-1,67
9471,5,2,7,2,-1,0,-1,-2,-1,0,-1,0,1,91
9472,3,6,5,2,5,2,1,0,1,0,1,0,-1,107
9473,1,4,3,0,3,0,-1,2,-1,2,-1,-2,1,51
9474,-1,4,3,0,3,0,3,-2,3,-2,-1,2,-1,67
9475,1,2,1,-2,1,-2,1,0,1,0,-3,0,1,27
9476,-1,2,3,0,3,4,-1,2,-1,-2,3,0,-1,59
9477,-3,4,1,-2,1,2,-3,4,-3,0,1,-2,1,75
9478,-1,0,1,-2,1,2,1,0,1,-4,1,2,-1,35
9479,1,2,-1,-4,-1,0,-1,2,-1,-2,-1,0,1,35
9480,-1,2,1,0,7,0,3,-2,-1,2,1,0,-1,75
9481,-3,0,3,-2,5,-2,1,0,-3,4,-1,-2,1,83
9482,-5,4,-1,-2,5,-2,5,-4,1,0,-1,2,-1,123
9483,-3,2,1,-4,3,-4,3,-2,-1,2,-3,0,1,83
9484,-1,-2,-1,-2,5,2,1,0,-3,0,3,0,-1,59
9485,-3,0,1,-4,3,0,-1,2,-5,2,1,-2,1,75
9486,-1,0,-3,-4,3,0,3,-2,-1,-2,1,2,-1,59
9487,1,2,-1,-6,1,-2,1,0,-3,0,-1,0,1,59
9488,-1,2,1,2,3,4,-1,-2,3,0,1,0,-1,51
9489,-3,0,-1,4,1,2,-3,0,1,2,-1,-2,1,51
9490,-5,0,3,0,1,2,1,-4,5,-2,-1,2,-1,91
9491,-3,-2,1,2,-1,0,-1,-2,3,0,-3,0,1,43
9492,-5,2,-1,0,1,6,-3,0,1,-2,3,0,-1,91
9493,-7,4,-3,2,-1,4,-5,2,-1,0,1,-2,1,131
9494,-5,0,1,-2,-1,4,-1,-2,3,-4,1,2,-1,83
9495,-3,2,-1,0,-3,2,-3,0,1,-2,-1,0,1,43
9496,-1,-2,-3,0,5,2,1,-4,1,2,1,0,-1,67
9497,-3,-4,-1,2,3,0,-1,-2,-1,4,-1,-2,1,67
9498,-5,0,-1,-2,3,0,3,-6,3,0,-1,2,-1,99
9499,-3,-2,1,0,1,-2,1,-4,1,2,-3,0,1,51
9500,-1,-2,-5,-2,3,4,-1,-2,-1,0,3,0,-1,75
9501,-3,0,-3,0,1,2,-3,0,-3,2,1,-2,1,51
9502,-1,0,-3,-4,1,2,1,-4,1,-2,1,2,-1,59
9503,1,2,-1,-2,-1,0,-1,-2,-1,0,-1,0,1,19
9504,-1,2,5,-2,5,0,-1,2,1,0,1,0,-1,67
9505,-3,0,3,-4,7,-2,-3,4,-1,2,-1,-2,1,123
9506,-5,0,3,0,3,-2,1,0,3,-2,-1,2,-1,67
9507,-3,-2,1,-2,5,-4,-1,2,1,0,-3,0,1,75
9508,-5,-2,7,-4,3,2,-3,4,-1,-2,3,0,-1,147
9509,-7,0,5,-6,5,0,-5,6,-3,0,1,-2,1,211
9510,-5,-4,5,-2,1,0,-1,2,1,-4,1,2,-1,99
9511,-3,-2,3,-4,3,-2,-3,4,-1,-2,-1,0,1,83
9512,-5,2,1,-4,7,-2,1,0,-1,2,1,0,-1,107
9513,-7,0,3,-6,9,-4,-1,2,-3,4,-1,-2,1,227
9514,-9,4,-1,-2,5,-4,3,-2,1,0,-1,2,-1,163
9515,-7,2,1,-4,7,-6,1,0,-1,2,-3,0,1,171
9516,-5,-2,3,-6,5,0,-1,2,-3,0,3,0,-1,123
9517,-7,0,5,-8,7,-2,-3,4,-5,2,1,-2,1,251
9518,-5,0,1,-4,3,-2,1,0,-1,-2,1,2,-1,67
9519,-3,2,3,-6,5,-4,-1,2,-3,0,-1,0,1,115
9520,-1,-2,1,-2,3,2,-3,0,3,0,1,0,-1,43
9521,-3,-4,-1,0,5,0,-5,2,1,2,-1,-2,1,91
9522,-5,-4,3,0,1,0,-1,-2,5,-2,-1,2,-1,91
9523,-3,-6,1,2,3,-2,-3,0,3,0,-3,0,1,91
9524,-5,-2,3,-4,1,4,-5,2,1,-2,3,0,-1,115
9525,-7,0,1,-2,3,2,-7,4,-1,0,1,-2,1,139
9526,-5,-4,5,-2,-1,2,-3,0,3,-4,1,2,-1,115
9527,-3,-2,3,0,1,0,-5,2,1,-2,-1,0,1,59
9528,-1,-2,-3,-4,5,0,-1,-2,1,2,1,0,-1,67
9529,-3,-4,-1,-2,7,-2,-3,0,-1,4,-1,-2,1,115
9530,-5,0,-1,-2,3,-2,1,-4,3,0,-1,2,-1,75
9531,-3,-2,1,0,5,-4,-1,-2,1,2,-3,0,1,75
9532,-1,-2,-1,-6,3,2,-3,0,-1,0,3,0,-1,75
9533,-3,0,1,-4,5,0,-5,2,-3,2,1,-2,1,99
9534,-1,0,1,-4,1,0,-1,-2,1,-2,1,2,-1,35
9535,1,2,3,-2,3,-2,-3,0,-1,0,-1,0,1,43
9536,-1,6,1,2,1,-2,3,0,1,0,1,0,-1,59
9537,-3,4,-1,0,-1,0,1,2,-1,2,-1,-2,1,43
9538,-5,4,-1,0,3,-4,5,-2,3,-2,-1,2,-1,115
9539,-3,2,-3,-2,1,-2,3,0,1,0,-3,0,1,51
9540,-5,2,-1,4,-1,0,1,2,-1,-2,3,0,-1,67
9541,-7,4,-3,2,-3,2,-1,4,-3,0,1,-2,1,123
9542,-5,0,-3,2,1,-2,3,0,1,-4,1,2,-1,75
9543,-3,2,-5,0,-1,0,1,2,-1,-2,-1,0,1,51
9544,-5,2,1,0,3,-4,5,-2,-1,2,1,0,-1,91
9545,-7,0,3,-2,1,-2,3,0,-3,4,-1,-2,1,107
9546,-9,4,-1,-2,5,-6,7,-4,1,0,-1,2,-1,235
9547,-7,2,1,-4,3,-4,5,-2,-1,2,-3,0,1,139
9548,-5,-2,-1,2,1,-2,3,0,-3,0,3,0,-1,67
9549,-7,0,1,0,-1,0,1,2,-5,2,1,-2,1,91
9550,-5,0,-3,0,3,-4,5,-2,-1,-2,1,2,-1,99
9551,-3,2,-1,-2,1,-2,3,0,-3,0,-1,0,1,43
9552,-5,6,-3,2,-1,0,1,-2,3,0,1,0,-1,91
9553,-7,4,-5,4,-3,2,-1,0,1,2,-1,-2,1,131
9554,-9,4,-1,0,1,-2,3,-4,5,-2,-1,2,-1,163
9555,-7,2,-3,2,-1,0,1,-2,3,0,-3,0,1,91
9556,-9,6,-5,4,-3,2,-1,0,1,-2,3,0,-1,187
9557,-11,8,-7,6,-5,4,-3,2,-1,0,1,-2,1,331
9558,-9,4,-3,2,-1,0,1,-2,3,-4,1,2,-1,147
9559,-7,6,-5,4,-3,2,-1,0,1,-2,-1,0,1,147
9560,-5,2,-3,0,1,-2,3,-4,1,2,1,0,-1,75
9561,-7,0,-1,2,-1,0,1,-2,-1,4,-1,-2,1,83
9562,-9,4,-1,-2,3,-4,5,-6,3,0,-1,2,-1,203
9563,-7,2,1,0,1,-2,3,-4,1,2,-3,0,1,99
9564,-5,2,-5,2,-1,0,1,-2,-1,0,3,0,-1,75
9565,-7,4,-3,4,-3,2,-1,0,-3,2,1,-2,1,123
9566,-5,4,-3,0,1,-2,3,-4,1,-2,1,2,-1,91
9567,-3,6,-1,2,-1,0,1,-2,-1,0,-1,0,1,59
9568,-1,2,1,-2,1,-4,1,2,1,0,1,0,-1,35
9569,-3,0,-1,-4,3,-2,-1,4,-1,2,-1,-2,1,67
9570,-5,0,-1,0,3,-6,3,0,3,-2,-1,2,-1,99
9571,-3,-2,-3,-2,5,-4,1,2,1,0,-3,0,1,83
9572,-5,-2,3,0,-1,-2,-1,4,-1,-2,3,0,-1,75
9573,-7,0,1,-2,1,0,-3,6,-3,0,1,-2,1,115
9574,-5,-4,1,2,1,-4,1,2,1,-4,1,2,-1,91
9575,-3,-2,-1,0,3,-2,-1,4,-1,-2,-1,0,1,51
9576,-5,2,1,-4,3,-6,3,0,-1,2,1,0,-1,107
9577,-7,0,3,-6,5,-4,1,2,-3,4,-1,-2,1,171
9578,-9,4,-1,-2,5,-8,5,-2,1,0,-1,2,-1,227
9579,-7,2,1,-4,7,-6,3,0,-1,2,-3,0,1,179
9580,-5,-2,3,-2,1,-4,1,2,-3,0,3,0,-1,83
9581,-7,0,5,-4,3,-2,-1,4,-5,2,1,-2,1,155
9582,-5,0,1,0,3,-6,3,0,-1,-2,1,2,-1,91
9583,-3,2,3,-2,5,-4,1,2,-3,0,-1,0,1,83
9584,-1,2,-3,-2,-1,-2,-1,0,3,0,1,0,-1,35
9585,-3,0,-5,0,1,0,-3,2,1,2,-1,-2,1,59
9586,-5,0,-1,0,1,-4,1,-2,5,-2,-1,2,-1,83
9587,-3,-2,-3,2,3,-2,-1,0,3,0,-3,0,1,59
9588,-5,2,-1,0,-3,0,-3,2,1,-2,3,0,-1,67
9589,-7,4,-3,2,-1,2,-5,4,-1,0,1,-2,1,131
9590,-5,0,1,2,-1,-2,-1,0,3,-4,1,2,-1,67
9591,-3,2,-1,4,1,0,-3,2,1,-2,-1,0,1,51
9592,-1,2,-3,-4,1,-4,1,-2,1,2,1,0,-1,59
9593,-3,0,-1,-2,3,-2,-1,0,-1,4,-1,-2,1,51
9594,-5,4,-1,-2,3,-6,3,-4,3,0,-1,2,-1,131
9595,-3,2,1,0,5,-4,1,-2,1,2,-3,0,1,75
9596,-1,2,-1,-2,-1,-2,-1,0,-1,0,3,0,-1,27
9597,-3,4,1,0,1,0,-3,2,-3,2,1,-2,1,59
9598,-1,4,1,0,1,-4,1,-2,1,-2,1,2,-1,51
9599,1,6,3,2,3,-2,-1,0,-1,0,-1,0,1,67
9600,3,2,5,-2,1,2,-1,0,1,0,1,0,-1,51
9601,1,0,3,-4,-1,0,1,2,-1,2,-1,-2,1,43
9602,-1,0,3,-4,-1,4,1,-2,3,-2,-1,2,-1,67
9603,1,-2,1,-6,-3,2,3,0,1,0,-3,0,1,75
9604,-1,-2,3,-4,3,4,-3,2,-1,-2,3,0,-1,83
9605,-3,0,1,-6,1,2,-1,4,-3,0,1,-2,1,83
9606,-1,-4,1,-6,1,6,-1,0,1,-4,1,2,-1,115
9607,1,-2,-1,-8,-1,4,1,2,-1,-2,-1,0,1,99
9608,-1,-2,1,0,3,0,1,-2,-1,2,1,0,-1,27
9609,-3,-4,3,-2,1,-2,3,0,-3,4,-1,-2,1,83
9610,-5,0,-1,-2,1,2,3,-4,1,0,-1,2,-1,67
9611,-3,-2,1,-4,-1,0,5,-2,-1,2,-3,0,1,75
9612,-1,-6,-1,-2,5,2,-1,0,-3,0,3,0,-1,91
9613,-3,-4,1,-4,3,0,1,2,-5,2,1,-2,1,91
9614,-1,-4,-3,-4,3,4,1,-2,-1,-2,1,2,-1,83
9615,1,-2,-1,-6,1,2,3,0,-3,0,-1,0,1,67
9616,-1,-2,5,-2,-1,4,-3,-2,3,0,1,0,-1,75
9617,-3,-4,3,0,-3,2,-1,0,1,2,-1,-2,1,59
9618,-5,-4,7,-4,-3,6,-1,-4,5,-2,-1,2,-1,203
9619,-3,-6,5,-2,-5,4,1,-2,3,0,-3,0,1,139
9620,-5,-2,3,-4,1,6,-5,0,1,-2,3,0,-1,131
9621,-7,0,1,-2,-1,4,-3,2,-1,0,1,-2,1,91
9622,-5,-4,5,-6,-1,8,-3,-2,3,-4,1,2,-1,211
9623,-3,-2,3,-4,-3,6,-1,0,1,-2,-1,0,1,91
9624,-1,-6,1,0,1,2,-1,-4,1,2,1,0,-1,67
9625,-3,-8,3,2,-1,0,1,-2,-1,4,-1,-2,1,115
9626,-5,-4,3,-2,-1,4,1,-6,3,0,-1,2,-1,123
9627,-3,-6,5,0,-3,2,3,-4,1,2,-3,0,1,123
9628,-1,-6,-1,-2,3,4,-3,-2,-1,0,3,0,-1,91
9629,-3,-4,1,0,1,2,-1,0,-3,2,1,-2,1,51
9630,-1,-4,1,-4,1,6,-1,-4,1,-2,1,2,-1,99
9631,1,-2,3,-2,-1,4,1,-2,-1,0,-1,0,1,43
9632,-1,2,5,-6,1,0,-3,2,1,0,1,0,-1,83
9633,-3,0,3,-8,3,-2,-1,4,-1,2,-1,-2,1,123
9634,-5,0,3,-4,-1,2,-1,0,3,-2,-1,2,-1,75
9635,-3,-2,1,-6,1,0,1,2,1,0,-3,0,1,67
9636,-5,-2,7,-8,3,2,-5,4,-1,-2,3,0,-1,211
9637,-7,0,5,-10,5,0,-3,6,-3,0,1,-2,1,259
9638,-5,-4,5,-6,1,4,-3,2,1,-4,1,2,-1,155
9639,-3,-2,3,-8,3,2,-1,4,-1,-2,-1,0,1,123
9640,-5,2,1,-4,3,-2,-1,0,-1,2,1,0,-1,67
9641,-7,0,3,-6,5,-4,1,2,-3,4,-1,-2,1,171
9642,-9,4,-1,-2,1,0,1,-2,1,0,-1,2,-1,115
9643,-7,2,1,-4,3,-2,3,0,-1,2,-3,0,1,107
9644,-5,-2,3,-6,5,0,-3,2,-3,0,3,0,-1,131
9645,-7,0,5,-8,7,-2,-1,4,-5,2,1,-2,1,243
9646,-5,0,1,-4,3,2,-1,0,-1,-2,1,2,-1,67
9647,-3,2,3,-6,5,0,1,2,-3,0,-1,0,1,99
9648,-1,-2,5,-6,-1,2,-5,0,3,0,1,0,-1,107
9649,-3,-4,3,-4,1,0,-3,2,1,2,-1,-2,1,75
9650,-5,-4,7,-4,-3,4,-3,-2,5,-2,-1,2,-1,179
9651,-3,-6,5,-2,-1,2,-1,0,3,0,-3,0,1,99
9652,-5,-2,7,-8,1,4,-7,2,1,-2,3,0,-1,227
9653,-7,0,5,-6,3,2,-5,4,-1,0,1,-2,1,171
9654,-5,-4,9,-6,-1,6,-5,0,3,-4,1,2,-1,251
9655,-3,-2,7,-4,1,4,-3,2,1,-2,-1,0,1,115
9656,-1,-2,1,-4,1,0,-3,-2,1,2,1,0,-1,43
9657,-3,-4,3,-2,3,-2,-1,0,-1,4,-1,-2,1,75
9658,-5,0,3,-2,-1,2,-1,-4,3,0,-1,2,-1,75
9659,-3,-2,5,0,1,0,1,-2,1,2,-3,0,1,59
9660,-1,-2,3,-6,3,2,-5,0,-1,0,3,0,-1,99
9661,-3,0,5,-4,5,0,-3,2,-3,2,1,-2,1,107
9662,-1,0,5,-4,1,4,-3,-2,1,-2,1,2,-1,83
9663,1,2,7,-2,3,2,-1,0,-1,0,-1,0,1,75
9664,3,2,1,-2,-3,-2,1,0,1,0,1,0,-1,35
9665,1,0,-1,-4,-5,0,3,2,-1,2,-1,-2,1,67
9666,-1,0,-1,-4,-1,0,3,-2,3,-2,-1,2,-1,51
9667,1,-2,-3,-6,-3,2,5,0,1,0,-3,0,1,99
9668,-1,-2,-1,0,-1,0,-1,2,-1,-2,3,0,-1,27
9669,-3,0,-3,-2,-3,2,1,4,-3,0,1,-2,1,67
9670,-1,-4,-3,-2,1,2,1,0,1,-4,1,2,-1,59
9671,1,-2,-5,-4,-1,4,3,2,-1,-2,-1,0,1,83
9672,-1,-2,1,0,-1,-4,3,-2,-1,2,1,0,-1,43
9673,-3,-4,3,-2,-3,-2,5,0,-3,4,-1,-2,1,107
9674,-5,0,-1,-2,1,-2,5,-4,1,0,-1,2,-1,83
9675,-3,-2,1,-4,-1,0,7,-2,-1,2,-3,0,1,99
9676,-1,-6,-1,2,1,-2,1,0,-3,0,3,0,-1,67
9677,-3,-4,1,0,-1,0,3,2,-5,2,1,-2,1,75
9678,-1,-4,-3,0,3,0,3,-2,-1,-2,1,2,-1,59
9679,1,-2,-1,-2,1,2,5,0,-3,0,-1,0,1,51
9680,-1,2,1,-2,-5,0,-1,-2,3,0,1,0,-1,51
9681,-3,0,-1,0,-7,2,1,0,1,2,-1,-2,1,75
9682,-5,0,3,-4,-3,2,1,-4,5,-2,-1,2,-1,115
9683,-3,-2,1,-2,-5,4,3,-2,3,0,-3,0,1,91
9684,-5,2,-1,0,-3,2,-3,0,1,-2,3,0,-1,67
9685,-7,4,-3,2,-5,4,-1,2,-1,0,1,-2,1,131
9686,-5,0,1,-2,-1,4,-1,-2,3,-4,1,2,-1,83
9687,-3,2,-1,0,-3,6,1,0,1,-2,-1,0,1,67
9688,-1,-2,1,0,-3,-2,1,-4,1,2,1,0,-1,43
9689,-3,-4,3,2,-5,0,3,-2,-1,4,-1,-2,1,99
9690,-5,0,3,-2,-1,0,3,-6,3,0,-1,2,-1,99
9691,-3,-2,5,0,-3,2,5,-4,1,2,-3,0,1,107
9692,-1,-2,-1,2,-1,0,-1,-2,-1,0,3,0,-1,27
9693,-3,0,1,4,-3,2,1,0,-3,2,1,-2,1,59
9694,-1,0,1,0,1,2,1,-4,1,-2,1,2,-1,35
9695,1,2,3,2,-1,4,3,-2,-1,0,-1,0,1,51
9696,3,2,1,-6,-3,-4,-1,2,1,0,1,0,-1,83
9697,1,0,-1,-8,-1,-2,1,4,-1,2,-1,-2,1,99
9698,-1,0,-1,-4,-1,-2,1,0,3,-2,-1,2,-1,43
9699,1,-2,-3,-6,1,0,3,2,1,0,-3,0,1,75
9700,-1,-2,3,-4,-1,-2,-3,4,-1,-2,3,0,-1,75
9701,-3,0,1,-6,1,0,-1,6,-3,0,1,-2,1,99
9702,-1,-4,1,-2,1,0,-1,2,1,-4,1,2,-1,51
9703,1,-2,-1,-4,3,2,1,4,-1,-2,-1,0,1,59
9704,-1,2,1,-4,-1,-6,1,0,-1,2,1,0,-1,67
9705,-3,0,3,-6,1,-4,3,2,-3,4,-1,-2,1,115
9706,-5,4,-1,-2,1,-4,3,-2,1,0,-1,2,-1,83
9707,-3,2,1,-4,3,-2,5,0,-1,2,-3,0,1,83
9708,-1,-2,3,-2,1,-4,-1,2,-3,0,3,0,-1,59
9709,-3,0,5,-4,3,-2,1,4,-5,2,1,-2,1,115
9710,-1,0,1,0,3,-2,1,0,-1,-2,1,2,-1,27
9711,1,2,3,-2,5,0,3,2,-3,0,-1,0,1,67
9712,3,2,1,-6,-5,-2,-3,0,3,0,1,0,-1,99
9713,1,0,-1,-4,-3,0,-1,2,1,2,-1,-2,1,43
9714,-1,0,3,-4,-3,0,-1,-2,5,-2,-1,2,-1,75
9715,1,-2,1,-2,-1,2,1,0,3,0,-3,0,1,35
9716,-1,2,3,-4,-3,0,-5,2,1,-2,3,0,-1,83
9717,-3,4,1,-2,-1,2,-3,4,-1,0,1,-2,1,67
9718,-1,0,5,-2,-1,2,-3,0,3,-4,1,2,-1,75
9719,1,2,3,0,1,4,-1,2,1,-2,-1,0,1,43
9720,3,2,1,-4,-3,-4,-1,-2,1,2,1,0,-1,67
9721,1,0,3,-2,-1,-2,1,0,-1,4,-1,-2,1,43
9722,-1,4,3,-2,-1,-2,1,-4,3,0,-1,2,-1,67
9723,1,2,5,0,1,0,3,-2,1,2,-3,0,1,59
9724,3,2,3,-2,-1,-2,-3,0,-1,0,3,0,-1,51
9725,1,4,5,0,1,0,-1,2,-3,2,1,-2,1,67
9726,3,4,5,0,1,0,-1,-2,1,-2,1,2,-1,67
9727,5,6,7,2,3,2,1,0,-1,0,-1,0,1,131
9728,7,2,5,6,3,2,1,0,-1,0,1,0,-1,131
9729,5,0,3,4,1,0,-1,-2,1,2,-1,-2,1,67
9730,3,0,3,4,1,0,-1,2,1,-2,-1,2,-1,51
9731,5,-2,1,2,-1,-2,-3,0,3,0,-3,0,1,67
9732,3,-2,3,4,1,0,3,2,-3,-2,3,0,-1,75
9733,1,0,1,2,-1,-2,1,0,-1,0,1,-2,1,19
9734,3,-4,1,2,-1,-2,1,4,-1,-4,1,2,-1,75
9735,5,-2,-1,0,-3,-4,-1,2,1,-2,-1,0,1,67
9736,3,-2,1,4,1,4,3,-2,-3,2,1,0,-1,75
9737,1,-4,3,2,-1,2,1,-4,-1,4,-1,-2,1,75
9738,-1,0,-1,2,-1,2,1,0,-1,0,-1,2,-1,19
9739,1,-2,1,0,-3,0,-1,-2,1,2,-3,0,1,35
9740,3,-6,-1,2,-1,2,5,0,-5,0,3,0,-1,115
9741,1,-4,1,0,-3,0,3,-2,-3,2,1,-2,1,59
9742,3,-4,-3,0,-3,0,3,2,-3,-2,1,2,-1,75
9743,5,-2,-1,-2,-5,-2,1,0,-1,0,-1,0,1,67
9744,3,-2,1,2,5,4,-1,-2,1,0,1,0,-1,67
9745,1,-4,-1,4,3,2,-3,-4,3,2,-1,-2,1,91
9746,-1,-4,3,0,3,2,-3,0,3,-2,-1,2,-1,67
9747,1,-6,1,2,1,0,-5,-2,5,0,-3,0,1,107
9748,-1,-2,-1,0,3,2,1,0,-1,-2,3,0,-1,35
9749,-3,0,-3,2,1,0,-1,-2,1,0,1,-2,1,35
9750,-1,-4,1,-2,1,0,-1,2,1,-4,1,2,-1,51
9751,1,-2,-1,0,-1,-2,-3,0,3,-2,-1,0,1,35
9752,3,-6,-3,0,3,6,1,-4,-1,2,1,0,-1,123
9753,1,-8,-1,2,1,4,-1,-6,1,4,-1,-2,1,147
9754,-1,-4,-1,-2,1,4,-1,-2,1,0,-1,2,-1,51
9755,1,-6,1,0,-1,2,-3,-4,3,2,-3,0,1,91
9756,3,-6,-5,-2,1,4,3,-2,-3,0,3,0,-1,123
9757,1,-4,-3,0,-1,2,1,-4,-1,2,1,-2,1,59
9758,3,-4,-3,-4,-1,2,1,0,-1,-2,1,2,-1,67
9759,5,-2,-1,-2,-3,0,-1,-2,1,0,-1,0,1,51
9760,3,-2,1,6,3,0,-1,2,-1,0,1,0,-1,67
9761,1,-4,-1,4,5,-2,-3,0,1,2,-1,-2,1,83
9762,-1,-4,-1,8,1,-2,-3,4,1,-2,-1,2,-1,123
9763,1,-6,-3,6,3,-4,-5,2,3,0,-3,0,1,155
9764,-1,-6,3,4,1,-2,1,4,-3,-2,3,0,-1,107
9765,-3,-4,1,2,3,-4,-1,2,-1,0,1,-2,1,67
9766,-1,-8,1,6,-1,-4,-1,6,-1,-4,1,2,-1,179
9767,1,-6,-1,4,1,-6,-3,4,1,-2,-1,0,1,123
9768,-1,-2,-3,4,1,2,1,0,-3,2,1,0,-1,51
9769,-3,-4,-1,2,3,0,-1,-2,-1,4,-1,-2,1,67
9770,-5,0,-5,6,-1,0,-1,2,-1,0,-1,2,-1,99
9771,-3,-2,-3,4,1,-2,-3,0,1,2,-3,0,1,67
9772,-1,-6,-1,2,-1,0,3,2,-5,0,3,0,-1,91
9773,-3,-4,1,0,1,-2,1,0,-3,2,1,-2,1,51
9774,-1,-4,-3,4,-3,-2,1,4,-3,-2,1,2,-1,91
9775,1,-2,-1,2,-1,-4,-1,2,-1,0,-1,0,1,35
9776,3,-6,-3,2,5,2,-3,0,1,0,1,0,-1,99
9777,1,-8,-5,4,7,0,-5,-2,3,2,-1,-2,1,203
9778,-1,-8,-1,4,3,0,-5,2,3,-2,-1,2,-1,139
9779,1,-10,-3,6,5,-2,-7,0,5,0,-3,0,1,259
9780,-1,-6,-1,0,3,0,-1,2,-1,-2,3,0,-1,67
9781,-3,-4,-3,2,5,-2,-3,0,1,0,1,-2,1,83
9782,-1,-8,1,2,1,-2,-3,4,1,-4,1,2,-1,123
9783,1,-6,-1,4,3,-4,-5,2,3,-2,-1,0,1,123
9784,3,-6,-7,0,3,4,-1,-2,-1,2,1,0,-1,131
9785,1,-8,-5,2,5,2,-3,-4,1,4,-1,-2,1,171
9786,-1,-4,-5,2,1,2,-3,0,1,0,-1,2,-1,67
9787,1,-6,-3,4,3,0,-5,-2,3,2,-3,0,1,123
9788,3,-6,-5,-2,1,2,1,0,-3,0,3,0,-1,99
9789,1,-4,-3,0,3,0,-1,-2,-1,2,1,-2,1,51
9790,3,-4,-3,0,-1,0,-1,2,-1,-2,1,2,-1,51
9791,5,-2,-1,2,1,-2,-3,0,1,0,-1,0,1,51
9792,3,-2,5,6,-1,-2,3,0,-1,0,1,0,-1,91
9793,1,-4,3,4,-3,0,1,-2,1,2,-1,-2,1,67
9794,-1,-4,3,4,1,-4,1,2,1,-2,-1,2,-1,75
9795,1,-6,1,2,-1,-2,-1,0,3,0,-3,0,1,67
9796,-1,-6,3,8,-3,-4,5,2,-3,-2,3,0,-1,187
9797,-3,-4,1,6,-5,-2,3,0,-1,0,1,-2,1,107
9798,-1,-8,1,6,-1,-6,3,4,-1,-4,1,2,-1,187
9799,1,-6,-1,4,-3,-4,1,2,1,-2,-1,0,1,91
9800,-1,-6,5,4,-3,0,5,-2,-3,2,1,0,-1,131
9801,-3,-8,7,2,-5,2,3,-4,-1,4,-1,-2,1,203
9802,-5,-4,3,2,-1,-2,3,0,-1,0,-1,2,-1,75
9803,-3,-6,5,0,-3,0,1,-2,1,2,-3,0,1,99
9804,-1,-10,3,6,-5,-2,7,0,-5,0,3,0,-1,259
9805,-3,-8,5,4,-7,0,5,-2,-3,2,1,-2,1,211
9806,-1,-8,1,4,-3,-4,5,2,-3,-2,1,2,-1,155
9807,1,-6,3,2,-5,-2,3,0,-1,0,-1,0,1,91
9808,-1,-2,1,2,1,0,1,-2,1,0,1,0,-1,19
9809,-3,-4,-1,4,-1,2,-1,-4,3,2,-1,-2,1,83
9810,-5,-4,3,0,3,-2,-1,0,3,-2,-1,2,-1,83
9811,-3,-6,1,2,1,0,-3,-2,5,0,-3,0,1,99
9812,-5,-2,-1,4,-1,-2,3,0,-1,-2,3,0,-1,75
9813,-7,0,-3,6,-3,0,1,-2,1,0,1,-2,1,115
9814,-5,-4,1,2,1,-4,1,2,1,-4,1,2,-1,91
9815,-3,-2,-1,4,-1,-2,-1,0,3,-2,-1,0,1,51
9816,-1,-6,1,0,-1,2,3,-4,-1,2,1,0,-1,75
9817,-3,-8,3,2,-3,4,1,-6,1,4,-1,-2,1,171
9818,-5,-4,3,-2,1,0,1,-2,1,0,-1,2,-1,67
9819,-3,-6,5,0,-1,2,-1,-4,3,2,-3,0,1,115
9820,-1,-6,-1,2,-3,0,5,-2,-3,0,3,0,-1,99
9821,-3,-4,1,4,-5,2,3,-4,-1,2,1,-2,1,107
9822,-1,-4,1,0,-1,-2,3,0,-1,-2,1,2,-1,43
9823,1,-2,3,2,-3,0,1,-2,1,0,-1,0,1,35
9824,3,-6,1,6,-1,-4,1,2,-1,0,1,0,-1,107
9825,1,-8,-1,4,1,-2,-1,0,1,2,-1,-2,1,99
9826,-1,-8,-1,8,1,-6,-1,4,1,-2,-1,2,-1,195
9827,1,-10,-3,6,3,-4,-3,2,3,0,-3,0,1,203
9828,-1,-10,3,8,-3,-6,3,4,-3,-2,3,0,-1,267
9829,-3,-8,1,6,-1,-4,1,2,-1,0,1,-2,1,139
9830,-1,-12,1,10,-1,-8,1,6,-1,-4,1,2,-1,371
9831,1,-10,-1,8,1,-6,-1,4,1,-2,-1,0,1,227
9832,-1,-6,1,4,-3,-2,3,0,-3,2,1,0,-1,91
9833,-3,-8,3,2,-1,0,1,-2,-1,4,-1,-2,1,115
9834,-5,-4,-1,6,-1,-4,1,2,-1,0,-1,2,-1,107
9835,-3,-6,1,4,1,-2,-1,0,1,2,-3,0,1,83
9836,-1,-10,3,6,-5,-4,5,2,-5,0,3,0,-1,251
9837,-3,-8,5,4,-3,-2,3,0,-3,2,1,-2,1,155
9838,-1,-8,1,8,-3,-6,3,4,-3,-2,1,2,-1,219
9839,1,-6,3,6,-1,-4,1,2,-1,0,-1,0,1,107
9840,3,-6,-3,2,1,-2,-1,0,1,0,1,0,-1,67
9841,1,-8,-5,4,3,0,-3,-2,3,2,-1,-2,1,147
9842,-1,-8,-1,4,3,-4,-3,2,3,-2,-1,2,-1,139
9843,1,-10,-3,6,5,-2,-5,0,5,0,-3,0,1,235
9844,-1,-6,-1,4,-1,-4,1,2,-1,-2,3,0,-1,91
9845,-3,-4,-3,6,1,-2,-1,0,1,0,1,-2,1,83
9846,-1,-8,1,6,1,-6,-1,4,1,-4,1,2,-1,179
9847,1,-6,-1,8,3,-4,-3,2,3,-2,-1,0,1,155
9848,3,-6,-3,0,-1,0,1,-2,-1,2,1,0,-1,67
9849,1,-8,-1,2,1,2,-1,-4,1,4,-1,-2,1,115
9850,-1,-4,-1,2,1,-2,-1,0,1,0,-1,2,-1,35
9851,1,-6,1,4,3,0,-3,-2,3,2,-3,0,1,99
9852,3,-6,-1,2,-3,-2,3,0,-3,0,3,0,-1,91
9853,1,-4,1,4,-1,0,1,-2,-1,2,1,-2,1,51
9854,3,-4,1,4,-1,-4,1,2,-1,-2,1,2,-1,75
9855,5,-2,3,6,1,-2,-1,0,1,0,-1,0,1,83
9856,3,2,5,2,-1,2,-1,0,-1,0,1,0,-1,51
9857,1,0,3,0,-3,0,1,-2,1,2,-1,-2,1,35
9858,-1,0,3,0,-3,4,-3,2,1,-2,-1,2,-1,59
9859,1,-2,1,-2,-5,2,-1,0,3,0,-3,0,1,59
9860,-1,-2,3,0,1,0,1,2,-3,-2,3,0,-1,43
9861,-3,0,1,-2,-1,-2,3,0,-1,0,1,-2,1,35
9862,-1,-4,1,-2,-1,2,-1,4,-1,-4,1,2,-1,67
9863,1,-2,-1,-4,-3,0,1,2,1,-2,-1,0,1,43
9864,-1,-2,1,4,-3,4,1,-2,-3,2,1,0,-1,67
9865,-3,-4,3,2,-5,2,3,-4,-1,4,-1,-2,1,115
9866,-5,0,-1,2,-5,6,-1,0,-1,0,-1,2,-1,99
9867,-3,-2,1,0,-7,4,1,-2,1,2,-3,0,1,99
9868,-1,-6,-1,2,-1,2,3,0,-5,0,3,0,-1,91
9869,-3,-4,1,0,-3,0,5,-2,-3,2,1,-2,1,83
9870,-1,-4,-3,0,-3,4,1,2,-3,-2,1,2,-1,75
9871,1,-2,-1,-2,-5,2,3,0,-1,0,-1,0,1,51
9872,-1,-2,5,-2,1,4,-3,-2,1,0,1,0,-1,67
9873,-3,-4,3,0,-1,2,-1,-4,3,2,-1,-2,1,75
9874,-5,-4,7,-4,-1,6,-5,0,3,-2,-1,2,-1,187
9875,-3,-6,5,-2,-3,4,-3,-2,5,0,-3,0,1,147
9876,-5,-2,3,-4,3,2,-1,0,-1,-2,3,0,-1,83
9877,-7,0,1,-2,1,0,1,-2,1,0,1,-2,1,67
9878,-5,-4,5,-6,1,4,-3,2,1,-4,1,2,-1,155
9879,-3,-2,3,-4,-1,2,-1,0,3,-2,-1,0,1,59
9880,-1,-6,1,0,-1,6,-1,-4,-1,2,1,0,-1,99
9881,-3,-8,3,2,-3,4,1,-6,1,4,-1,-2,1,171
9882,-5,-4,3,-2,-3,8,-3,-2,1,0,-1,2,-1,147
9883,-3,-6,5,0,-5,6,-1,-4,3,2,-3,0,1,171
9884,-1,-6,-1,-2,1,4,1,-2,-3,0,3,0,-1,83
9885,-3,-4,1,0,-1,2,3,-4,-1,2,1,-2,1,67
9886,-1,-4,1,-4,-1,6,-1,0,-1,-2,1,2,-1,83
9887,1,-2,3,-2,-3,4,1,-2,1,0,-1,0,1,51
9888,-1,2,1,2,-1,0,-3,2,-1,0,1,0,-1,27
9889,-3,0,-1,0,1,-2,-1,0,1,2,-1,-2,1,27
9890,-5,0,-1,4,-3,2,-5,4,1,-2,-1,2,-1,107
9891,-3,-2,-3,2,-1,0,-3,2,3,0,-3,0,1,59
9892,-5,-2,3,0,1,-2,-1,4,-3,-2,3,0,-1,83
9893,-7,0,1,-2,3,-4,1,2,-1,0,1,-2,1,91
9894,-5,-4,1,2,-1,0,-3,6,-1,-4,1,2,-1,115
9895,-3,-2,-1,0,1,-2,-1,4,1,-2,-1,0,1,43
9896,-5,2,-3,4,-3,2,-1,0,-3,2,1,0,-1,83
9897,-7,0,-1,2,-1,0,1,-2,-1,4,-1,-2,1,83
9898,-9,4,-5,6,-5,4,-3,2,-1,0,-1,2,-1,219
9899,-7,2,-3,4,-3,2,-1,0,1,2,-3,0,1,107
9900,-5,-2,-1,2,-1,0,1,2,-5,0,3,0,-1,75
9901,-7,0,1,0,1,-2,3,0,-3,2,1,-2,1,83
9902,-5,0,-3,4,-3,2,-1,4,-3,-2,1,2,-1,99
9903,-3,2,-1,2,-1,0,1,2,-1,0,-1,0,1,27
9904,-1,-2,1,-2,1,2,-5,0,1,0,1,0,-1,43
9905,-3,-4,-1,0,3,0,-3,-2,3,2,-1,-2,1,67
9906,-5,-4,3,0,-1,4,-7,2,3,-2,-1,2,-1,139
9907,-3,-6,1,2,1,2,-5,0,5,0,-3,0,1,115
9908,-5,-2,3,-4,3,0,-3,2,-1,-2,3,0,-1,91
9909,-7,0,1,-2,5,-2,-1,0,1,0,1,-2,1,91
9910,-5,-4,5,-2,1,2,-5,4,1,-4,1,2,-1,139
9911,-3,-2,3,0,3,0,-3,2,3,-2,-1,0,1,59
9912,-1,-2,-3,0,-1,4,-3,-2,-1,2,1,0,-1,51
9913,-3,-4,-1,2,1,2,-1,-4,1,4,-1,-2,1,75
9914,-5,0,-1,2,-3,6,-5,0,1,0,-1,2,-1,107
9915,-3,-2,1,4,-1,4,-3,-2,3,2,-3,0,1,83
9916,-1,-2,-1,-2,1,2,-1,0,-3,0,3,0,-1,35
9917,-3,0,1,0,3,0,1,-2,-1,2,1,-2,1,35
9918,-1,0,1,0,-1,4,-3,2,-1,-2,1,2,-1,43
9919,1,2,3,2,1,2,-1,0,1,0,-1,0,1,27
9920,3,-2,5,2,-5,-2,1,0,-1,0,1,0,-1,75
9921,1,-4,3,0,-7,0,3,-2,1,2,-1,-2,1,99
9922,-1,-4,3,0,-3,0,-1,2,1,-2,-1,2,-1,51
9923,1,-6,1,-2,-5,2,1,0,3,0,-3,0,1,91
9924,-1,-6,3,4,-3,-4,3,2,-3,-2,3,0,-1,123
9925,-3,-4,1,2,-5,-2,5,0,-1,0,1,-2,1,91
9926,-1,-8,1,2,-1,-2,1,4,-1,-4,1,2,-1,115
9927,1,-6,-1,0,-3,0,3,2,1,-2,-1,0,1,67
9928,-1,-6,5,4,-7,0,3,-2,-3,2,1,0,-1,155
9929,-3,-8,7,2,-9,2,5,-4,-1,4,-1,-2,1,275
9930,-5,-4,3,2,-5,2,1,0,-1,0,-1,2,-1,91
9931,-3,-6,5,0,-7,4,3,-2,1,2,-3,0,1,163
9932,-1,-10,3,6,-5,-2,5,0,-5,0,3,0,-1,235
9933,-3,-8,5,4,-7,0,7,-2,-3,2,1,-2,1,235
9934,-1,-8,1,4,-3,0,3,2,-3,-2,1,2,-1,123
9935,1,-6,3,2,-5,2,5,0,-1,0,-1,0,1,107
9936,-1,-2,5,-2,-3,0,-1,-2,1,0,1,0,-1,51
9937,-3,-4,3,0,-5,2,1,-4,3,2,-1,-2,1,99
9938,-5,-4,7,-4,-1,2,-3,0,3,-2,-1,2,-1,139
9939,-3,-6,5,-2,-3,4,-1,-2,5,0,-3,0,1,139
9940,-5,-2,3,0,-1,-2,1,0,-1,-2,3,0,-1,59
9941,-7,0,1,2,-3,0,3,-2,1,0,1,-2,1,83
9942,-5,-4,5,-2,1,0,-1,2,1,-4,1,2,-1,99
9943,-3,-2,3,0,-1,2,1,0,3,-2,-1,0,1,43
9944,-1,-6,5,0,-5,2,1,-4,-1,2,1,0,-1,115
9945,-3,-8,7,2,-7,4,3,-6,1,4,-1,-2,1,259
9946,-5,-4,7,-2,-3,4,-1,-2,1,0,-1,2,-1,131
9947,-3,-6,9,0,-5,6,1,-4,3,2,-3,0,1,227
9948,-1,-6,3,2,-3,0,3,-2,-3,0,3,0,-1,91
9949,-3,-4,5,4,-5,2,5,-4,-1,2,1,-2,1,147
9950,-1,-4,5,0,-1,2,1,0,-1,-2,1,2,-1,59
9951,1,-2,7,2,-3,4,3,-2,1,0,-1,0,1,99
9952,3,-2,1,2,-5,-4,-1,2,-1,0,1,0,-1,67
9953,1,-4,-1,0,-3,-2,1,0,1,2,-1,-2,1,43
9954,-1,-4,-1,4,-3,-2,-3,4,1,-2,-1,2,-1,83
9955,1,-6,-3,2,-1,0,-1,2,3,0,-3,0,1,75
9956,-1,-6,3,4,-3,-6,1,4,-3,-2,3,0,-1,147
9957,-3,-4,1,2,-1,-4,3,2,-1,0,1,-2,1,67
9958,-1,-8,1,6,-1,-4,-1,6,-1,-4,1,2,-1,179
9959,1,-6,-1,4,1,-2,1,4,1,-2,-1,0,1,83
9960,-1,-2,1,4,-7,-2,1,0,-3,2,1,0,-1,91
9961,-3,-4,3,2,-5,0,3,-2,-1,4,-1,-2,1,99
9962,-5,0,-1,6,-5,0,-1,2,-1,0,-1,2,-1,99
9963,-3,-2,1,4,-3,2,1,0,1,2,-3,0,1,59
9964,-1,-6,3,6,-5,-4,3,2,-5,0,3,0,-1,171
9965,-3,-4,5,4,-3,-2,5,0,-3,2,1,-2,1,123
9966,-1,-4,1,8,-3,-2,1,4,-3,-2,1,2,-1,131
9967,1,-2,3,6,-1,0,3,2,-1,0,-1,0,1,67
9968,3,-2,1,-2,-3,-2,-3,0,1,0,1,0,-1,43
9969,1,-4,-1,0,-1,0,-1,-2,3,2,-1,-2,1,43
9970,-1,-4,3,0,-1,0,-5,2,3,-2,-1,2,-1,75
9971,1,-6,1,2,1,2,-3,0,5,0,-3,0,1,91
9972,-1,-2,3,0,-1,-4,-1,2,-1,-2,3,0,-1,51
9973,-3,0,1,2,1,-2,1,0,1,0,1,-2,1,27
9974,-1,-4,5,2,1,-2,-3,4,1,-4,1,2,-1,99
9975,1,-2,3,4,3,0,-1,2,3,-2,-1,0,1,59
9976,3,-2,1,0,-5,0,-1,-2,-1,2,1,0,-1,51
9977,1,-4,3,2,-3,2,1,-4,1,4,-1,-2,1,83
9978,-1,0,3,2,-3,2,-3,0,1,0,-1,2,-1,43
9979,1,-2,5,4,-1,4,-1,-2,3,2,-3,0,1,91
9980,3,-2,3,2,-3,-2,1,0,-3,0,3,0,-1,59
9981,1,0,5,4,-1,0,3,-2,-1,2,1,-2,1,67
9982,3,0,5,4,-1,0,-1,2,-1,-2,1,2,-1,67
9983,5,2,7,6,1,2,1,0,1,0,-1,0,1,123
9984,7,2,1,2,3,0,-1,-2,-1,0,1,0,-1,75
9985,5,0,-1,0,1,-2,-3,0,1,2,-1,-2,1,51
9986,3,0,-1,0,1,-2,1,0,1,-2,-1,2,-1,27
9987,5,-2,-3,-2,-1,-4,-1,2,3,0,-3,0,1,83
9988,3,-2,-1,0,1,2,1,0,-3,-2,3,0,-1,43
9989,1,0,-3,-2,-1,0,-1,2,-1,0,1,-2,1,27
9990,3,-4,-3,-2,-1,0,3,2,-1,-4,1,2,-1,75
9991,5,-2,-5,-4,-3,-2,1,4,1,-2,-1,0,1,107
9992,3,-2,-3,0,5,2,1,-4,-3,2,1,0,-1,83
9993,1,-4,-1,-2,3,0,-1,-2,-1,4,-1,-2,1,59
9994,-1,0,-5,-2,3,0,3,-2,-1,0,-1,2,-1,59
9995,1,-2,-3,-4,1,-2,1,0,1,2,-3,0,1,51
9996,3,-6,-5,-2,3,4,3,-2,-5,0,3,0,-1,147
9997,1,-4,-3,-4,1,2,1,0,-3,2,1,-2,1,67
9998,3,-4,-7,-4,1,2,5,0,-3,-2,1,2,-1,139
9999,5,-2,-5,-6,-1,0,3,2,-1,0,-1,0,1,107
10000,3,-2,-3,2,5,2,-3,-4,1,0,1,0,-1,83
10001,1,-4,-5,4,3,0,-5,-2,3,2,-1,-2,1,115
10002,-1,-4,-1,0,3,0,-1,-2,3,-2,-1,2,-1,51
10003,1,-6,-3,2,1,-2,-3,0,5,0,-3,0,1,99
10004,-1,-2,-5,0,3,4,-1,-2,-1,-2,3,0,-1,75
10005,-3,0,-7,2,1,2,-3,0,1,0,1,-2,1,83
10006,-1,-4,-3,-2,1,2,1,0,1,-4,1,2,-1,59
10007,1,-2,-5,0,-1,0,-1,2,3,-2,-1,0,1,51
10008,3,-6,-7,0,7,4,-1,-6,-1,2,1,0,-1,203
10009,1,-8,-5,2,5,2,-3,-4,1,4,-1,-2,1,171
10010,-1,-4,-5,-2,5,2,1,-4,1,0,-1,2,-1,99
10011,1,-6,-3,0,3,0,-1,-2,3,2,-3,0,1,83
10012,3,-6,-9,-2,5,6,1,-4,-3,0,3,0,-1,227
10013,1,-4,-7,0,3,4,-1,-2,-1,2,1,-2,1,107
10014,3,-4,-7,-4,3,4,3,-2,-1,-2,1,2,-1,139
10015,5,-2,-5,-2,1,2,1,0,1,0,-1,0,1,67
10016,3,-2,1,2,3,-2,-3,0,-1,0,1,0,-1,43
10017,1,-4,-1,0,5,-4,-5,2,1,2,-1,-2,1,99
10018,-1,-4,-1,4,1,-4,-1,2,1,-2,-1,2,-1,67
10019,1,-6,-3,2,3,-6,-3,4,3,0,-3,0,1,139
10020,-1,-6,3,0,1,0,-1,2,-3,-2,3,0,-1,75
10021,-3,-4,1,-2,3,-2,-3,4,-1,0,1,-2,1,75
10022,-1,-8,1,2,-1,-2,1,4,-1,-4,1,2,-1,115
10023,1,-6,-1,0,1,-4,-1,6,1,-2,-1,0,1,99
10024,-1,-2,-3,0,5,0,-1,-2,-3,2,1,0,-1,59
10025,-3,-4,-1,-2,7,-2,-3,0,-1,4,-1,-2,1,115
10026,-5,0,-5,2,3,-2,1,0,-1,0,-1,2,-1,75
10027,-3,-2,-3,0,5,-4,-1,2,1,2,-3,0,1,83
10028,-1,-6,-1,-2,3,2,1,0,-5,0,3,0,-1,91
10029,-3,-4,1,-4,5,0,-1,2,-3,2,1,-2,1,91
10030,-1,-4,-3,0,1,0,3,2,-3,-2,1,2,-1,59
10031,1,-2,-1,-2,3,-2,1,4,-1,0,-1,0,1,43
10032,3,-6,-3,2,5,0,-5,-2,1,0,1,0,-1,115
10033,1,-8,-5,4,7,-2,-7,0,3,2,-1,-2,1,227
10034,-1,-8,-1,4,3,-2,-3,0,3,-2,-1,2,-1,123
10035,1,-10,-3,6,5,-4,-5,2,5,0,-3,0,1,251
10036,-1,-6,-1,0,3,2,-3,0,-1,-2,3,0,-1,75
10037,-3,-4,-3,2,5,0,-5,2,1,0,1,-2,1,99
10038,-1,-8,1,2,1,0,-1,2,1,-4,1,2,-1,99
10039,1,-6,-1,4,3,-2,-3,4,3,-2,-1,0,1,107
10040,3,-6,-7,0,7,2,-3,-4,-1,2,1,0,-1,179
10041,1,-8,-5,2,9,0,-5,-2,1,4,-1,-2,1,227
10042,-1,-4,-5,2,5,0,-1,-2,1,0,-1,2,-1,83
10043,1,-6,-3,4,7,-2,-3,0,3,2,-3,0,1,147
10044,3,-6,-5,-2,5,4,-1,-2,-3,0,3,0,-1,139
10045,1,-4,-3,0,7,2,-3,0,-1,2,1,-2,1,99
10046,3,-4,-3,0,3,2,1,0,-1,-2,1,2,-1,59
10047,5,-2,-1,2,5,0,-1,2,1,0,-1,0,1,67
10048,3,2,1,2,-1,-4,1,-2,-1,0,1,0,-1,43
10049,1,0,-1,0,-3,-2,-1,0,1,2,-1,-2,1,27
10050,-1,0,-1,0,1,-6,3,0,1,-2,-1,2,-1,59
10051,1,-2,-3,-2,-1,-4,1,2,3,0,-3,0,1,59
10052,-1,-2,-1,4,-3,-2,3,0,-3,-2,3,0,-1,67
10053,-3,0,-3,2,-5,0,1,2,-1,0,1,-2,1,59
10054,-1,-4,-3,2,-1,-4,5,2,-1,-4,1,2,-1,99
10055,1,-2,-5,0,-3,-2,3,4,1,-2,-1,0,1,75
10056,-1,-2,1,0,1,-2,3,-4,-3,2,1,0,-1,51
10057,-3,-4,3,-2,-1,0,1,-2,-1,4,-1,-2,1,67
10058,-5,0,-1,-2,3,-4,5,-2,-1,0,-1,2,-1,91
10059,-3,-2,1,-4,1,-2,3,0,1,2,-3,0,1,59
10060,-1,-6,-1,2,-1,0,5,-2,-5,0,3,0,-1,107
10061,-3,-4,1,0,-3,2,3,0,-3,2,1,-2,1,67
10062,-1,-4,-3,0,1,-2,7,0,-3,-2,1,2,-1,99
10063,1,-2,-1,-2,-1,0,5,2,-1,0,-1,0,1,43
10064,-1,2,-3,2,1,-2,-1,-4,1,0,1,0,-1,43
10065,-3,0,-5,4,-1,0,-3,-2,3,2,-1,-2,1,83
10066,-5,0,-1,0,3,-4,1,-2,3,-2,-1,2,-1,75
10067,-3,-2,-3,2,1,-2,-1,0,5,0,-3,0,1,67
10068,-5,2,-5,4,-1,0,1,-2,-1,-2,3,0,-1,91
10069,-7,4,-7,6,-3,2,-1,0,1,0,1,-2,1,171
10070,-5,0,-3,2,1,-2,3,0,1,-4,1,2,-1,75
10071,-3,2,-5,4,-1,0,1,2,3,-2,-1,0,1,75
10072,-1,-2,-3,0,3,0,1,-6,-1,2,1,0,-1,67
10073,-3,-4,-1,2,1,2,-1,-4,1,4,-1,-2,1,75
10074,-5,0,-1,-2,5,-2,3,-4,1,0,-1,2,-1,91
10075,-3,-2,1,0,3,0,1,-2,3,2,-3,0,1,51
10076,-1,-2,-5,2,1,2,3,-4,-3,0,3,0,-1,83
10077,-3,0,-3,4,-1,4,1,-2,-1,2,1,-2,1,67
10078,-1,0,-3,0,3,0,5,-2,-1,-2,1,2,-1,59
10079,1,2,-1,2,1,2,3,0,1,0,-1,0,1,27
10080,3,-2,1,2,-1,-6,-1,0,-1,0,1,0,-1,59
10081,1,-4,-1,0,1,-4,-3,2,1,2,-1,-2,1,59
10082,-1,-4,-1,4,1,-8,1,2,1,-2,-1,2,-1,115
10083,1,-6,-3,2,3,-6,-1,4,3,0,-3,0,1,131
10084,-1,-6,3,4,-3,-4,1,2,-3,-2,3,0,-1,115
10085,-3,-4,1,2,-1,-2,-1,4,-1,0,1,-2,1,59
10086,-1,-8,1,6,-1,-6,3,4,-1,-4,1,2,-1,187
10087,1,-6,-1,4,1,-4,1,6,1,-2,-1,0,1,115
10088,-1,-2,1,0,1,-4,1,-2,-3,2,1,0,-1,43
10089,-3,-4,3,-2,3,-2,-1,0,-1,4,-1,-2,1,75
10090,-5,0,-1,2,3,-6,3,0,-1,0,-1,2,-1,91
10091,-3,-2,1,0,5,-4,1,2,1,2,-3,0,1,75
10092,-1,-6,3,2,-1,-2,3,0,-5,0,3,0,-1,99
10093,-3,-4,5,0,1,0,1,2,-3,2,1,-2,1,75
10094,-1,-4,1,4,1,-4,5,2,-3,-2,1,2,-1,99
10095,1,-2,3,2,3,-2,3,4,-1,0,-1,0,1,59
10096,3,-2,-3,2,1,-4,-3,-2,1,0,1,0,-1,59
10097,1,-4,-5,4,3,-2,-5,0,3,2,-1,-2,1,115
10098,-1,-4,-1,4,3,-6,-1,0,3,-2,-1,2,-1,99
10099,1,-6,-3,6,5,-4,-3,2,5,0,-3,0,1,171
10100,-1,-2,-1,4,-1,-2,-1,0,-1,-2,3,0,-1,43
10101,-3,0,-3,6,1,0,-3,2,1,0,1,-2,1,75
10102,-1,-4,1,6,1,-4,1,2,1,-4,1,2,-1,99
10103,1,-2,-1,8,3,-2,-1,4,3,-2,-1,0,1,115
10104,3,-2,-3,0,3,-2,-1,-4,-1,2,1,0,-1,59
10105,1,-4,-1,2,5,0,-3,-2,1,4,-1,-2,1,83
10106,-1,0,-1,2,5,-4,1,-2,1,0,-1,2,-1,59
10107,1,-2,1,4,7,-2,-1,0,3,2,-3,0,1,99
10108,3,-2,-1,2,1,0,1,-2,-3,0,3,0,-1,43
10109,1,0,1,4,3,2,-1,0,-1,2,1,-2,1,43
10110,3,0,1,4,3,-2,3,0,-1,-2,1,2,-1,59
10111,5,2,3,6,5,0,1,2,1,0,-1,0,1,107
10112,7,2,1,-2,-1,0,-3,-2,-1,0,1,0,-1,75
10113,5,0,-1,-4,-3,-2,-1,0,1,2,-1,-2,1,67
10114,3,0,-1,-4,-3,2,-1,0,1,-2,-1,2,-1,51
10115,5,-2,-3,-6,-5,0,1,2,3,0,-3,0,1,123
10116,3,-2,-1,-4,1,2,-1,0,-3,-2,3,0,-1,59
10117,1,0,-3,-6,-1,0,1,2,-1,0,1,-2,1,59
10118,3,-4,-3,-6,-1,4,1,2,-1,-4,1,2,-1,115
10119,5,-2,-5,-8,-3,2,3,4,1,-2,-1,0,1,163
10120,3,-2,-3,0,1,2,-1,-4,-3,2,1,0,-1,59
10121,1,-4,-1,-2,-1,0,1,-2,-1,4,-1,-2,1,51
10122,-1,0,-5,-2,-1,4,1,-2,-1,0,-1,2,-1,59
10123,1,-2,-3,-4,-3,2,3,0,1,2,-3,0,1,67
10124,3,-6,-5,-2,3,4,1,-2,-5,0,3,0,-1,139
10125,1,-4,-3,-4,1,2,3,0,-3,2,1,-2,1,75
10126,3,-4,-7,-4,1,6,3,0,-3,-2,1,2,-1,155
10127,5,-2,-5,-6,-1,4,5,2,-1,0,-1,0,1,139
10128,3,-2,1,-2,1,2,-5,-4,1,0,1,0,-1,67
10129,1,-4,-1,0,-1,0,-3,-2,3,2,-1,-2,1,51
10130,-1,-4,3,-4,-1,4,-3,-2,3,-2,-1,2,-1,91
10131,1,-6,1,-2,-3,2,-1,0,5,0,-3,0,1,91
10132,-1,-2,-1,-4,3,4,-3,-2,-1,-2,3,0,-1,75
10133,-3,0,-3,-2,1,2,-1,0,1,0,1,-2,1,35
10134,-1,-4,1,-6,1,6,-1,0,1,-4,1,2,-1,115
10135,1,-2,-1,-4,-1,4,1,2,3,-2,-1,0,1,59
10136,3,-6,-3,0,3,4,-3,-6,-1,2,1,0,-1,131
10137,1,-8,-1,2,1,2,-1,-4,1,4,-1,-2,1,115
10138,-1,-4,-1,-2,1,6,-1,-4,1,0,-1,2,-1,83
10139,1,-6,1,0,-1,4,1,-2,3,2,-3,0,1,83
10140,3,-6,-5,-2,5,6,-1,-4,-3,0,3,0,-1,171
10141,1,-4,-3,0,3,4,1,-2,-1,2,1,-2,1,67
10142,3,-4,-3,-4,3,8,1,-2,-1,-2,1,2,-1,139
10143,5,-2,-1,-2,1,6,3,0,1,0,-1,0,1,83
10144,3,2,1,-2,-1,-2,-5,0,-1,0,1,0,-1,51
10145,1,0,-1,-4,1,-4,-3,2,1,2,-1,-2,1,59
10146,-1,0,-1,0,-3,0,-3,2,1,-2,-1,2,-1,35
10147,1,-2,-3,-2,-1,-2,-1,4,3,0,-3,0,1,59
10148,-1,-2,3,-4,1,0,-3,2,-3,-2,3,0,-1,67
10149,-3,0,1,-6,3,-2,-1,4,-1,0,1,-2,1,83
10150,-1,-4,1,-2,-1,2,-1,4,-1,-4,1,2,-1,67
10151,1,-2,-1,-4,1,0,1,6,1,-2,-1,0,1,67
10152,-1,2,-3,0,1,0,-3,-2,-3,2,1,0,-1,43
10153,-3,0,-1,-2,3,-2,-1,0,-1,4,-1,-2,1,51
10154,-5,4,-5,2,-1,2,-1,0,-1,0,-1,2,-1,83
10155,-3,2,-3,0,1,0,1,2,1,2,-3,0,1,43
10156,-1,-2,-1,-2,3,2,-1,0,-5,0,3,0,-1,59
10157,-3,0,1,-4,5,0,1,2,-3,2,1,-2,1,75
10158,-1,0,-3,0,1,4,1,2,-3,-2,1,2,-1,51
10159,1,2,-1,-2,3,2,3,4,-1,0,-1,0,1,51
10160,3,-2,1,-2,1,0,-7,-2,1,0,1,0,-1,75
10161,1,-4,-1,0,3,-2,-5,0,3,2,-1,-2,1,75
10162,-1,-4,3,0,-1,2,-5,0,3,-2,-1,2,-1,75
10163,1,-6,1,2,1,0,-3,2,5,0,-3,0,1,91
10164,-1,-2,3,-4,3,2,-5,0,-1,-2,3,0,-1,83
10165,-3,0,1,-2,5,0,-3,2,1,0,1,-2,1,59
10166,-1,-4,5,-2,1,4,-3,2,1,-4,1,2,-1,99
10167,1,-2,3,0,3,2,-1,4,3,-2,-1,0,1,59
10168,3,-2,-3,0,3,2,-5,-4,-1,2,1,0,-1,83
10169,1,-4,-1,2,5,0,-3,-2,1,4,-1,-2,1,83
10170,-1,0,-1,2,1,4,-3,-2,1,0,-1,2,-1,43
10171,1,-2,1,4,3,2,-1,0,3,2,-3,0,1,59
10172,3,-2,-1,-2,5,4,-3,-2,-3,0,3,0,-1,91
10173,1,0,1,0,7,2,-1,0,-1,2,1,-2,1,67
10174,3,0,1,0,3,6,-1,0,-1,-2,1,2,-1,67
10175,5,2,3,2,5,4,1,2,1,0,-1,0,1,91
10176,7,2,1,-2,-5,-4,-1,-2,-1,0,1,0,-1,107
10177,5,0,-1,-4,-7,-2,1,0,1,2,-1,-2,1,107
10178,3,0,-1,-4,-3,-2,1,0,1,-2,-1,2,-1,51
10179,5,-2,-3,-6,-5,0,3,2,3,0,-3,0,1,131
10180,3,-2,-1,0,-3,-2,1,0,-3,-2,3,0,-1,51
10181,1,0,-3,-2,-5,0,3,2,-1,0,1,-2,1,59
10182,3,-4,-3,-2,-1,0,3,2,-1,-4,1,2,-1,75
10183,5,-2,-5,-4,-3,2,5,4,1,-2,-1,0,1,131
10184,3,-2,1,0,-3,-2,1,-4,-3,2,1,0,-1,59
10185,1,-4,3,-2,-5,0,3,-2,-1,4,-1,-2,1,91
10186,-1,0,-1,-2,-1,0,3,-2,-1,0,-1,2,-1,27
10187,1,-2,1,-4,-3,2,5,0,1,2,-3,0,1,75
10188,3,-6,-1,2,-1,0,3,-2,-5,0,3,0,-1,99
10189,1,-4,1,0,-3,2,5,0,-3,2,1,-2,1,75
10190,3,-4,-3,0,1,2,5,0,-3,-2,1,2,-1,83
10191,5,-2,-1,-2,-1,4,7,2,-1,0,-1,0,1,107
10192,3,2,1,-2,-3,-2,-3,-4,1,0,1,0,-1,59
10193,1,0,-1,0,-5,0,-1,-2,3,2,-1,-2,1,51
10194,-1,0,3,-4,-1,0,-1,-2,3,-2,-1,2,-1,51
10195,1,-2,1,-2,-3,2,1,0,5,0,-3,0,1,59
10196,-1,2,-1,0,-1,0,-1,-2,-1,-2,3,0,-1,27
10197,-3,4,-3,2,-3,2,1,0,1,0,1,-2,1,59
10198,-1,0,1,-2,1,2,1,0,1,-4,1,2,-1,35
10199,1,2,-1,0,-1,4,3,2,3,-2,-1,0,1,51
10200,3,-2,1,0,-1,0,-1,-6,-1,2,1,0,-1,59
10201,1,-4,3,2,-3,2,1,-4,1,4,-1,-2,1,83
10202,-1,0,3,-2,1,2,1,-4,1,0,-1,2,-1,43
10203,1,-2,5,0,-1,4,3,-2,3,2,-3,0,1,83
10204,3,-2,-1,2,1,2,1,-4,-3,0,3,0,-1,59
10205,1,0,1,4,-1,4,3,-2,-1,2,1,-2,1,59
10206,3,0,1,0,3,4,3,-2,-1,-2,1,2,-1,59
10207,5,2,3,2,1,6,5,0,1,0,-1,0,1,107
10208,7,2,1,-2,-5,-6,-3,0,-1,0,1,0,-1,131
10209,5,0,-1,-4,-3,-4,-1,2,1,2,-1,-2,1,83
10210,3,0,-1,0,-3,-4,-1,2,1,-2,-1,2,-1,51
10211,5,-2,-3,-2,-1,-2,1,4,3,0,-3,0,1,83
10212,3,-2,3,0,-3,-4,-1,2,-3,-2,3,0,-1,75
10213,1,0,1,-2,-1,-2,1,4,-1,0,1,-2,1,35
10214,3,-4,1,2,-1,-2,1,4,-1,-4,1,2,-1,75
10215,5,-2,-1,0,1,0,3,6,1,-2,-1,0,1,83
10216,3,2,1,0,-3,-4,-1,-2,-3,2,1,0,-1,59
10217,1,0,3,-2,-1,-2,1,0,-1,4,-1,-2,1,43
10218,-1,4,-1,2,-1,-2,1,0,-1,0,-1,2,-1,35
10219,1,2,1,0,1,0,3,2,1,2,-3,0,1,35
10220,3,-2,3,2,-1,-2,1,0,-5,0,3,0,-1,67
10221,1,0,5,0,1,0,3,2,-3,2,1,-2,1,59
10222,3,0,1,4,1,0,3,2,-3,-2,1,2,-1,59
10223,5,2,3,2,3,2,5,4,-1,0,-1,0,1,99
10224,7,2,1,-2,-3,-4,-5,-2,1,0,1,0,-1,115
10225,5,0,-1,0,-1,-2,-3,0,3,2,-1,-2,1,59
10226,3,0,3,0,-1,-2,-3,0,3,-2,-1,2,-1,51
10227,5,-2,1,2,1,0,-1,2,5,0,-3,0,1,75
10228,3,2,3,0,-1,-2,-3,0,-1,-2,3,0,-1,51
10229,1,4,1,2,1,0,-1,2,1,0,1,-2,1,35
10230,3,0,5,2,1,0,-1,2,1,-4,1,2,-1,67
10231,5,2,3,4,3,2,1,4,3,-2,-1,0,1,99
10232,7,2,1,0,-1,-2,-3,-4,-1,2,1,0,-1,91
10233,5,0,3,2,1,0,-1,-2,1,4,-1,-2,1,67
10234,3,4,3,2,1,0,-1,-2,1,0,-1,2,-1,51
10235,5,2,5,4,3,2,1,0,3,2,-3,0,1,107
10236,7,2,3,2,1,0,-1,-2,-3,0,3,0,-1,91
10237,5,4,5,4,3,2,1,0,-1,2,1,-2,1,107
10238,7,4,5,4,3,2,1,0,-1,-2,1,2,-1,131
10239,9,6,7,6,5,4,3,2,1,0,-1,0,1,259
10240,7,10,7,6,5,4,3,2,1,0,-1,0,-1,291
10241,5,8,5,4,3,2,1,0,-1,-2,1,-2,1,155
10242,3,8,5,4,3,2,1,0,-1,2,-3,2,-1,147
10243,5,6,3,2,1,0,-1,-2,-3,0,-1,0,1,91
10244,3,6,5,4,3,2,1,0,3,-2,1,0,-1,115
10245,1,8,3,2,1,0,-1,-2,1,-4,3,-2,1,115
10246,3,4,3,2,1,0,-1,-2,1,0,-1,2,-1,51
10247,5,6,1,0,-1,-2,-3,-4,-1,-2,1,0,1,99
10248,3,6,3,4,3,2,1,4,-1,2,-1,0,-1,107
10249,1,4,5,2,1,0,-1,2,-3,0,1,-2,1,67
10250,-1,8,1,2,1,0,-1,2,-3,4,-3,2,-1,115
10251,1,6,3,0,-1,-2,-3,0,-5,2,-1,0,1,91
10252,3,2,1,2,1,0,-1,2,1,0,1,0,-1,27
10253,1,4,3,0,-1,-2,-3,0,-1,-2,3,-2,1,59
10254,3,4,-1,0,-1,-2,-3,0,-1,2,-1,2,-1,51
10255,5,6,1,-2,-3,-4,-5,-2,-3,0,1,0,1,131
10256,3,6,3,2,3,2,5,0,3,0,-1,0,-1,107
10257,1,4,1,4,1,0,3,-2,1,-2,1,-2,1,59
10258,-1,4,5,0,1,0,3,-2,1,2,-3,2,-1,75
10259,1,2,3,2,-1,-2,1,-4,-1,0,-1,0,1,43
10260,-1,6,1,0,1,0,3,-2,5,-2,1,0,-1,83
10261,-3,8,-1,2,-1,-2,1,-4,3,-4,3,-2,1,139
10262,-1,4,3,-2,-1,-2,1,-4,3,0,-1,2,-1,67
10263,1,6,1,0,-3,-4,-1,-6,1,-2,1,0,1,107
10264,3,2,-1,0,1,0,3,2,1,2,-1,0,-1,35
10265,1,0,1,2,-1,-2,1,0,-1,0,1,-2,1,19
10266,-1,4,1,-2,-1,-2,1,0,-1,4,-3,2,-1,59
10267,1,2,3,0,-3,-4,-1,-2,-3,2,-1,0,1,59
10268,3,2,-3,-2,-1,-2,1,0,3,0,1,0,-1,43
10269,1,4,-1,0,-3,-4,-1,-2,1,-2,3,-2,1,67
10270,3,4,-1,-4,-3,-4,-1,-2,1,2,-1,2,-1,83
10271,5,6,1,-2,-5,-6,-3,-4,-1,0,1,0,1,155
10272,3,6,3,2,1,6,1,4,1,0,-1,0,-1,115
10273,1,4,1,0,3,4,-1,2,-1,-2,1,-2,1,59
10274,-1,4,1,4,-1,4,-1,2,-1,2,-3,2,-1,75
10275,1,2,-1,2,1,2,-3,0,-3,0,-1,0,1,35
10276,-1,2,5,0,-1,4,-1,2,3,-2,1,0,-1,67
10277,-3,4,3,-2,1,2,-3,0,1,-4,3,-2,1,83
10278,-1,0,3,2,-3,2,-3,0,1,0,-1,2,-1,43
10279,1,2,1,0,-1,0,-5,-2,-1,-2,1,0,1,43
10280,-1,6,-1,0,-1,4,-1,6,-1,2,-1,0,-1,99
10281,-3,4,1,-2,1,2,-3,4,-3,0,1,-2,1,75
10282,-5,8,-3,2,-3,2,-3,4,-3,4,-3,2,-1,179
10283,-3,6,-1,0,-1,0,-5,2,-5,2,-1,0,1,107
10284,-1,2,1,-2,-3,2,-3,4,1,0,1,0,-1,51
10285,-3,4,3,-4,-1,0,-5,2,-1,-2,3,-2,1,99
10286,-1,4,-1,0,-5,0,-5,2,-1,2,-1,2,-1,83
10287,1,6,1,-2,-3,-2,-7,0,-3,0,1,0,1,115
10288,3,2,-1,-2,-1,4,3,2,3,0,-1,0,-1,59
10289,1,0,-3,0,1,2,1,0,1,-2,1,-2,1,27
10290,-1,0,1,0,-3,2,1,0,1,2,-3,2,-1,35
10291,1,-2,-1,2,-1,0,-1,-2,-1,0,-1,0,1,19
10292,-1,2,1,-4,-3,2,1,0,5,-2,1,0,-1,67
10293,-3,4,-1,-2,-1,0,-1,-2,3,-4,3,-2,1,75
10294,-1,0,3,-2,-5,0,-1,-2,3,0,-1,2,-1,59
10295,1,2,1,0,-3,-2,-3,-4,1,-2,1,0,1,51
10296,3,2,-5,-4,-3,2,1,4,1,2,-1,0,-1,91
10297,1,0,-3,-2,-1,0,-1,2,-1,0,1,-2,1,27
10298,-1,4,-3,-2,-5,0,-1,2,-1,4,-3,2,-1,91
10299,1,2,-1,0,-3,-2,-3,0,-3,2,-1,0,1,43
10300,3,2,-3,-6,-5,0,-1,2,3,0,1,0,-1,99
10301,1,4,-1,-4,-3,-2,-3,0,1,-2,3,-2,1,75
10302,3,4,-1,-4,-7,-2,-3,0,1,2,-1,2,-1,115
10303,5,6,1,-2,-5,-4,-5,-2,-1,0,1,0,1,139
10304,3,6,3,2,5,0,5,2,1,0,-1,0,-1,115
10305,1,4,1,0,3,2,3,0,-1,-2,1,-2,1,51
10306,-1,4,1,0,7,-2,3,0,-1,2,-3,2,-1,99
10307,1,2,-1,-2,5,0,1,-2,-3,0,-1,0,1,51
10308,-1,2,1,4,3,-2,3,0,3,-2,1,0,-1,59
10309,-3,4,-1,2,1,0,1,-2,1,-4,3,-2,1,67
10310,-1,0,-1,2,5,-4,1,-2,1,0,-1,2,-1,59
10311,1,2,-3,0,3,-2,-1,-4,-1,-2,1,0,1,51
10312,-1,2,3,0,3,-2,3,4,-1,2,-1,0,-1,59
10313,-3,0,5,-2,1,0,1,2,-3,0,1,-2,1,59
10314,-5,4,1,-2,5,-4,1,2,-3,4,-3,2,-1,131
10315,-3,2,3,-4,3,-2,-1,0,-5,2,-1,0,1,83
10316,-1,-2,1,2,1,-4,1,2,1,0,1,0,-1,35
10317,-3,0,3,0,-1,-2,-1,0,-1,-2,3,-2,1,43
10318,-1,0,-1,0,3,-6,-1,0,-1,2,-1,2,-1,59
10319,1,2,1,-2,1,-4,-3,-2,-3,0,1,0,1,51
10320,-1,6,-1,-2,3,-2,7,0,3,0,-1,0,-1,115
10321,-3,4,-3,0,1,0,5,-2,1,-2,1,-2,1,75
10322,-5,4,1,-4,5,-4,5,-2,1,2,-3,2,-1,147
10323,-3,2,-1,-2,3,-2,3,-4,-1,0,-1,0,1,59
10324,-5,6,-3,0,1,-4,5,-2,5,-2,1,0,-1,147
10325,-7,8,-5,2,-1,-2,3,-4,3,-4,3,-2,1,211
10326,-5,4,-1,-2,3,-6,3,-4,3,0,-1,2,-1,131
10327,-3,6,-3,0,1,-4,1,-6,1,-2,1,0,1,115
10328,-1,2,-1,-4,1,-4,5,2,1,2,-1,0,-1,75
10329,-3,0,1,-2,-1,-2,3,0,-1,0,1,-2,1,35
10330,-5,4,1,-6,3,-6,3,0,-1,4,-3,2,-1,163
10331,-3,2,3,-4,1,-4,1,-2,-3,2,-1,0,1,75
10332,-1,2,-3,-2,-1,-6,3,0,3,0,1,0,-1,75
10333,-3,4,-1,0,-3,-4,1,-2,1,-2,3,-2,1,75
10334,-1,4,-1,-4,1,-8,1,-2,1,2,-1,2,-1,115
10335,1,6,1,-2,-1,-6,-1,-4,-1,0,1,0,1,99
10336,3,2,-1,-2,1,2,3,4,1,0,-1,0,-1,51
10337,1,0,-3,-4,3,4,1,2,-1,-2,1,-2,1,67
10338,-1,0,-3,0,3,0,1,2,-1,2,-3,2,-1,43
10339,1,-2,-5,-2,5,2,-1,0,-3,0,-1,0,1,75
10340,-1,-2,1,0,-1,0,1,2,3,-2,1,0,-1,27
10341,-3,0,-1,-2,1,2,-1,0,1,-4,3,-2,1,51
10342,-1,-4,-1,2,1,-2,-1,0,1,0,-1,2,-1,35
10343,1,-2,-3,0,3,0,-3,-2,-1,-2,1,0,1,43
10344,-1,2,-1,-4,-1,0,1,6,-1,2,-1,0,-1,67
10345,-3,0,1,-6,1,2,-1,4,-3,0,1,-2,1,83
10346,-5,4,-3,-2,1,-2,-1,4,-3,4,-3,2,-1,115
10347,-3,2,-1,-4,3,0,-3,2,-5,2,-1,0,1,83
10348,-1,-2,1,-2,-3,-2,-1,4,1,0,1,0,-1,43
10349,-3,0,3,-4,-1,0,-3,2,-1,-2,3,-2,1,67
10350,-1,0,-1,0,-1,-4,-3,2,-1,2,-1,2,-1,43
10351,1,2,1,-2,1,-2,-5,0,-3,0,1,0,1,51
10352,3,2,-5,-6,-1,0,5,2,3,0,-1,0,-1,115
10353,1,0,-7,-4,1,2,3,0,1,-2,1,-2,1,91
10354,-1,0,-3,-4,1,-2,3,0,1,2,-3,2,-1,59
10355,1,-2,-5,-2,3,0,1,-2,-1,0,-1,0,1,51
10356,-1,2,-3,-4,-3,-2,3,0,5,-2,1,0,-1,83
10357,-3,4,-5,-2,-1,0,1,-2,3,-4,3,-2,1,99
10358,-1,0,-1,-2,-1,-4,1,-2,3,0,-1,2,-1,43
10359,1,2,-3,0,1,-2,-1,-4,1,-2,1,0,1,43
10360,3,2,-5,-8,-3,-2,3,4,1,2,-1,0,-1,147
10361,1,0,-3,-6,-1,0,1,2,-1,0,1,-2,1,59
10362,-1,4,-3,-6,-1,-4,1,2,-1,4,-3,2,-1,115
10363,1,2,-1,-4,1,-2,-1,0,-3,2,-1,0,1,43
10364,3,2,-3,-6,-5,-4,1,2,3,0,1,0,-1,115
10365,1,4,-1,-4,-3,-2,-1,0,1,-2,3,-2,1,67
10366,3,4,-1,-4,-3,-6,-1,0,1,2,-1,2,-1,99
10367,5,6,1,-2,-1,-4,-3,-2,-1,0,1,0,1,99
10368,3,6,3,6,1,4,1,2,1,0,-1,0,-1,115
10369,1,4,1,4,-1,2,3,0,-1,-2,1,-2,1,59
10370,-1,4,1,4,-1,6,-1,0,-1,2,-3,2,-1,91
10371,1,2,-1,2,-3,4,1,-2,-3,0,-1,0,1,51
10372,-1,2,1,4,3,2,-1,0,3,-2,1,0,-1,51
10373,-3,4,-1,2,1,0,1,-2,1,-4,3,-2,1,67
10374,-1,0,-1,2,1,4,-3,-2,1,0,-1,2,-1,43
10375,1,2,-3,0,-1,2,-1,-4,-1,-2,1,0,1,43
10376,-1,2,-1,8,-1,2,-1,4,-1,2,-1,0,-1,99
10377,-3,0,1,6,-3,0,1,2,-3,0,1,-2,1,75
10378,-5,4,-3,6,-3,4,-3,2,-3,4,-3,2,-1,163
10379,-3,2,-1,4,-5,2,-1,0,-5,2,-1,0,1,91
10380,-1,-2,-3,6,1,0,-3,2,1,0,1,0,-1,67
10381,-3,0,-1,4,-1,-2,-1,0,-1,-2,3,-2,1,51
10382,-1,0,-5,4,-1,2,-5,0,-1,2,-1,2,-1,83
10383,1,2,-3,2,-3,0,-3,-2,-3,0,1,0,1,51
10384,-1,2,3,2,-1,2,3,0,3,0,-1,0,-1,43
10385,-3,0,1,4,-3,0,5,-2,1,-2,1,-2,1,75
10386,-5,0,5,0,-3,4,1,-2,1,2,-3,2,-1,99
10387,-3,-2,3,2,-5,2,3,-4,-1,0,-1,0,1,83
10388,-5,2,1,0,1,0,1,-2,5,-2,1,0,-1,67
10389,-7,4,-1,2,-1,-2,3,-4,3,-4,3,-2,1,139
10390,-5,0,3,-2,-1,2,-1,-4,3,0,-1,2,-1,75
10391,-3,2,1,0,-3,0,1,-6,1,-2,1,0,1,67
10392,-1,-2,-1,4,-3,0,1,2,1,2,-1,0,-1,43
10393,-3,-4,1,6,-5,-2,3,0,-1,0,1,-2,1,107
10394,-5,0,1,2,-5,2,-1,0,-1,4,-3,2,-1,91
10395,-3,-2,3,4,-7,0,1,-2,-3,2,-1,0,1,107
10396,-1,-2,-3,2,-1,-2,-1,0,3,0,1,0,-1,35
10397,-3,0,-1,4,-3,-4,1,-2,1,-2,3,-2,1,75
10398,-1,0,-1,0,-3,0,-3,-2,1,2,-1,2,-1,35
10399,1,2,1,2,-5,-2,-1,-4,-1,0,1,0,1,59
10400,-1,6,-1,2,-3,6,-1,4,1,0,-1,0,-1,107
10401,-3,4,-3,0,-1,4,1,2,-1,-2,1,-2,1,67
10402,-5,4,-3,4,-5,8,-3,2,-1,2,-3,2,-1,187
10403,-3,2,-5,2,-3,6,-1,0,-3,0,-1,0,1,99
10404,-5,2,1,0,-1,4,-3,2,3,-2,1,0,-1,75
10405,-7,4,-1,-2,1,2,-1,0,1,-4,3,-2,1,107
10406,-5,0,-1,2,-3,6,-5,0,1,0,-1,2,-1,107
10407,-3,2,-3,0,-1,4,-3,-2,-1,-2,1,0,1,59
10408,-5,6,-5,4,-5,4,-3,6,-1,2,-1,0,-1,195
10409,-7,4,-3,2,-3,2,-1,4,-3,0,1,-2,1,123
10410,-9,8,-7,6,-7,6,-5,4,-3,4,-3,2,-1,395
10411,-7,6,-5,4,-5,4,-3,2,-5,2,-1,0,1,211
10412,-5,2,-3,2,-3,2,-5,4,1,0,1,0,-1,99
10413,-7,4,-1,0,-1,0,-3,2,-1,-2,3,-2,1,99
10414,-5,4,-5,4,-5,4,-7,2,-1,2,-1,2,-1,187
10415,-3,6,-3,2,-3,2,-5,0,-3,0,1,0,1,107
10416,-1,2,-1,-2,-5,4,1,2,3,0,-1,0,-1,67
10417,-3,0,-3,0,-3,2,3,0,1,-2,1,-2,1,51
10418,-5,0,1,0,-7,6,-1,0,1,2,-3,2,-1,131
10419,-3,-2,-1,2,-5,4,1,-2,-1,0,-1,0,1,67
10420,-5,2,1,-4,-3,2,-1,0,5,-2,1,0,-1,91
10421,-7,4,-1,-2,-1,0,1,-2,3,-4,3,-2,1,115
10422,-5,0,3,-2,-5,4,-3,-2,3,0,-1,2,-1,107
10423,-3,2,1,0,-3,2,-1,-4,1,-2,1,0,1,51
10424,-1,2,-5,0,-7,2,-1,4,1,2,-1,0,-1,107
10425,-3,0,-3,2,-5,0,1,2,-1,0,1,-2,1,59
10426,-5,4,-3,2,-9,4,-3,2,-1,4,-3,2,-1,195
10427,-3,2,-1,4,-7,2,-1,0,-3,2,-1,0,1,99
10428,-1,2,-3,-2,-5,0,-3,2,3,0,1,0,-1,67
10429,-3,4,-1,0,-3,-2,-1,0,1,-2,3,-2,1,59
10430,-1,4,-1,0,-7,2,-5,0,1,2,-1,2,-1,107
10431,1,6,1,2,-5,0,-3,-2,-1,0,1,0,1,83
10432,3,2,-1,2,1,0,3,2,1,0,-1,0,-1,35
10433,1,0,-3,0,-1,2,5,0,-1,-2,1,-2,1,51
10434,-1,0,-3,0,3,2,1,0,-1,2,-3,2,-1,43
10435,1,-2,-5,-2,1,4,3,-2,-3,0,-1,0,1,75
10436,-1,-2,-3,4,3,-2,1,0,3,-2,1,0,-1,59
10437,-3,0,-5,2,1,0,3,-2,1,-4,3,-2,1,83
10438,-1,-4,-5,2,5,0,-1,-2,1,0,-1,2,-1,83
10439,1,-2,-7,0,3,2,1,-4,-1,-2,1,0,1,91
10440,-1,-2,-1,4,-1,-2,1,4,-1,2,-1,0,-1,51
10441,-3,-4,1,2,-3,0,3,2,-3,0,1,-2,1,67
10442,-5,0,-3,2,1,0,-1,2,-3,4,-3,2,-1,83
10443,-3,-2,-1,0,-1,2,1,0,-5,2,-1,0,1,51
10444,-1,-6,-3,6,1,-4,-1,2,1,0,1,0,-1,107
10445,-3,-4,-1,4,-1,-2,1,0,-1,-2,3,-2,1,67
10446,-1,-4,-5,4,3,-2,-3,0,-1,2,-1,2,-1,91
10447,1,-2,-3,2,1,0,-1,-2,-3,0,1,0,1,35
10448,-1,2,-1,-2,-1,-2,5,0,3,0,-1,0,-1,51
10449,-3,0,-3,0,-3,0,7,-2,1,-2,1,-2,1,91
10450,-5,0,1,-4,1,0,3,-2,1,2,-3,2,-1,75
10451,-3,-2,-1,-2,-1,2,5,-4,-1,0,-1,0,1,67
10452,-5,2,-3,0,1,-4,3,-2,5,-2,1,0,-1,99
10453,-7,4,-5,2,-1,-2,5,-4,3,-4,3,-2,1,179
10454,-5,0,-1,-2,3,-2,1,-4,3,0,-1,2,-1,75
10455,-3,2,-3,0,1,0,3,-6,1,-2,1,0,1,75
10456,-1,-2,-1,0,-3,-4,3,2,1,2,-1,0,-1,51
10457,-3,-4,1,2,-5,-2,5,0,-1,0,1,-2,1,91
10458,-5,0,1,-2,-1,-2,1,0,-1,4,-3,2,-1,67
10459,-3,-2,3,0,-3,0,3,-2,-3,2,-1,0,1,59
10460,-1,-2,-3,2,-1,-6,1,0,3,0,1,0,-1,67
10461,-3,0,-1,4,-3,-4,3,-2,1,-2,3,-2,1,83
10462,-1,0,-1,0,1,-4,-1,-2,1,2,-1,2,-1,35
10463,1,2,1,2,-1,-2,1,-4,-1,0,1,0,1,35
10464,3,2,-5,-2,-3,2,1,4,1,0,-1,0,-1,75
10465,1,0,-7,-4,-1,4,3,2,-1,-2,1,-2,1,107
10466,-1,0,-7,0,-1,4,-1,2,-1,2,-3,2,-1,91
10467,1,-2,-9,-2,1,6,1,0,-3,0,-1,0,1,139
10468,-1,-2,-3,0,-1,0,-1,2,3,-2,1,0,-1,35
10469,-3,0,-5,-2,1,2,1,0,1,-4,3,-2,1,75
10470,-1,-4,-5,2,1,2,-3,0,1,0,-1,2,-1,67
10471,1,-2,-7,0,3,4,-1,-2,-1,-2,1,0,1,91
10472,-1,2,-5,0,-5,0,-1,6,-1,2,-1,0,-1,99
10473,-3,0,-3,-2,-3,2,1,4,-3,0,1,-2,1,67
10474,-5,4,-7,2,-3,2,-3,4,-3,4,-3,2,-1,171
10475,-3,2,-5,0,-1,4,-1,2,-5,2,-1,0,1,91
10476,-1,-2,-3,2,-3,-2,-3,4,1,0,1,0,-1,59
10477,-3,0,-1,0,-1,0,-1,2,-1,-2,3,-2,1,35
10478,-1,0,-5,4,-1,0,-5,2,-1,2,-1,2,-1,83
10479,1,2,-3,2,1,2,-3,0,-3,0,1,0,1,43
10480,3,2,-5,-6,-5,0,3,2,3,0,-1,0,-1,123
10481,1,0,-7,-4,-3,2,5,0,1,-2,1,-2,1,115
10482,-1,0,-3,-4,-3,2,1,0,1,2,-3,2,-1,59
10483,1,-2,-5,-2,-1,4,3,-2,-1,0,-1,0,1,67
10484,-1,2,-3,-4,-3,-2,1,0,5,-2,1,0,-1,75
10485,-3,4,-5,-2,-1,0,3,-2,3,-4,3,-2,1,107
10486,-1,0,-1,-2,-1,0,-1,-2,3,0,-1,2,-1,27
10487,1,2,-3,0,1,2,1,-4,1,-2,1,0,1,43
10488,3,2,-5,-4,-7,-2,1,4,1,2,-1,0,-1,131
10489,1,0,-3,-2,-5,0,3,2,-1,0,1,-2,1,59
10490,-1,4,-3,-2,-5,0,-1,2,-1,4,-3,2,-1,91
10491,1,2,-1,0,-3,2,1,0,-3,2,-1,0,1,35
10492,3,2,-3,-2,-5,-4,-1,2,3,0,1,0,-1,83
10493,1,4,-1,0,-3,-2,1,0,1,-2,3,-2,1,51
10494,3,4,-1,0,-3,-2,-3,0,1,2,-1,2,-1,59
10495,5,6,1,2,-1,0,-1,-2,-1,0,1,0,1,75
10496,3,6,7,2,5,2,1,0,1,0,-1,0,-1,131
10497,1,4,5,0,3,0,-1,2,-1,-2,1,-2,1,67
10498,-1,4,5,0,3,0,3,-2,-1,2,-3,2,-1,83
10499,1,2,3,-2,1,-2,1,0,-3,0,-1,0,1,35
10500,-1,2,5,0,3,4,-1,-2,3,-2,1,0,-1,75
10501,-3,4,3,-2,1,2,-3,0,1,-4,3,-2,1,83
10502,-1,0,3,-2,1,2,1,-4,1,0,-1,2,-1,43
10503,1,2,1,-4,-1,0,-1,-2,-1,-2,1,0,1,35
10504,-1,2,3,0,7,0,-1,2,-1,2,-1,0,-1,75
10505,-3,0,5,-2,5,-2,-3,4,-3,0,1,-2,1,107
10506,-5,4,1,-2,5,-2,1,0,-3,4,-3,2,-1,115
10507,-3,2,3,-4,3,-4,-1,2,-5,2,-1,0,1,99
10508,-1,-2,1,-2,5,2,-3,0,1,0,1,0,-1,51
10509,-3,0,3,-4,3,0,-5,2,-1,-2,3,-2,1,91
10510,-1,0,-1,-4,3,0,-1,-2,-1,2,-1,2,-1,43
10511,1,2,1,-6,1,-2,-3,0,-3,0,1,0,1,67
10512,-1,2,3,2,3,0,3,-2,3,0,-1,0,-1,51
10513,-3,0,1,4,1,-2,1,0,1,-2,1,-2,1,43
10514,-5,0,5,0,1,-2,5,-4,1,2,-3,2,-1,115
10515,-3,-2,3,2,-1,-4,3,-2,-1,0,-1,0,1,59
10516,-5,2,1,0,1,2,1,-4,5,-2,1,0,-1,83
10517,-7,4,-1,2,-1,0,-1,-2,3,-4,3,-2,1,115
10518,-5,0,3,-2,-1,0,3,-6,3,0,-1,2,-1,99
10519,-3,2,1,0,-3,-2,1,-4,1,-2,1,0,1,51
10520,-1,-2,-1,0,5,-2,1,0,1,2,-1,0,-1,43
10521,-3,-4,1,2,3,-4,-1,2,-1,0,1,-2,1,67
10522,-5,0,1,-2,3,-4,3,-2,-1,4,-3,2,-1,99
10523,-3,-2,3,0,1,-6,1,0,-3,2,-1,0,1,75
10524,-1,-2,-3,-2,3,0,-1,-2,3,0,1,0,-1,43
10525,-3,0,-1,0,1,-2,-3,0,1,-2,3,-2,1,43
10526,-1,0,-1,-4,1,-2,1,-4,1,2,-1,2,-1,51
10527,1,2,1,-2,-1,-4,-1,-2,-1,0,1,0,1,35
10528,-1,2,7,-2,1,4,-1,2,1,0,-1,0,-1,83
10529,-3,0,5,-4,3,2,-3,4,-1,-2,1,-2,1,99
10530,-5,0,5,0,-1,2,1,0,-1,2,-3,2,-1,75
10531,-3,-2,3,-2,1,0,-1,2,-3,0,-1,0,1,43
10532,-5,-2,9,-4,-1,6,-3,0,3,-2,1,0,-1,187
10533,-7,0,7,-6,1,4,-5,2,1,-4,3,-2,1,211
10534,-5,-4,7,-2,-3,4,-1,-2,1,0,-1,2,-1,131
10535,-3,-2,5,-4,-1,2,-3,0,-1,-2,1,0,1,75
10536,-5,2,3,-4,3,2,-3,4,-1,2,-1,0,-1,99
10537,-7,0,5,-6,5,0,-5,6,-3,0,1,-2,1,211
10538,-9,4,1,-2,1,0,-1,2,-3,4,-3,2,-1,147
10539,-7,2,3,-4,3,-2,-3,4,-5,2,-1,0,1,147
10540,-5,-2,5,-6,1,4,-5,2,1,0,1,0,-1,139
10541,-7,0,7,-8,3,2,-7,4,-1,-2,3,-2,1,259
10542,-5,0,3,-4,-1,2,-3,0,-1,2,-1,2,-1,75
10543,-3,2,5,-6,1,0,-5,2,-3,0,1,0,1,115
10544,-1,-2,3,-2,-1,2,1,0,3,0,-1,0,-1,35
10545,-3,-4,1,0,1,0,-1,2,1,-2,1,-2,1,43
10546,-5,-4,5,0,-3,0,3,-2,1,2,-3,2,-1,107
10547,-3,-6,3,2,-1,-2,1,0,-1,0,-1,0,1,67
10548,-5,-2,5,-4,-3,4,-1,-2,5,-2,1,0,-1,131
10549,-7,0,3,-2,-1,2,-3,0,3,-4,3,-2,1,115
10550,-5,-4,7,-2,-5,2,1,-4,3,0,-1,2,-1,155
10551,-3,-2,5,0,-3,0,-1,-2,1,-2,1,0,1,59
10552,-1,-2,-1,-4,1,0,-1,2,1,2,-1,0,-1,35
10553,-3,-4,1,-2,3,-2,-3,4,-1,0,1,-2,1,75
10554,-5,0,1,-2,-1,-2,1,0,-1,4,-3,2,-1,67
10555,-3,-2,3,0,1,-4,-1,2,-3,2,-1,0,1,59
10556,-1,-2,1,-6,-1,2,-3,0,3,0,1,0,-1,67
10557,-3,0,3,-4,1,0,-5,2,1,-2,3,-2,1,83
10558,-1,0,3,-4,-3,0,-1,-2,1,2,-1,2,-1,51
10559,1,2,5,-2,-1,-2,-3,0,-1,0,1,0,1,51
10560,-1,6,3,-2,5,-2,3,0,1,0,-1,0,-1,91
10561,-3,4,1,-4,3,0,1,2,-1,-2,1,-2,1,67
10562,-5,4,1,-4,7,-4,5,-2,-1,2,-3,2,-1,171
10563,-3,2,-1,-6,5,-2,3,0,-3,0,-1,0,1,99
10564,-5,2,1,0,3,0,1,-2,3,-2,1,0,-1,59
10565,-7,4,-1,-2,1,2,-1,0,1,-4,3,-2,1,107
10566,-5,0,-1,-2,5,-2,3,-4,1,0,-1,2,-1,91
10567,-3,2,-3,-4,3,0,1,-2,-1,-2,1,0,1,59
10568,-5,2,3,-4,7,-4,1,2,-1,2,-1,0,-1,131
10569,-7,0,5,-6,5,-2,-1,4,-3,0,1,-2,1,171
10570,-9,4,1,-6,9,-6,3,0,-3,4,-3,2,-1,299
10571,-7,2,3,-8,7,-4,1,2,-5,2,-1,0,1,227
10572,-5,-2,1,-2,5,-2,-1,0,1,0,1,0,-1,67
10573,-7,0,3,-4,3,0,-3,2,-1,-2,3,-2,1,115
10574,-5,0,-1,-4,7,-4,1,-2,-1,2,-1,2,-1,123
10575,-3,2,1,-6,5,-2,-1,0,-3,0,1,0,1,91
10576,-5,6,-1,-2,3,-4,5,-2,3,0,-1,0,-1,131
10577,-7,4,-3,0,1,-2,3,0,1,-2,1,-2,1,99
10578,-9,4,1,-4,5,-6,7,-4,1,2,-3,2,-1,259
10579,-7,2,-1,-2,3,-4,5,-2,-1,0,-1,0,1,115
10580,-9,6,-3,0,1,-2,3,-4,5,-2,1,0,-1,187
10581,-11,8,-5,2,-1,0,1,-2,3,-4,3,-2,1,259
10582,-9,4,-1,-2,3,-4,5,-6,3,0,-1,2,-1,203
10583,-7,6,-3,0,1,-2,3,-4,1,-2,1,0,1,131
10584,-5,2,-1,-4,5,-6,3,0,1,2,-1,0,-1,123
10585,-7,0,1,-2,3,-4,1,2,-1,0,1,-2,1,91
10586,-9,4,1,-6,7,-8,5,-2,-1,4,-3,2,-1,307
10587,-7,2,3,-4,5,-6,3,0,-3,2,-1,0,1,163
10588,-5,2,-3,-2,3,-4,1,-2,3,0,1,0,-1,83
10589,-7,4,-1,0,1,-2,-1,0,1,-2,3,-2,1,91
10590,-5,4,-1,-4,5,-6,3,-4,1,2,-1,2,-1,155
10591,-3,6,1,-2,3,-4,1,-2,-1,0,1,0,1,83
10592,-1,2,3,-6,1,0,1,2,1,0,-1,0,-1,59
10593,-3,0,1,-8,3,2,-1,4,-1,-2,1,-2,1,115
10594,-5,0,1,-4,3,-2,3,0,-1,2,-3,2,-1,83
10595,-3,-2,-1,-6,5,0,1,2,-3,0,-1,0,1,91
10596,-5,-2,5,-4,-1,2,-1,0,3,-2,1,0,-1,91
10597,-7,0,3,-6,1,4,-3,2,1,-4,3,-2,1,155
10598,-5,-4,3,-2,1,0,1,-2,1,0,-1,2,-1,67
10599,-3,-2,1,-4,3,2,-1,0,-1,-2,1,0,1,51
10600,-5,2,3,-8,3,-2,-1,4,-1,2,-1,0,-1,139
10601,-7,0,5,-10,5,0,-3,6,-3,0,1,-2,1,259
10602,-9,4,1,-6,5,-4,1,2,-3,4,-3,2,-1,219
10603,-7,2,3,-8,7,-2,-1,4,-5,2,-1,0,1,227
10604,-5,-2,5,-6,1,0,-3,2,1,0,1,0,-1,107
10605,-7,0,7,-8,3,2,-5,4,-1,-2,3,-2,1,235
10606,-5,0,3,-4,3,-2,-1,0,-1,2,-1,2,-1,75
10607,-3,2,5,-6,5,0,-3,2,-3,0,1,0,1,123
10608,-1,2,-1,-6,-1,-2,3,0,3,0,-1,0,-1,67
10609,-3,0,-3,-4,1,0,1,2,1,-2,1,-2,1,51
10610,-5,0,1,-4,1,-4,5,-2,1,2,-3,2,-1,107
10611,-3,-2,-1,-2,3,-2,3,0,-1,0,-1,0,1,43
10612,-5,2,1,-4,-3,0,1,-2,5,-2,1,0,-1,91
10613,-7,4,-1,-2,-1,2,-1,0,3,-4,3,-2,1,115
10614,-5,0,3,-2,-1,-2,3,-4,3,0,-1,2,-1,83
10615,-3,2,1,0,1,0,1,-2,1,-2,1,0,1,27
10616,-1,2,-1,-8,1,-4,1,2,1,2,-1,0,-1,99
10617,-3,0,1,-6,3,-2,-1,4,-1,0,1,-2,1,83
10618,-5,4,1,-6,3,-6,3,0,-1,4,-3,2,-1,163
10619,-3,2,3,-4,5,-4,1,2,-3,2,-1,0,1,99
10620,-1,2,1,-6,-1,-2,-1,0,3,0,1,0,-1,59
10621,-3,4,3,-4,1,0,-3,2,1,-2,3,-2,1,83
10622,-1,4,3,-4,1,-4,1,-2,1,2,-1,2,-1,75
10623,1,6,5,-2,3,-2,-1,0,-1,0,1,0,1,83
10624,3,2,3,2,1,2,-1,0,1,0,-1,0,-1,35
10625,1,0,1,0,-1,0,1,2,-1,-2,1,-2,1,19
10626,-1,0,1,0,-1,4,1,-2,-1,2,-3,2,-1,43
10627,1,-2,-1,-2,-3,2,3,0,-3,0,-1,0,1,43
10628,-1,-2,1,0,3,4,-3,-2,3,-2,1,0,-1,59
10629,-3,0,-1,-2,1,2,-1,0,1,-4,3,-2,1,51
10630,-1,-4,-1,-2,1,6,-1,-4,1,0,-1,2,-1,83
10631,1,-2,-3,-4,-1,4,1,-2,-1,-2,1,0,1,59
10632,-1,-2,-1,4,3,0,-3,2,-1,2,-1,0,-1,51
10633,-3,-4,1,2,1,-2,-1,4,-3,0,1,-2,1,67
10634,-5,0,-3,2,1,2,-1,0,-3,4,-3,2,-1,83
10635,-3,-2,-1,0,-1,0,1,2,-5,2,-1,0,1,51
10636,-1,-6,-3,2,5,2,-5,0,1,0,1,0,-1,107
10637,-3,-4,-1,0,3,0,-3,2,-1,-2,3,-2,1,67
10638,-1,-4,-5,0,3,4,-3,-2,-1,2,-1,2,-1,91
10639,1,-2,-3,-2,1,2,-1,0,-3,0,1,0,1,35
10640,-1,-2,3,2,-1,0,1,-2,3,0,-1,0,-1,35
10641,-3,-4,1,4,-3,-2,3,0,1,-2,1,-2,1,75
10642,-5,-4,5,0,-3,2,3,-4,1,2,-3,2,-1,123
10643,-3,-6,3,2,-5,0,5,-2,-1,0,-1,0,1,115
10644,-5,-2,1,0,1,2,-1,-4,5,-2,1,0,-1,83
10645,-7,0,-1,2,-1,0,1,-2,3,-4,3,-2,1,99
10646,-5,-4,3,-2,-1,4,1,-6,3,0,-1,2,-1,123
10647,-3,-2,1,0,-3,2,3,-4,1,-2,1,0,1,59
10648,-1,-6,-1,4,1,-2,-1,0,1,2,-1,0,-1,67
10649,-3,-8,1,6,-1,-4,1,2,-1,0,1,-2,1,139
10650,-5,-4,1,2,-1,0,1,-2,-1,4,-3,2,-1,83
10651,-3,-6,3,4,-3,-2,3,0,-3,2,-1,0,1,107
10652,-1,-6,-3,2,3,0,-3,-2,3,0,1,0,-1,83
10653,-3,-4,-1,4,1,-2,-1,0,1,-2,3,-2,1,67
10654,-1,-4,-1,0,1,2,-1,-4,1,2,-1,2,-1,51
10655,1,-2,1,2,-1,0,1,-2,-1,0,1,0,1,19
10656,-1,2,3,-2,-3,4,-3,2,1,0,-1,0,-1,59
10657,-3,0,1,-4,-1,2,-1,4,-1,-2,1,-2,1,59
10658,-5,0,1,0,-5,6,-1,0,-1,2,-3,2,-1,107
10659,-3,-2,-1,-2,-3,4,1,2,-3,0,-1,0,1,59
10660,-5,-2,5,-4,-1,6,-5,0,3,-2,1,0,-1,147
10661,-7,0,3,-6,1,4,-3,2,1,-4,3,-2,1,155
10662,-5,-4,3,-2,-3,8,-3,-2,1,0,-1,2,-1,147
10663,-3,-2,1,-4,-1,6,-1,0,-1,-2,1,0,1,75
10664,-5,2,-1,0,-1,2,-5,4,-1,2,-1,0,-1,83
10665,-7,0,1,-2,1,0,-3,6,-3,0,1,-2,1,115
10666,-9,4,-3,2,-3,4,-3,2,-3,4,-3,2,-1,187
10667,-7,2,-1,0,-1,2,-1,4,-5,2,-1,0,1,107
10668,-5,-2,1,-2,1,4,-7,2,1,0,1,0,-1,107
10669,-7,0,3,-4,3,2,-5,4,-1,-2,3,-2,1,147
10670,-5,0,-1,0,-1,6,-5,0,-1,2,-1,2,-1,99
10671,-3,2,1,-2,1,4,-3,2,-3,0,1,0,1,59
10672,-1,-2,3,-2,-5,2,-1,0,3,0,-1,0,-1,59
10673,-3,-4,1,0,-3,0,1,2,1,-2,1,-2,1,51
10674,-5,-4,5,0,-7,4,1,-2,1,2,-3,2,-1,155
10675,-3,-6,3,2,-5,2,3,0,-1,0,-1,0,1,99
10676,-5,-2,5,-4,-3,4,-3,-2,5,-2,1,0,-1,139
10677,-7,0,3,-2,-1,2,-1,0,3,-4,3,-2,1,107
10678,-5,-4,7,-2,-5,6,-1,-4,3,0,-1,2,-1,187
10679,-3,-2,5,0,-3,4,1,-2,1,-2,1,0,1,75
10680,-1,-2,-1,0,-3,0,-3,2,1,2,-1,0,-1,35
10681,-3,-4,1,2,-1,-2,-1,4,-1,0,1,-2,1,59
10682,-5,0,1,2,-5,2,-1,0,-1,4,-3,2,-1,91
10683,-3,-2,3,4,-3,0,1,2,-3,2,-1,0,1,67
10684,-1,-2,1,-2,-1,2,-5,0,3,0,1,0,-1,51
10685,-3,0,3,0,1,0,-3,2,1,-2,3,-2,1,51
10686,-1,0,3,0,-3,4,-3,-2,1,2,-1,2,-1,59
10687,1,2,5,2,-1,2,-1,0,-1,0,1,0,1,43
10688,3,2,-1,-2,1,-2,1,0,1,0,-1,0,-1,27
10689,1,0,-3,-4,-1,0,3,2,-1,-2,1,-2,1,51
10690,-1,0,-3,-4,3,0,3,-2,-1,2,-3,2,-1,67
10691,1,-2,-5,-6,1,2,5,0,-3,0,-1,0,1,107
10692,-1,-2,-3,0,3,0,-1,-2,3,-2,1,0,-1,43
10693,-3,0,-5,-2,1,2,1,0,1,-4,3,-2,1,75
10694,-1,-4,-5,-2,5,2,1,-4,1,0,-1,2,-1,99
10695,1,-2,-7,-4,3,4,3,-2,-1,-2,1,0,1,115
10696,-1,-2,-1,0,3,-4,-1,2,-1,2,-1,0,-1,43
10697,-3,-4,1,-2,1,-2,1,4,-3,0,1,-2,1,67
10698,-5,0,-3,-2,5,-2,1,0,-3,4,-3,2,-1,107
10699,-3,-2,-1,-4,3,0,3,2,-5,2,-1,0,1,83
10700,-1,-6,-3,2,5,-2,-3,0,1,0,1,0,-1,91
10701,-3,-4,-1,0,3,0,-1,2,-1,-2,3,-2,1,59
10702,-1,-4,-5,0,7,0,-1,-2,-1,2,-1,2,-1,107
10703,1,-2,-3,-2,5,2,1,0,-3,0,1,0,1,59
10704,-1,2,-1,-2,-1,-4,3,-2,3,0,-1,0,-1,51
10705,-3,0,-3,0,-3,-2,5,0,1,-2,1,-2,1,67
10706,-5,0,1,-4,1,-2,5,-4,1,2,-3,2,-1,107
10707,-3,-2,-1,-2,-1,0,7,-2,-1,0,-1,0,1,75
10708,-5,2,-3,0,1,-2,1,-4,5,-2,1,0,-1,91
10709,-7,4,-5,2,-1,0,3,-2,3,-4,3,-2,1,147
10710,-5,0,-1,-2,3,0,3,-6,3,0,-1,2,-1,99
10711,-3,2,-3,0,1,2,5,-4,1,-2,1,0,1,75
10712,-1,-2,-1,0,1,-6,1,0,1,2,-1,0,-1,51
10713,-3,-4,1,2,-1,-4,3,2,-1,0,1,-2,1,67
10714,-5,0,1,-2,3,-4,3,-2,-1,4,-3,2,-1,99
10715,-3,-2,3,0,1,-2,5,0,-3,2,-1,0,1,67
10716,-1,-2,-3,2,3,-4,-1,-2,3,0,1,0,-1,59
10717,-3,0,-1,4,1,-2,1,0,1,-2,3,-2,1,51
10718,-1,0,-1,0,5,-2,1,-4,1,2,-1,2,-1,59
10719,1,2,1,2,3,0,3,-2,-1,0,1,0,1,35
10720,3,2,-1,-6,-3,0,-1,2,1,0,-1,0,-1,67
10721,1,0,-3,-8,-1,2,1,4,-1,-2,1,-2,1,107
10722,-1,0,-3,-4,-1,2,1,0,-1,2,-3,2,-1,51
10723,1,-2,-5,-6,1,4,3,2,-3,0,-1,0,1,107
10724,-1,-2,1,-4,-1,2,-3,0,3,-2,1,0,-1,51
10725,-3,0,-1,-6,1,4,-1,2,1,-4,3,-2,1,99
10726,-1,-4,-1,-2,1,4,-1,-2,1,0,-1,2,-1,51
10727,1,-2,-3,-4,3,6,1,0,-1,-2,1,0,1,83
10728,-1,2,-1,-4,-1,-2,-3,4,-1,2,-1,0,-1,59
10729,-3,0,1,-6,1,0,-1,6,-3,0,1,-2,1,99
10730,-5,4,-3,-2,1,0,-1,2,-3,4,-3,2,-1,99
10731,-3,2,-1,-4,3,2,1,4,-5,2,-1,0,1,91
10732,-1,-2,1,-2,1,0,-5,2,1,0,1,0,-1,43
10733,-3,0,3,-4,3,2,-3,4,-1,-2,3,-2,1,91
10734,-1,0,-1,0,3,2,-3,0,-1,2,-1,2,-1,35
10735,1,2,1,-2,5,4,-1,2,-3,0,1,0,1,67
10736,3,2,-1,-6,-5,-2,1,0,3,0,-1,0,-1,91
10737,1,0,-3,-4,-3,0,3,2,1,-2,1,-2,1,59
10738,-1,0,1,-4,-3,0,3,-2,1,2,-3,2,-1,59
10739,1,-2,-1,-2,-1,2,5,0,-1,0,-1,0,1,43
10740,-1,2,1,-4,-3,0,-1,-2,5,-2,1,0,-1,67
10741,-3,4,-1,-2,-1,2,1,0,3,-4,3,-2,1,75
10742,-1,0,3,-2,-1,2,1,-4,3,0,-1,2,-1,51
10743,1,2,1,0,1,4,3,-2,1,-2,1,0,1,43
10744,3,2,-1,-4,-3,-4,-1,2,1,2,-1,0,-1,67
10745,1,0,1,-2,-1,-2,1,4,-1,0,1,-2,1,35
10746,-1,4,1,-2,-1,-2,1,0,-1,4,-3,2,-1,59
10747,1,2,3,0,1,0,3,2,-3,2,-1,0,1,43
10748,3,2,1,-2,-1,-2,-3,0,3,0,1,0,-1,43
10749,1,4,3,0,1,0,-1,2,1,-2,3,-2,1,51
10750,3,4,3,0,1,0,-1,-2,1,2,-1,2,-1,51
10751,5,6,5,2,3,2,1,0,-1,0,1,0,1,107
10752,3,10,3,6,3,2,1,0,-1,0,-1,0,-1,171
10753,1,8,1,4,1,0,-1,-2,1,-2,1,-2,1,99
10754,-1,8,1,4,1,0,-1,2,-3,2,-3,2,-1,115
10755,1,6,-1,2,-1,-2,-3,0,-1,0,-1,0,1,59
10756,-1,6,1,4,1,0,3,-2,1,-2,1,0,-1,75
10757,-3,8,-1,2,-1,-2,1,-4,3,-4,3,-2,1,139
10758,-1,4,-1,2,-1,-2,1,0,-1,0,-1,2,-1,35
10759,1,6,-3,0,-3,-4,-1,-2,1,-2,1,0,1,83
10760,-1,6,-1,4,1,4,-1,2,-3,2,-1,0,-1,91
10761,-3,4,1,2,-1,2,-3,0,-1,0,1,-2,1,51
10762,-5,8,-3,2,-1,2,-3,4,-5,4,-3,2,-1,187
10763,-3,6,-1,0,-3,0,-5,2,-3,2,-1,0,1,99
10764,-1,2,-3,2,-1,2,1,0,-1,0,1,0,-1,27
10765,-3,4,-1,0,-3,0,-1,-2,1,-2,3,-2,1,59
10766,-1,4,-5,0,-3,0,-1,2,-3,2,-1,2,-1,75
10767,1,6,-3,-2,-5,-2,-3,0,-1,0,1,0,1,91
10768,-1,6,-1,2,5,0,3,-2,1,0,-1,0,-1,83
10769,-3,4,-3,4,3,-2,1,-4,3,-2,1,-2,1,99
10770,-5,4,1,0,3,-2,1,0,-1,2,-3,2,-1,75
10771,-3,2,-1,2,1,-4,-1,-2,1,0,-1,0,1,43
10772,-5,6,-3,0,3,-2,5,-4,3,-2,1,0,-1,139
10773,-7,8,-5,2,1,-4,3,-6,5,-4,3,-2,1,259
10774,-5,4,-1,-2,1,-4,3,-2,1,0,-1,2,-1,83
10775,-3,6,-3,0,-1,-6,1,-4,3,-2,1,0,1,123
10776,-1,2,-5,0,3,2,1,0,-1,2,-1,0,-1,51
10777,-3,0,-3,2,1,0,-1,-2,1,0,1,-2,1,35
10778,-5,4,-3,-2,1,0,-1,2,-3,4,-3,2,-1,99
10779,-3,2,-1,0,-1,-2,-3,0,-1,2,-1,0,1,35
10780,-1,2,-7,-2,1,0,3,-2,1,0,1,0,-1,75
10781,-3,4,-5,0,-1,-2,1,-4,3,-2,3,-2,1,99
10782,-1,4,-5,-4,-1,-2,1,0,-1,2,-1,2,-1,75
10783,1,6,-3,-2,-3,-4,-1,-2,1,0,1,0,1,83
10784,-1,6,-1,6,-1,4,-1,2,-1,0,-1,0,-1,99
10785,-3,4,-3,4,1,2,-3,0,1,-2,1,-2,1,75
10786,-5,4,-3,8,-3,2,-3,4,-3,2,-3,2,-1,179
10787,-3,2,-5,6,-1,0,-5,2,-1,0,-1,0,1,107
10788,-5,2,1,4,-3,2,1,0,1,-2,1,0,-1,67
10789,-7,4,-1,2,-1,0,-1,-2,3,-4,3,-2,1,115
10790,-5,0,-1,6,-5,0,-1,2,-1,0,-1,2,-1,99
10791,-3,2,-3,4,-3,-2,-3,0,1,-2,1,0,1,67
10792,-5,6,-5,4,-3,6,-3,4,-3,2,-1,0,-1,187
10793,-7,4,-3,2,-1,4,-5,2,-1,0,1,-2,1,131
10794,-9,8,-7,6,-5,4,-5,6,-5,4,-3,2,-1,387
10795,-7,6,-5,4,-3,2,-7,4,-3,2,-1,0,1,219
10796,-5,2,-3,2,-5,4,-1,2,-1,0,1,0,-1,91
10797,-7,4,-1,0,-3,2,-3,0,1,-2,3,-2,1,107
10798,-5,4,-5,4,-7,2,-3,4,-3,2,-1,2,-1,179
10799,-3,6,-3,2,-5,0,-5,2,-1,0,1,0,1,115
10800,-1,2,-5,2,1,2,1,0,1,0,-1,0,-1,43
10801,-3,0,-7,4,3,0,-1,-2,3,-2,1,-2,1,107
10802,-5,0,-3,4,-1,0,-1,2,-1,2,-3,2,-1,75
10803,-3,-2,-5,6,1,-2,-3,0,1,0,-1,0,1,91
10804,-5,2,-3,0,-1,0,3,-2,3,-2,1,0,-1,67
10805,-7,4,-5,2,1,-2,1,-4,5,-4,3,-2,1,171
10806,-5,0,-1,2,-3,-2,1,0,1,0,-1,2,-1,51
10807,-3,2,-3,4,-1,-4,-1,-2,3,-2,1,0,1,75
10808,-1,2,-9,0,-1,4,-1,2,-1,2,-1,0,-1,115
10809,-3,0,-7,2,1,2,-3,0,1,0,1,-2,1,83
10810,-5,4,-7,2,-3,2,-3,4,-3,4,-3,2,-1,171
10811,-3,2,-5,4,-1,0,-5,2,-1,2,-1,0,1,91
10812,-1,2,-7,-2,-3,2,1,0,1,0,1,0,-1,75
10813,-3,4,-5,0,-1,0,-1,-2,3,-2,3,-2,1,83
10814,-1,4,-5,0,-5,0,-1,2,-1,2,-1,2,-1,83
10815,1,6,-3,2,-3,-2,-3,0,1,0,1,0,1,75
10816,-1,6,3,2,3,-2,3,0,-1,0,-1,0,-1,75
10817,-3,4,1,0,1,0,1,-2,1,-2,1,-2,1,43
10818,-5,4,1,0,5,-4,1,2,-3,2,-3,2,-1,115
10819,-3,2,-1,-2,3,-2,-1,0,-1,0,-1,0,1,35
10820,-5,2,1,4,1,-4,5,-2,1,-2,1,0,-1,99
10821,-7,4,-1,2,-1,-2,3,-4,3,-4,3,-2,1,139
10822,-5,0,-1,2,3,-6,3,0,-1,0,-1,2,-1,91
10823,-3,2,-3,0,1,-4,1,-2,1,-2,1,0,1,51
10824,-5,2,3,0,1,0,1,2,-3,2,-1,0,-1,59
10825,-7,0,5,-2,-1,2,-1,0,-1,0,1,-2,1,91
10826,-9,4,1,-2,3,-2,-1,4,-5,4,-3,2,-1,187
10827,-7,2,3,-4,1,0,-3,2,-3,2,-1,0,1,107
10828,-5,-2,1,2,-1,-2,3,0,-1,0,1,0,-1,51
10829,-7,0,3,0,-3,0,1,-2,1,-2,3,-2,1,91
10830,-5,0,-1,0,1,-4,1,2,-3,2,-1,2,-1,67
10831,-3,2,1,-2,-1,-2,-1,0,-1,0,1,0,1,27
10832,-5,6,-1,-2,5,-4,5,-2,1,0,-1,0,-1,139
10833,-7,4,-3,0,3,-2,3,-4,3,-2,1,-2,1,131
10834,-9,4,1,-4,7,-6,3,0,-1,2,-3,2,-1,227
10835,-7,2,-1,-2,5,-4,1,-2,1,0,-1,0,1,107
10836,-9,6,-3,0,3,-6,7,-4,3,-2,1,0,-1,251
10837,-11,8,-5,2,1,-4,5,-6,5,-4,3,-2,1,347
10838,-9,4,-1,-2,5,-8,5,-2,1,0,-1,2,-1,227
10839,-7,6,-3,0,3,-6,3,-4,3,-2,1,0,1,179
10840,-5,2,-1,-4,3,-2,3,0,-1,2,-1,0,-1,75
10841,-7,0,1,-2,1,0,1,-2,1,0,1,-2,1,67
10842,-9,4,1,-6,5,-4,1,2,-3,4,-3,2,-1,219
10843,-7,2,3,-4,3,-2,-1,0,-1,2,-1,0,1,99
10844,-5,2,-3,-2,1,-4,5,-2,1,0,1,0,-1,91
10845,-7,4,-1,0,-1,-2,3,-4,3,-2,3,-2,1,123
10846,-5,4,-1,-4,3,-6,3,0,-1,2,-1,2,-1,123
10847,-3,6,1,-2,1,-4,1,-2,1,0,1,0,1,75
10848,-1,2,-1,2,-1,0,1,2,-1,0,-1,0,-1,19
10849,-3,0,-3,0,1,2,-1,0,1,-2,1,-2,1,35
10850,-5,0,-3,4,1,-2,-1,4,-3,2,-3,2,-1,99
10851,-3,-2,-5,2,3,0,-3,2,-1,0,-1,0,1,67
10852,-5,-2,1,4,-3,-2,3,0,1,-2,1,0,-1,75
10853,-7,0,-1,2,-1,0,1,-2,3,-4,3,-2,1,99
10854,-5,-4,-1,6,-1,-4,1,2,-1,0,-1,2,-1,107
10855,-3,-2,-3,4,1,-2,-1,0,1,-2,1,0,1,51
10856,-5,2,-1,0,-3,2,-1,4,-3,2,-1,0,-1,75
10857,-7,0,1,-2,-1,4,-3,2,-1,0,1,-2,1,91
10858,-9,4,-3,2,-1,0,-3,6,-5,4,-3,2,-1,211
10859,-7,2,-1,0,1,2,-5,4,-3,2,-1,0,1,115
10860,-5,-2,1,2,-5,0,1,2,-1,0,1,0,-1,67
10861,-7,0,3,0,-3,2,-1,0,1,-2,3,-2,1,91
10862,-5,0,-1,4,-3,-2,-1,4,-3,2,-1,2,-1,91
10863,-3,2,1,2,-1,0,-3,2,-1,0,1,0,1,35
10864,-1,2,-5,-2,1,-2,3,0,1,0,-1,0,-1,51
10865,-3,0,-7,0,3,0,1,-2,3,-2,1,-2,1,91
10866,-5,0,-3,0,3,-4,1,2,-1,2,-3,2,-1,83
10867,-3,-2,-5,2,5,-2,-1,0,1,0,-1,0,1,75
10868,-5,2,-3,0,-1,-4,5,-2,3,-2,1,0,-1,99
10869,-7,4,-5,2,1,-2,3,-4,5,-4,3,-2,1,179
10870,-5,0,-1,2,1,-6,3,0,1,0,-1,2,-1,83
10871,-3,2,-3,4,3,-4,1,-2,3,-2,1,0,1,83
10872,-1,2,-5,-4,-1,0,1,2,-1,2,-1,0,-1,59
10873,-3,0,-3,-2,1,2,-1,0,1,0,1,-2,1,35
10874,-5,4,-3,-2,1,-2,-1,4,-3,4,-3,2,-1,115
10875,-3,2,-1,0,3,0,-3,2,-1,2,-1,0,1,43
10876,-1,2,-3,-2,-3,-2,3,0,1,0,1,0,-1,43
10877,-3,4,-1,0,-1,0,1,-2,3,-2,3,-2,1,59
10878,-1,4,-1,0,-1,-4,1,2,-1,2,-1,2,-1,51
10879,1,6,1,2,1,-2,-1,0,1,0,1,0,1,51
10880,-1,10,-1,6,-1,2,-1,0,-1,0,-1,0,-1,147
10881,-3,8,-3,4,-3,0,1,-2,1,-2,1,-2,1,123
10882,-5,8,-3,4,-3,4,-3,2,-3,2,-3,2,-1,179
10883,-3,6,-5,2,-5,2,-1,0,-1,0,-1,0,1,107
10884,-5,6,-3,4,1,0,1,-2,1,-2,1,0,-1,99
10885,-7,8,-5,2,-1,-2,3,-4,3,-4,3,-2,1,211
10886,-5,4,-5,2,-1,2,-1,0,-1,0,-1,2,-1,83
10887,-3,6,-7,0,-3,0,1,-2,1,-2,1,0,1,115
10888,-5,6,-5,8,-3,4,-3,2,-3,2,-1,0,-1,203
10889,-7,4,-3,6,-5,2,-1,0,-1,0,1,-2,1,147
10890,-9,8,-7,6,-5,6,-5,4,-5,4,-3,2,-1,387
10891,-7,6,-5,4,-7,4,-3,2,-3,2,-1,0,1,219
10892,-5,2,-7,6,-1,2,-1,0,-1,0,1,0,-1,123
10893,-7,4,-5,4,-3,0,1,-2,1,-2,3,-2,1,139
10894,-5,4,-9,4,-3,4,-3,2,-3,2,-1,2,-1,195
10895,-3,6,-7,2,-5,2,-1,0,-1,0,1,0,1,131
10896,-5,6,-1,2,1,0,1,-2,1,0,-1,0,-1,75
10897,-7,4,-3,4,-1,-2,3,-4,3,-2,1,-2,1,139
10898,-9,4,1,0,-1,2,-1,0,-1,2,-3,2,-1,123
10899,-7,2,-1,2,-3,0,1,-2,1,0,-1,0,1,75
10900,-9,6,-3,0,3,-2,3,-4,3,-2,1,0,-1,179
10901,-11,8,-5,2,1,-4,5,-6,5,-4,3,-2,1,347
10902,-9,4,-1,-2,1,0,1,-2,1,0,-1,2,-1,115
10903,-7,6,-3,0,-1,-2,3,-4,3,-2,1,0,1,139
10904,-5,2,-5,4,-1,2,-1,0,-1,2,-1,0,-1,83
10905,-7,0,-3,6,-3,0,1,-2,1,0,1,-2,1,115
10906,-9,4,-3,2,-3,4,-3,2,-3,4,-3,2,-1,187
10907,-7,2,-1,4,-5,2,-1,0,-1,2,-1,0,1,107
10908,-5,2,-7,2,1,0,1,-2,1,0,1,0,-1,91
10909,-7,4,-5,4,-1,-2,3,-4,3,-2,3,-2,1,163
10910,-5,4,-5,0,-1,2,-1,0,-1,2,-1,2,-1,83
10911,-3,6,-3,2,-3,0,1,-2,1,0,1,0,1,75
10912,-5,10,-5,6,-5,4,-3,2,-1,0,-1,0,-1,243
10913,-7,8,-7,4,-3,2,-1,0,1,-2,1,-2,1,203
10914,-9,8,-7,8,-7,6,-5,4,-3,2,-3,2,-1,411
10915,-7,6,-9,6,-5,4,-3,2,-1,0,-1,0,1,259
10916,-9,6,-3,4,-3,2,-1,0,1,-2,1,0,-1,163
10917,-11,8,-5,2,-1,0,1,-2,3,-4,3,-2,1,259
10918,-9,4,-5,6,-5,4,-3,2,-1,0,-1,2,-1,219
10919,-7,6,-7,4,-3,2,-1,0,1,-2,1,0,1,171
10920,-9,10,-9,8,-7,6,-5,4,-3,2,-1,0,-1,467
10921,-11,8,-7,6,-5,4,-3,2,-1,0,1,-2,1,331
10922,-13,12,-11,10,-9,8,-7,6,-5,4,-3,2,-1,819
10923,-11,10,-9,8,-7,6,-5,4,-3,2,-1,0,1,507
10924,-9,6,-7,6,-5,4,-3,2,-1,0,1,0,-1,259
10925,-11,8,-5,4,-3,2,-1,0,1,-2,3,-2,1,259
10926,-9,8,-9,8,-7,6,-5,4,-3,2,-1,2,-1,435
10927,-7,10,-7,6,-5,4,-3,2,-1,0,1,0,1,291
10928,-5,6,-5,2,-3,2,-1,0,1,0,-1,0,-1,107
10929,-7,4,-7,4,-1,0,1,-2,3,-2,1,-2,1,155
10930,-9,4,-3,4,-5,4,-3,2,-1,2,-3,2,-1,195
10931,-7,2,-5,6,-3,2,-1,0,1,0,-1,0,1,131
10932,-9,6,-3,0,-1,0,1,-2,3,-2,1,0,-1,147
10933,-11,8,-5,2,1,-2,3,-4,5,-4,3,-2,1,299
10934,-9,4,-1,2,-3,2,-1,0,1,0,-1,2,-1,123
10935,-7,6,-3,4,-1,0,1,-2,3,-2,1,0,1,131
10936,-5,6,-9,4,-5,4,-3,2,-1,2,-1,0,-1,219
10937,-7,4,-7,6,-3,2,-1,0,1,0,1,-2,1,171
10938,-9,8,-7,6,-7,6,-5,4,-3,4,-3,2,-1,395
10939,-7,6,-5,8,-5,4,-3,2,-1,2,-1,0,1,235
10940,-5,6,-7,2,-3,2,-1,0,1,0,1,0,-1,131
10941,-7,8,-5,4,-1,0,1,-2,3,-2,3,-2,1,187
10942,-5,8,-5,4,-5,4,-3,2,-1,2,-1,2,-1,195
10943,-3,10,-3,6,-3,2,-1,0,1,0,1,0,1,171
10944,-1,6,-1,2,-1,-2,1,0,-1,0,-1,0,-1,51
10945,-3,4,-3,0,-3,0,3,-2,1,-2,1,-2,1,67
10946,-5,4,-3,0,1,0,-1,2,-3,2,-3,2,-1,83
10947,-3,2,-5,-2,-1,2,1,0,-1,0,-1,0,1,51
10948,-5,2,-3,4,1,-4,3,-2,1,-2,1,0,-1,91
10949,-7,4,-5,2,-1,-2,5,-4,3,-4,3,-2,1,179
10950,-5,0,-5,2,3,-2,1,0,-1,0,-1,2,-1,75
10951,-3,2,-7,0,1,0,3,-2,1,-2,1,0,1,83
10952,-5,2,-1,4,-3,0,-1,2,-3,2,-1,0,-1,75
10953,-7,0,1,2,-5,2,1,0,-1,0,1,-2,1,91
10954,-9,4,-3,2,-1,2,-3,4,-5,4,-3,2,-1,195
10955,-7,2,-1,0,-3,4,-1,2,-3,2,-1,0,1,99
10956,-5,-2,-3,6,-1,-2,1,0,-1,0,1,0,-1,83
10957,-7,0,-1,4,-3,0,3,-2,1,-2,3,-2,1,107
10958,-5,0,-5,4,1,0,-1,2,-3,2,-1,2,-1,91
10959,-3,2,-3,2,-1,2,1,0,-1,0,1,0,1,35
10960,-5,6,-1,-2,1,-4,3,-2,1,0,-1,0,-1,99
10961,-7,4,-3,0,-1,-2,5,-4,3,-2,1,-2,1,139
10962,-9,4,1,-4,3,-2,1,0,-1,2,-3,2,-1,147
10963,-7,2,-1,-2,1,0,3,-2,1,0,-1,0,1,75
10964,-9,6,-3,0,3,-6,5,-4,3,-2,1,0,-1,227
10965,-11,8,-5,2,1,-4,7,-6,5,-4,3,-2,1,371
10966,-9,4,-1,-2,5,-4,3,-2,1,0,-1,2,-1,163
10967,-7,6,-3,0,3,-2,5,-4,3,-2,1,0,1,163
10968,-5,2,-1,0,-1,-2,1,0,-1,2,-1,0,-1,43
10969,-7,0,1,2,-3,0,3,-2,1,0,1,-2,1,83
10970,-9,4,1,-2,1,0,-1,2,-3,4,-3,2,-1,147
10971,-7,2,3,0,-1,2,1,0,-1,2,-1,0,1,75
10972,-5,2,-3,2,1,-4,3,-2,1,0,1,0,-1,75
10973,-7,4,-1,4,-1,-2,5,-4,3,-2,3,-2,1,155
10974,-5,4,-1,0,3,-2,1,0,-1,2,-1,2,-1,67
10975,-3,6,1,2,1,0,3,-2,1,0,1,0,1,67
10976,-1,6,-5,2,-5,0,-1,2,-1,0,-1,0,-1,99
10977,-3,4,-7,0,-3,2,1,0,1,-2,1,-2,1,99
10978,-5,4,-7,4,-3,2,-3,4,-3,2,-3,2,-1,171
10979,-3,2,-9,2,-1,4,-1,2,-1,0,-1,0,1,123
10980,-5,2,-3,4,-3,-2,1,0,1,-2,1,0,-1,75
10981,-7,4,-5,2,-1,0,3,-2,3,-4,3,-2,1,147
10982,-5,0,-5,6,-1,0,-1,2,-1,0,-1,2,-1,99
10983,-3,2,-7,4,1,2,1,0,1,-2,1,0,1,91
10984,-5,6,-5,4,-7,2,-3,4,-3,2,-1,0,-1,195
10985,-7,4,-3,2,-5,4,-1,2,-1,0,1,-2,1,131
10986,-9,8,-7,6,-5,4,-5,6,-5,4,-3,2,-1,387
10987,-7,6,-5,4,-3,6,-3,4,-3,2,-1,0,1,211
10988,-5,2,-3,6,-5,0,-1,2,-1,0,1,0,-1,107
10989,-7,4,-1,4,-3,2,1,0,1,-2,3,-2,1,115
10990,-5,4,-5,8,-3,2,-3,4,-3,2,-1,2,-1,187
10991,-3,6,-3,6,-1,4,-1,2,-1,0,1,0,1,115
10992,-1,6,-5,-2,-3,-2,1,0,1,0,-1,0,-1,83
10993,-3,4,-7,0,-1,0,3,-2,3,-2,1,-2,1,107
10994,-5,4,-3,0,-1,0,-1,2,-1,2,-3,2,-1,75
10995,-3,2,-5,2,1,2,1,0,1,0,-1,0,1,51
10996,-5,6,-3,0,-1,-4,3,-2,3,-2,1,0,-1,115
10997,-7,8,-5,2,1,-2,5,-4,5,-4,3,-2,1,243
10998,-5,4,-1,2,1,-2,1,0,1,0,-1,2,-1,59
10999,-3,6,-3,4,3,0,3,-2,3,-2,1,0,1,107
11000,-1,6,-5,0,-5,0,-1,2,-1,2,-1,0,-1,99
11001,-3,4,-3,2,-3,2,1,0,1,0,1,-2,1,59
11002,-5,8,-3,2,-3,2,-3,4,-3,4,-3,2,-1,179
11003,-3,6,-1,4,-1,4,-1,2,-1,2,-1,0,1,91
11004,-1,6,-3,2,-3,-2,1,0,1,0,1,0,-1,67
11005,-3,8,-1,4,-1,0,3,-2,3,-2,3,-2,1,131
11006,-1,8,-1,4,-1,0,-1,2,-1,2,-1,2,-1,99
11007,1,10,1,6,1,2,1,0,1,0,1,0,1,147
11008,3,6,3,2,3,0,-1,-2,-1,0,-1,0,-1,75
11009,1,4,1,0,1,-2,-3,0,1,-2,1,-2,1,43
11010,-1,4,1,0,1,-2,1,0,-3,2,-3,2,-1,51
11011,1,2,-1,-2,-1,-4,-1,2,-1,0,-1,0,1,35
11012,-1,2,1,0,1,2,1,-4,1,-2,1,0,-1,35
11013,-3,4,-1,-2,-1,0,-1,-2,3,-4,3,-2,1,75
11014,-1,0,-1,-2,-1,0,3,-2,-1,0,-1,2,-1,27
11015,1,2,-3,-4,-3,-2,1,0,1,-2,1,0,1,51
11016,-1,2,-1,0,5,2,-3,0,-3,2,-1,0,-1,59
11017,-3,0,1,-2,3,0,-5,2,-1,0,1,-2,1,59
11018,-5,4,-3,-2,3,0,-1,2,-5,4,-3,2,-1,123
11019,-3,2,-1,-4,1,-2,-3,4,-3,2,-1,0,1,75
11020,-1,-2,-3,-2,3,4,-1,-2,-1,0,1,0,-1,51
11021,-3,0,-1,-4,1,2,-3,0,1,-2,3,-2,1,59
11022,-1,0,-5,-4,1,2,1,0,-3,2,-1,2,-1,67
11023,1,2,-3,-6,-1,0,-1,2,-1,0,1,0,1,59
11024,-1,2,-1,2,5,-2,1,-4,1,0,-1,0,-1,59
11025,-3,0,-3,4,3,-4,-1,-2,3,-2,1,-2,1,83
11026,-5,0,1,0,3,-4,3,-2,-1,2,-3,2,-1,83
11027,-3,-2,-1,2,1,-6,1,0,1,0,-1,0,1,59
11028,-5,2,-3,0,3,0,3,-6,3,-2,1,0,-1,107
11029,-7,4,-5,2,1,-2,1,-4,5,-4,3,-2,1,171
11030,-5,0,-1,-2,1,-2,5,-4,1,0,-1,2,-1,83
11031,-3,2,-3,0,-1,-4,3,-2,3,-2,1,0,1,67
11032,-1,-2,-5,0,7,0,-1,-2,-1,2,-1,0,-1,91
11033,-3,-4,-3,2,5,-2,-3,0,1,0,1,-2,1,83
11034,-5,0,-3,-2,5,-2,1,0,-3,4,-3,2,-1,107
11035,-3,-2,-1,0,3,-4,-1,2,-1,2,-1,0,1,51
11036,-1,-2,-7,-2,5,2,1,-4,1,0,1,0,-1,107
11037,-3,0,-5,0,3,0,-1,-2,3,-2,3,-2,1,75
11038,-1,0,-5,-4,3,0,3,-2,-1,2,-1,2,-1,75
11039,1,2,-3,-2,1,-2,1,0,1,0,1,0,1,27
11040,-1,2,3,2,-1,2,-3,0,-1,0,-1,0,-1,35
11041,-3,0,1,0,1,0,-5,2,1,-2,1,-2,1,51
11042,-5,0,1,4,-3,0,-1,2,-3,2,-3,2,-1,83
11043,-3,-2,-1,2,-1,-2,-3,4,-1,0,-1,0,1,51
11044,-5,-2,5,0,-3,4,-1,-2,1,-2,1,0,-1,91
11045,-7,0,3,-2,-1,2,-3,0,3,-4,3,-2,1,115
11046,-5,-4,3,2,-5,2,1,0,-1,0,-1,2,-1,91
11047,-3,-2,1,0,-3,0,-1,2,1,-2,1,0,1,35
11048,-5,2,-1,0,1,4,-5,2,-3,2,-1,0,-1,91
11049,-7,0,1,-2,3,2,-7,4,-1,0,1,-2,1,139
11050,-9,4,-3,2,-1,2,-3,4,-5,4,-3,2,-1,195
11051,-7,2,-1,0,1,0,-5,6,-3,2,-1,0,1,131
11052,-5,-2,1,-2,-1,6,-3,0,-1,0,1,0,-1,83
11053,-7,0,3,-4,1,4,-5,2,1,-2,3,-2,1,139
11054,-5,0,-1,0,-3,4,-1,2,-3,2,-1,2,-1,75
11055,-3,2,1,-2,-1,2,-3,4,-1,0,1,0,1,51
11056,-1,-2,-1,2,1,0,-1,-2,1,0,-1,0,-1,19
11057,-3,-4,-3,4,3,-2,-3,0,3,-2,1,-2,1,91
11058,-5,-4,1,4,-1,-2,1,0,-1,2,-3,2,-1,83
11059,-3,-6,-1,6,1,-4,-1,2,1,0,-1,0,1,107
11060,-5,-2,1,0,-1,2,1,-4,3,-2,1,0,-1,67
11061,-7,0,-1,2,1,0,-1,-2,5,-4,3,-2,1,115
11062,-5,-4,3,2,-3,0,3,-2,1,0,-1,2,-1,83
11063,-3,-2,1,4,-1,-2,1,0,3,-2,1,0,1,51
11064,-1,-2,-5,0,3,2,-3,0,-1,2,-1,0,-1,59
11065,-3,-4,-3,2,5,0,-5,2,1,0,1,-2,1,99
11066,-5,0,-3,2,1,0,-1,2,-3,4,-3,2,-1,83
11067,-3,-2,-1,4,3,-2,-3,4,-1,2,-1,0,1,75
11068,-1,-2,-3,-2,1,4,-1,-2,1,0,1,0,-1,43
11069,-3,0,-1,0,3,2,-3,0,3,-2,3,-2,1,59
11070,-1,0,-1,0,-1,2,1,0,-1,2,-1,2,-1,19
11071,1,2,1,2,1,0,-1,2,1,0,1,0,1,19
11072,-1,6,3,-2,3,-4,1,-2,-1,0,-1,0,-1,83
11073,-3,4,1,-4,1,-2,-1,0,1,-2,1,-2,1,59
11074,-5,4,1,-4,5,-6,3,0,-3,2,-3,2,-1,155
11075,-3,2,-1,-6,3,-4,1,2,-1,0,-1,0,1,83
11076,-5,2,1,0,1,-2,3,-4,1,-2,1,0,-1,67
11077,-7,4,-1,-2,-1,0,1,-2,3,-4,3,-2,1,115
11078,-5,0,-1,-2,3,-4,5,-2,-1,0,-1,2,-1,91
11079,-3,2,-3,-4,1,-2,3,0,1,-2,1,0,1,59
11080,-5,2,3,-4,5,-2,-1,0,-3,2,-1,0,-1,99
11081,-7,0,5,-6,3,0,-3,2,-1,0,1,-2,1,139
11082,-9,4,1,-6,7,-4,1,2,-5,4,-3,2,-1,259
11083,-7,2,3,-8,5,-2,-1,4,-3,2,-1,0,1,187
11084,-5,-2,1,-2,3,0,1,-2,-1,0,1,0,-1,51
11085,-7,0,3,-4,1,2,-1,0,1,-2,3,-2,1,99
11086,-5,0,-1,-4,5,-2,3,0,-3,2,-1,2,-1,99
11087,-3,2,1,-6,3,0,1,2,-1,0,1,0,1,67
11088,-5,6,-1,-2,5,-6,3,-4,1,0,-1,0,-1,155
11089,-7,4,-3,0,3,-4,1,-2,3,-2,1,-2,1,123
11090,-9,4,1,-4,7,-8,5,-2,-1,2,-3,2,-1,275
11091,-7,2,-1,-2,5,-6,3,0,1,0,-1,0,1,131
11092,-9,6,-3,0,3,-4,5,-6,3,-2,1,0,-1,227
11093,-11,8,-5,2,1,-2,3,-4,5,-4,3,-2,1,299
11094,-9,4,-1,-2,5,-6,7,-4,1,0,-1,2,-1,235
11095,-7,6,-3,0,3,-4,5,-2,3,-2,1,0,1,163
11096,-5,2,-1,-4,7,-4,1,-2,-1,2,-1,0,-1,123
11097,-7,0,1,-2,5,-2,-1,0,1,0,1,-2,1,91
11098,-9,4,1,-6,9,-6,3,0,-3,4,-3,2,-1,299
11099,-7,2,3,-4,7,-4,1,2,-1,2,-1,0,1,155
11100,-5,2,-3,-2,5,-2,3,-4,1,0,1,0,-1,99
11101,-7,4,-1,0,3,0,1,-2,3,-2,3,-2,1,107
11102,-5,4,-1,-4,7,-4,5,-2,-1,2,-1,2,-1,163
11103,-3,6,1,-2,5,-2,3,0,1,0,1,0,1,91
11104,-1,2,3,-2,-1,-2,-1,0,-1,0,-1,0,-1,27
11105,-3,0,1,-4,1,0,-3,2,1,-2,1,-2,1,51
11106,-5,0,1,0,1,-4,1,2,-3,2,-3,2,-1,75
11107,-3,-2,-1,-2,3,-2,-1,4,-1,0,-1,0,1,51
11108,-5,-2,5,0,-3,0,1,-2,1,-2,1,0,-1,75
11109,-7,0,3,-2,-1,2,-1,0,3,-4,3,-2,1,107
11110,-5,-4,3,2,-1,-2,3,0,-1,0,-1,2,-1,75
11111,-3,-2,1,0,1,0,1,2,1,-2,1,0,1,27
11112,-5,2,3,-4,1,0,-3,2,-3,2,-1,0,-1,83
11113,-7,0,5,-6,3,2,-5,4,-1,0,1,-2,1,171
11114,-9,4,1,-2,3,-2,-1,4,-5,4,-3,2,-1,187
11115,-7,2,3,-4,5,0,-3,6,-3,2,-1,0,1,163
11116,-5,-2,5,-2,-1,2,-1,0,-1,0,1,0,-1,67
11117,-7,0,7,-4,1,4,-3,2,1,-2,3,-2,1,163
11118,-5,0,3,0,1,0,1,2,-3,2,-1,2,-1,59
11119,-3,2,5,-2,3,2,-1,4,-1,0,1,0,1,75
11120,-1,2,-1,-2,1,-4,1,-2,1,0,-1,0,-1,35
11121,-3,0,-3,0,3,-2,-1,0,3,-2,1,-2,1,51
11122,-5,0,1,0,3,-6,3,0,-1,2,-3,2,-1,99
11123,-3,-2,-1,2,5,-4,1,2,1,0,-1,0,1,67
11124,-5,2,1,0,-1,-2,3,-4,3,-2,1,0,-1,75
11125,-7,4,-1,2,1,0,1,-2,5,-4,3,-2,1,131
11126,-5,0,3,2,1,-4,5,-2,1,0,-1,2,-1,91
11127,-3,2,1,4,3,-2,3,0,3,-2,1,0,1,67
11128,-1,2,-1,-4,3,-2,-1,0,-1,2,-1,0,-1,43
11129,-3,0,1,-2,5,0,-3,2,1,0,1,-2,1,59
11130,-5,4,1,-2,5,-4,1,2,-3,4,-3,2,-1,131
11131,-3,2,3,0,7,-2,-1,4,-1,2,-1,0,1,99
11132,-1,2,1,-2,1,0,1,-2,1,0,1,0,-1,19
11133,-3,4,3,0,3,2,-1,0,3,-2,3,-2,1,75
11134,-1,4,3,0,3,-2,3,0,-1,2,-1,2,-1,59
11135,1,6,5,2,5,0,1,2,1,0,1,0,1,99
11136,3,6,-1,2,-1,0,-3,-2,-1,0,-1,0,-1,67
11137,1,4,-3,0,-3,-2,-1,0,1,-2,1,-2,1,51
11138,-1,4,-3,0,-3,2,-1,0,-3,2,-3,2,-1,67
11139,1,2,-5,-2,-5,0,1,2,-1,0,-1,0,1,67
11140,-1,2,-3,0,1,2,-1,-4,1,-2,1,0,-1,43
11141,-3,4,-5,-2,-1,0,1,-2,3,-4,3,-2,1,99
11142,-1,0,-5,-2,-1,4,1,-2,-1,0,-1,2,-1,59
11143,1,2,-7,-4,-3,2,3,0,1,-2,1,0,1,99
11144,-1,2,-5,4,1,2,-5,0,-3,2,-1,0,-1,91
11145,-3,0,-3,2,-1,0,-3,2,-1,0,1,-2,1,43
11146,-5,4,-7,2,-1,4,-3,2,-5,4,-3,2,-1,179
11147,-3,2,-5,0,-3,2,-1,4,-3,2,-1,0,1,83
11148,-1,-2,-7,2,3,4,-3,-2,-1,0,1,0,-1,99
11149,-3,0,-5,0,1,2,-1,0,1,-2,3,-2,1,59
11150,-1,0,-9,0,1,6,-1,0,-3,2,-1,2,-1,139
11151,1,2,-7,-2,-1,4,1,2,-1,0,1,0,1,83
11152,-1,2,-1,2,1,-2,-1,-4,1,0,-1,0,-1,35
11153,-3,0,-3,4,-1,-4,1,-2,3,-2,1,-2,1,75
11154,-5,0,1,0,-1,0,1,-2,-1,2,-3,2,-1,51
11155,-3,-2,-1,2,-3,-2,3,0,1,0,-1,0,1,43
11156,-5,2,-3,0,3,0,1,-6,3,-2,1,0,-1,99
11157,-7,4,-5,2,1,-2,3,-4,5,-4,3,-2,1,179
11158,-5,0,-1,-2,1,2,3,-4,1,0,-1,2,-1,67
11159,-3,2,-3,0,-1,0,5,-2,3,-2,1,0,1,67
11160,-1,-2,-5,4,3,0,-3,-2,-1,2,-1,0,-1,75
11161,-3,-4,-3,6,1,-2,-1,0,1,0,1,-2,1,83
11162,-5,0,-3,2,1,2,-1,0,-3,4,-3,2,-1,83
11163,-3,-2,-1,4,-1,0,1,2,-1,2,-1,0,1,43
11164,-1,-2,-7,2,5,2,-1,-4,1,0,1,0,-1,107
11165,-3,0,-5,4,3,0,1,-2,3,-2,3,-2,1,91
11166,-1,0,-5,0,3,4,1,-2,-1,2,-1,2,-1,67
11167,1,2,-3,2,1,2,3,0,1,0,1,0,1,35
11168,-1,6,-1,2,-5,2,-5,0,-1,0,-1,0,-1,99
11169,-3,4,-3,0,-3,0,-3,2,1,-2,1,-2,1,67
11170,-5,4,-3,4,-7,4,-3,2,-3,2,-3,2,-1,171
11171,-3,2,-5,2,-5,2,-1,4,-1,0,-1,0,1,91
11172,-5,2,1,0,-3,4,-3,-2,1,-2,1,0,-1,75
11173,-7,4,-1,-2,-1,2,-1,0,3,-4,3,-2,1,115
11174,-5,0,-1,2,-5,6,-1,0,-1,0,-1,2,-1,99
11175,-3,2,-3,0,-3,4,1,2,1,-2,1,0,1,59
11176,-5,6,-5,4,-3,4,-7,2,-3,2,-1,0,-1,195
11177,-7,4,-3,2,-1,2,-5,4,-1,0,1,-2,1,131
11178,-9,8,-7,6,-5,6,-5,4,-5,4,-3,2,-1,387
11179,-7,6,-5,4,-3,4,-3,6,-3,2,-1,0,1,211
11180,-5,2,-3,2,-1,6,-5,0,-1,0,1,0,-1,107
11181,-7,4,-1,0,1,4,-3,2,1,-2,3,-2,1,115
11182,-5,4,-5,4,-3,8,-3,2,-3,2,-1,2,-1,187
11183,-3,6,-3,2,-1,6,-1,4,-1,0,1,0,1,115
11184,-1,2,-1,2,-3,0,-3,-2,1,0,-1,0,-1,35
11185,-3,0,-3,4,-1,-2,-1,0,3,-2,1,-2,1,59
11186,-5,0,1,4,-5,2,-1,0,-1,2,-3,2,-1,91
11187,-3,-2,-1,6,-3,0,1,2,1,0,-1,0,1,67
11188,-5,2,1,0,-1,2,-1,-4,3,-2,1,0,-1,67
11189,-7,4,-1,2,1,0,1,-2,5,-4,3,-2,1,131
11190,-5,0,3,2,-3,4,1,-2,1,0,-1,2,-1,75
11191,-3,2,1,4,-1,2,3,0,3,-2,1,0,1,59
11192,-1,2,-5,4,-1,2,-5,0,-1,2,-1,0,-1,83
11193,-3,0,-3,6,1,0,-3,2,1,0,1,-2,1,75
11194,-5,4,-3,6,-3,4,-3,2,-3,4,-3,2,-1,163
11195,-3,2,-1,8,-1,2,-1,4,-1,2,-1,0,1,107
11196,-1,2,-3,2,1,4,-3,-2,1,0,1,0,-1,51
11197,-3,4,-1,4,3,2,-1,0,3,-2,3,-2,1,83
11198,-1,4,-1,4,-1,6,-1,0,-1,2,-1,2,-1,83
11199,1,6,1,6,1,4,1,2,1,0,1,0,1,99
11200,3,6,-1,-2,-1,-4,-1,-2,-1,0,-1,0,-1,75
11201,1,4,-3,-4,-3,-2,1,0,1,-2,1,-2,1,67
11202,-1,4,-3,-4,1,-2,1,0,-3,2,-3,2,-1,75
11203,1,2,-5,-6,-1,0,3,2,-1,0,-1,0,1,83
11204,-1,2,-3,0,1,-2,1,-4,1,-2,1,0,-1,43
11205,-3,4,-5,-2,-1,0,3,-2,3,-4,3,-2,1,107
11206,-1,0,-5,-2,3,0,3,-2,-1,0,-1,2,-1,59
11207,1,2,-7,-4,1,2,5,0,1,-2,1,0,1,107
11208,-1,2,-1,0,1,-2,-3,0,-3,2,-1,0,-1,35
11209,-3,0,1,-2,-1,0,-1,2,-1,0,1,-2,1,27
11210,-5,4,-3,-2,3,0,-1,2,-5,4,-3,2,-1,123
11211,-3,2,-1,-4,1,2,1,4,-3,2,-1,0,1,67
11212,-1,-2,-3,2,3,0,-1,-2,-1,0,1,0,-1,35
11213,-3,0,-1,0,1,2,1,0,1,-2,3,-2,1,35
11214,-1,0,-5,0,5,2,1,0,-3,2,-1,2,-1,75
11215,1,2,-3,-2,3,4,3,2,-1,0,1,0,1,59
11216,-1,6,-1,-2,1,-6,1,-4,1,0,-1,0,-1,99
11217,-3,4,-3,0,-1,-4,3,-2,3,-2,1,-2,1,83
11218,-5,4,1,-4,3,-4,3,-2,-1,2,-3,2,-1,115
11219,-3,2,-1,-2,1,-2,5,0,1,0,-1,0,1,51
11220,-5,6,-3,0,3,-4,3,-6,3,-2,1,0,-1,155
11221,-7,8,-5,2,1,-2,5,-4,5,-4,3,-2,1,243
11222,-5,4,-1,-2,5,-2,5,-4,1,0,-1,2,-1,123
11223,-3,6,-3,0,3,0,7,-2,3,-2,1,0,1,131
11224,-1,2,-1,0,3,-4,-1,-2,-1,2,-1,0,-1,43
11225,-3,0,1,2,1,-2,1,0,1,0,1,-2,1,27
11226,-5,4,1,-2,5,-2,1,0,-3,4,-3,2,-1,115
11227,-3,2,3,0,3,0,3,2,-1,2,-1,0,1,51
11228,-1,2,-3,2,5,-2,1,-4,1,0,1,0,-1,67
11229,-3,4,-1,4,3,0,3,-2,3,-2,3,-2,1,91
11230,-1,4,-1,0,7,0,3,-2,-1,2,-1,2,-1,91
11231,1,6,1,2,5,2,5,0,1,0,1,0,1,99
11232,3,6,-1,-2,-5,-2,-3,0,-1,0,-1,0,-1,91
11233,1,4,-3,-4,-3,0,-1,2,1,-2,1,-2,1,67
11234,-1,4,-3,0,-3,0,-1,2,-3,2,-3,2,-1,67
11235,1,2,-5,-2,-1,2,1,4,-1,0,-1,0,1,59
11236,-1,2,1,0,-3,0,-1,-2,1,-2,1,0,-1,27
11237,-3,4,-1,-2,-1,2,1,0,3,-4,3,-2,1,75
11238,-1,0,-1,2,-1,2,1,0,-1,0,-1,2,-1,19
11239,1,2,-3,0,1,4,3,2,1,-2,1,0,1,51
11240,-1,6,-1,0,-3,0,-5,2,-3,2,-1,0,-1,91
11241,-3,4,1,-2,-1,2,-3,4,-1,0,1,-2,1,67
11242,-5,8,-3,2,-1,2,-3,4,-5,4,-3,2,-1,187
11243,-3,6,-1,0,1,4,-1,6,-3,2,-1,0,1,115
11244,-1,2,1,2,-1,2,-3,0,-1,0,1,0,-1,27
11245,-3,4,3,0,1,4,-1,2,1,-2,3,-2,1,75
11246,-1,4,-1,4,1,4,-1,2,-3,2,-1,2,-1,75
11247,1,6,1,2,3,6,1,4,-1,0,1,0,1,107
11248,3,6,-1,-2,-3,-4,-1,-2,1,0,-1,0,-1,83
11249,1,4,-3,0,-1,-2,1,0,3,-2,1,-2,1,51
11250,-1,4,1,0,-1,-2,1,0,-1,2,-3,2,-1,43
11251,1,2,-1,2,1,0,3,2,1,0,-1,0,1,27
11252,-1,6,1,0,-1,-2,1,-4,3,-2,1,0,-1,75
11253,-3,8,-1,2,1,0,3,-2,5,-4,3,-2,1,147
11254,-1,4,3,2,1,0,3,-2,1,0,-1,2,-1,51
11255,1,6,1,4,3,2,5,0,3,-2,1,0,1,107
11256,3,6,-1,0,-1,-2,-3,0,-1,2,-1,0,-1,67
11257,1,4,1,2,1,0,-1,2,1,0,1,-2,1,35
11258,-1,8,1,2,1,0,-1,2,-3,4,-3,2,-1,115
11259,1,6,3,4,3,2,1,4,-1,2,-1,0,1,99
11260,3,6,1,2,1,0,-1,-2,1,0,1,0,-1,59
11261,1,8,3,4,3,2,1,0,3,-2,3,-2,1,131
11262,3,8,3,4,3,2,1,0,-1,2,-1,2,-1,123
11263,5,10,5,6,5,4,3,2,1,0,1,0,1,243
11264,7,6,7,4,3,2,1,0,-1,-2,-1,0,-1,171
11265,5,4,5,2,1,0,-1,-2,-3,0,1,-2,1,91
11266,3,4,5,2,1,0,-1,-2,1,0,-3,2,-1,75
11267,5,2,3,0,-1,-2,-3,-4,-1,2,-1,0,1,75
11268,3,2,5,2,1,0,-1,2,1,-4,1,0,-1,67
11269,1,4,3,0,-1,-2,-3,0,-1,-2,3,-2,1,59
11270,3,0,3,0,-1,-2,-3,0,3,-2,-1,2,-1,51
11271,5,2,1,-2,-3,-4,-5,-2,1,0,1,0,1,91
11272,3,2,3,2,1,0,3,2,-3,0,-1,0,-1,51
11273,1,0,5,0,-1,-2,1,0,-5,2,1,-2,1,67
11274,-1,4,1,0,-1,-2,1,0,-1,2,-3,2,-1,43
11275,1,2,3,-2,-3,-4,-1,-2,-3,4,-1,0,1,75
11276,3,-2,1,0,-1,-2,1,4,-1,-2,1,0,-1,43
11277,1,0,3,-2,-3,-4,-1,2,-3,0,3,-2,1,67
11278,3,0,-1,-2,-3,-4,-1,2,1,0,-1,2,-1,51
11279,5,2,1,-4,-5,-6,-3,0,-1,2,1,0,1,123
11280,3,2,3,0,1,4,3,-2,1,-2,-1,0,-1,59
11281,1,0,1,2,-1,2,1,-4,-1,0,1,-2,1,35
11282,-1,0,5,-2,-1,2,1,-4,3,0,-3,2,-1,75
11283,1,-2,3,0,-3,0,-1,-6,1,2,-1,0,1,67
11284,-1,2,1,-2,-1,2,1,0,3,-4,1,0,-1,43
11285,-3,4,-1,0,-3,0,-1,-2,1,-2,3,-2,1,59
11286,-1,0,3,-4,-3,0,-1,-2,5,-2,-1,2,-1,75
11287,1,2,1,-2,-5,-2,-3,-4,3,0,1,0,1,75
11288,3,-2,-1,-2,-1,2,5,0,-1,0,-1,0,-1,51
11289,1,-4,1,0,-3,0,3,-2,-3,2,1,-2,1,59
11290,-1,0,1,-4,-3,0,3,-2,1,2,-3,2,-1,59
11291,1,-2,3,-2,-5,-2,1,-4,-1,4,-1,0,1,83
11292,3,-2,-3,-4,-3,0,3,2,1,-2,1,0,-1,67
11293,1,0,-1,-2,-5,-2,1,0,-1,0,3,-2,1,51
11294,3,0,-1,-6,-5,-2,1,0,3,0,-1,2,-1,91
11295,5,2,1,-4,-7,-4,-1,-2,1,2,1,0,1,123
11296,3,2,3,0,3,4,-1,2,-1,-2,-1,0,-1,59
11297,1,0,1,-2,5,2,-3,0,-3,0,1,-2,1,59
11298,-1,0,1,2,1,2,-3,0,1,0,-3,2,-1,35
11299,1,-2,-1,0,3,0,-5,-2,-1,2,-1,0,1,51
11300,-1,-2,5,-2,1,2,-3,4,1,-4,1,0,-1,83
11301,-3,0,3,-4,3,0,-5,2,-1,-2,3,-2,1,91
11302,-1,-4,3,0,-1,0,-5,2,3,-2,-1,2,-1,75
11303,1,-2,1,-2,1,-2,-7,0,1,0,1,0,1,67
11304,-1,2,-1,-2,1,2,1,4,-3,0,-1,0,-1,43
11305,-3,0,1,-4,3,0,-1,2,-5,2,1,-2,1,75
11306,-5,4,-3,0,-1,0,-1,2,-1,2,-3,2,-1,75
11307,-3,2,-1,-2,1,-2,-3,0,-3,4,-1,0,1,59
11308,-1,-2,1,-4,-1,0,-1,6,-1,-2,1,0,-1,67
11309,-3,0,3,-6,1,-2,-3,4,-3,0,3,-2,1,107
11310,-1,0,-1,-2,-3,-2,-3,4,1,0,-1,2,-1,51
11311,1,2,1,-4,-1,-4,-5,2,-1,2,1,0,1,75
11312,3,-2,-1,-4,1,6,1,0,1,-2,-1,0,-1,75
11313,1,-4,-3,-2,3,4,-1,-2,-1,0,1,-2,1,67
11314,-1,-4,1,-2,-1,4,-1,-2,3,0,-3,2,-1,67
11315,1,-6,-1,0,1,2,-3,-4,1,2,-1,0,1,75
11316,-1,-2,1,-6,-1,4,-1,2,3,-4,1,0,-1,91
11317,-3,0,-1,-4,1,2,-3,0,1,-2,3,-2,1,59
11318,-1,-4,3,-4,-3,2,-3,0,5,-2,-1,2,-1,99
11319,1,-2,1,-2,-1,0,-5,-2,3,0,1,0,1,51
11320,3,-2,-5,-6,-1,4,3,2,-1,0,-1,0,-1,107
11321,1,-4,-3,-4,1,2,1,0,-3,2,1,-2,1,67
11322,-1,0,-3,-4,-3,2,1,0,1,2,-3,2,-1,59
11323,1,-2,-1,-2,-1,0,-1,-2,-1,4,-1,0,1,35
11324,3,-2,-3,-8,-3,2,1,4,1,-2,1,0,-1,123
11325,1,0,-1,-6,-1,0,-1,2,-1,0,3,-2,1,59
11326,3,0,-1,-6,-5,0,-1,2,3,0,-1,2,-1,91
11327,5,2,1,-4,-3,-2,-3,0,1,2,1,0,1,75
11328,3,2,3,4,3,-2,3,0,-1,-2,-1,0,-1,67
11329,1,0,1,2,1,0,1,-2,-3,0,1,-2,1,27
11330,-1,0,1,2,5,-4,1,-2,1,0,-3,2,-1,67
11331,1,-2,-1,0,3,-2,-1,-4,-1,2,-1,0,1,43
11332,-1,-2,1,6,1,-4,1,2,1,-4,1,0,-1,83
11333,-3,0,-1,4,-1,-2,-1,0,-1,-2,3,-2,1,51
11334,-1,-4,-1,4,3,-6,-1,0,3,-2,-1,2,-1,99
11335,1,-2,-3,2,1,-4,-3,-2,1,0,1,0,1,51
11336,-1,-2,3,2,1,-4,5,2,-3,0,-1,0,-1,75
11337,-3,-4,5,0,-1,-2,3,0,-5,2,1,-2,1,99
11338,-5,0,1,0,3,-6,3,0,-1,2,-3,2,-1,99
11339,-3,-2,3,-2,1,-4,1,-2,-3,4,-1,0,1,75
11340,-1,-6,1,4,-1,-6,3,4,-1,-2,1,0,-1,123
11341,-3,-4,3,2,-3,-4,1,2,-3,0,3,-2,1,91
11342,-1,-4,-1,2,1,-8,1,2,1,0,-1,2,-1,99
11343,1,-2,1,0,-1,-6,-1,0,-1,2,1,0,1,51
11344,-1,2,-1,0,1,0,5,-2,1,-2,-1,0,-1,43
11345,-3,0,-3,2,-1,2,3,-4,-1,0,1,-2,1,59
11346,-5,0,1,-2,3,-2,3,-4,3,0,-3,2,-1,91
11347,-3,-2,-1,0,1,0,1,-6,1,2,-1,0,1,59
11348,-5,2,-3,2,-1,-2,3,0,3,-4,1,0,-1,83
11349,-7,4,-5,4,-3,0,1,-2,1,-2,3,-2,1,139
11350,-5,0,-1,0,1,-4,1,-2,5,-2,-1,2,-1,83
11351,-3,2,-3,2,-1,-2,-1,-4,3,0,1,0,1,59
11352,-1,-2,-1,-2,-1,-2,7,0,-1,0,-1,0,-1,67
11353,-3,-4,1,0,-3,0,5,-2,-3,2,1,-2,1,83
11354,-5,0,1,-4,1,-4,5,-2,1,2,-3,2,-1,107
11355,-3,-2,3,-2,-1,-2,3,-4,-1,4,-1,0,1,75
11356,-1,-2,-3,0,-3,-4,5,2,1,-2,1,0,-1,75
11357,-3,0,-1,2,-5,-2,3,0,-1,0,3,-2,1,67
11358,-1,0,-1,-2,-1,-6,3,0,3,0,-1,2,-1,67
11359,1,2,1,0,-3,-4,1,-2,1,2,1,0,1,43
11360,3,-2,-1,0,3,0,1,2,-1,-2,-1,0,-1,35
11361,1,-4,-3,-2,5,2,-1,0,-3,0,1,-2,1,75
11362,-1,-4,-3,2,5,-2,-1,0,1,0,-3,2,-1,75
11363,1,-6,-5,0,7,0,-3,-2,-1,2,-1,0,1,131
11364,-1,-6,1,2,1,-2,-1,4,1,-4,1,0,-1,83
11365,-3,-4,-1,0,3,0,-3,2,-1,-2,3,-2,1,67
11366,-1,-8,-1,4,3,-4,-3,2,3,-2,-1,2,-1,139
11367,1,-6,-3,2,5,-2,-5,0,1,0,1,0,1,107
11368,-1,-2,-1,-2,1,-2,3,4,-3,0,-1,0,-1,51
11369,-3,-4,1,-4,3,0,1,2,-5,2,1,-2,1,91
11370,-5,0,-3,0,3,-4,1,2,-1,2,-3,2,-1,83
11371,-3,-2,-1,-2,5,-2,-1,0,-3,4,-1,0,1,75
11372,-1,-6,1,0,-1,-4,1,6,-1,-2,1,0,-1,99
11373,-3,-4,3,-2,1,-2,-1,4,-3,0,3,-2,1,83
11374,-1,-4,-1,2,1,-6,-1,4,1,0,-1,2,-1,83
11375,1,-2,1,0,3,-4,-3,2,-1,2,1,0,1,51
11376,3,-2,-5,-4,1,2,3,0,1,-2,-1,0,-1,75
11377,1,-4,-7,-2,3,4,1,-2,-1,0,1,-2,1,107
11378,-1,-4,-3,-2,3,0,1,-2,3,0,-3,2,-1,67
11379,1,-6,-5,0,5,2,-1,-4,1,2,-1,0,1,115
11380,-1,-2,-3,-2,-1,0,1,2,3,-4,1,0,-1,51
11381,-3,0,-5,0,1,2,-1,0,1,-2,3,-2,1,59
11382,-1,-4,-1,0,1,-2,-1,0,5,-2,-1,2,-1,59
11383,1,-2,-3,2,3,0,-3,-2,3,0,1,0,1,51
11384,3,-2,-5,-6,-1,0,5,2,-1,0,-1,0,-1,107
11385,1,-4,-3,-4,1,2,3,0,-3,2,1,-2,1,75
11386,-1,0,-3,-4,1,-2,3,0,1,2,-3,2,-1,59
11387,1,-2,-1,-2,3,0,1,-2,-1,4,-1,0,1,43
11388,3,-2,-3,-4,-3,-2,3,4,1,-2,1,0,-1,83
11389,1,0,-1,-2,-1,0,1,2,-1,0,3,-2,1,27
11390,3,0,-1,-2,-1,-4,1,2,3,0,-1,2,-1,51
11391,5,2,1,0,1,-2,-1,0,1,2,1,0,1,43
11392,3,2,7,4,-1,2,-1,0,-1,-2,-1,0,-1,91
11393,1,0,5,2,-3,0,1,-2,-3,0,1,-2,1,59
11394,-1,0,5,2,-3,4,-3,-2,1,0,-3,2,-1,83
11395,1,-2,3,0,-5,2,-1,-4,-1,2,-1,0,1,67
11396,-1,-2,5,2,1,0,-3,2,1,-4,1,0,-1,67
11397,-3,0,3,0,-1,-2,-1,0,-1,-2,3,-2,1,43
11398,-1,-4,3,0,-1,2,-5,0,3,-2,-1,2,-1,75
11399,1,-2,1,-2,-3,0,-3,-2,1,0,1,0,1,35
11400,-1,-2,3,6,-3,0,1,2,-3,0,-1,0,-1,75
11401,-3,-4,5,4,-5,-2,3,0,-5,2,1,-2,1,139
11402,-5,0,1,4,-5,2,-1,0,-1,2,-3,2,-1,91
11403,-3,-2,3,2,-7,0,1,-2,-3,4,-1,0,1,107
11404,-1,-6,1,4,-1,-2,-1,4,-1,-2,1,0,-1,83
11405,-3,-4,3,2,-3,-4,1,2,-3,0,3,-2,1,91
11406,-1,-4,-1,2,-3,0,-3,2,1,0,-1,2,-1,51
11407,1,-2,1,0,-5,-2,-1,0,-1,2,1,0,1,43
11408,-1,-2,7,0,-3,4,1,-2,1,-2,-1,0,-1,91
11409,-3,-4,5,2,-5,2,3,-4,-1,0,1,-2,1,115
11410,-5,-4,9,-2,-5,6,-1,-4,3,0,-3,2,-1,227
11411,-3,-6,7,0,-7,4,1,-6,1,2,-1,0,1,203
11412,-5,-2,5,-2,-1,2,-1,0,3,-4,1,0,-1,91
11413,-7,0,3,0,-3,0,1,-2,1,-2,3,-2,1,91
11414,-5,-4,7,-4,-3,4,-3,-2,5,-2,-1,2,-1,179
11415,-3,-2,5,-2,-5,2,-1,-4,3,0,1,0,1,99
11416,-1,-6,3,2,-5,2,3,0,-1,0,-1,0,-1,91
11417,-3,-8,5,4,-7,0,5,-2,-3,2,1,-2,1,211
11418,-5,-4,5,0,-7,4,1,-2,1,2,-3,2,-1,155
11419,-3,-6,7,2,-9,2,3,-4,-1,4,-1,0,1,227
11420,-1,-6,1,0,-3,0,1,2,1,-2,1,0,-1,59
11421,-3,-4,3,2,-5,-2,3,0,-1,0,3,-2,1,91
11422,-1,-4,3,-2,-5,2,-1,0,3,0,-1,2,-1,75
11423,1,-2,5,0,-7,0,1,-2,1,2,1,0,1,91
11424,-1,2,3,0,-1,4,-3,2,-1,-2,-1,0,-1,51
11425,-3,0,1,-2,1,2,-1,0,-3,0,1,-2,1,35
11426,-5,0,1,2,-3,6,-5,0,1,0,-3,2,-1,115
11427,-3,-2,-1,0,-1,4,-3,-2,-1,2,-1,0,1,51
11428,-5,-2,5,-2,1,2,-5,4,1,-4,1,0,-1,123
11429,-7,0,3,-4,3,0,-3,2,-1,-2,3,-2,1,115
11430,-5,-4,3,0,-1,4,-7,2,3,-2,-1,2,-1,139
11431,-3,-2,1,-2,1,2,-5,0,1,0,1,0,1,51
11432,-5,2,-1,2,-3,2,-1,4,-3,0,-1,0,-1,75
11433,-7,0,1,0,-1,0,1,2,-5,2,1,-2,1,91
11434,-9,4,-3,4,-5,4,-3,2,-1,2,-3,2,-1,195
11435,-7,2,-1,2,-3,2,-1,0,-3,4,-1,0,1,99
11436,-5,-2,1,0,-1,0,-3,6,-1,-2,1,0,-1,83
11437,-7,0,3,-2,1,-2,-1,4,-3,0,3,-2,1,107
11438,-5,0,-1,2,-3,2,-5,4,1,0,-1,2,-1,91
11439,-3,2,1,0,-1,0,-3,2,-1,2,1,0,1,35
11440,-1,-2,3,-4,-3,6,-1,0,1,-2,-1,0,-1,83
11441,-3,-4,1,-2,-1,4,1,-2,-1,0,1,-2,1,59
11442,-5,-4,5,-2,-5,8,-3,-2,3,0,-3,2,-1,195
11443,-3,-6,3,0,-3,6,-1,-4,1,2,-1,0,1,123
11444,-5,-2,5,-6,-1,4,-3,2,3,-4,1,0,-1,147
11445,-7,0,3,-4,1,2,-1,0,1,-2,3,-2,1,99
11446,-5,-4,7,-4,-3,6,-5,0,5,-2,-1,2,-1,211
11447,-3,-2,5,-2,-1,4,-3,-2,3,0,1,0,1,83
11448,-1,-2,-1,-2,-5,4,1,2,-1,0,-1,0,-1,59
11449,-3,-4,1,0,-3,2,3,0,-3,2,1,-2,1,67
11450,-5,0,1,0,-7,6,-1,0,1,2,-3,2,-1,131
11451,-3,-2,3,2,-5,4,1,-2,-1,4,-1,0,1,91
11452,-1,-2,1,-4,-3,2,-1,4,1,-2,1,0,-1,59
11453,-3,0,3,-2,-1,0,1,2,-1,0,3,-2,1,43
11454,-1,0,3,-2,-5,4,-3,2,3,0,-1,2,-1,83
11455,1,2,5,0,-3,2,-1,0,1,2,1,0,1,51
11456,3,-2,3,4,-1,-2,1,0,-1,-2,-1,0,-1,51
11457,1,-4,1,2,-3,0,3,-2,-3,0,1,-2,1,59
11458,-1,-4,1,2,1,0,-1,-2,1,0,-3,2,-1,43
11459,1,-6,-1,0,-1,2,1,-4,-1,2,-1,0,1,67
11460,-1,-6,1,6,1,-4,-1,2,1,-4,1,0,-1,115
11461,-3,-4,-1,4,-1,-2,1,0,-1,-2,3,-2,1,67
11462,-1,-8,-1,4,3,-2,-3,0,3,-2,-1,2,-1,123
11463,1,-6,-3,2,1,0,-1,-2,1,0,1,0,1,59
11464,-1,-6,3,6,-3,-4,3,2,-3,0,-1,0,-1,131
11465,-3,-8,5,4,-5,-2,5,0,-5,2,1,-2,1,203
11466,-5,-4,1,4,-1,-2,1,0,-1,2,-3,2,-1,83
11467,-3,-6,3,2,-3,0,3,-2,-3,4,-1,0,1,107
11468,-1,-10,1,8,-1,-6,1,4,-1,-2,1,0,-1,227
11469,-3,-8,3,6,-3,-4,3,2,-3,0,3,-2,1,179
11470,-1,-8,-1,6,1,-4,-1,2,1,0,-1,2,-1,131
11471,1,-6,1,4,-1,-2,1,0,-1,2,1,0,1,67
11472,-1,-2,3,0,-3,0,3,-2,1,-2,-1,0,-1,43
11473,-3,-4,1,2,-5,2,5,-4,-1,0,1,-2,1,107
11474,-5,-4,5,-2,-1,2,1,-4,3,0,-3,2,-1,115
11475,-3,-6,3,0,-3,4,3,-6,1,2,-1,0,1,131
11476,-5,-2,1,2,-1,-2,1,0,3,-4,1,0,-1,67
11477,-7,0,-1,4,-3,0,3,-2,1,-2,3,-2,1,107
11478,-5,-4,3,0,1,0,-1,-2,5,-2,-1,2,-1,91
11479,-3,-2,1,2,-1,2,1,-4,3,0,1,0,1,51
11480,-1,-6,3,2,-5,-2,5,0,-1,0,-1,0,-1,107
11481,-3,-8,5,4,-7,0,7,-2,-3,2,1,-2,1,235
11482,-5,-4,5,0,-3,0,3,-2,1,2,-3,2,-1,107
11483,-3,-6,7,2,-5,2,5,-4,-1,4,-1,0,1,187
11484,-1,-6,1,4,-3,-4,3,2,1,-2,1,0,-1,99
11485,-3,-4,3,6,-5,-2,5,0,-1,0,3,-2,1,139
11486,-1,-4,3,2,-1,-2,1,0,3,0,-1,2,-1,51
11487,1,-2,5,4,-3,0,3,-2,1,2,1,0,1,75
11488,3,-2,-1,0,-1,0,-1,2,-1,-2,-1,0,-1,27
11489,1,-4,-3,-2,1,2,1,0,-3,0,1,-2,1,51
11490,-1,-4,-3,2,1,2,-3,0,1,0,-3,2,-1,59
11491,1,-6,-5,0,3,4,-1,-2,-1,2,-1,0,1,99
11492,-1,-6,1,2,1,-2,-3,4,1,-4,1,0,-1,91
11493,-3,-4,-1,0,3,0,-1,2,-1,-2,3,-2,1,59
11494,-1,-8,-1,4,3,0,-5,2,3,-2,-1,2,-1,139
11495,1,-6,-3,2,5,2,-3,0,1,0,1,0,1,91
11496,-1,-2,-1,2,-3,-2,1,4,-3,0,-1,0,-1,51
11497,-3,-4,1,0,-1,0,3,2,-5,2,1,-2,1,75
11498,-5,0,-3,4,-1,0,-1,2,-1,2,-3,2,-1,75
11499,-3,-2,-1,2,1,2,1,0,-3,4,-1,0,1,51
11500,-1,-6,1,4,-1,-4,-1,6,-1,-2,1,0,-1,115
11501,-3,-4,3,2,1,-2,1,4,-3,0,3,-2,1,83
11502,-1,-4,-1,6,1,-2,-3,4,1,0,-1,2,-1,91
11503,1,-2,1,4,3,0,-1,2,-1,2,1,0,1,43
11504,3,-2,-1,-4,-3,2,1,0,1,-2,-1,0,-1,51
11505,1,-4,-3,-2,-1,4,3,-2,-1,0,1,-2,1,67
11506,-1,-4,1,-2,-1,4,-1,-2,3,0,-3,2,-1,67
11507,1,-6,-1,0,1,6,1,-4,1,2,-1,0,1,99
11508,-1,-2,1,-2,-1,0,-1,2,3,-4,1,0,-1,43
11509,-3,0,-1,0,1,2,1,0,1,-2,3,-2,1,35
11510,-1,-4,3,0,1,2,-3,0,5,-2,-1,2,-1,75
11511,1,-2,1,2,3,4,-1,-2,3,0,1,0,1,51
11512,3,-2,-1,-2,-5,0,3,2,-1,0,-1,0,-1,59
11513,1,-4,1,0,-3,2,5,0,-3,2,1,-2,1,75
11514,-1,0,1,0,-3,2,1,0,1,2,-3,2,-1,35
11515,1,-2,3,2,-1,4,3,-2,-1,4,-1,0,1,67
11516,3,-2,1,0,-3,-2,1,4,1,-2,1,0,-1,51
11517,1,0,3,2,-1,0,3,2,-1,0,3,-2,1,43
11518,3,0,3,2,-1,0,-1,2,3,0,-1,2,-1,43
11519,5,2,5,4,1,2,1,0,1,2,1,0,1,83
11520,3,6,7,0,3,0,-1,-2,-1,-2,-1,0,-1,115
11521,1,4,5,-2,1,-2,-3,0,-3,0,1,-2,1,75
11522,-1,4,5,-2,1,-2,1,-4,1,0,-3,2,-1,83
11523,1,2,3,-4,-1,-4,-1,-2,-1,2,-1,0,1,59
11524,-1,2,5,-2,1,2,-3,0,1,-4,1,0,-1,67
11525,-3,4,3,-4,-1,0,-5,2,-1,-2,3,-2,1,99
11526,-1,0,3,-4,-1,0,-1,-2,3,-2,-1,2,-1,51
11527,1,2,1,-6,-3,-2,-3,0,1,0,1,0,1,67
11528,-1,2,3,-2,5,-2,1,0,-3,0,-1,0,-1,59
11529,-3,0,5,-4,3,-4,-1,2,-5,2,1,-2,1,115
11530,-5,4,1,-4,3,-4,3,-2,-1,2,-3,2,-1,115
11531,-3,2,3,-6,1,-6,1,0,-3,4,-1,0,1,123
11532,-1,-2,1,-4,3,0,-1,2,-1,-2,1,0,-1,43
11533,-3,0,3,-6,1,-2,-3,4,-3,0,3,-2,1,107
11534,-1,0,-1,-6,1,-2,1,0,1,0,-1,2,-1,51
11535,1,2,1,-8,-1,-4,-1,2,-1,2,1,0,1,99
11536,-1,2,3,0,1,2,1,-4,1,-2,-1,0,-1,43
11537,-3,0,1,2,-1,0,-1,-2,-1,0,1,-2,1,27
11538,-5,0,5,-2,-1,0,3,-6,3,0,-3,2,-1,123
11539,-3,-2,3,0,-3,-2,1,-4,1,2,-1,0,1,59
11540,-5,2,1,-2,-1,4,-1,-2,3,-4,1,0,-1,83
11541,-7,4,-1,0,-3,2,-3,0,1,-2,3,-2,1,107
11542,-5,0,3,-4,-3,2,1,-4,5,-2,-1,2,-1,115
11543,-3,2,1,-2,-5,0,-1,-2,3,0,1,0,1,59
11544,-1,-2,-1,-2,3,0,3,-2,-1,0,-1,0,-1,35
11545,-3,-4,1,0,1,-2,1,0,-3,2,1,-2,1,51
11546,-5,0,1,-4,1,-2,5,-4,1,2,-3,2,-1,107
11547,-3,-2,3,-2,-1,-4,3,-2,-1,4,-1,0,1,75
11548,-1,-2,-3,-4,1,2,1,0,1,-2,1,0,-1,43
11549,-3,0,-1,-2,-1,0,-1,2,-1,0,3,-2,1,35
11550,-1,0,-1,-6,-1,0,3,-2,3,0,-1,2,-1,67
11551,1,2,1,-4,-3,-2,1,0,1,2,1,0,1,43
11552,-1,2,7,-4,3,2,-3,0,-1,-2,-1,0,-1,99
11553,-3,0,5,-6,5,0,-5,2,-3,0,1,-2,1,139
11554,-5,0,5,-2,1,0,-1,-2,1,0,-3,2,-1,75
11555,-3,-2,3,-4,3,-2,-3,0,-1,2,-1,0,1,67
11556,-5,-2,9,-6,1,4,-5,2,1,-4,1,0,-1,211
11557,-7,0,7,-8,3,2,-7,4,-1,-2,3,-2,1,259
11558,-5,-4,7,-4,-1,2,-3,0,3,-2,-1,2,-1,139
11559,-3,-2,5,-6,1,0,-5,2,1,0,1,0,1,107
11560,-5,2,3,-6,5,0,-1,2,-3,0,-1,0,-1,115
11561,-7,0,5,-8,7,-2,-3,4,-5,2,1,-2,1,251
11562,-9,4,1,-4,3,-2,1,0,-1,2,-3,2,-1,147
11563,-7,2,3,-6,5,-4,-1,2,-3,4,-1,0,1,171
11564,-5,-2,5,-8,3,2,-3,4,-1,-2,1,0,-1,163
11565,-7,0,7,-10,5,0,-5,6,-3,0,3,-2,1,307
11566,-5,0,3,-6,1,0,-1,2,1,0,-1,2,-1,83
11567,-3,2,5,-8,3,-2,-3,4,-1,2,1,0,1,147
11568,-1,-2,3,-4,1,4,-1,-2,1,-2,-1,0,-1,59
11569,-3,-4,1,-2,3,2,-3,0,-1,0,1,-2,1,59
11570,-5,-4,5,-2,-1,2,1,-4,3,0,-3,2,-1,115
11571,-3,-6,3,0,1,0,-1,-2,1,2,-1,0,1,67
11572,-5,-2,5,-6,-1,6,-3,0,3,-4,1,0,-1,163
11573,-7,0,3,-4,1,4,-5,2,1,-2,3,-2,1,139
11574,-5,-4,7,-4,-3,4,-1,-2,5,-2,-1,2,-1,171
11575,-3,-2,5,-2,-1,2,-3,0,3,0,1,0,1,67
11576,-1,-2,-1,-6,3,2,1,0,-1,0,-1,0,-1,59
11577,-3,-4,1,-4,5,0,-1,2,-3,2,1,-2,1,91
11578,-5,0,1,-4,1,0,3,-2,1,2,-3,2,-1,75
11579,-3,-2,3,-2,3,-2,1,0,-1,4,-1,0,1,59
11580,-1,-2,1,-8,1,4,-1,2,1,-2,1,0,-1,99
11581,-3,0,3,-6,3,2,-3,4,-1,0,3,-2,1,107
11582,-1,0,3,-6,-1,2,1,0,3,0,-1,2,-1,67
11583,1,2,5,-4,1,0,-1,2,1,2,1,0,1,59
11584,-1,6,3,0,3,-4,1,-2,-1,-2,-1,0,-1,83
11585,-3,4,1,-2,1,-2,-1,0,-3,0,1,-2,1,51
11586,-5,4,1,-2,5,-6,3,-4,1,0,-3,2,-1,147
11587,-3,2,-1,-4,3,-4,1,-2,-1,2,-1,0,1,67
11588,-5,2,1,2,1,-2,-1,0,1,-4,1,0,-1,59
11589,-7,4,-1,0,-1,0,-3,2,-1,-2,3,-2,1,99
11590,-5,0,-1,0,3,-4,1,-2,3,-2,-1,2,-1,75
11591,-3,2,-3,-2,1,-2,-1,0,1,0,1,0,1,35
11592,-5,2,3,-2,5,-6,3,0,-3,0,-1,0,-1,123
11593,-7,0,5,-4,3,-4,1,2,-5,2,1,-2,1,155
11594,-9,4,1,-4,7,-8,5,-2,-1,2,-3,2,-1,275
11595,-7,2,3,-6,5,-6,3,0,-3,4,-1,0,1,195
11596,-5,-2,1,0,3,-4,1,2,-1,-2,1,0,-1,67
11597,-7,0,3,-2,1,-2,-1,4,-3,0,3,-2,1,107
11598,-5,0,-1,-2,5,-6,3,0,1,0,-1,2,-1,107
11599,-3,2,1,-4,3,-4,1,2,-1,2,1,0,1,67
11600,-5,6,-1,0,1,-2,3,-4,1,-2,-1,0,-1,99
11601,-7,4,-3,2,-1,0,1,-2,-1,0,1,-2,1,91
11602,-9,4,1,-2,3,-4,5,-6,3,0,-3,2,-1,211
11603,-7,2,-1,0,1,-2,3,-4,1,2,-1,0,1,91
11604,-9,6,-3,2,-1,0,1,-2,3,-4,1,0,-1,163
11605,-11,8,-5,4,-3,2,-1,0,1,-2,3,-2,1,259
11606,-9,4,-1,0,1,-2,3,-4,5,-2,-1,2,-1,163
11607,-7,6,-3,2,-1,0,1,-2,3,0,1,0,1,115
11608,-5,2,-1,-2,3,-4,5,-2,-1,0,-1,0,-1,91
11609,-7,0,1,0,1,-2,3,0,-3,2,1,-2,1,83
11610,-9,4,1,-4,5,-6,7,-4,1,2,-3,2,-1,259
11611,-7,2,3,-2,3,-4,5,-2,-1,4,-1,0,1,139
11612,-5,2,-3,0,1,-2,3,0,1,-2,1,0,-1,59
11613,-7,4,-1,2,-1,0,1,2,-1,0,3,-2,1,91
11614,-5,4,-1,-2,3,-4,5,-2,3,0,-1,2,-1,115
11615,-3,6,1,0,1,-2,3,0,1,2,1,0,1,67
11616,-1,2,3,-4,3,-2,-1,0,-1,-2,-1,0,-1,51
11617,-3,0,1,-6,5,0,-3,2,-3,0,1,-2,1,99
11618,-5,0,1,-2,5,-4,1,-2,1,0,-3,2,-1,91
11619,-3,-2,-1,-4,7,-2,-1,0,-1,2,-1,0,1,91
11620,-5,-2,5,-2,1,0,-3,2,1,-4,1,0,-1,91
11621,-7,0,3,-4,3,2,-5,4,-1,-2,3,-2,1,147
11622,-5,-4,3,0,3,-2,-1,0,3,-2,-1,2,-1,83
11623,-3,-2,1,-2,5,0,-3,2,1,0,1,0,1,59
11624,-5,2,3,-6,5,-4,1,2,-3,0,-1,0,-1,131
11625,-7,0,5,-8,7,-2,-1,4,-5,2,1,-2,1,243
11626,-9,4,1,-4,7,-6,3,0,-1,2,-3,2,-1,227
11627,-7,2,3,-6,9,-4,1,2,-3,4,-1,0,1,227
11628,-5,-2,5,-4,3,-2,-1,4,-1,-2,1,0,-1,107
11629,-7,0,7,-6,5,0,-3,6,-3,0,3,-2,1,227
11630,-5,0,3,-2,5,-4,1,2,1,0,-1,2,-1,91
11631,-3,2,5,-4,7,-2,-1,4,-1,2,1,0,1,131
11632,-1,2,-1,-4,1,0,1,-2,1,-2,-1,0,-1,35
11633,-3,0,-3,-2,3,2,-1,0,-1,0,1,-2,1,43
11634,-5,0,1,-2,3,-2,3,-4,3,0,-3,2,-1,91
11635,-3,-2,-1,0,5,0,1,-2,1,2,-1,0,1,51
11636,-5,2,1,-2,-1,2,-1,0,3,-4,1,0,-1,67
11637,-7,4,-1,0,1,4,-3,2,1,-2,3,-2,1,115
11638,-5,0,3,0,1,0,1,-2,5,-2,-1,2,-1,75
11639,-3,2,1,2,3,2,-1,0,3,0,1,0,1,43
11640,-1,2,-1,-6,3,-2,3,0,-1,0,-1,0,-1,67
11641,-3,0,1,-4,5,0,1,2,-3,2,1,-2,1,75
11642,-5,4,1,-4,5,-4,5,-2,1,2,-3,2,-1,147
11643,-3,2,3,-2,7,-2,3,0,-1,4,-1,0,1,107
11644,-1,2,1,-4,1,0,1,2,1,-2,1,0,-1,35
11645,-3,4,3,-2,3,2,-1,4,-1,0,3,-2,1,83
11646,-1,4,3,-2,3,-2,3,0,3,0,-1,2,-1,67
11647,1,6,5,0,5,0,1,2,1,2,1,0,1,99
11648,3,2,7,0,-1,0,-3,-2,-1,-2,-1,0,-1,83
11649,1,0,5,-2,-3,-2,-1,0,-3,0,1,-2,1,59
11650,-1,0,5,-2,-3,2,-1,-4,1,0,-3,2,-1,75
11651,1,-2,3,-4,-5,0,1,-2,-1,2,-1,0,1,67
11652,-1,-2,5,-2,1,2,-5,0,1,-4,1,0,-1,83
11653,-3,0,3,-4,-1,0,-3,2,-1,-2,3,-2,1,67
11654,-1,-4,3,-4,-1,4,-3,-2,3,-2,-1,2,-1,91
11655,1,-2,1,-6,-3,2,-1,0,1,0,1,0,1,59
11656,-1,-2,3,2,1,-2,-1,0,-3,0,-1,0,-1,35
11657,-3,-4,5,0,-1,-4,1,2,-5,2,1,-2,1,107
11658,-5,0,1,0,-1,0,1,-2,-1,2,-3,2,-1,51
11659,-3,-2,3,-2,-3,-2,3,0,-3,4,-1,0,1,75
11660,-1,-6,1,0,3,0,-3,2,-1,-2,1,0,-1,67
11661,-3,-4,3,-2,1,-2,-1,4,-3,0,3,-2,1,83
11662,-1,-4,-1,-2,1,2,-1,0,1,0,-1,2,-1,35
11663,1,-2,1,-4,-1,0,1,2,-1,2,1,0,1,35
11664,-1,-2,7,0,-3,2,-1,-4,1,-2,-1,0,-1,91
11665,-3,-4,5,2,-5,0,1,-2,-1,0,1,-2,1,91
11666,-5,-4,9,-2,-5,4,1,-6,3,0,-3,2,-1,227
11667,-3,-6,7,0,-7,2,3,-4,1,2,-1,0,1,179
11668,-5,-2,5,-2,-1,4,-3,-2,3,-4,1,0,-1,115
11669,-7,0,3,0,-3,2,-1,0,1,-2,3,-2,1,91
11670,-5,-4,7,-4,-3,6,-1,-4,5,-2,-1,2,-1,203
11671,-3,-2,5,-2,-5,4,1,-2,3,0,1,0,1,99
11672,-1,-6,3,2,-1,0,1,-2,-1,0,-1,0,-1,59
11673,-3,-8,5,4,-3,-2,3,0,-3,2,1,-2,1,155
11674,-5,-4,5,0,-3,2,3,-4,1,2,-3,2,-1,123
11675,-3,-6,7,2,-5,0,5,-2,-1,4,-1,0,1,171
11676,-1,-6,1,0,1,2,-1,0,1,-2,1,0,-1,51
11677,-3,-4,3,2,-1,0,1,2,-1,0,3,-2,1,59
11678,-1,-4,3,-2,-1,4,1,-2,3,0,-1,2,-1,67
11679,1,-2,5,0,-3,2,3,0,1,2,1,0,1,59
11680,-1,2,7,-4,-1,2,-5,0,-1,-2,-1,0,-1,107
11681,-3,0,5,-6,1,0,-3,2,-3,0,1,-2,1,99
11682,-5,0,5,-2,-3,4,-3,-2,1,0,-3,2,-1,107
11683,-3,-2,3,-4,-1,2,-1,0,-1,2,-1,0,1,51
11684,-5,-2,9,-6,1,4,-7,2,1,-4,1,0,-1,235
11685,-7,0,7,-8,3,2,-5,4,-1,-2,3,-2,1,235
11686,-5,-4,7,-4,-1,6,-5,0,3,-2,-1,2,-1,187
11687,-3,-2,5,-6,1,4,-3,2,1,0,1,0,1,107
11688,-5,2,3,-2,1,0,-3,2,-3,0,-1,0,-1,67
11689,-7,0,5,-4,3,-2,-1,4,-5,2,1,-2,1,155
11690,-9,4,1,0,-1,2,-1,0,-1,2,-3,2,-1,123
11691,-7,2,3,-2,1,0,1,2,-3,4,-1,0,1,99
11692,-5,-2,5,-4,3,2,-5,4,-1,-2,1,0,-1,131
11693,-7,0,7,-6,5,0,-3,6,-3,0,3,-2,1,227
11694,-5,0,3,-2,1,4,-3,2,1,0,-1,2,-1,75
11695,-3,2,5,-4,3,2,-1,4,-1,2,1,0,1,91
11696,-1,-2,7,-4,-3,4,-3,-2,1,-2,-1,0,-1,115
11697,-3,-4,5,-2,-1,2,-1,0,-1,0,1,-2,1,67
11698,-5,-4,9,-2,-5,6,-1,-4,3,0,-3,2,-1,227
11699,-3,-6,7,0,-3,4,1,-2,1,2,-1,0,1,131
11700,-5,-2,9,-6,-1,6,-5,0,3,-4,1,0,-1,235
11701,-7,0,7,-4,1,4,-3,2,1,-2,3,-2,1,163
11702,-5,-4,11,-4,-3,8,-3,-2,5,-2,-1,2,-1,299
11703,-3,-2,9,-2,-1,6,-1,0,3,0,1,0,1,147
11704,-1,-2,3,-2,-1,2,-1,0,-1,0,-1,0,-1,27
11705,-3,-4,5,0,1,0,1,2,-3,2,1,-2,1,75
11706,-5,0,5,0,-3,4,1,-2,1,2,-3,2,-1,99
11707,-3,-2,7,2,-1,2,3,0,-1,4,-1,0,1,99
11708,-1,-2,5,-4,1,4,-3,2,1,-2,1,0,-1,83
11709,-3,0,7,-2,3,2,-1,4,-1,0,3,-2,1,107
11710,-1,0,7,-2,-1,6,-1,0,3,0,-1,2,-1,107
11711,1,2,9,0,1,4,1,2,1,2,1,0,1,115
11712,3,2,3,0,-1,-4,-1,-2,-1,-2,-1,0,-1,51
11713,1,0,1,-2,-3,-2,1,0,-3,0,1,-2,1,35
11714,-1,0,1,-2,1,-2,1,-4,1,0,-3,2,-1,43
11715,1,-2,-1,-4,-1,0,3,-2,-1,2,-1,0,1,43
11716,-1,-2,1,2,1,-2,-3,0,1,-4,1,0,-1,43
11717,-3,0,-1,0,-1,0,-1,2,-1,-2,3,-2,1,35
11718,-1,-4,-1,0,3,0,-1,-2,3,-2,-1,2,-1,51
11719,1,-2,-3,-2,1,2,1,0,1,0,1,0,1,27
11720,-1,-2,3,2,1,-6,1,0,-3,0,-1,0,-1,67
11721,-3,-4,5,0,-1,-4,3,2,-5,2,1,-2,1,115
11722,-5,0,1,0,3,-4,3,-2,-1,2,-3,2,-1,83
11723,-3,-2,3,-2,1,-2,5,0,-3,4,-1,0,1,83
11724,-1,-6,1,4,3,-4,-1,2,-1,-2,1,0,-1,91
11725,-3,-4,3,2,1,-2,1,4,-3,0,3,-2,1,83
11726,-1,-4,-1,2,5,-2,1,0,1,0,-1,2,-1,59
11727,1,-2,1,0,3,0,3,2,-1,2,1,0,1,35
11728,-1,2,3,0,-3,-2,1,-4,1,-2,-1,0,-1,51
11729,-3,0,1,2,-5,0,3,-2,-1,0,1,-2,1,59
11730,-5,0,5,-2,-1,0,3,-6,3,0,-3,2,-1,123
11731,-3,-2,3,0,-3,2,5,-4,1,2,-1,0,1,83
11732,-5,2,1,2,-1,0,-1,-2,3,-4,1,0,-1,67
11733,-7,4,-1,4,-3,2,1,0,1,-2,3,-2,1,115
11734,-5,0,3,0,1,2,1,-4,5,-2,-1,2,-1,91
11735,-3,2,1,2,-1,4,3,-2,3,0,1,0,1,59
11736,-1,-2,3,2,-1,-4,3,-2,-1,0,-1,0,-1,51
11737,-3,-4,5,4,-3,-2,5,0,-3,2,1,-2,1,123
11738,-5,0,5,0,1,-2,5,-4,1,2,-3,2,-1,115
11739,-3,-2,7,2,-1,0,7,-2,-1,4,-1,0,1,139
11740,-1,-2,1,4,1,-2,1,0,1,-2,1,0,-1,35
11741,-3,0,3,6,-1,0,3,2,-1,0,3,-2,1,83
11742,-1,0,3,2,3,0,3,-2,3,0,-1,2,-1,51
11743,1,2,5,4,1,2,5,0,1,2,1,0,1,83
11744,3,2,3,-4,-1,-2,-3,0,-1,-2,-1,0,-1,59
11745,1,0,1,-6,1,0,-1,2,-3,0,1,-2,1,59
11746,-1,0,1,-2,1,0,-1,-2,1,0,-3,2,-1,27
11747,1,-2,-1,-4,3,2,1,0,-1,2,-1,0,1,43
11748,-1,-2,5,-2,1,0,-5,2,1,-4,1,0,-1,83
11749,-3,0,3,-4,3,2,-3,4,-1,-2,3,-2,1,91
11750,-1,-4,3,0,3,2,-3,0,3,-2,-1,2,-1,67
11751,1,-2,1,-2,5,4,-1,2,1,0,1,0,1,59
11752,-1,2,3,-2,1,-4,-1,2,-3,0,-1,0,-1,51
11753,-3,0,5,-4,3,-2,1,4,-5,2,1,-2,1,115
11754,-5,4,1,0,3,-2,1,0,-1,2,-3,2,-1,75
11755,-3,2,3,-2,5,0,3,2,-3,4,-1,0,1,91
11756,-1,-2,5,0,3,-2,-3,4,-1,-2,1,0,-1,75
11757,-3,0,7,-2,5,0,-1,6,-3,0,3,-2,1,147
11758,-1,0,3,2,5,0,-1,2,1,0,-1,2,-1,51
11759,1,2,5,0,7,2,1,4,-1,2,1,0,1,107
11760,3,2,3,-4,-3,0,-1,-2,1,-2,-1,0,-1,59
11761,1,0,1,-2,-1,2,1,0,-1,0,1,-2,1,19
11762,-1,0,5,-2,-1,2,1,-4,3,0,-3,2,-1,75
11763,1,-2,3,0,1,4,3,-2,1,2,-1,0,1,51
11764,-1,2,5,-2,-1,2,-3,0,3,-4,1,0,-1,75
11765,-3,4,3,0,1,4,-1,2,1,-2,3,-2,1,75
11766,-1,0,7,0,1,4,-1,-2,5,-2,-1,2,-1,107
11767,1,2,5,2,3,6,1,0,3,0,1,0,1,91
11768,3,2,3,-2,-1,-2,1,0,-1,0,-1,0,-1,35
11769,1,0,5,0,1,0,3,2,-3,2,1,-2,1,59
11770,-1,4,5,0,1,0,3,-2,1,2,-3,2,-1,75
11771,1,2,7,2,3,2,5,0,-1,4,-1,0,1,115
11772,3,2,5,0,1,0,-1,2,1,-2,1,0,-1,51
11773,1,4,7,2,3,2,1,4,-1,0,3,-2,1,115
11774,3,4,7,2,3,2,1,0,3,0,-1,2,-1,107
11775,5,6,9,4,5,4,3,2,1,2,1,0,1,219
11776,7,6,3,4,1,0,-1,-2,-3,-2,-1,0,-1,131
11777,5,4,1,2,-1,-2,-3,-4,-1,0,1,-2,1,83
11778,3,4,1,2,-1,-2,-3,0,-1,0,-3,2,-1,59
11779,5,2,-1,0,-3,-4,-5,-2,1,2,-1,0,1,91
11780,3,2,1,2,-1,-2,1,0,-1,-4,1,0,-1,43
11781,1,4,-1,0,-3,-4,-1,-2,1,-2,3,-2,1,67
11782,3,0,-1,0,-3,-4,-1,2,1,-2,-1,2,-1,51
11783,5,2,-3,-2,-5,-6,-3,0,3,0,1,0,1,123
11784,3,2,-1,2,-1,2,1,0,-5,0,-1,0,-1,51
11785,1,0,1,0,-3,0,-1,-2,-3,2,1,-2,1,35
11786,-1,4,-3,0,-3,0,-1,2,-3,2,-3,2,-1,67
11787,1,2,-1,-2,-5,-2,-3,0,-1,4,-1,0,1,67
11788,3,-2,-3,0,-3,0,3,2,-3,-2,1,0,-1,59
11789,1,0,-1,-2,-5,-2,1,0,-1,0,3,-2,1,51
11790,3,0,-5,-2,-5,-2,1,4,-1,0,-1,2,-1,91
11791,5,2,-3,-4,-7,-4,-1,2,1,2,1,0,1,131
11792,3,2,-1,0,3,2,1,-4,-1,-2,-1,0,-1,51
11793,1,0,-3,2,1,0,-1,-6,1,0,1,-2,1,59
11794,-1,0,1,-2,1,0,-1,-2,1,0,-3,2,-1,27
11795,1,-2,-1,0,-1,-2,-3,-4,3,2,-1,0,1,51
11796,-1,2,-3,-2,1,0,3,-2,1,-4,1,0,-1,51
11797,-3,4,-5,0,-1,-2,1,-4,3,-2,3,-2,1,99
11798,-1,0,-1,-4,-1,-2,1,0,3,-2,-1,2,-1,43
11799,1,2,-3,-2,-3,-4,-1,-2,5,0,1,0,1,75
11800,3,-2,-5,-2,1,4,3,-2,-3,0,-1,0,-1,83
11801,1,-4,-3,0,-1,2,1,-4,-1,2,1,-2,1,59
11802,-1,0,-3,-4,-1,2,1,0,-1,2,-3,2,-1,51
11803,1,-2,-1,-2,-3,0,-1,-2,1,4,-1,0,1,43
11804,3,-2,-7,-4,-1,2,5,0,-1,-2,1,0,-1,115
11805,1,0,-5,-2,-3,0,3,-2,1,0,3,-2,1,67
11806,3,0,-5,-6,-3,0,3,2,1,0,-1,2,-1,99
11807,5,2,-3,-4,-5,-2,1,0,3,2,1,0,1,99
11808,3,2,-1,4,1,2,-3,0,-3,-2,-1,0,-1,59
11809,1,0,-3,2,3,0,-5,-2,-1,0,1,-2,1,59
11810,-1,0,-3,6,-1,0,-5,2,-1,0,-3,2,-1,91
11811,1,-2,-5,4,1,-2,-7,0,1,2,-1,0,1,107
11812,-1,-2,1,2,-1,0,-1,2,-1,-4,1,0,-1,35
11813,-3,0,-1,0,1,-2,-3,0,1,-2,3,-2,1,43
11814,-1,-4,-1,4,-3,-2,-3,4,1,-2,-1,2,-1,83
11815,1,-2,-3,2,-1,-4,-5,2,3,0,1,0,1,75
11816,-1,2,-5,2,-1,4,-1,2,-5,0,-1,0,-1,83
11817,-3,0,-3,0,1,2,-3,0,-3,2,1,-2,1,51
11818,-5,4,-7,4,-3,2,-3,4,-3,2,-3,2,-1,171
11819,-3,2,-5,2,-1,0,-5,2,-1,4,-1,0,1,91
11820,-1,-2,-3,0,-3,2,1,4,-3,-2,1,0,-1,59
11821,-3,0,-1,-2,-1,0,-1,2,-1,0,3,-2,1,35
11822,-1,0,-5,2,-5,0,-1,6,-1,0,-1,2,-1,99
11823,1,2,-3,0,-3,-2,-3,4,1,2,1,0,1,59
11824,3,-2,-5,0,3,4,-1,-2,-1,-2,-1,0,-1,75
11825,1,-4,-7,2,5,2,-3,-4,1,0,1,-2,1,131
11826,-1,-4,-3,2,1,2,-3,0,1,0,-3,2,-1,59
11827,1,-6,-5,4,3,0,-5,-2,3,2,-1,0,1,131
11828,-1,-2,-3,-2,1,2,1,0,1,-4,1,0,-1,43
11829,-3,0,-5,0,3,0,-1,-2,3,-2,3,-2,1,75
11830,-1,-4,-1,0,-1,0,-1,2,3,-2,-1,2,-1,43
11831,1,-2,-3,2,1,-2,-3,0,5,0,1,0,1,59
11832,3,-2,-9,-2,1,6,1,0,-3,0,-1,0,-1,147
11833,1,-4,-7,0,3,4,-1,-2,-1,2,1,-2,1,107
11834,-1,0,-7,0,-1,4,-1,2,-1,2,-3,2,-1,91
11835,1,-2,-5,2,1,2,-3,0,1,4,-1,0,1,67
11836,3,-2,-7,-4,-1,4,3,2,-1,-2,1,0,-1,115
11837,1,0,-5,-2,1,2,1,0,1,0,3,-2,1,51
11838,3,0,-5,-2,-3,2,1,4,1,0,-1,2,-1,75
11839,5,2,-3,0,-1,0,-1,2,3,2,1,0,1,59
11840,3,2,3,4,1,-4,1,-2,-3,-2,-1,0,-1,75
11841,1,0,1,2,-1,-2,-1,-4,-1,0,1,-2,1,35
11842,-1,0,1,2,3,-6,-1,0,-1,0,-3,2,-1,67
11843,1,-2,-1,0,1,-4,-3,-2,1,2,-1,0,1,43
11844,-1,-2,1,6,-1,-6,3,0,-1,-4,1,0,-1,107
11845,-3,0,-1,4,-3,-4,1,-2,1,-2,3,-2,1,75
11846,-1,-4,-1,4,1,-8,1,2,1,-2,-1,2,-1,115
11847,1,-2,-3,2,-1,-6,-1,0,3,0,1,0,1,67
11848,-1,-2,3,2,-1,-2,3,0,-5,0,-1,0,-1,59
11849,-3,-4,5,0,-3,0,1,-2,-3,2,1,-2,1,83
11850,-5,0,1,0,1,-4,1,2,-3,2,-3,2,-1,75
11851,-3,-2,3,-2,-1,-2,-1,0,-1,4,-1,0,1,51
11852,-1,-6,1,4,-3,-4,5,2,-3,-2,1,0,-1,123
11853,-3,-4,3,2,-5,-2,3,0,-1,0,3,-2,1,91
11854,-1,-4,-1,2,-1,-6,3,4,-1,0,-1,2,-1,91
11855,1,-2,1,0,-3,-4,1,2,1,2,1,0,1,43
11856,-1,2,-1,0,3,-2,3,-4,-1,-2,-1,0,-1,51
11857,-3,0,-3,2,1,0,1,-6,1,0,1,-2,1,67
11858,-5,0,1,-2,5,-4,1,-2,1,0,-3,2,-1,91
11859,-3,-2,-1,0,3,-2,-1,-4,3,2,-1,0,1,59
11860,-5,2,-3,2,1,-4,5,-2,1,-4,1,0,-1,107
11861,-7,4,-5,4,-1,-2,3,-4,3,-2,3,-2,1,163
11862,-5,0,-1,0,3,-6,3,0,3,-2,-1,2,-1,99
11863,-3,2,-3,2,1,-4,1,-2,5,0,1,0,1,75
11864,-1,-2,-1,-2,1,0,5,-2,-3,0,-1,0,-1,51
11865,-3,-4,1,0,-1,2,3,-4,-1,2,1,-2,1,67
11866,-5,0,1,-4,3,-2,3,0,-1,2,-3,2,-1,83
11867,-3,-2,3,-2,1,0,1,-2,1,4,-1,0,1,51
11868,-1,-2,-3,0,-1,-2,7,0,-1,-2,1,0,-1,75
11869,-3,0,-1,2,-3,0,5,-2,1,0,3,-2,1,67
11870,-1,0,-1,-2,1,-4,5,2,1,0,-1,2,-1,59
11871,1,2,1,0,-1,-2,3,0,3,2,1,0,1,35
11872,3,-2,-1,4,1,-2,-1,0,-3,-2,-1,0,-1,51
11873,1,-4,-3,2,3,0,-3,-2,-1,0,1,-2,1,59
11874,-1,-4,-3,6,3,-4,-3,2,-1,0,-3,2,-1,115
11875,1,-6,-5,4,5,-2,-5,0,1,2,-1,0,1,139
11876,-1,-6,1,6,-1,-4,1,2,-1,-4,1,0,-1,115
11877,-3,-4,-1,4,1,-2,-1,0,1,-2,3,-2,1,67
11878,-1,-8,-1,8,1,-6,-1,4,1,-2,-1,2,-1,195
11879,1,-6,-3,6,3,-4,-3,2,3,0,1,0,1,131
11880,-1,-2,-1,2,-1,0,1,2,-5,0,-1,0,-1,43
11881,-3,-4,1,0,1,2,-1,0,-3,2,1,-2,1,51
11882,-5,0,-3,4,1,-2,-1,4,-3,2,-3,2,-1,99
11883,-3,-2,-1,2,3,0,-3,2,-1,4,-1,0,1,59
11884,-1,-6,1,4,-3,-2,3,4,-3,-2,1,0,-1,107
11885,-3,-4,3,2,-1,0,1,2,-1,0,3,-2,1,59
11886,-1,-4,-1,6,-1,-4,1,6,-1,0,-1,2,-1,115
11887,1,-2,1,4,1,-2,-1,4,1,2,1,0,1,51
11888,3,-2,-5,0,3,0,1,-2,-1,-2,-1,0,-1,59
11889,1,-4,-7,2,5,2,-1,-4,1,0,1,-2,1,123
11890,-1,-4,-3,2,5,-2,-1,0,1,0,-3,2,-1,75
11891,1,-6,-5,4,7,0,-3,-2,3,2,-1,0,1,155
11892,-1,-2,-3,2,1,-2,3,0,1,-4,1,0,-1,51
11893,-3,0,-5,4,3,0,1,-2,3,-2,3,-2,1,91
11894,-1,-4,-1,4,3,-4,1,2,3,-2,-1,2,-1,83
11895,1,-2,-3,6,5,-2,-1,0,5,0,1,0,1,107
11896,3,-2,-5,-2,1,2,3,0,-3,0,-1,0,-1,67
11897,1,-4,-3,0,3,4,1,-2,-1,2,1,-2,1,67
11898,-1,0,-3,0,3,0,1,2,-1,2,-3,2,-1,43
11899,1,-2,-1,2,5,2,-1,0,1,4,-1,0,1,59
11900,3,-2,-3,0,-1,0,5,2,-1,-2,1,0,-1,59
11901,1,0,-1,2,1,2,3,0,1,0,3,-2,1,35
11902,3,0,-1,2,1,-2,3,4,1,0,-1,2,-1,51
11903,5,2,1,4,3,0,1,2,3,2,1,0,1,75
11904,3,6,3,4,-3,0,-3,-2,-3,-2,-1,0,-1,107
11905,1,4,1,2,-5,-2,-1,-4,-1,0,1,-2,1,75
11906,-1,4,1,2,-5,2,-5,0,-1,0,-3,2,-1,91
11907,1,2,-1,0,-7,0,-3,-2,1,2,-1,0,1,75
11908,-1,2,1,2,-1,-2,-1,0,-1,-4,1,0,-1,35
11909,-3,4,-1,0,-3,-4,1,-2,1,-2,3,-2,1,75
11910,-1,0,-1,0,-3,0,-3,2,1,-2,-1,2,-1,35
11911,1,2,-3,-2,-5,-2,-1,0,3,0,1,0,1,59
11912,-1,2,-1,6,-5,2,-1,0,-5,0,-1,0,-1,99
11913,-3,0,1,4,-7,0,1,-2,-3,2,1,-2,1,99
11914,-5,4,-3,4,-7,4,-3,2,-3,2,-3,2,-1,171
11915,-3,2,-1,2,-9,2,-1,0,-1,4,-1,0,1,123
11916,-1,-2,-3,4,-3,0,1,2,-3,-2,1,0,-1,59
11917,-3,0,-1,2,-5,-2,3,0,-1,0,3,-2,1,67
11918,-1,0,-5,2,-5,2,-1,4,-1,0,-1,2,-1,83
11919,1,2,-3,0,-7,0,1,2,1,2,1,0,1,75
11920,-1,2,3,0,-1,2,-1,-4,-1,-2,-1,0,-1,43
11921,-3,0,1,2,-3,0,1,-6,1,0,1,-2,1,67
11922,-5,0,5,-2,-3,4,-3,-2,1,0,-3,2,-1,107
11923,-3,-2,3,0,-5,2,-1,-4,3,2,-1,0,1,83
11924,-5,2,1,-2,1,0,1,-2,1,-4,1,0,-1,59
11925,-7,4,-1,0,-1,-2,3,-4,3,-2,3,-2,1,123
11926,-5,0,3,-4,-1,2,-1,0,3,-2,-1,2,-1,75
11927,-3,2,1,-2,-3,0,1,-2,5,0,1,0,1,59
11928,-1,-2,-1,2,-3,4,1,-2,-3,0,-1,0,-1,51
11929,-3,-4,1,4,-5,2,3,-4,-1,2,1,-2,1,107
11930,-5,0,1,0,-5,6,-1,0,-1,2,-3,2,-1,107
11931,-3,-2,3,2,-7,4,1,-2,1,4,-1,0,1,115
11932,-1,-2,-3,0,-1,2,3,0,-1,-2,1,0,-1,35
11933,-3,0,-1,2,-3,0,5,-2,1,0,3,-2,1,67
11934,-1,0,-1,-2,-3,4,1,2,1,0,-1,2,-1,43
11935,1,2,1,0,-5,2,3,0,3,2,1,0,1,59
11936,-1,6,-1,4,-3,2,-5,0,-3,-2,-1,0,-1,107
11937,-3,4,-3,2,-1,0,-3,-2,-1,0,1,-2,1,59
11938,-5,4,-3,6,-5,4,-7,2,-1,0,-3,2,-1,195
11939,-3,2,-5,4,-3,2,-5,0,1,2,-1,0,1,99
11940,-5,2,1,2,-1,0,-3,2,-1,-4,1,0,-1,67
11941,-7,4,-1,0,1,-2,-1,0,1,-2,3,-2,1,91
11942,-5,0,-1,4,-3,2,-5,4,1,-2,-1,2,-1,107
11943,-3,2,-3,2,-1,0,-3,2,3,0,1,0,1,51
11944,-5,6,-5,6,-5,4,-3,2,-5,0,-1,0,-1,203
11945,-7,4,-3,4,-3,2,-1,0,-3,2,1,-2,1,123
11946,-9,8,-7,8,-7,6,-5,4,-3,2,-3,2,-1,411
11947,-7,6,-5,6,-5,4,-3,2,-1,4,-1,0,1,219
11948,-5,2,-3,4,-3,2,-1,4,-3,-2,1,0,-1,99
11949,-7,4,-1,2,-1,0,1,2,-1,0,3,-2,1,91
11950,-5,4,-5,6,-5,4,-3,6,-1,0,-1,2,-1,195
11951,-3,6,-3,4,-3,2,-1,4,1,2,1,0,1,107
11952,-1,2,-1,0,-1,4,-3,-2,-1,-2,-1,0,-1,43
11953,-3,0,-3,2,1,2,-1,-4,1,0,1,-2,1,51
11954,-5,0,1,2,-3,6,-5,0,1,0,-3,2,-1,115
11955,-3,-2,-1,4,-1,4,-3,-2,3,2,-1,0,1,75
11956,-5,2,1,-2,1,2,-1,0,1,-4,1,0,-1,59
11957,-7,4,-1,0,3,0,1,-2,3,-2,3,-2,1,107
11958,-5,0,3,0,-1,4,-3,2,3,-2,-1,2,-1,83
11959,-3,2,1,2,1,2,-1,0,5,0,1,0,1,51
11960,-1,2,-5,2,-3,6,-1,0,-3,0,-1,0,-1,91
11961,-3,0,-3,4,-1,4,1,-2,-1,2,1,-2,1,67
11962,-5,4,-3,4,-5,8,-3,2,-1,2,-3,2,-1,187
11963,-3,2,-1,6,-3,6,-1,0,1,4,-1,0,1,115
11964,-1,2,-3,0,-1,4,1,2,-1,-2,1,0,-1,43
11965,-3,4,-1,2,1,2,3,0,1,0,3,-2,1,59
11966,-1,4,-1,2,-3,6,-1,4,1,0,-1,2,-1,91
11967,1,6,1,4,-1,4,1,2,3,2,1,0,1,91
11968,3,2,3,4,-3,-4,-1,-2,-3,-2,-1,0,-1,83
11969,1,0,1,2,-5,-2,1,-4,-1,0,1,-2,1,59
11970,-1,0,1,2,-1,-2,-3,0,-1,0,-3,2,-1,35
11971,1,-2,-1,0,-3,0,-1,-2,1,2,-1,0,1,27
11972,-1,-2,1,6,-1,-6,1,0,-1,-4,1,0,-1,99
11973,-3,0,-1,4,-3,-4,3,-2,1,-2,3,-2,1,83
11974,-1,-4,-1,4,1,-4,-1,2,1,-2,-1,2,-1,67
11975,1,-2,-3,2,-1,-2,1,0,3,0,1,0,1,35
11976,-1,-2,3,6,-5,-2,1,0,-5,0,-1,0,-1,107
11977,-3,-4,5,4,-7,0,3,-2,-3,2,1,-2,1,147
11978,-5,0,1,4,-3,0,-1,2,-3,2,-3,2,-1,83
11979,-3,-2,3,2,-5,2,1,0,-1,4,-1,0,1,75
11980,-1,-6,1,8,-3,-4,3,2,-3,-2,1,0,-1,155
11981,-3,-4,3,6,-5,-2,5,0,-1,0,3,-2,1,139
11982,-1,-4,-1,6,-1,-2,1,4,-1,0,-1,2,-1,83
11983,1,-2,1,4,-3,0,3,2,1,2,1,0,1,51
11984,-1,2,3,0,-1,-2,1,-4,-1,-2,-1,0,-1,43
11985,-3,0,1,2,-3,0,3,-6,1,0,1,-2,1,75
11986,-5,0,5,-2,1,0,-1,-2,1,0,-3,2,-1,75
11987,-3,-2,3,0,-1,2,1,-4,3,2,-1,0,1,59
11988,-5,2,1,2,1,-4,3,-2,1,-4,1,0,-1,83
11989,-7,4,-1,4,-1,-2,5,-4,3,-2,3,-2,1,155
11990,-5,0,3,0,3,-2,1,0,3,-2,-1,2,-1,67
11991,-3,2,1,2,1,0,3,-2,5,0,1,0,1,59
11992,-1,-2,3,2,-3,0,3,-2,-3,0,-1,0,-1,51
11993,-3,-4,5,4,-5,2,5,-4,-1,2,1,-2,1,147
11994,-5,0,5,0,-1,2,1,0,-1,2,-3,2,-1,75
11995,-3,-2,7,2,-3,4,3,-2,1,4,-1,0,1,123
11996,-1,-2,1,4,-1,-2,5,0,-1,-2,1,0,-1,59
11997,-3,0,3,6,-3,0,7,-2,1,0,3,-2,1,131
11998,-1,0,3,2,1,0,3,2,1,0,-1,2,-1,35
11999,1,2,5,4,-1,2,5,0,3,2,1,0,1,91
12000,3,2,-1,4,-3,-2,-3,0,-3,-2,-1,0,-1,67
12001,1,0,-3,2,-1,0,-1,-2,-1,0,1,-2,1,27
12002,-1,0,-3,6,-1,0,-5,2,-1,0,-3,2,-1,91
12003,1,-2,-5,4,1,2,-3,0,1,2,-1,0,1,67
12004,-1,-2,1,6,-1,-4,-1,2,-1,-4,1,0,-1,83
12005,-3,0,-1,4,1,-2,1,0,1,-2,3,-2,1,51
12006,-1,-4,-1,8,1,-2,-3,4,1,-2,-1,2,-1,123
12007,1,-2,-3,6,3,0,-1,2,3,0,1,0,1,75
12008,-1,2,-1,6,-5,0,-1,2,-5,0,-1,0,-1,99
12009,-3,0,1,4,-3,2,1,0,-3,2,1,-2,1,59
12010,-5,4,-3,8,-3,2,-3,4,-3,2,-3,2,-1,179
12011,-3,2,-1,6,-1,4,-1,2,-1,4,-1,0,1,91
12012,-1,-2,1,8,-3,-2,1,4,-3,-2,1,0,-1,115
12013,-3,0,3,6,-1,0,3,2,-1,0,3,-2,1,83
12014,-1,0,-1,10,-1,0,-1,6,-1,0,-1,2,-1,147
12015,1,2,1,8,1,2,1,4,1,2,1,0,1,99
12016,3,2,-1,0,-1,0,-1,-2,-1,-2,-1,0,-1,27
12017,1,0,-3,2,1,2,1,-4,1,0,1,-2,1,43
12018,-1,0,1,2,1,2,-3,0,1,0,-3,2,-1,35
12019,1,-2,-1,4,3,4,-1,-2,3,2,-1,0,1,67
12020,-1,2,1,2,1,-2,1,0,1,-4,1,0,-1,35
12021,-3,4,-1,4,3,0,3,-2,3,-2,3,-2,1,91
12022,-1,0,3,4,3,0,-1,2,3,-2,-1,2,-1,59
12023,1,2,1,6,5,2,1,0,5,0,1,0,1,99
12024,3,2,-1,2,-3,2,1,0,-3,0,-1,0,-1,43
12025,1,0,1,4,-1,4,3,-2,-1,2,1,-2,1,59
12026,-1,4,1,4,-1,4,-1,2,-1,2,-3,2,-1,75
12027,1,2,3,6,1,6,1,0,1,4,-1,0,1,107
12028,3,2,1,4,-1,0,3,2,-1,-2,1,0,-1,51
12029,1,4,3,6,1,2,5,0,1,0,3,-2,1,107
12030,3,4,3,6,1,2,1,4,1,0,-1,2,-1,99
12031,5,6,5,8,3,4,3,2,3,2,1,0,1,203
12032,7,6,3,0,1,-2,-3,-4,-3,-2,-1,0,-1,139
12033,5,4,1,-2,-1,-4,-5,-2,-1,0,1,-2,1,99
12034,3,4,1,-2,-1,-4,-1,-2,-1,0,-3,2,-1,67
12035,5,2,-1,-4,-3,-6,-3,0,1,2,-1,0,1,107
12036,3,2,1,-2,-1,0,-1,-2,-1,-4,1,0,-1,43
12037,1,4,-1,-4,-3,-2,-3,0,1,-2,3,-2,1,75
12038,3,0,-1,-4,-3,-2,1,0,1,-2,-1,2,-1,51
12039,5,2,-3,-6,-5,-4,-1,2,3,0,1,0,1,131
12040,3,2,-1,-2,3,0,-1,-2,-5,0,-1,0,-1,59
12041,1,0,1,-4,1,-2,-3,0,-3,2,1,-2,1,51
12042,-1,4,-3,-4,1,-2,1,0,-3,2,-3,2,-1,75
12043,1,2,-1,-6,-1,-4,-1,2,-1,4,-1,0,1,83
12044,3,-2,-3,-4,1,2,1,0,-3,-2,1,0,-1,59
12045,1,0,-1,-6,-1,0,-1,2,-1,0,3,-2,1,59
12046,3,0,-5,-6,-1,0,3,2,-1,0,-1,2,-1,91
12047,5,2,-3,-8,-3,-2,1,4,1,2,1,0,1,139
12048,3,2,-1,0,3,0,-1,-6,-1,-2,-1,0,-1,67
12049,1,0,-3,2,1,-2,-3,-4,1,0,1,-2,1,51
12050,-1,0,1,-2,1,-2,1,-4,1,0,-3,2,-1,43
12051,1,-2,-1,0,-1,-4,-1,-2,3,2,-1,0,1,43
12052,-1,2,-3,-2,1,2,1,-4,1,-4,1,0,-1,59
12053,-3,4,-5,0,-1,0,-1,-2,3,-2,3,-2,1,83
12054,-1,0,-1,-4,-1,0,3,-2,3,-2,-1,2,-1,51
12055,1,2,-3,-2,-3,-2,1,0,5,0,1,0,1,59
12056,3,-2,-5,-2,5,2,1,-4,-3,0,-1,0,-1,99
12057,1,-4,-3,0,3,0,-1,-2,-1,2,1,-2,1,51
12058,-1,0,-3,-4,3,0,3,-2,-1,2,-3,2,-1,67
12059,1,-2,-1,-2,1,-2,1,0,1,4,-1,0,1,35
12060,3,-2,-7,-4,3,4,3,-2,-1,-2,1,0,-1,123
12061,1,0,-5,-2,1,2,1,0,1,0,3,-2,1,51
12062,3,0,-5,-6,1,2,5,0,1,0,-1,2,-1,107
12063,5,2,-3,-4,-1,0,3,2,3,2,1,0,1,83
12064,3,2,3,0,1,0,-5,-2,-3,-2,-1,0,-1,67
12065,1,0,1,-2,3,-2,-7,0,-1,0,1,-2,1,75
12066,-1,0,1,2,-1,-2,-3,0,-1,0,-3,2,-1,35
12067,1,-2,-1,0,1,-4,-5,2,1,2,-1,0,1,59
12068,-1,-2,5,-2,-1,2,-3,0,-1,-4,1,0,-1,67
12069,-3,0,3,-4,1,0,-5,2,1,-2,3,-2,1,83
12070,-1,-4,3,0,-3,0,-1,2,1,-2,-1,2,-1,51
12071,1,-2,1,-2,-1,-2,-3,4,3,0,1,0,1,51
12072,-1,2,-1,-2,3,2,-3,0,-5,0,-1,0,-1,59
12073,-3,0,1,-4,5,0,-5,2,-3,2,1,-2,1,99
12074,-5,4,-3,0,1,0,-1,2,-3,2,-3,2,-1,83
12075,-3,2,-1,-2,3,-2,-3,4,-1,4,-1,0,1,75
12076,-1,-2,1,-4,1,4,-1,2,-3,-2,1,0,-1,59
12077,-3,0,3,-6,3,2,-3,4,-1,0,3,-2,1,107
12078,-1,0,-1,-2,-1,2,1,4,-1,0,-1,2,-1,35
12079,1,2,1,-4,1,0,-1,6,1,2,1,0,1,67
12080,3,-2,-1,0,3,2,-3,-4,-1,-2,-1,0,-1,59
12081,1,-4,-3,2,5,0,-5,-2,1,0,1,-2,1,91
12082,-1,-4,1,2,1,0,-1,-2,1,0,-3,2,-1,43
12083,1,-6,-1,4,3,-2,-3,0,3,2,-1,0,1,91
12084,-1,-2,1,-2,1,4,-1,-2,1,-4,1,0,-1,51
12085,-3,0,-1,0,3,2,-3,0,3,-2,3,-2,1,59
12086,-1,-4,3,0,-1,2,1,0,3,-2,-1,2,-1,51
12087,1,-2,1,2,1,0,-1,2,5,0,1,0,1,43
12088,3,-2,-5,-2,5,4,-1,-2,-3,0,-1,0,-1,99
12089,1,-4,-3,0,7,2,-3,0,-1,2,1,-2,1,99
12090,-1,0,-3,0,3,2,1,0,-1,2,-3,2,-1,43
12091,1,-2,-1,2,5,0,-1,2,1,4,-1,0,1,59
12092,3,-2,-3,-4,3,6,1,0,-1,-2,1,0,-1,91
12093,1,0,-1,-2,5,4,-1,2,1,0,3,-2,1,67
12094,3,0,-1,-2,1,4,3,2,1,0,-1,2,-1,51
12095,5,2,1,0,3,2,1,4,3,2,1,0,1,75
12096,3,6,3,0,1,-6,-1,-4,-3,-2,-1,0,-1,123
12097,1,4,1,-2,-1,-4,-3,-2,-1,0,1,-2,1,59
12098,-1,4,1,-2,3,-8,1,-2,-1,0,-3,2,-1,115
12099,1,2,-1,-4,1,-6,-1,0,1,2,-1,0,1,67
12100,-1,2,1,2,-1,-4,1,-2,-1,-4,1,0,-1,51
12101,-3,4,-1,0,-3,-2,-1,0,1,-2,3,-2,1,59
12102,-1,0,-1,0,1,-6,3,0,1,-2,-1,2,-1,59
12103,1,2,-3,-2,-1,-4,1,2,3,0,1,0,1,51
12104,-1,2,3,-2,3,-4,1,-2,-5,0,-1,0,-1,75
12105,-3,0,5,-4,1,-2,-1,0,-3,2,1,-2,1,75
12106,-5,4,1,-4,5,-6,3,0,-3,2,-3,2,-1,155
12107,-3,2,3,-6,3,-4,1,2,-1,4,-1,0,1,107
12108,-1,-2,1,0,1,-2,3,0,-3,-2,1,0,-1,35
12109,-3,0,3,-2,-1,0,1,2,-1,0,3,-2,1,43
12110,-1,0,-1,-2,3,-4,5,2,-1,0,-1,2,-1,67
12111,1,2,1,-4,1,-2,3,4,1,2,1,0,1,59
12112,-1,6,-1,0,3,-4,1,-6,-1,-2,-1,0,-1,107
12113,-3,4,-3,2,1,-2,-1,-4,1,0,1,-2,1,67
12114,-5,4,1,-2,5,-6,3,-4,1,0,-3,2,-1,147
12115,-3,2,-1,0,3,-4,1,-2,3,2,-1,0,1,59
12116,-5,6,-3,2,1,-2,3,-4,1,-4,1,0,-1,123
12117,-7,8,-5,4,-1,0,1,-2,3,-2,3,-2,1,187
12118,-5,4,-1,0,3,-4,5,-2,3,-2,-1,2,-1,115
12119,-3,6,-3,2,1,-2,3,0,5,0,1,0,1,99
12120,-1,2,-1,-2,5,-2,3,-4,-3,0,-1,0,-1,75
12121,-3,0,1,0,3,0,1,-2,-1,2,1,-2,1,35
12122,-5,4,1,-4,7,-4,5,-2,-1,2,-3,2,-1,171
12123,-3,2,3,-2,5,-2,3,0,1,4,-1,0,1,83
12124,-1,2,-3,0,3,0,5,-2,-1,-2,1,0,-1,59
12125,-3,4,-1,2,1,2,3,0,1,0,3,-2,1,59
12126,-1,4,-1,-2,5,-2,7,0,1,0,-1,2,-1,107
12127,1,6,1,0,3,0,5,2,3,2,1,0,1,91
12128,3,2,3,0,1,-4,-3,-2,-3,-2,-1,0,-1,67
12129,1,0,1,-2,3,-2,-5,0,-1,0,1,-2,1,51
12130,-1,0,1,2,3,-6,-1,0,-1,0,-3,2,-1,67
12131,1,-2,-1,0,5,-4,-3,2,1,2,-1,0,1,67
12132,-1,-2,5,2,-1,-2,-1,0,-1,-4,1,0,-1,59
12133,-3,0,3,0,1,0,-3,2,1,-2,3,-2,1,51
12134,-1,-4,3,4,1,-4,1,2,1,-2,-1,2,-1,75
12135,1,-2,1,2,3,-2,-1,4,3,0,1,0,1,51
12136,-1,2,3,-2,3,-2,-1,0,-5,0,-1,0,-1,59
12137,-3,0,5,-4,5,0,-3,2,-3,2,1,-2,1,107
12138,-5,4,1,0,5,-4,1,2,-3,2,-3,2,-1,115
12139,-3,2,3,-2,7,-2,-1,4,-1,4,-1,0,1,115
12140,-1,-2,5,0,1,0,1,2,-3,-2,1,0,-1,51
12141,-3,0,7,-2,3,2,-1,4,-1,0,3,-2,1,107
12142,-1,0,3,2,3,-2,3,4,-1,0,-1,2,-1,59
12143,1,2,5,0,5,0,1,6,1,2,1,0,1,99
12144,3,2,-1,0,3,-2,-1,-4,-1,-2,-1,0,-1,51
12145,1,0,-3,2,5,0,-3,-2,1,0,1,-2,1,59
12146,-1,0,1,2,5,-4,1,-2,1,0,-3,2,-1,67
12147,1,-2,-1,4,7,-2,-1,0,3,2,-1,0,1,91
12148,-1,2,1,2,1,0,1,-2,1,-4,1,0,-1,35
12149,-3,4,-1,4,3,2,-1,0,3,-2,3,-2,1,83
12150,-1,0,3,4,3,-2,3,0,3,-2,-1,2,-1,67
12151,1,2,1,6,5,0,1,2,5,0,1,0,1,99
12152,3,2,-1,-2,5,0,1,-2,-3,0,-1,0,-1,59
12153,1,0,1,0,7,2,-1,0,-1,2,1,-2,1,67
12154,-1,4,1,0,7,-2,3,0,-1,2,-3,2,-1,99
12155,1,2,3,2,9,0,1,2,1,4,-1,0,1,123
12156,3,2,1,0,3,2,3,0,-1,-2,1,0,-1,43
12157,1,4,3,2,5,4,1,2,1,0,3,-2,1,91
12158,3,4,3,2,5,0,5,2,1,0,-1,2,-1,99
12159,5,6,5,4,7,2,3,4,3,2,1,0,1,195
12160,7,6,3,0,-3,-2,-5,-4,-3,-2,-1,0,-1,163
12161,5,4,1,-2,-5,-4,-3,-2,-1,0,1,-2,1,107
12162,3,4,1,-2,-5,0,-3,-2,-1,0,-3,2,-1,83
12163,5,2,-1,-4,-7,-2,-1,0,1,2,-1,0,1,107
12164,3,2,1,-2,-1,0,-3,-2,-1,-4,1,0,-1,51
12165,1,4,-1,-4,-3,-2,-1,0,1,-2,3,-2,1,67
12166,3,0,-1,-4,-3,2,-1,0,1,-2,-1,2,-1,51
12167,5,2,-3,-6,-5,0,1,2,3,0,1,0,1,115
12168,3,2,-1,2,-1,0,-3,-2,-5,0,-1,0,-1,59
12169,1,0,1,0,-3,-2,-1,0,-3,2,1,-2,1,35
12170,-1,4,-3,0,-3,2,-1,0,-3,2,-3,2,-1,67
12171,1,2,-1,-2,-5,0,1,2,-1,4,-1,0,1,59
12172,3,-2,-3,0,1,2,-1,0,-3,-2,1,0,-1,43
12173,1,0,-1,-2,-1,0,1,2,-1,0,3,-2,1,27
12174,3,0,-5,-2,-1,4,1,2,-1,0,-1,2,-1,67
12175,5,2,-3,-4,-3,2,3,4,1,2,1,0,1,99
12176,3,2,3,0,-1,0,-3,-6,-1,-2,-1,0,-1,75
12177,1,0,1,2,-3,-2,-1,-4,1,0,1,-2,1,43
12178,-1,0,5,-2,-3,2,-1,-4,1,0,-3,2,-1,75
12179,1,-2,3,0,-5,0,1,-2,3,2,-1,0,1,59
12180,-1,2,1,-2,1,2,-1,-4,1,-4,1,0,-1,51
12181,-3,4,-1,0,-1,0,1,-2,3,-2,3,-2,1,59
12182,-1,0,3,-4,-1,4,1,-2,3,-2,-1,2,-1,67
12183,1,2,1,-2,-3,2,3,0,5,0,1,0,1,59
12184,3,-2,-1,2,1,2,-1,-4,-3,0,-1,0,-1,51
12185,1,-4,1,4,-1,0,1,-2,-1,2,1,-2,1,51
12186,-1,0,1,0,-1,4,1,-2,-1,2,-3,2,-1,43
12187,1,-2,3,2,-3,2,3,0,1,4,-1,0,1,59
12188,3,-2,-3,0,3,4,1,-2,-1,-2,1,0,-1,59
12189,1,0,-1,2,1,2,3,0,1,0,3,-2,1,35
12190,3,0,-1,-2,1,6,3,0,1,0,-1,2,-1,67
12191,5,2,1,0,-1,4,5,2,3,2,1,0,1,91
12192,3,6,3,0,-3,0,-7,-2,-3,-2,-1,0,-1,131
12193,1,4,1,-2,-1,-2,-5,0,-1,0,1,-2,1,59
12194,-1,4,1,2,-5,2,-5,0,-1,0,-3,2,-1,91
12195,1,2,-1,0,-3,0,-3,2,1,2,-1,0,1,35
12196,-1,2,5,-2,-1,2,-5,0,-1,-4,1,0,-1,83
12197,-3,4,3,-4,1,0,-3,2,1,-2,3,-2,1,83
12198,-1,0,3,0,-3,4,-3,2,1,-2,-1,2,-1,59
12199,1,2,1,-2,-1,2,-1,4,3,0,1,0,1,43
12200,-1,6,-1,2,-1,2,-5,0,-5,0,-1,0,-1,99
12201,-3,4,1,0,1,0,-3,2,-3,2,1,-2,1,59
12202,-5,8,-3,4,-3,4,-3,2,-3,2,-3,2,-1,179
12203,-3,6,-1,2,-1,2,-1,4,-1,4,-1,0,1,91
12204,-1,2,1,0,1,4,-3,2,-3,-2,1,0,-1,51
12205,-3,4,3,-2,3,2,-1,4,-1,0,3,-2,1,83
12206,-1,4,-1,2,-1,6,-1,4,-1,0,-1,2,-1,83
12207,1,6,1,0,1,4,1,6,1,2,1,0,1,99
12208,3,2,3,0,-1,2,-5,-4,-1,-2,-1,0,-1,75
12209,1,0,1,2,1,0,-3,-2,1,0,1,-2,1,27
12210,-1,0,5,2,-3,4,-3,-2,1,0,-3,2,-1,83
12211,1,-2,3,4,-1,2,-1,0,3,2,-1,0,1,51
12212,-1,2,5,-2,1,4,-3,-2,1,-4,1,0,-1,83
12213,-3,4,3,0,3,2,-1,0,3,-2,3,-2,1,75
12214,-1,0,7,0,-1,6,-1,0,3,-2,-1,2,-1,107
12215,1,2,5,2,1,4,1,2,5,0,1,0,1,83
12216,3,2,-1,2,1,4,-3,-2,-3,0,-1,0,-1,59
12217,1,0,1,4,3,2,-1,0,-1,2,1,-2,1,43
12218,-1,4,1,4,-1,6,-1,0,-1,2,-3,2,-1,91
12219,1,2,3,6,1,4,1,2,1,4,-1,0,1,91
12220,3,2,1,0,3,6,-1,0,-1,-2,1,0,-1,67
12221,1,4,3,2,5,4,1,2,1,0,3,-2,1,91
12222,3,4,3,2,1,8,1,2,1,0,-1,2,-1,115
12223,5,6,5,4,3,6,3,4,3,2,1,0,1,187
12224,7,6,3,0,-3,-6,-3,-4,-3,-2,-1,0,-1,179
12225,5,4,1,-2,-5,-4,-1,-2,-1,0,1,-2,1,99
12226,3,4,1,-2,-1,-4,-1,-2,-1,0,-3,2,-1,67
12227,5,2,-1,-4,-3,-2,1,0,1,2,-1,0,1,67
12228,3,2,1,2,-1,-4,-1,-2,-1,-4,1,0,-1,59
12229,1,4,-1,0,-3,-2,1,0,1,-2,3,-2,1,51
12230,3,0,-1,0,1,-2,1,0,1,-2,-1,2,-1,27
12231,5,2,-3,-2,-1,0,3,2,3,0,1,0,1,67
12232,3,2,3,2,-1,-4,-1,-2,-5,0,-1,0,-1,75
12233,1,0,5,0,-3,-2,1,0,-3,2,1,-2,1,59
12234,-1,4,1,0,1,-2,1,0,-3,2,-3,2,-1,51
12235,1,2,3,-2,-1,0,3,2,-1,4,-1,0,1,51
12236,3,-2,1,4,1,-2,1,0,-3,-2,1,0,-1,51
12237,1,0,3,2,-1,0,3,2,-1,0,3,-2,1,43
12238,3,0,-1,2,3,0,3,2,-1,0,-1,2,-1,43
12239,5,2,1,0,1,2,5,4,1,2,1,0,1,83
12240,3,6,3,0,-1,-4,-1,-6,-1,-2,-1,0,-1,115
12241,1,4,1,2,-3,-2,1,-4,1,0,1,-2,1,59
12242,-1,4,5,-2,1,-2,1,-4,1,0,-3,2,-1,83
12243,1,2,3,0,-1,0,3,-2,3,2,-1,0,1,43
12244,-1,6,1,2,1,-2,1,-4,1,-4,1,0,-1,83
12245,-3,8,-1,4,-1,0,3,-2,3,-2,3,-2,1,131
12246,-1,4,3,0,3,0,3,-2,3,-2,-1,2,-1,67
12247,1,6,1,2,1,2,5,0,5,0,1,0,1,99
12248,3,2,3,2,1,-2,1,-4,-3,0,-1,0,-1,59
12249,1,0,5,4,-1,0,3,-2,-1,2,1,-2,1,67
12250,-1,4,5,0,3,0,3,-2,-1,2,-3,2,-1,83
12251,1,2,7,2,1,2,5,0,1,4,-1,0,1,107
12252,3,2,1,4,3,0,3,-2,-1,-2,1,0,-1,59
12253,1,4,3,6,1,2,5,0,1,0,3,-2,1,107
12254,3,4,3,2,5,2,5,0,1,0,-1,2,-1,99
12255,5,6,5,4,3,4,7,2,3,2,1,0,1,195
12256,7,6,3,0,-3,-4,-5,-2,-3,-2,-1,0,-1,163
12257,5,4,1,-2,-1,-2,-3,0,-1,0,1,-2,1,67
12258,3,4,1,2,-1,-2,-3,0,-1,0,-3,2,-1,59
12259,5,2,-1,0,1,0,-1,2,1,2,-1,0,1,43
12260,3,2,5,2,-1,-2,-3,0,-1,-4,1,0,-1,75
12261,1,4,3,0,1,0,-1,2,1,-2,3,-2,1,51
12262,3,0,3,4,1,0,-1,2,1,-2,-1,2,-1,51
12263,5,2,1,2,3,2,1,4,3,0,1,0,1,75
12264,3,6,3,2,-1,-2,-3,0,-5,0,-1,0,-1,99
12265,1,4,5,0,1,0,-1,2,-3,2,1,-2,1,67
12266,-1,8,1,4,1,0,-1,2,-3,2,-3,2,-1,115
12267,1,6,3,2,3,2,1,4,-1,4,-1,0,1,99
12268,3,2,5,4,1,0,-1,2,-3,-2,1,0,-1,75
12269,1,4,7,2,3,2,1,4,-1,0,3,-2,1,115
12270,3,4,3,6,3,2,1,4,-1,0,-1,2,-1,107
12271,5,6,5,4,5,4,3,6,1,2,1,0,1,195
12272,7,6,3,0,-1,-2,-3,-4,-1,-2,-1,0,-1,131
12273,5,4,1,2,1,0,-1,-2,1,0,1,-2,1,59
12274,3,4,5,2,1,0,-1,-2,1,0,-3,2,-1,75
12275,5,2,3,4,3,2,1,0,3,2,-1,0,1,83
12276,3,6,5,2,1,0,-1,-2,1,-4,1,0,-1,99
12277,1,8,3,4,3,2,1,0,3,-2,3,-2,1,131
12278,3,4,7,4,3,2,1,0,3,-2,-1,2,-1,123
12279,5,6,5,6,5,4,3,2,5,0,1,0,1,203
12280,7,6,3,2,1,0,-1,-2,-3,0,-1,0,-1,115
12281,5,4,5,4,3,2,1,0,-1,2,1,-2,1,107
12282,3,8,5,4,3,2,1,0,-1,2,-3,2,-1,147
12283,5,6,7,6,5,4,3,2,1,4,-1,0,1,219
12284,7,6,5,4,3,2,1,0,-1,-2,1,0,-1,147
12285,5,8,7,6,5,4,3,2,1,0,3,-2,1,243
12286,7,8,7,6,5,4,3,2,1,0,-1,2,-1,259
12287,9,10,9,8,7,6,5,4,3,2,1,0,1,467
12288,11,8,7,6,5,4,3,2,1,0,-1,-2,-1,331
12289,9,6,5,4,3,2,1,0,-1,-2,-3,0,1,187
12290,7,6,5,4,3,2,1,0,-1,-2,1,0,-1,147
12291,9,4,3,2,1,0,-1,-2,-3,-4,-1,2,1,147
12292,7,4,5,4,3,2,1,0,-1,2,1,-2,-1,131
12293,5,6,3,2,1,0,-1,-2,-3,0,-1,0,1,91
12294,7,2,3,2,1,0,-1,-2,-3,0,3,0,-1,91
12295,9,4,1,0,-1,-2,-3,-4,-5,-2,1,2,1,163
12296,7,4,3,4,3,2,1,0,3,2,-1,-2,-1,123
12297,5,2,5,2,1,0,-1,-2,1,0,-3,0,1,75
12298,3,6,1,2,1,0,-1,-2,1,0,1,0,-1,59
12299,5,4,3,0,-1,-2,-3,-4,-1,-2,-1,2,1,91
12300,7,0,1,2,1,0,-1,-2,1,4,1,-2,-1,83
12301,5,2,3,0,-1,-2,-3,-4,-1,2,-1,0,1,75
12302,7,2,-1,0,-1,-2,-3,-4,-1,2,3,0,-1,99
12303,9,4,1,-2,-3,-4,-5,-6,-3,0,1,2,1,203
12304,7,4,3,2,3,2,1,4,3,0,-1,-2,-1,123
12305,5,2,1,4,1,0,-1,2,1,-2,-3,0,1,67
12306,3,2,5,0,1,0,-1,2,1,-2,1,0,-1,51
12307,5,0,3,2,-1,-2,-3,0,-1,-4,-1,2,1,75
12308,3,4,1,0,1,0,-1,2,1,2,1,-2,-1,43
12309,1,6,-1,2,-1,-2,-3,0,-1,0,-1,0,1,59
12310,3,2,3,-2,-1,-2,-3,0,-1,0,3,0,-1,51
12311,5,4,1,0,-3,-4,-5,-2,-3,-2,1,2,1,115
12312,7,0,-1,0,1,0,-1,2,5,2,-1,-2,-1,91
12313,5,-2,1,2,-1,-2,-3,0,3,0,-3,0,1,67
12314,3,2,1,-2,-1,-2,-3,0,3,0,1,0,-1,43
12315,5,0,3,0,-3,-4,-5,-2,1,-2,-1,2,1,99
12316,7,0,-3,-2,-1,-2,-3,0,3,4,1,-2,-1,107
12317,5,2,-1,0,-3,-4,-5,-2,1,2,-1,0,1,91
12318,7,2,-1,-4,-3,-4,-5,-2,1,2,3,0,-1,139
12319,9,4,1,-2,-5,-6,-7,-4,-1,0,1,2,1,235
12320,7,4,3,2,1,2,5,4,1,0,-1,-2,-1,131
12321,5,2,1,0,3,0,3,2,-1,-2,-3,0,1,67
12322,3,2,1,4,-1,0,3,2,-1,-2,1,0,-1,51
12323,5,0,-1,2,1,-2,1,0,-3,-4,-1,2,1,67
12324,3,0,5,0,-1,0,3,2,-1,2,1,-2,-1,59
12325,1,2,3,-2,1,-2,1,0,-3,0,-1,0,1,35
12326,3,-2,3,2,-3,-2,1,0,-3,0,3,0,-1,59
12327,5,0,1,0,-1,-4,-1,-2,-5,-2,1,2,1,83
12328,3,4,-1,0,-1,0,3,2,3,2,-1,-2,-1,59
12329,1,2,1,-2,1,-2,1,0,1,0,-3,0,1,27
12330,-1,6,-3,2,-3,-2,1,0,1,0,1,0,-1,67
12331,1,4,-1,0,-1,-4,-1,-2,-1,-2,-1,2,1,51
12332,3,0,1,-2,-3,-2,1,0,1,4,1,-2,-1,51
12333,1,2,3,-4,-1,-4,-1,-2,-1,2,-1,0,1,59
12334,3,2,-1,0,-5,-4,-1,-2,-1,2,3,0,-1,75
12335,5,4,1,-2,-3,-6,-3,-4,-3,0,1,2,1,131
12336,7,0,-1,-2,-1,0,3,6,3,0,-1,-2,-1,115
12337,5,-2,-3,0,1,-2,1,4,1,-2,-3,0,1,75
12338,3,-2,1,0,-3,-2,1,4,1,-2,1,0,-1,51
12339,5,-4,-1,2,-1,-4,-1,2,-1,-4,-1,2,1,91
12340,3,0,1,-4,-3,-2,1,4,1,2,1,-2,-1,67
12341,1,2,-1,-2,-1,-4,-1,2,-1,0,-1,0,1,35
12342,3,-2,3,-2,-5,-4,-1,2,-1,0,3,0,-1,83
12343,5,0,1,0,-3,-6,-3,0,-3,-2,1,2,1,99
12344,7,0,-5,-4,-3,-2,1,4,5,2,-1,-2,-1,155
12345,5,-2,-3,-2,-1,-4,-1,2,3,0,-3,0,1,83
12346,3,2,-3,-2,-5,-4,-1,2,3,0,1,0,-1,83
12347,5,0,-1,0,-3,-6,-3,0,1,-2,-1,2,1,91
12348,7,0,-3,-6,-5,-4,-1,2,3,4,1,-2,-1,171
12349,5,2,-1,-4,-3,-6,-3,0,1,2,-1,0,1,107
12350,7,2,-1,-4,-7,-6,-3,0,1,2,3,0,-1,179
12351,9,4,1,-2,-5,-8,-5,-2,-1,0,1,2,1,227
12352,7,4,3,2,1,4,5,2,1,0,-1,-2,-1,131
12353,5,2,1,0,-1,6,3,0,-1,-2,-3,0,1,91
12354,3,2,1,0,3,2,3,0,-1,-2,1,0,-1,43
12355,5,0,-1,-2,1,4,1,-2,-3,-4,-1,2,1,83
12356,3,0,1,4,-1,2,3,0,-1,2,1,-2,-1,51
12357,1,2,-1,2,-3,4,1,-2,-3,0,-1,0,1,51
12358,3,-2,-1,2,1,0,1,-2,-3,0,3,0,-1,43
12359,5,0,-3,0,-1,2,-1,-4,-5,-2,1,2,1,91
12360,3,0,3,0,-1,2,3,0,3,2,-1,-2,-1,51
12361,1,-2,5,-2,-3,4,1,-2,1,0,-3,0,1,75
12362,-1,2,1,-2,1,0,1,-2,1,0,1,0,-1,19
12363,1,0,3,-4,-1,2,-1,-4,-1,-2,-1,2,1,59
12364,3,-4,1,2,-3,0,1,-2,1,4,1,-2,-1,67
12365,1,-2,3,0,-5,2,-1,-4,-1,2,-1,0,1,67
12366,3,-2,-1,0,-1,-2,-1,-4,-1,2,3,0,-1,51
12367,5,0,1,-2,-3,0,-3,-6,-3,0,1,2,1,99
12368,3,4,-1,-2,-1,2,3,4,3,0,-1,-2,-1,75
12369,1,2,-3,0,-3,4,1,2,1,-2,-3,0,1,59
12370,-1,2,1,-4,1,0,1,2,1,-2,1,0,-1,35
12371,1,0,-1,-2,-1,2,-1,0,-1,-4,-1,2,1,35
12372,-1,4,-3,0,-3,0,1,2,1,2,1,-2,-1,51
12373,-3,6,-5,2,-5,2,-1,0,-1,0,-1,0,1,107
12374,-1,2,-1,-2,-1,-2,-1,0,-1,0,3,0,-1,27
12375,1,4,-3,0,-3,0,-3,-2,-3,-2,1,2,1,67
12376,3,0,-1,-4,-3,0,1,2,5,2,-1,-2,-1,75
12377,1,-2,1,-2,-5,2,-1,0,3,0,-3,0,1,59
12378,-1,2,1,-6,-1,-2,-1,0,3,0,1,0,-1,59
12379,1,0,3,-4,-3,0,-3,-2,1,-2,-1,2,1,59
12380,3,0,-3,-2,-5,-2,-1,0,3,4,1,-2,-1,83
12381,1,2,-1,0,-7,0,-3,-2,1,2,-1,0,1,75
12382,3,2,-1,-4,-3,-4,-3,-2,1,2,3,0,-1,83
12383,5,4,1,-2,-5,-2,-5,-4,-1,0,1,2,1,123
12384,7,0,-1,-2,-3,2,7,4,1,0,-1,-2,-1,139
12385,5,-2,-3,-4,-1,4,5,2,-1,-2,-3,0,1,115
12386,3,-2,-3,0,-1,0,5,2,-1,-2,1,0,-1,59
12387,5,-4,-5,-2,1,2,3,0,-3,-4,-1,2,1,115
12388,3,-4,1,0,-5,0,5,2,-1,2,1,-2,-1,91
12389,1,-2,-1,-2,-3,2,3,0,-3,0,-1,0,1,43
12390,3,-6,-1,2,-3,-2,3,0,-3,0,3,0,-1,91
12391,5,-4,-3,0,-1,0,1,-2,-5,-2,1,2,1,91
12392,3,0,-1,-4,-5,0,5,2,3,2,-1,-2,-1,99
12393,1,-2,1,-6,-3,2,3,0,1,0,-3,0,1,75
12394,-1,2,-3,-2,-3,-2,3,0,1,0,1,0,-1,43
12395,1,0,-1,-4,-1,0,1,-2,-1,-2,-1,2,1,35
12396,3,-4,1,-2,-7,-2,3,0,1,4,1,-2,-1,115
12397,1,-2,3,-4,-5,0,1,-2,-1,2,-1,0,1,67
12398,3,-2,-1,0,-5,-4,1,-2,-1,2,3,0,-1,75
12399,5,0,1,-2,-3,-2,-1,-4,-3,0,1,2,1,75
12400,7,0,-5,-6,-5,0,5,6,3,0,-1,-2,-1,211
12401,5,-2,-7,-4,-3,2,3,4,1,-2,-3,0,1,147
12402,3,-2,-3,-4,-3,-2,3,4,1,-2,1,0,-1,83
12403,5,-4,-5,-2,-1,0,1,2,-1,-4,-1,2,1,99
12404,3,0,-3,-4,-7,-2,3,4,1,2,1,-2,-1,123
12405,1,2,-5,-2,-5,0,1,2,-1,0,-1,0,1,67
12406,3,-2,-1,-2,-5,-4,1,2,-1,0,3,0,-1,75
12407,5,0,-3,0,-3,-2,-1,0,-3,-2,1,2,1,67
12408,7,0,-5,-8,-7,-2,3,4,5,2,-1,-2,-1,251
12409,5,-2,-3,-6,-5,0,1,2,3,0,-3,0,1,123
12410,3,2,-3,-6,-5,-4,1,2,3,0,1,0,-1,115
12411,5,0,-1,-4,-3,-2,-1,0,1,-2,-1,2,1,67
12412,7,0,-3,-6,-9,-4,1,2,3,4,1,-2,-1,227
12413,5,2,-1,-4,-7,-2,-1,0,1,2,-1,0,1,107
12414,7,2,-1,-4,-7,-6,-1,0,1,2,3,0,-1,171
12415,9,4,1,-2,-5,-4,-3,-2,-1,0,1,2,1,163
12416,7,4,3,2,5,4,1,2,1,0,-1,-2,-1,131
12417,5,2,1,0,3,2,3,0,-1,-2,-3,0,1,67
12418,3,2,1,0,3,6,-1,0,-1,-2,1,0,-1,67
12419,5,0,-1,-2,1,4,1,-2,-3,-4,-1,2,1,83
12420,3,0,1,0,7,2,-1,0,-1,2,1,-2,-1,75
12421,1,2,-1,-2,5,0,1,-2,-3,0,-1,0,1,51
12422,3,-2,-1,-2,5,4,-3,-2,-3,0,3,0,-1,91
12423,5,0,-3,-4,3,2,-1,-4,-5,-2,1,2,1,115
12424,3,0,-1,4,3,2,-1,0,3,2,-1,-2,-1,59
12425,1,-2,1,2,1,0,1,-2,1,0,-3,0,1,27
12426,-1,2,-3,2,1,4,-3,-2,1,0,1,0,-1,51
12427,1,0,-1,0,-1,2,-1,-4,-1,-2,-1,2,1,35
12428,3,-4,-3,2,5,0,-3,-2,1,4,1,-2,-1,99
12429,1,-2,-1,0,3,-2,-1,-4,-1,2,-1,0,1,43
12430,3,-2,-5,0,3,2,-5,-4,-1,2,3,0,-1,107
12431,5,0,-3,-2,1,0,-3,-6,-3,0,1,2,1,99
12432,3,0,3,-2,3,2,-1,4,3,0,-1,-2,-1,67
12433,1,-2,1,0,1,0,1,2,1,-2,-3,0,1,27
12434,-1,-2,5,-4,1,4,-3,2,1,-2,1,0,-1,83
12435,1,-4,3,-2,-1,2,-1,0,-1,-4,-1,2,1,59
12436,-1,0,1,-4,5,0,-3,2,1,2,1,-2,-1,67
12437,-3,2,-1,-2,3,-2,-1,0,-1,0,-1,0,1,35
12438,-1,-2,3,-6,3,2,-5,0,-1,0,3,0,-1,99
12439,1,0,1,-4,1,0,-3,-2,-3,-2,1,2,1,51
12440,3,-4,-1,0,1,0,-3,2,5,2,-1,-2,-1,75
12441,1,-6,1,2,-1,-2,-1,0,3,0,-3,0,1,67
12442,-1,-2,1,-2,-1,2,-5,0,3,0,1,0,-1,51
12443,1,-4,3,0,-3,0,-3,-2,1,-2,-1,2,1,59
12444,3,-4,-3,-2,3,-2,-5,0,3,4,1,-2,-1,107
12445,1,-2,-1,0,1,-4,-3,-2,1,2,-1,0,1,43
12446,3,-2,-1,-4,1,0,-7,-2,1,2,3,0,-1,99
12447,5,0,1,-2,-1,-2,-5,-4,-1,0,1,2,1,83
12448,3,4,-1,-2,1,2,3,4,1,0,-1,-2,-1,67
12449,1,2,-3,-4,3,0,5,2,-1,-2,-3,0,1,83
12450,-1,2,-3,0,-1,4,1,2,-1,-2,1,0,-1,43
12451,1,0,-5,-2,1,2,3,0,-3,-4,-1,2,1,75
12452,-1,0,1,-4,3,0,1,2,-1,2,1,-2,-1,43
12453,-3,2,-1,-6,5,-2,3,0,-3,0,-1,0,1,99
12454,-1,-2,-1,-2,1,2,-1,0,-3,0,3,0,-1,35
12455,1,0,-3,-4,3,0,1,-2,-5,-2,1,2,1,75
12456,-1,4,-5,0,-1,0,1,2,3,2,-1,-2,-1,67
12457,-3,2,-3,-2,1,-2,3,0,1,0,-3,0,1,51
12458,-5,6,-7,2,-3,2,-1,0,1,0,1,0,-1,131
12459,-3,4,-5,0,-1,0,1,-2,-1,-2,-1,2,1,67
12460,-1,0,-3,-2,1,-2,-1,0,1,4,1,-2,-1,43
12461,-3,2,-1,-4,3,-4,1,-2,-1,2,-1,0,1,67
12462,-1,2,-5,0,-1,0,-3,-2,-1,2,3,0,-1,59
12463,1,4,-3,-2,1,-2,-1,-4,-3,0,1,2,1,67
12464,3,0,-1,-6,-1,0,1,6,3,0,-1,-2,-1,99
12465,1,-2,-3,-4,1,-2,3,4,1,-2,-3,0,1,75
12466,-1,-2,1,-4,-3,2,-1,4,1,-2,1,0,-1,59
12467,1,-4,-1,-2,-1,0,1,2,-1,-4,-1,2,1,51
12468,-1,0,1,-8,1,-2,-1,4,1,2,1,-2,-1,99
12469,-3,2,-1,-6,3,-4,1,2,-1,0,-1,0,1,83
12470,-1,-2,3,-6,-1,0,-3,2,-1,0,3,0,-1,75
12471,1,0,1,-4,1,-2,-1,0,-3,-2,1,2,1,43
12472,3,0,-5,-4,-3,-2,-1,4,5,2,-1,-2,-1,115
12473,1,-2,-3,-2,-1,-4,1,2,3,0,-3,0,1,59
12474,-1,2,-3,-2,-5,0,-3,2,3,0,1,0,-1,67
12475,1,0,-1,0,-3,-2,-1,0,1,-2,-1,2,1,27
12476,3,0,-3,-6,-1,-4,-3,2,3,4,1,-2,-1,115
12477,1,2,-1,-4,1,-6,-1,0,1,2,-1,0,1,67
12478,3,2,-1,-4,-3,-2,-5,0,1,2,3,0,-1,83
12479,5,4,1,-2,-1,-4,-3,-2,-1,0,1,2,1,83
12480,7,0,-1,-2,1,4,3,2,1,0,-1,-2,-1,91
12481,5,-2,-3,-4,-1,6,5,0,-1,-2,-3,0,1,131
12482,3,-2,-3,-4,3,6,1,0,-1,-2,1,0,-1,91
12483,5,-4,-5,-6,1,8,3,-2,-3,-4,-1,2,1,211
12484,3,-4,-3,0,3,2,1,0,-1,2,1,-2,-1,59
12485,1,-2,-5,-2,1,4,3,-2,-3,0,-1,0,1,75
12486,3,-6,-5,-2,5,4,-1,-2,-3,0,3,0,-1,139
12487,5,-4,-7,-4,3,6,1,-4,-5,-2,1,2,1,203
12488,3,-4,-1,0,-1,2,1,0,3,2,-1,-2,-1,51
12489,1,-6,1,-2,-3,4,3,-2,1,0,-3,0,1,91
12490,-1,-2,-3,-2,1,4,-1,-2,1,0,1,0,-1,43
12491,1,-4,-1,-4,-1,6,1,-4,-1,-2,-1,2,1,99
12492,3,-8,-3,2,1,0,-1,-2,1,4,1,-2,-1,115
12493,1,-6,-1,0,-1,2,1,-4,-1,2,-1,0,1,67
12494,3,-6,-5,0,3,2,-3,-4,-1,2,3,0,-1,123
12495,5,-4,-3,-2,1,4,-1,-6,-3,0,1,2,1,123
12496,3,0,-1,-6,-1,2,1,4,3,0,-1,-2,-1,83
12497,1,-2,-3,-4,-3,4,3,2,1,-2,-3,0,1,83
12498,-1,-2,1,-8,1,4,-1,2,1,-2,1,0,-1,99
12499,1,-4,-1,-6,-1,6,1,0,-1,-4,-1,2,1,115
12500,-1,0,-3,-4,1,0,-1,2,1,2,1,-2,-1,43
12501,-3,2,-5,-2,-1,2,1,0,-1,0,-1,0,1,51
12502,-1,-2,-1,-6,3,2,-3,0,-1,0,3,0,-1,75
12503,1,0,-3,-4,1,4,-1,-2,-3,-2,1,2,1,67
12504,3,-4,-1,-4,-3,0,-1,2,5,2,-1,-2,-1,91
12505,1,-6,1,-2,-5,2,1,0,3,0,-3,0,1,91
12506,-1,-2,1,-6,-1,2,-3,0,3,0,1,0,-1,67
12507,1,-4,3,-4,-3,4,-1,-2,1,-2,-1,2,1,83
12508,3,-4,-3,-2,-1,-2,-3,0,3,4,1,-2,-1,83
12509,1,-2,-1,0,-3,0,-1,-2,1,2,-1,0,1,27
12510,3,-2,-1,-4,1,0,-5,-2,1,2,3,0,-1,75
12511,5,0,1,-2,-1,2,-3,-4,-1,0,1,2,1,67
12512,7,0,-5,-6,-3,2,5,4,1,0,-1,-2,-1,171
12513,5,-2,-7,-8,-1,4,7,2,-1,-2,-3,0,1,227
12514,3,-2,-7,-4,-1,4,3,2,-1,-2,1,0,-1,115
12515,5,-4,-9,-6,1,6,5,0,-3,-4,-1,2,1,251
12516,3,-4,-3,-4,-1,0,3,2,-1,2,1,-2,-1,75
12517,1,-2,-5,-6,1,2,5,0,-3,0,-1,0,1,107
12518,3,-6,-5,-2,1,2,1,0,-3,0,3,0,-1,99
12519,5,-4,-7,-4,3,4,3,-2,-5,-2,1,2,1,179
12520,3,0,-5,-4,-5,0,3,2,3,2,-1,-2,-1,107
12521,1,-2,-3,-6,-3,2,5,0,1,0,-3,0,1,99
12522,-1,2,-7,-2,-3,2,1,0,1,0,1,0,-1,75
12523,1,0,-5,-4,-1,4,3,-2,-1,-2,-1,2,1,83
12524,3,-4,-3,-2,-3,-2,1,0,1,4,1,-2,-1,75
12525,1,-2,-1,-4,-1,0,3,-2,-1,2,-1,0,1,43
12526,3,-2,-5,0,-1,0,-1,-2,-1,2,3,0,-1,59
12527,5,0,-3,-2,1,2,1,-4,-3,0,1,2,1,75
12528,7,0,-5,-10,-5,0,3,6,3,0,-1,-2,-1,259
12529,5,-2,-7,-8,-3,2,5,4,1,-2,-3,0,1,211
12530,3,-2,-3,-8,-3,2,1,4,1,-2,1,0,-1,123
12531,5,-4,-5,-6,-1,4,3,2,-1,-4,-1,2,1,155
12532,3,0,-3,-8,-3,-2,1,4,1,2,1,-2,-1,123
12533,1,2,-5,-6,-1,0,3,2,-1,0,-1,0,1,83
12534,3,-2,-1,-6,-1,0,-1,2,-1,0,3,0,-1,67
12535,5,0,-3,-4,1,2,1,0,-3,-2,1,2,1,75
12536,7,0,-5,-8,-7,-2,1,4,5,2,-1,-2,-1,243
12537,5,-2,-3,-6,-5,0,3,2,3,0,-3,0,1,131
12538,3,2,-3,-6,-5,0,-1,2,3,0,1,0,-1,99
12539,5,0,-1,-4,-3,2,1,0,1,-2,-1,2,1,67
12540,7,0,-3,-6,-5,-4,-1,2,3,4,1,-2,-1,171
12541,5,2,-1,-4,-3,-2,1,0,1,2,-1,0,1,67
12542,7,2,-1,-4,-3,-2,-3,0,1,2,3,0,-1,107
12543,9,4,1,-2,-1,0,-1,-2,-1,0,1,2,1,115
12544,7,4,3,6,5,2,1,0,1,0,-1,-2,-1,147
12545,5,2,1,4,3,0,-1,2,-1,-2,-3,0,1,75
12546,3,2,1,4,3,0,3,-2,-1,-2,1,0,-1,59
12547,5,0,-1,2,1,-2,1,0,-3,-4,-1,2,1,67
12548,3,0,1,4,3,4,-1,-2,-1,2,1,-2,-1,67
12549,1,2,-1,2,1,2,-3,0,-3,0,-1,0,1,35
12550,3,-2,-1,2,1,2,1,-4,-3,0,3,0,-1,59
12551,5,0,-3,0,-1,0,-1,-2,-5,-2,1,2,1,75
12552,3,0,-1,4,7,0,-1,-2,3,2,-1,-2,-1,99
12553,1,-2,1,2,5,-2,-3,0,1,0,-3,0,1,59
12554,-1,2,-3,2,5,-2,1,-4,1,0,1,0,-1,67
12555,1,0,-1,0,3,-4,-1,-2,-1,-2,-1,2,1,43
12556,3,-4,-3,2,5,2,-3,-4,1,4,1,-2,-1,115
12557,1,-2,-1,0,3,0,-5,-2,-1,2,-1,0,1,51
12558,3,-2,-5,0,3,0,-1,-6,-1,2,3,0,-1,99
12559,5,0,-3,-2,1,-2,-3,-4,-3,0,1,2,1,83
12560,3,0,-1,6,3,0,-1,2,3,0,-1,-2,-1,75
12561,1,-2,-3,8,1,-2,-3,4,1,-2,-3,0,1,123
12562,-1,-2,1,4,1,-2,1,0,1,-2,1,0,-1,35
12563,1,-4,-1,6,-1,-4,-1,2,-1,-4,-1,2,1,99
12564,-1,0,-3,4,1,2,-3,0,1,2,1,-2,-1,51
12565,-3,2,-5,6,-1,0,-5,2,-1,0,-1,0,1,107
12566,-1,-2,-1,2,-1,0,-1,-2,-1,0,3,0,-1,27
12567,1,0,-3,4,-3,-2,-3,0,-3,-2,1,2,1,67
12568,3,-4,-5,4,5,-2,-3,0,5,2,-1,-2,-1,139
12569,1,-6,-3,6,3,-4,-5,2,3,0,-3,0,1,155
12570,-1,-2,-3,2,3,-4,-1,-2,3,0,1,0,-1,59
12571,1,-4,-1,4,1,-6,-3,0,1,-2,-1,2,1,91
12572,3,-4,-7,2,3,0,-5,-2,3,4,1,-2,-1,147
12573,1,-2,-5,4,1,-2,-7,0,1,2,-1,0,1,107
12574,3,-2,-5,0,1,-2,-3,-4,1,2,3,0,-1,83
12575,5,0,-3,2,-1,-4,-5,-2,-1,0,1,2,1,91
12576,3,0,3,2,1,0,3,2,1,0,-1,-2,-1,43
12577,1,-2,1,0,3,-2,1,4,-1,-2,-3,0,1,51
12578,-1,-2,1,4,-1,-2,5,0,-1,-2,1,0,-1,59
12579,1,-4,-1,2,1,-4,3,2,-3,-4,-1,2,1,83
12580,-1,-4,5,0,-1,2,1,0,-1,2,1,-2,-1,59
12581,-3,-2,3,-2,1,0,-1,2,-3,0,-1,0,1,43
12582,-1,-6,3,2,-3,0,3,-2,-3,0,3,0,-1,91
12583,1,-4,1,0,-1,-2,1,0,-5,-2,1,2,1,59
12584,-1,0,-1,0,3,-2,1,0,3,2,-1,-2,-1,35
12585,-3,-2,1,-2,5,-4,-1,2,1,0,-3,0,1,75
12586,-5,2,-3,2,1,-4,3,-2,1,0,1,0,-1,75
12587,-3,0,-1,0,3,-6,1,0,-1,-2,-1,2,1,67
12588,-1,-4,1,-2,1,0,-1,-2,1,4,1,-2,-1,51
12589,-3,-2,3,-4,3,-2,-3,0,-1,2,-1,0,1,67
12590,-1,-2,-1,0,-1,-2,1,-4,-1,2,3,0,-1,43
12591,1,0,1,-2,1,-4,-1,-2,-3,0,1,2,1,43
12592,3,-4,-1,2,-1,-2,1,4,3,0,-1,-2,-1,67
12593,1,-6,-3,4,1,-4,-1,6,1,-2,-3,0,1,131
12594,-1,-6,1,4,-3,-4,3,2,1,-2,1,0,-1,99
12595,1,-8,-1,6,-1,-6,1,4,-1,-4,-1,2,1,179
12596,-1,-4,1,0,-3,0,-1,2,1,2,1,-2,-1,43
12597,-3,-2,-1,2,-1,-2,-3,4,-1,0,-1,0,1,51
12598,-1,-6,3,2,-5,-2,1,0,-1,0,3,0,-1,91
12599,1,-4,1,4,-3,-4,-1,2,-3,-2,1,2,1,83
12600,3,-4,-5,0,1,-4,-1,2,5,2,-1,-2,-1,107
12601,1,-6,-3,2,3,-6,-3,4,3,0,-3,0,1,139
12602,-1,-2,-3,2,-1,-6,1,0,3,0,1,0,-1,67
12603,1,-4,-1,4,1,-8,-1,2,1,-2,-1,2,1,115
12604,3,-4,-3,-2,-1,-2,-3,0,3,4,1,-2,-1,83
12605,1,-2,-1,0,1,-4,-5,2,1,2,-1,0,1,59
12606,3,-2,-1,0,-3,-4,-1,-2,1,2,3,0,-1,59
12607,5,0,1,2,-1,-6,-3,0,-1,0,1,2,1,83
12608,3,4,-1,2,1,2,3,0,1,0,-1,-2,-1,51
12609,1,2,-3,0,-1,4,1,2,-1,-2,-3,0,1,51
12610,-1,2,-3,0,3,0,5,-2,-1,-2,1,0,-1,59
12611,1,0,-5,-2,1,2,3,0,-3,-4,-1,2,1,75
12612,-1,0,-3,4,-1,4,1,-2,-1,2,1,-2,-1,59
12613,-3,2,-5,2,-3,6,-1,0,-3,0,-1,0,1,99
12614,-1,-2,-5,2,1,2,3,-4,-3,0,3,0,-1,83
12615,1,0,-7,0,-1,4,1,-2,-5,-2,1,2,1,107
12616,-1,0,-1,0,3,0,1,-2,3,2,-1,-2,-1,35
12617,-3,-2,1,-2,1,2,-1,0,1,0,-3,0,1,35
12618,-5,2,-3,-2,5,-2,3,-4,1,0,1,0,-1,99
12619,-3,0,-1,-4,3,0,1,-2,-1,-2,-1,2,1,51
12620,-1,-4,-3,2,1,2,-1,-4,1,4,1,-2,-1,75
12621,-3,-2,-1,0,-1,4,-3,-2,-1,2,-1,0,1,51
12622,-1,-2,-5,0,3,0,1,-6,-1,2,3,0,-1,91
12623,1,0,-3,-2,1,2,-1,-4,-3,0,1,2,1,51
12624,-1,4,-5,2,-1,0,1,2,3,0,-1,-2,-1,67
12625,-3,2,-7,4,-3,2,-1,4,1,-2,-3,0,1,123
12626,-5,2,-3,0,1,-2,3,0,1,-2,1,0,-1,59
12627,-3,0,-5,2,-1,0,1,2,-1,-4,-1,2,1,67
12628,-5,4,-7,4,-3,2,-1,0,1,2,1,-2,-1,131
12629,-7,6,-9,6,-5,4,-3,2,-1,0,-1,0,1,259
12630,-5,2,-5,2,-1,0,1,-2,-1,0,3,0,-1,75
12631,-3,4,-7,4,-3,2,-1,0,-3,-2,1,2,1,123
12632,-1,0,-5,0,1,-2,-1,0,5,2,-1,-2,-1,67
12633,-3,-2,-3,2,-1,0,-3,2,3,0,-3,0,1,59
12634,-5,2,-3,-2,3,-4,1,-2,3,0,1,0,-1,83
12635,-3,0,-1,0,1,-2,-1,0,1,-2,-1,2,1,27
12636,-1,0,-7,2,-1,0,-3,-2,3,4,1,-2,-1,99
12637,-3,2,-5,4,-3,2,-5,0,1,2,-1,0,1,99
12638,-1,2,-5,0,1,-2,-1,-4,1,2,3,0,-1,67
12639,1,4,-3,2,-1,0,-3,-2,-1,0,1,2,1,51
12640,3,0,-1,-2,-3,0,5,2,1,0,-1,-2,-1,59
12641,1,-2,-3,-4,-1,2,3,4,-1,-2,-3,0,1,75
12642,-1,-2,-3,0,-1,-2,7,0,-1,-2,1,0,-1,75
12643,1,-4,-5,-2,1,0,5,2,-3,-4,-1,2,1,107
12644,-1,-4,1,0,-5,2,3,0,-1,2,1,-2,-1,67
12645,-3,-2,-1,-2,-3,4,1,2,-3,0,-1,0,1,59
12646,-1,-6,-1,2,-3,0,5,-2,-3,0,3,0,-1,99
12647,1,-4,-3,0,-1,2,3,0,-5,-2,1,2,1,75
12648,-1,0,-1,-4,-1,-2,3,0,3,2,-1,-2,-1,51
12649,-3,-2,1,-6,1,0,1,2,1,0,-3,0,1,67
12650,-5,2,-3,-2,1,-4,5,-2,1,0,1,0,-1,91
12651,-3,0,-1,-4,3,-2,3,0,-1,-2,-1,2,1,59
12652,-1,-4,1,-2,-3,0,1,-2,1,4,1,-2,-1,59
12653,-3,-2,3,-4,-1,2,-1,0,-1,2,-1,0,1,51
12654,-1,-2,-1,0,-1,-2,3,-4,-1,2,3,0,-1,51
12655,1,0,1,-2,1,0,1,-2,-3,0,1,2,1,27
12656,3,0,-5,-2,-5,-2,3,4,3,0,-1,-2,-1,107
12657,1,-2,-7,0,-3,0,1,6,1,-2,-3,0,1,115
12658,-1,-2,-3,0,-3,-4,5,2,1,-2,1,0,-1,75
12659,1,-4,-5,2,-1,-2,3,4,-1,-4,-1,2,1,99
12660,-1,0,-3,0,-7,0,1,2,1,2,1,-2,-1,75
12661,-3,2,-5,2,-5,2,-1,4,-1,0,-1,0,1,91
12662,-1,-2,-1,2,-5,-2,3,0,-1,0,3,0,-1,59
12663,1,0,-3,4,-3,0,1,2,-3,-2,1,2,1,59
12664,3,0,-5,-4,-3,-4,1,2,5,2,-1,-2,-1,115
12665,1,-2,-3,-2,-1,-2,-1,4,3,0,-3,0,1,59
12666,-1,2,-3,-2,-1,-6,3,0,3,0,1,0,-1,75
12667,1,0,-1,0,1,-4,1,2,1,-2,-1,2,1,35
12668,3,0,-3,-2,-5,-2,-1,0,3,4,1,-2,-1,83
12669,1,2,-1,0,-3,0,-3,2,1,2,-1,0,1,35
12670,3,2,-1,0,-3,-4,1,-2,1,2,3,0,-1,59
12671,5,4,1,2,-1,-2,-1,0,-1,0,1,2,1,59
12672,7,0,-1,2,5,2,-1,0,1,0,-1,-2,-1,91
12673,5,-2,-3,0,3,0,1,2,-1,-2,-3,0,1,67
12674,3,-2,-3,0,3,4,1,-2,-1,-2,1,0,-1,59
12675,5,-4,-5,-2,1,2,3,0,-3,-4,-1,2,1,115
12676,3,-4,-3,0,7,4,-3,-2,-1,2,1,-2,-1,123
12677,1,-2,-5,-2,5,2,-1,0,-3,0,-1,0,1,75
12678,3,-6,-5,-2,5,6,-1,-4,-3,0,3,0,-1,171
12679,5,-4,-7,-4,3,4,1,-2,-5,-2,1,2,1,171
12680,3,-4,-5,4,7,0,-3,-2,3,2,-1,-2,-1,147
12681,1,-6,-3,2,5,-2,-1,0,1,0,-3,0,1,91
12682,-1,-2,-7,2,5,2,-1,-4,1,0,1,0,-1,107
12683,1,-4,-5,0,3,0,1,-2,-1,-2,-1,2,1,67
12684,3,-8,-7,2,9,2,-5,-4,1,4,1,-2,-1,275
12685,1,-6,-5,0,7,0,-3,-2,-1,2,-1,0,1,131
12686,3,-6,-9,0,7,4,-3,-6,-1,2,3,0,-1,251
12687,5,-4,-7,-2,5,2,-1,-4,-3,0,1,2,1,155
12688,3,-4,-1,2,3,0,-3,2,3,0,-1,-2,-1,67
12689,1,-6,-3,4,1,-2,-1,4,1,-2,-3,0,1,99
12690,-1,-6,1,0,1,2,-1,0,1,-2,1,0,-1,51
12691,1,-8,-1,2,-1,0,1,2,-1,-4,-1,2,1,99
12692,-1,-4,-3,0,5,2,-5,0,1,2,1,-2,-1,91
12693,-3,-2,-5,2,3,0,-3,2,-1,0,-1,0,1,67
12694,-1,-6,-1,-2,3,4,-3,-2,-1,0,3,0,-1,91
12695,1,-4,-3,0,1,2,-1,0,-3,-2,1,2,1,51
12696,3,-8,-5,4,5,-2,-5,0,5,2,-1,-2,-1,203
12697,1,-10,-3,6,3,-4,-3,2,3,0,-3,0,1,203
12698,-1,-6,-3,2,3,0,-3,-2,3,0,1,0,-1,83
12699,1,-8,-1,4,1,-2,-1,0,1,-2,-1,2,1,99
12700,3,-8,-7,2,7,0,-7,-2,3,4,1,-2,-1,259
12701,1,-6,-5,4,5,-2,-5,0,1,2,-1,0,1,139
12702,3,-6,-5,0,5,2,-5,-4,1,2,3,0,-1,155
12703,5,-4,-3,2,3,0,-3,-2,-1,0,1,2,1,83
12704,3,0,-1,-2,1,0,1,2,1,0,-1,-2,-1,27
12705,1,-2,-3,-4,3,-2,3,4,-1,-2,-3,0,1,83
12706,-1,-2,-3,0,-1,2,3,0,-1,-2,1,0,-1,35
12707,1,-4,-5,-2,1,0,5,2,-3,-4,-1,2,1,107
12708,-1,-4,1,-4,3,2,-1,0,-1,2,1,-2,-1,59
12709,-3,-2,-1,-6,5,0,1,2,-3,0,-1,0,1,91
12710,-1,-6,-1,-2,1,4,1,-2,-3,0,3,0,-1,83
12711,1,-4,-3,-4,3,2,3,0,-5,-2,1,2,1,99
12712,-1,0,-5,0,3,-2,-1,0,3,2,-1,-2,-1,59
12713,-3,-2,-3,-2,5,-4,1,2,1,0,-3,0,1,83
12714,-5,2,-7,2,1,0,1,-2,1,0,1,0,-1,91
12715,-3,0,-5,0,3,-2,3,0,-1,-2,-1,2,1,67
12716,-1,-4,-3,-2,5,0,-3,-2,1,4,1,-2,-1,91
12717,-3,-2,-1,-4,7,-2,-1,0,-1,2,-1,0,1,91
12718,-1,-2,-5,0,3,2,-1,-4,-1,2,3,0,-1,75
12719,1,0,-3,-2,5,0,1,-2,-3,0,1,2,1,59
12720,3,-4,-1,-2,-1,-2,-1,4,3,0,-1,-2,-1,67
12721,1,-6,-3,0,1,-4,1,6,1,-2,-3,0,1,115
12722,-1,-6,1,0,-3,0,1,2,1,-2,1,0,-1,59
12723,1,-8,-1,2,-1,-2,3,4,-1,-4,-1,2,1,123
12724,-1,-4,1,-4,1,0,-3,2,1,2,1,-2,-1,59
12725,-3,-2,-1,-2,3,-2,-1,4,-1,0,-1,0,1,51
12726,-1,-6,3,-2,-1,2,-1,0,-1,0,3,0,-1,67
12727,1,-4,1,0,1,0,1,2,-3,-2,1,2,1,43
12728,3,-4,-5,0,1,-4,-3,2,5,2,-1,-2,-1,115
12729,1,-6,-3,2,3,-6,-1,4,3,0,-3,0,1,131
12730,-1,-2,-3,2,-1,-2,-1,0,3,0,1,0,-1,35
12731,1,-4,-1,4,1,-4,1,2,1,-2,-1,2,1,67
12732,3,-4,-3,-2,3,-2,-5,0,3,4,1,-2,-1,107
12733,1,-2,-1,0,5,-4,-3,2,1,2,-1,0,1,67
12734,3,-2,-1,0,1,0,-3,-2,1,2,3,0,-1,43
12735,5,0,1,2,3,-2,-1,0,-1,0,1,2,1,51
12736,7,0,-5,-2,1,2,1,0,1,0,-1,-2,-1,91
12737,5,-2,-7,-4,-1,4,3,2,-1,-2,-3,0,1,139
12738,3,-2,-7,-4,3,4,3,-2,-1,-2,1,0,-1,123
12739,5,-4,-9,-6,1,6,5,0,-3,-4,-1,2,1,251
12740,3,-4,-7,0,3,4,-1,-2,-1,2,1,-2,-1,115
12741,1,-2,-9,-2,1,6,1,0,-3,0,-1,0,1,139
12742,3,-6,-9,-2,5,6,1,-4,-3,0,3,0,-1,227
12743,5,-4,-11,-4,3,8,3,-2,-5,-2,1,2,1,299
12744,3,-4,-5,0,3,0,-1,-2,3,2,-1,-2,-1,83
12745,1,-6,-3,-2,1,2,1,0,1,0,-3,0,1,67
12746,-1,-2,-7,-2,5,2,1,-4,1,0,1,0,-1,107
12747,1,-4,-5,-4,3,4,3,-2,-1,-2,-1,2,1,107
12748,3,-8,-7,2,5,2,-3,-4,1,4,1,-2,-1,203
12749,1,-6,-5,0,3,4,-1,-2,-1,2,-1,0,1,99
12750,3,-6,-9,0,7,4,-1,-6,-1,2,3,0,-1,243
12751,5,-4,-7,-2,5,6,1,-4,-3,0,1,2,1,187
12752,3,0,-5,-2,-1,0,-1,2,3,0,-1,-2,-1,59
12753,1,-2,-7,0,-3,2,1,4,1,-2,-3,0,1,99
12754,-1,-2,-3,-4,1,2,1,0,1,-2,1,0,-1,43
12755,1,-4,-5,-2,-1,4,3,2,-1,-4,-1,2,1,99
12756,-1,0,-7,0,1,2,-3,0,1,2,1,-2,-1,75
12757,-3,2,-9,2,-1,4,-1,2,-1,0,-1,0,1,123
12758,-1,-2,-5,-2,3,4,-1,-2,-1,0,3,0,-1,75
12759,1,0,-7,0,1,6,1,0,-3,-2,1,2,1,107
12760,3,-4,-5,0,1,-2,-3,0,5,2,-1,-2,-1,99
12761,1,-6,-3,2,-1,0,-1,2,3,0,-3,0,1,75
12762,-1,-2,-3,-2,3,0,-1,-2,3,0,1,0,-1,43
12763,1,-4,-1,0,1,2,1,0,1,-2,-1,2,1,35
12764,3,-4,-7,2,3,0,-5,-2,3,4,1,-2,-1,147
12765,1,-2,-5,4,1,2,-3,0,1,2,-1,0,1,67
12766,3,-2,-5,0,5,2,-3,-4,1,2,3,0,-1,107
12767,5,0,-3,2,3,4,-1,-2,-1,0,1,2,1,75
12768,7,0,-5,-6,-3,0,3,2,1,0,-1,-2,-1,139
12769,5,-2,-7,-8,-1,2,5,4,-1,-2,-3,0,1,203
12770,3,-2,-7,-4,-1,2,5,0,-1,-2,1,0,-1,115
12771,5,-4,-9,-6,1,4,7,2,-3,-4,-1,2,1,259
12772,3,-4,-3,-4,-1,2,1,0,-1,2,1,-2,-1,67
12773,1,-2,-5,-6,1,4,3,2,-3,0,-1,0,1,107
12774,3,-6,-5,-2,1,4,3,-2,-3,0,3,0,-1,123
12775,5,-4,-7,-4,3,6,5,0,-5,-2,1,2,1,211
12776,3,0,-5,-4,-1,-2,1,0,3,2,-1,-2,-1,75
12777,1,-2,-3,-6,1,0,3,2,1,0,-3,0,1,75
12778,-1,2,-7,-2,1,0,3,-2,1,0,1,0,-1,75
12779,1,0,-5,-4,3,2,5,0,-1,-2,-1,2,1,91
12780,3,-4,-3,-2,1,0,-1,-2,1,4,1,-2,-1,67
12781,1,-2,-1,-4,3,2,1,0,-1,2,-1,0,1,43
12782,3,-2,-5,0,3,2,1,-4,-1,2,3,0,-1,83
12783,5,0,-3,-2,5,4,3,-2,-3,0,1,2,1,107
12784,7,0,-5,-6,-5,-2,1,4,3,0,-1,-2,-1,171
12785,5,-2,-7,-4,-3,0,3,6,1,-2,-3,0,1,163
12786,3,-2,-3,-4,-3,0,3,2,1,-2,1,0,-1,67
12787,5,-4,-5,-2,-1,2,5,4,-1,-4,-1,2,1,139
12788,3,0,-3,-4,-3,0,-1,2,1,2,1,-2,-1,59
12789,1,2,-5,-2,-1,2,1,4,-1,0,-1,0,1,59
12790,3,-2,-1,-2,-1,2,1,0,-1,0,3,0,-1,35
12791,5,0,-3,0,1,4,3,2,-3,-2,1,2,1,83
12792,7,0,-5,-4,-3,-4,-1,2,5,2,-1,-2,-1,155
12793,5,-2,-3,-2,-1,-2,1,4,3,0,-3,0,1,83
12794,3,2,-3,-2,-1,-2,1,0,3,0,1,0,-1,43
12795,5,0,-1,0,1,0,3,2,1,-2,-1,2,1,51
12796,7,0,-3,-2,-1,-2,-3,0,3,4,1,-2,-1,107
12797,5,2,-1,0,1,0,-1,2,1,2,-1,0,1,43
12798,7,2,-1,0,1,0,-1,-2,1,2,3,0,-1,75
12799,9,4,1,2,3,2,1,0,-1,0,1,2,1,123
12800,7,4,7,6,3,2,1,0,-1,0,-1,-2,-1,171
12801,5,2,5,4,1,0,-1,-2,1,-2,-3,0,1,91
12802,3,2,5,4,1,0,-1,2,-3,-2,1,0,-1,75
12803,5,0,3,2,-1,-2,-3,0,-1,-4,-1,2,1,75
12804,3,0,5,4,1,0,3,-2,-3,2,1,-2,-1,83
12805,1,2,3,2,-1,-2,1,-4,-1,0,-1,0,1,43
12806,3,-2,3,2,-1,-2,1,0,-5,0,3,0,-1,67
12807,5,0,1,0,-3,-4,-1,-2,-3,-2,1,2,1,75
12808,3,0,3,4,1,4,-1,-2,1,2,-1,-2,-1,67
12809,1,-2,5,2,-1,2,-3,-4,3,0,-3,0,1,83
12810,-1,2,1,2,-1,2,-3,0,-1,0,1,0,-1,27
12811,1,0,3,0,-3,0,-5,-2,1,-2,-1,2,1,59
12812,3,-4,1,2,-1,2,1,-4,-1,4,1,-2,-1,75
12813,1,-2,3,0,-3,0,-1,-6,1,2,-1,0,1,67
12814,3,-2,-1,0,-3,0,-1,-2,-3,2,3,0,-1,51
12815,5,0,1,-2,-5,-2,-3,-4,-1,0,1,2,1,91
12816,3,0,3,2,5,0,-1,2,1,0,-1,-2,-1,59
12817,1,-2,1,4,3,-2,-3,0,3,-2,-3,0,1,67
12818,-1,-2,5,0,3,-2,-3,4,-1,-2,1,0,-1,75
12819,1,-4,3,2,1,-4,-5,2,1,-4,-1,2,1,99
12820,-1,0,1,0,3,-2,1,0,-1,2,1,-2,-1,27
12821,-3,2,-1,2,1,-4,-1,-2,1,0,-1,0,1,43
12822,-1,-2,3,-2,1,-4,-1,2,-3,0,3,0,-1,59
12823,1,0,1,0,-1,-6,-3,0,-1,-2,1,2,1,59
12824,3,-4,-1,0,3,2,-3,0,3,2,-1,-2,-1,67
12825,1,-6,1,2,1,0,-5,-2,5,0,-3,0,1,107
12826,-1,-2,1,-2,1,0,-5,2,1,0,1,0,-1,43
12827,1,-4,3,0,-1,-2,-7,0,3,-2,-1,2,1,99
12828,3,-4,-3,-2,1,0,-1,-2,1,4,1,-2,-1,67
12829,1,-2,-1,0,-1,-2,-3,-4,3,2,-1,0,1,51
12830,3,-2,-1,-4,-1,-2,-3,0,-1,2,3,0,-1,59
12831,5,0,1,-2,-3,-4,-5,-2,1,0,1,2,1,91
12832,3,0,3,6,-1,0,3,2,-1,0,-1,-2,-1,75
12833,1,-2,1,4,1,-2,1,0,1,-2,-3,0,1,43
12834,-1,-2,1,8,-3,-2,1,4,-3,-2,1,0,-1,115
12835,1,-4,-1,6,-1,-4,-1,2,-1,-4,-1,2,1,99
12836,-1,-4,5,4,-3,-2,5,0,-3,2,1,-2,-1,115
12837,-3,-2,3,2,-1,-4,3,-2,-1,0,-1,0,1,59
12838,-1,-6,3,6,-5,-4,3,2,-5,0,3,0,-1,171
12839,1,-4,1,4,-3,-6,1,0,-3,-2,1,2,1,99
12840,-1,0,-1,4,-3,2,1,0,1,2,-1,-2,-1,43
12841,-3,-2,1,2,-1,0,-1,-2,3,0,-3,0,1,43
12842,-5,2,-3,6,-5,0,-1,2,-1,0,1,0,-1,107
12843,-3,0,-1,4,-3,-2,-3,0,1,-2,-1,2,1,59
12844,-1,-4,1,2,-5,0,3,-2,-1,4,1,-2,-1,83
12845,-3,-2,3,0,-3,-2,1,-4,1,2,-1,0,1,59
12846,-1,-2,-1,4,-7,-2,1,0,-3,2,3,0,-1,99
12847,1,0,1,2,-5,-4,-1,-2,-1,0,1,2,1,59
12848,3,-4,-1,2,1,-2,1,4,1,0,-1,-2,-1,59
12849,1,-6,-3,4,3,-4,-1,2,3,-2,-3,0,1,115
12850,-1,-6,1,4,-1,-4,-1,6,-1,-2,1,0,-1,115
12851,1,-8,-1,6,1,-6,-3,4,1,-4,-1,2,1,187
12852,-1,-4,1,0,-1,-4,3,2,-1,2,1,-2,-1,59
12853,-3,-2,-1,2,1,-6,1,0,1,0,-1,0,1,59
12854,-1,-6,3,2,-3,-6,1,4,-3,0,3,0,-1,131
12855,1,-4,1,4,-1,-8,-1,2,-1,-2,1,2,1,115
12856,3,-4,-5,0,-1,0,-1,2,3,2,-1,-2,-1,75
12857,1,-6,-3,2,1,-2,-3,0,5,0,-3,0,1,99
12858,-1,-2,-3,2,-3,-2,-3,4,1,0,1,0,-1,59
12859,1,-4,-1,4,-1,-4,-5,2,3,-2,-1,2,1,99
12860,3,-4,-3,-2,-3,-2,1,0,1,4,1,-2,-1,75
12861,1,-2,-1,0,-1,-4,-1,-2,3,2,-1,0,1,43
12862,3,-2,-1,0,-5,-4,-1,2,-1,2,3,0,-1,75
12863,5,0,1,2,-3,-6,-3,0,1,0,1,2,1,91
12864,3,0,7,2,-1,2,3,0,-1,0,-1,-2,-1,83
12865,1,-2,5,0,-3,4,1,-2,1,-2,-3,0,1,75
12866,-1,-2,5,0,1,0,1,2,-3,-2,1,0,-1,51
12867,1,-4,3,-2,-1,2,-1,0,-1,-4,-1,2,1,59
12868,-1,-4,5,4,-3,0,5,-2,-3,2,1,-2,-1,115
12869,-3,-2,3,2,-5,2,3,-4,-1,0,-1,0,1,83
12870,-1,-6,3,2,-1,-2,3,0,-5,0,3,0,-1,99
12871,1,-4,1,0,-3,0,1,-2,-3,-2,1,2,1,51
12872,-1,-4,7,0,-3,4,1,-2,1,2,-1,-2,-1,107
12873,-3,-6,9,-2,-5,6,-1,-4,3,0,-3,0,1,227
12874,-5,-2,5,-2,-1,2,-1,0,-1,0,1,0,-1,67
12875,-3,-4,7,-4,-3,4,-3,-2,1,-2,-1,2,1,139
12876,-1,-8,5,2,-5,2,3,-4,-1,4,1,-2,-1,171
12877,-3,-6,7,0,-7,4,1,-6,1,2,-1,0,1,203
12878,-1,-6,3,0,-3,0,1,-2,-3,2,3,0,-1,83
12879,1,-4,5,-2,-5,2,-1,-4,-1,0,1,2,1,99
12880,-1,0,3,-2,1,0,1,2,1,0,-1,-2,-1,27
12881,-3,-2,1,0,-1,2,-1,0,3,-2,-3,0,1,43
12882,-5,-2,5,-4,3,-2,-1,4,-1,-2,1,0,-1,107
12883,-3,-4,3,-2,1,0,-3,2,1,-4,-1,2,1,75
12884,-5,0,1,0,-1,-2,3,0,-1,2,1,-2,-1,51
12885,-7,2,-1,2,-3,0,1,-2,1,0,-1,0,1,75
12886,-5,-2,3,-2,1,-4,1,2,-3,0,3,0,-1,83
12887,-3,0,1,0,-1,-2,-1,0,-1,-2,1,2,1,27
12888,-1,-4,3,-4,-1,2,-1,0,3,2,-1,-2,-1,67
12889,-3,-6,5,-2,-3,4,-3,-2,5,0,-3,0,1,147
12890,-5,-2,5,-6,1,0,-3,2,1,0,1,0,-1,107
12891,-3,-4,7,-4,-1,2,-5,0,3,-2,-1,2,1,139
12892,-1,-4,1,-2,-3,0,1,-2,1,4,1,-2,-1,59
12893,-3,-2,3,0,-5,2,-1,-4,3,2,-1,0,1,83
12894,-1,-2,3,-4,-1,-2,-1,0,-1,2,3,0,-1,51
12895,1,0,5,-2,-3,0,-3,-2,1,0,1,2,1,59
12896,3,-4,3,2,-5,0,5,2,-1,0,-1,-2,-1,99
12897,1,-6,1,0,-3,2,3,0,1,-2,-3,0,1,75
12898,-1,-6,1,4,-3,-2,3,4,-3,-2,1,0,-1,107
12899,1,-8,-1,2,-1,0,1,2,-1,-4,-1,2,1,99
12900,-1,-8,5,4,-7,-2,7,0,-3,2,1,-2,-1,227
12901,-3,-6,3,2,-5,0,5,-2,-1,0,-1,0,1,115
12902,-1,-10,3,6,-5,-4,5,2,-5,0,3,0,-1,251
12903,1,-8,1,4,-3,-2,3,0,-3,-2,1,2,1,123
12904,-1,-4,3,0,-7,2,3,0,1,2,-1,-2,-1,99
12905,-3,-6,5,-2,-5,4,1,-2,3,0,-3,0,1,139
12906,-5,-2,1,2,-5,0,1,2,-1,0,1,0,-1,67
12907,-3,-4,3,0,-3,2,-1,0,1,-2,-1,2,1,59
12908,-1,-8,5,2,-9,0,5,-2,-1,4,1,-2,-1,227
12909,-3,-6,7,0,-7,2,3,-4,1,2,-1,0,1,179
12910,-1,-6,3,4,-7,-2,3,0,-3,2,3,0,-1,147
12911,1,-4,5,2,-5,0,1,-2,-1,0,1,2,1,83
12912,3,-4,-1,-2,-3,-2,3,4,1,0,-1,-2,-1,75
12913,1,-6,-3,0,-1,0,1,2,3,-2,-3,0,1,75
12914,-1,-6,1,0,-1,-4,1,6,-1,-2,1,0,-1,99
12915,1,-8,-1,2,1,-2,-1,4,1,-4,-1,2,1,115
12916,-1,-4,1,0,-5,-4,5,2,-1,2,1,-2,-1,99
12917,-3,-2,-1,2,-3,-2,3,0,1,0,-1,0,1,43
12918,-1,-6,3,2,-3,-6,3,4,-3,0,3,0,-1,139
12919,1,-4,1,4,-1,-4,1,2,-1,-2,1,2,1,67
12920,3,-4,-1,-4,-5,0,1,2,3,2,-1,-2,-1,91
12921,1,-6,1,-2,-3,2,-1,0,5,0,-3,0,1,91
12922,-1,-2,1,-2,-3,-2,-1,4,1,0,1,0,-1,43
12923,1,-4,3,0,-1,0,-3,2,3,-2,-1,2,1,59
12924,3,-4,1,-2,-7,-2,3,0,1,4,1,-2,-1,115
12925,1,-2,3,0,-5,0,1,-2,3,2,-1,0,1,59
12926,3,-2,3,0,-5,-4,1,2,-1,2,3,0,-1,83
12927,5,0,5,2,-3,-2,-1,0,1,0,1,2,1,75
12928,3,4,3,2,3,2,-1,0,-1,0,-1,-2,-1,59
12929,1,2,1,0,1,0,1,-2,1,-2,-3,0,1,27
12930,-1,2,1,0,1,4,-3,2,-3,-2,1,0,-1,51
12931,1,0,-1,-2,-1,2,-1,0,-1,-4,-1,2,1,35
12932,-1,0,1,0,5,0,1,-2,-3,2,1,-2,-1,51
12933,-3,2,-1,-2,3,-2,3,-4,-1,0,-1,0,1,59
12934,-1,-2,-1,-2,3,2,-1,0,-5,0,3,0,-1,59
12935,1,0,-3,-4,1,0,1,-2,-3,-2,1,2,1,51
12936,-1,0,-1,4,1,4,-3,-2,1,2,-1,-2,-1,59
12937,-3,-2,1,2,-1,2,-1,-4,3,0,-3,0,1,59
12938,-5,2,-3,2,-1,6,-5,0,-1,0,1,0,-1,107
12939,-3,0,-1,0,-3,4,-3,-2,1,-2,-1,2,1,59
12940,-1,-4,-3,2,3,2,-1,-4,-1,4,1,-2,-1,83
12941,-3,-2,-1,0,1,0,1,-6,1,2,-1,0,1,59
12942,-1,-2,-5,0,1,4,-3,-2,-3,2,3,0,-1,83
12943,1,0,-3,-2,-1,2,-1,-4,-1,0,1,2,1,43
12944,-1,0,3,-2,5,0,-3,2,1,0,-1,-2,-1,59
12945,-3,-2,1,0,3,-2,-1,0,3,-2,-3,0,1,51
12946,-5,-2,5,-4,3,2,-5,4,-1,-2,1,0,-1,131
12947,-3,-4,3,-2,1,0,-3,2,1,-4,-1,2,1,75
12948,-5,0,1,-4,7,-2,-1,0,-1,2,1,-2,-1,107
12949,-7,2,-1,-2,5,-4,1,-2,1,0,-1,0,1,107
12950,-5,-2,3,-6,5,0,-3,2,-3,0,3,0,-1,131
12951,-3,0,1,-4,3,-2,-1,0,-1,-2,1,2,1,51
12952,-1,-4,-1,0,3,2,-5,0,3,2,-1,-2,-1,75
12953,-3,-6,1,2,1,0,-3,-2,5,0,-3,0,1,99
12954,-5,-2,1,-2,1,4,-7,2,1,0,1,0,-1,107
12955,-3,-4,3,0,-1,2,-5,0,3,-2,-1,2,1,83
12956,-1,-4,-3,-2,5,0,-3,-2,1,4,1,-2,-1,91
12957,-3,-2,-1,0,3,-2,-1,-4,3,2,-1,0,1,59
12958,-1,-2,-1,-4,3,2,-5,0,-1,2,3,0,-1,75
12959,1,0,1,-2,1,0,-3,-2,1,0,1,2,1,27
12960,-1,4,-1,2,-1,0,1,2,-1,0,-1,-2,-1,35
12961,-3,2,-3,0,1,-2,3,0,1,-2,-3,0,1,51
12962,-5,2,-3,4,-3,2,-1,4,-3,-2,1,0,-1,99
12963,-3,0,-5,2,-1,0,1,2,-1,-4,-1,2,1,67
12964,-5,0,1,0,1,-2,3,0,-3,2,1,-2,-1,59
12965,-7,2,-1,-2,3,-4,5,-2,-1,0,-1,0,1,115
12966,-5,-2,-1,2,-1,0,1,2,-5,0,3,0,-1,75
12967,-3,0,-3,0,1,-2,3,0,-3,-2,1,2,1,51
12968,-5,4,-5,4,-3,2,-1,0,1,2,-1,-2,-1,107
12969,-7,2,-3,2,-1,0,1,-2,3,0,-3,0,1,91
12970,-9,6,-7,6,-5,4,-3,2,-1,0,1,0,-1,259
12971,-7,4,-5,4,-3,2,-1,0,1,-2,-1,2,1,131
12972,-5,0,-3,2,-1,0,1,-2,-1,4,1,-2,-1,67
12973,-7,2,-1,0,1,-2,3,-4,1,2,-1,0,1,91
12974,-5,2,-5,4,-3,2,-1,0,-3,2,3,0,-1,107
12975,-3,4,-3,2,-1,0,1,-2,-1,0,1,2,1,51
12976,-1,0,-1,-2,1,-2,-1,4,1,0,-1,-2,-1,35
12977,-3,-2,-3,0,3,-4,1,2,3,-2,-3,0,1,75
12978,-5,-2,1,0,-1,0,-3,6,-1,-2,1,0,-1,83
12979,-3,-4,-1,2,1,-2,-1,4,1,-4,-1,2,1,75
12980,-5,0,1,-4,3,-4,1,2,-1,2,1,-2,-1,83
12981,-7,2,-1,-2,5,-6,3,0,1,0,-1,0,1,131
12982,-5,-2,3,-2,1,-2,-1,4,-3,0,3,0,-1,83
12983,-3,0,1,0,3,-4,1,2,-1,-2,1,2,1,51
12984,-1,0,-5,0,-1,0,-3,2,3,2,-1,-2,-1,59
12985,-3,-2,-3,2,1,-2,-1,0,5,0,-3,0,1,67
12986,-5,2,-3,2,-3,2,-5,4,1,0,1,0,-1,99
12987,-3,0,-1,4,-1,0,-3,2,3,-2,-1,2,1,59
12988,-1,0,-3,-2,1,-2,-1,0,1,4,1,-2,-1,43
12989,-3,2,-1,0,3,-4,1,-2,3,2,-1,0,1,59
12990,-1,2,-1,0,-1,0,-3,2,-1,2,3,0,-1,35
12991,1,4,1,2,1,-2,-1,0,1,0,1,2,1,35
12992,3,0,3,-2,-1,2,1,0,-1,0,-1,-2,-1,35
12993,1,-2,1,-4,-3,4,3,-2,1,-2,-3,0,1,75
12994,-1,-2,1,-4,1,4,-1,2,-3,-2,1,0,-1,59
12995,1,-4,-1,-6,-1,6,1,0,-1,-4,-1,2,1,115
12996,-1,-4,1,0,1,0,3,-2,-3,2,1,-2,-1,51
12997,-3,-2,-1,-2,-1,2,5,-4,-1,0,-1,0,1,67
12998,-1,-6,-1,-2,3,2,1,0,-5,0,3,0,-1,91
12999,1,-4,-3,-4,1,4,3,-2,-3,-2,1,2,1,91
13000,-1,-4,3,0,-3,4,-1,-2,1,2,-1,-2,-1,67
13001,-3,-6,5,-2,-5,6,1,-4,3,0,-3,0,1,171
13002,-5,-2,1,-2,-1,6,-3,0,-1,0,1,0,-1,83
13003,-3,-4,3,-4,-3,8,-1,-2,1,-2,-1,2,1,139
13004,-1,-8,1,2,-1,2,1,-4,-1,4,1,-2,-1,115
13005,-3,-6,3,0,-3,4,3,-6,1,2,-1,0,1,131
13006,-1,-6,-1,0,1,4,-1,-2,-3,2,3,0,-1,83
13007,1,-4,1,-2,-1,6,1,-4,-1,0,1,2,1,83
13008,-1,0,3,-6,1,0,-1,2,1,0,-1,-2,-1,59
13009,-3,-2,1,-4,-1,2,1,0,3,-2,-3,0,1,59
13010,-5,-2,5,-8,3,2,-3,4,-1,-2,1,0,-1,163
13011,-3,-4,3,-6,1,4,-1,2,1,-4,-1,2,1,115
13012,-5,0,1,-4,3,-2,1,0,-1,2,1,-2,-1,67
13013,-7,2,-1,-2,1,0,3,-2,1,0,-1,0,1,75
13014,-5,-2,3,-6,5,0,-1,2,-3,0,3,0,-1,123
13015,-3,0,1,-4,3,2,1,0,-1,-2,1,2,1,51
13016,-1,-4,3,-4,-1,2,-3,0,3,2,-1,-2,-1,75
13017,-3,-6,5,-2,-3,4,-1,-2,5,0,-3,0,1,139
13018,-5,-2,5,-6,1,4,-5,2,1,0,1,0,-1,139
13019,-3,-4,7,-4,-1,6,-3,0,3,-2,-1,2,1,155
13020,-1,-4,1,-2,1,0,-1,-2,1,4,1,-2,-1,51
13021,-3,-2,3,0,-1,2,1,-4,3,2,-1,0,1,59
13022,-1,-2,3,-4,3,2,-3,0,-1,2,3,0,-1,67
13023,1,0,5,-2,1,4,-1,-2,1,0,1,2,1,59
13024,3,0,-1,-2,-5,0,3,2,-1,0,-1,-2,-1,59
13025,1,-2,-3,-4,-3,2,5,0,1,-2,-3,0,1,83
13026,-1,-2,-3,0,-3,2,1,4,-3,-2,1,0,-1,59
13027,1,-4,-5,-2,-1,4,3,2,-1,-4,-1,2,1,99
13028,-1,-4,1,0,-3,-2,5,0,-3,2,1,-2,-1,75
13029,-3,-2,-1,-2,-1,0,7,-2,-1,0,-1,0,1,75
13030,-1,-6,-1,2,-1,0,3,2,-5,0,3,0,-1,91
13031,1,-4,-3,0,1,2,5,0,-3,-2,1,2,1,75
13032,-1,0,-1,0,-7,2,1,0,1,2,-1,-2,-1,67
13033,-3,-2,1,-2,-5,4,3,-2,3,0,-3,0,1,91
13034,-5,2,-3,2,-5,4,-1,2,-1,0,1,0,-1,91
13035,-3,0,-1,0,-3,6,1,0,1,-2,-1,2,1,67
13036,-1,-4,1,2,-5,0,3,-2,-1,4,1,-2,-1,83
13037,-3,-2,3,0,-3,2,5,-4,1,2,-1,0,1,83
13038,-1,-2,-1,4,-3,2,1,0,-3,2,3,0,-1,59
13039,1,0,1,2,-1,4,3,-2,-1,0,1,2,1,43
13040,3,0,-1,-6,-3,-2,1,4,1,0,-1,-2,-1,83
13041,1,-2,-3,-4,-1,0,3,2,3,-2,-3,0,1,67
13042,-1,-2,1,-4,-1,0,-1,6,-1,-2,1,0,-1,67
13043,1,-4,-1,-2,1,2,1,4,1,-4,-1,2,1,67
13044,-1,0,1,-4,-1,-4,3,2,-1,2,1,-2,-1,59
13045,-3,2,-1,-2,1,-2,5,0,1,0,-1,0,1,51
13046,-1,-2,3,-2,1,-2,1,4,-3,0,3,0,-1,59
13047,1,0,1,0,3,0,3,2,-1,-2,1,2,1,35
13048,3,0,-1,-4,-5,0,-1,2,3,2,-1,-2,-1,75
13049,1,-2,1,-2,-3,2,1,0,5,0,-3,0,1,59
13050,-1,2,1,-2,-3,2,-3,4,1,0,1,0,-1,51
13051,1,0,3,0,-1,4,-1,2,3,-2,-1,2,1,51
13052,3,0,1,-2,-3,-2,1,0,1,4,1,-2,-1,51
13053,1,2,3,0,-1,0,3,-2,3,2,-1,0,1,43
13054,3,2,3,0,-1,0,-1,2,-1,2,3,0,-1,43
13055,5,4,5,2,1,2,1,0,1,0,1,2,1,83
13056,7,0,3,6,3,0,-1,-2,-1,0,-1,-2,-1,115
13057,5,-2,1,4,1,-2,-3,0,1,-2,-3,0,1,75
13058,3,-2,1,4,1,-2,1,0,-3,-2,1,0,-1,51
13059,5,-4,-1,2,-1,-4,-1,2,-1,-4,-1,2,1,91
13060,3,-4,1,4,1,2,1,-4,-3,2,1,-2,-1,83
13061,1,-2,-1,2,-1,0,-1,-2,-1,0,-1,0,1,19
13062,3,-6,-1,2,-1,0,3,-2,-5,0,3,0,-1,99
13063,5,-4,-3,0,-3,-2,1,0,-3,-2,1,2,1,83
13064,3,-4,-1,4,5,2,-3,-4,1,2,-1,-2,-1,107
13065,1,-6,1,2,3,0,-5,-2,3,0,-3,0,1,99
13066,-1,-2,-3,2,3,0,-1,-2,-1,0,1,0,-1,35
13067,1,-4,-1,0,1,-2,-3,0,1,-2,-1,2,1,43
13068,3,-8,-3,2,3,4,-1,-6,-1,4,1,-2,-1,171
13069,1,-6,-1,0,1,2,-3,-4,1,2,-1,0,1,75
13070,3,-6,-5,0,1,2,1,-4,-3,2,3,0,-1,115
13071,5,-4,-3,-2,-1,0,-1,-2,-1,0,1,2,1,67
13072,3,-4,-1,6,5,-2,-3,0,1,0,-1,-2,-1,107
13073,1,-6,-3,8,3,-4,-5,2,3,-2,-3,0,1,187
13074,-1,-6,1,4,3,-4,-1,2,-1,-2,1,0,-1,91
13075,1,-8,-1,6,1,-6,-3,4,1,-4,-1,2,1,187
13076,-1,-4,-3,4,3,0,-1,-2,-1,2,1,-2,-1,67
13077,-3,-2,-5,6,1,-2,-3,0,1,0,-1,0,1,91
13078,-1,-6,-1,2,1,-2,1,0,-3,0,3,0,-1,67
13079,1,-4,-3,4,-1,-4,-1,2,-1,-2,1,2,1,75
13080,3,-8,-5,4,7,0,-5,-2,3,2,-1,-2,-1,211
13081,1,-10,-3,6,5,-2,-7,0,5,0,-3,0,1,259
13082,-1,-6,-3,2,5,-2,-3,0,1,0,1,0,-1,91
13083,1,-8,-1,4,3,-4,-5,2,3,-2,-1,2,1,155
13084,3,-8,-7,2,5,2,-3,-4,1,4,1,-2,-1,203
13085,1,-6,-5,4,3,0,-5,-2,3,2,-1,0,1,131
13086,3,-6,-5,0,3,0,-1,-2,-1,2,3,0,-1,99
13087,5,-4,-3,2,1,-2,-3,0,1,0,1,2,1,75
13088,3,-4,3,6,-1,-2,1,0,-1,0,-1,-2,-1,83
13089,1,-6,1,4,1,-4,-1,2,1,-2,-3,0,1,91
13090,-1,-6,1,8,-3,-4,3,2,-3,-2,1,0,-1,155
13091,1,-8,-1,6,-1,-6,1,4,-1,-4,-1,2,1,179
13092,-1,-8,5,4,-3,0,3,-2,-3,2,1,-2,-1,147
13093,-3,-6,3,2,-1,-2,1,0,-1,0,-1,0,1,67
13094,-1,-10,3,6,-5,-2,5,0,-5,0,3,0,-1,235
13095,1,-8,1,4,-3,-4,3,2,-3,-2,1,2,1,139
13096,-1,-4,-1,4,1,0,-1,-2,1,2,-1,-2,-1,51
13097,-3,-6,1,2,3,-2,-3,0,3,0,-3,0,1,91
13098,-5,-2,-3,6,-1,-2,1,0,-1,0,1,0,-1,83
13099,-3,-4,-1,4,1,-4,-1,2,1,-2,-1,2,1,75
13100,-1,-8,1,2,-1,2,1,-4,-1,4,1,-2,-1,115
13101,-3,-6,3,0,1,0,-1,-2,1,2,-1,0,1,67
13102,-1,-6,-1,4,-3,0,3,-2,-3,2,3,0,-1,99
13103,1,-4,1,2,-1,-2,1,0,-1,0,1,2,1,35
13104,3,-8,-1,6,1,-4,-1,2,1,0,-1,-2,-1,139
13105,1,-10,-3,8,3,-6,-3,4,3,-2,-3,0,1,267
13106,-1,-10,1,8,-1,-6,1,4,-1,-2,1,0,-1,227
13107,1,-12,-1,10,1,-8,-1,6,1,-4,-1,2,1,371
13108,-1,-8,1,4,-1,-2,1,0,-1,2,1,-2,-1,99
13109,-3,-6,-1,6,1,-4,-1,2,1,0,-1,0,1,107
13110,-1,-10,3,6,-3,-4,3,2,-3,0,3,0,-1,203
13111,1,-8,1,8,-1,-6,1,4,-1,-2,1,2,1,195
13112,3,-8,-5,4,3,-2,-3,0,3,2,-1,-2,-1,155
13113,1,-10,-3,6,5,-4,-5,2,5,0,-3,0,1,251
13114,-1,-6,-3,6,1,-4,-1,2,1,0,1,0,-1,107
13115,1,-8,-1,8,3,-6,-3,4,3,-2,-1,2,1,219
13116,3,-8,-3,2,1,0,-1,-2,1,4,1,-2,-1,115
13117,1,-6,-1,4,3,-2,-3,0,3,2,-1,0,1,91
13118,3,-6,-1,4,-1,-2,1,0,-1,2,3,0,-1,83
13119,5,-4,1,6,1,-4,-1,2,1,0,1,2,1,107
13120,3,0,3,2,-1,0,1,-2,-1,0,-1,-2,-1,35
13121,1,-2,1,0,-3,2,-1,0,1,-2,-3,0,1,35
13122,-1,-2,1,0,1,-2,3,0,-3,-2,1,0,-1,35
13123,1,-4,-1,-2,-1,0,1,2,-1,-4,-1,2,1,51
13124,-1,-4,1,4,-3,2,3,-4,-3,2,1,-2,-1,91
13125,-3,-2,-1,2,-5,4,1,-2,-1,0,-1,0,1,67
13126,-1,-6,-1,2,-1,0,5,-2,-5,0,3,0,-1,107
13127,1,-4,-3,0,-3,2,3,0,-3,-2,1,2,1,67
13128,-1,-4,3,0,1,2,-1,-4,1,2,-1,-2,-1,59
13129,-3,-6,5,-2,-1,4,-3,-2,3,0,-3,0,1,123
13130,-5,-2,1,-2,3,0,1,-2,-1,0,1,0,-1,51
13131,-3,-4,3,-4,1,2,-1,0,1,-2,-1,2,1,67
13132,-1,-8,1,2,-1,4,1,-6,-1,4,1,-2,-1,147
13133,-3,-6,3,0,-3,6,-1,-4,1,2,-1,0,1,123
13134,-1,-6,-1,0,1,2,3,-4,-3,2,3,0,-1,91
13135,1,-4,1,-2,-1,4,1,-2,-1,0,1,2,1,51
13136,-1,0,-1,2,1,-2,-1,0,1,0,-1,-2,-1,19
13137,-3,-2,-3,4,-1,0,-3,2,3,-2,-3,0,1,75
13138,-5,-2,1,0,3,-4,1,2,-1,-2,1,0,-1,67
13139,-3,-4,-1,2,1,-2,-1,4,1,-4,-1,2,1,75
13140,-5,0,-3,4,-1,0,1,-2,-1,2,1,-2,-1,67
13141,-7,2,-5,6,-3,2,-1,0,1,0,-1,0,1,131
13142,-5,-2,-1,2,1,-2,3,0,-3,0,3,0,-1,67
13143,-3,0,-3,4,-1,0,1,2,-1,-2,1,2,1,51
13144,-1,-4,-1,0,3,0,-3,-2,3,2,-1,-2,-1,59
13145,-3,-6,1,2,1,2,-5,0,5,0,-3,0,1,115
13146,-5,-2,1,-2,5,-2,-1,0,1,0,1,0,-1,67
13147,-3,-4,3,0,3,0,-3,2,3,-2,-1,2,1,75
13148,-1,-4,-3,2,1,2,-1,-4,1,4,1,-2,-1,75
13149,-3,-2,-1,4,-1,4,-3,-2,3,2,-1,0,1,75
13150,-1,-2,-1,0,3,0,1,-2,-1,2,3,0,-1,35
13151,1,0,1,2,1,2,-1,0,1,0,1,2,1,19
13152,3,-4,3,2,-5,-2,3,0,-1,0,-1,-2,-1,83
13153,1,-6,1,0,-3,0,1,2,1,-2,-3,0,1,67
13154,-1,-6,1,4,-3,-4,5,2,-3,-2,1,0,-1,123
13155,1,-8,-1,2,-1,-2,3,4,-1,-4,-1,2,1,123
13156,-1,-8,5,4,-7,0,5,-2,-3,2,1,-2,-1,203
13157,-3,-6,3,2,-5,2,3,0,-1,0,-1,0,1,99
13158,-1,-10,3,6,-5,-2,7,0,-5,0,3,0,-1,259
13159,1,-8,1,4,-3,0,5,2,-3,-2,1,2,1,139
13160,-1,-4,3,0,-3,0,1,-2,1,2,-1,-2,-1,51
13161,-3,-6,5,-2,-1,2,-1,0,3,0,-3,0,1,99
13162,-5,-2,1,2,-1,-2,3,0,-1,0,1,0,-1,51
13163,-3,-4,3,0,1,0,1,2,1,-2,-1,2,1,51
13164,-1,-8,5,2,-5,2,3,-4,-1,4,1,-2,-1,171
13165,-3,-6,7,0,-3,4,1,-2,1,2,-1,0,1,131
13166,-1,-6,3,4,-3,0,5,-2,-3,2,3,0,-1,123
13167,1,-4,5,2,-1,2,3,0,-1,0,1,2,1,67
13168,3,-4,-1,2,-3,-4,1,2,1,0,-1,-2,-1,67
13169,1,-6,-3,4,-1,-2,-1,4,3,-2,-3,0,1,107
13170,-1,-6,1,4,-1,-6,3,4,-1,-2,1,0,-1,123
13171,1,-8,-1,6,1,-4,1,6,1,-4,-1,2,1,179
13172,-1,-4,1,4,-5,-2,3,0,-1,2,1,-2,-1,83
13173,-3,-2,-1,6,-3,0,1,2,1,0,-1,0,1,67
13174,-1,-6,3,6,-3,-4,5,2,-3,0,3,0,-1,155
13175,1,-4,1,8,-1,-2,3,4,-1,-2,1,2,1,123
13176,3,-4,-1,0,-1,-2,-1,0,3,2,-1,-2,-1,51
13177,1,-6,1,2,1,0,-3,2,5,0,-3,0,1,91
13178,-1,-2,1,2,1,-4,1,2,1,0,1,0,-1,35
13179,1,-4,3,4,3,-2,-1,4,3,-2,-1,2,1,91
13180,3,-4,1,2,-3,0,1,-2,1,4,1,-2,-1,67
13181,1,-2,3,4,-1,2,-1,0,3,2,-1,0,1,51
13182,3,-2,3,4,-1,-2,3,0,-1,2,3,0,-1,67
13183,5,0,5,6,1,0,1,2,1,0,1,2,1,99
13184,7,0,-1,2,3,0,-3,-2,-1,0,-1,-2,-1,83
13185,5,-2,-3,0,1,-2,-1,0,1,-2,-3,0,1,59
13186,3,-2,-3,0,1,2,-1,0,-3,-2,1,0,-1,43
13187,5,-4,-5,-2,-1,0,1,2,-1,-4,-1,2,1,99
13188,3,-4,-3,0,5,2,-1,-4,-3,2,1,-2,-1,99
13189,1,-2,-5,-2,3,0,1,-2,-1,0,-1,0,1,51
13190,3,-6,-5,-2,3,4,1,-2,-5,0,3,0,-1,139
13191,5,-4,-7,-4,1,2,3,0,-3,-2,1,2,1,139
13192,3,-4,-5,4,5,2,-5,-4,1,2,-1,-2,-1,147
13193,1,-6,-3,2,3,0,-3,-2,3,0,-3,0,1,91
13194,-1,-2,-7,2,3,4,-3,-2,-1,0,1,0,-1,99
13195,1,-4,-5,0,1,2,-1,0,1,-2,-1,2,1,59
13196,3,-8,-7,2,7,4,-3,-6,-1,4,1,-2,-1,259
13197,1,-6,-5,0,5,2,-1,-4,1,2,-1,0,1,115
13198,3,-6,-9,0,5,6,-1,-4,-3,2,3,0,-1,227
13199,5,-4,-7,-2,3,4,1,-2,-1,0,1,2,1,131
13200,3,-4,-1,2,5,-2,-5,0,1,0,-1,-2,-1,91
13201,1,-6,-3,4,3,-4,-3,2,3,-2,-3,0,1,123
13202,-1,-6,1,0,3,0,-3,2,-1,-2,1,0,-1,67
13203,1,-8,-1,2,1,-2,-1,4,1,-4,-1,2,1,115
13204,-1,-4,-3,0,7,0,-3,-2,-1,2,1,-2,-1,99
13205,-3,-2,-5,2,5,-2,-1,0,1,0,-1,0,1,75
13206,-1,-6,-1,-2,5,2,-1,0,-3,0,3,0,-1,91
13207,1,-4,-3,0,3,0,1,2,-1,-2,1,2,1,51
13208,3,-8,-5,4,7,0,-7,-2,3,2,-1,-2,-1,235
13209,1,-10,-3,6,5,-2,-5,0,5,0,-3,0,1,235
13210,-1,-6,-3,2,5,2,-5,0,1,0,1,0,-1,107
13211,1,-8,-1,4,3,0,-3,2,3,-2,-1,2,1,123
13212,3,-8,-7,2,9,2,-5,-4,1,4,1,-2,-1,275
13213,1,-6,-5,4,7,0,-3,-2,3,2,-1,0,1,155
13214,3,-6,-5,0,7,4,-3,-2,-1,2,3,0,-1,163
13215,5,-4,-3,2,5,2,-1,0,1,0,1,2,1,91
13216,3,0,-1,2,-1,-2,-1,0,-1,0,-1,-2,-1,27
13217,1,-2,-3,0,1,-4,1,2,1,-2,-3,0,1,51
13218,-1,-2,-3,4,-3,0,1,2,-3,-2,1,0,-1,59
13219,1,-4,-5,2,-1,-2,3,4,-1,-4,-1,2,1,99
13220,-1,-4,1,0,1,0,1,-2,-3,2,1,-2,-1,43
13221,-3,-2,-1,-2,3,-2,3,0,-1,0,-1,0,1,43
13222,-1,-6,-1,2,-1,2,3,0,-5,0,3,0,-1,91
13223,1,-4,-3,0,1,0,5,2,-3,-2,1,2,1,75
13224,-1,0,-5,4,1,0,-3,-2,1,2,-1,-2,-1,67
13225,-3,-2,-3,2,3,-2,-1,0,3,0,-3,0,1,59
13226,-5,2,-7,6,-1,2,-1,0,-1,0,1,0,-1,123
13227,-3,0,-5,4,1,0,1,2,1,-2,-1,2,1,67
13228,-1,-4,-3,2,3,2,-1,-4,-1,4,1,-2,-1,83
13229,-3,-2,-1,0,5,0,1,-2,1,2,-1,0,1,51
13230,-1,-2,-5,4,1,4,1,-2,-3,2,3,0,-1,91
13231,1,0,-3,2,3,2,3,0,-1,0,1,2,1,43
13232,3,-4,-1,2,1,-4,-3,2,1,0,-1,-2,-1,67
13233,1,-6,-3,4,3,-6,-1,4,3,-2,-3,0,1,147
13234,-1,-6,1,4,-1,-2,-1,4,-1,-2,1,0,-1,83
13235,1,-8,-1,6,1,-4,1,6,1,-4,-1,2,1,179
13236,-1,-4,1,0,3,-2,-1,0,-1,2,1,-2,-1,43
13237,-3,-2,-1,2,5,-4,1,2,1,0,-1,0,1,67
13238,-1,-6,3,2,1,0,1,2,-3,0,3,0,-1,75
13239,1,-4,1,4,3,-2,3,4,-1,-2,1,2,1,83
13240,3,-4,-5,4,3,-2,-5,0,3,2,-1,-2,-1,123
13241,1,-6,-3,6,5,-4,-3,2,5,0,-3,0,1,171
13242,-1,-2,-3,6,1,0,-3,2,1,0,1,0,-1,67
13243,1,-4,-1,8,3,-2,-1,4,3,-2,-1,2,1,131
13244,3,-4,-3,2,5,0,-3,-2,1,4,1,-2,-1,99
13245,1,-2,-1,4,7,-2,-1,0,3,2,-1,0,1,91
13246,3,-2,-1,4,3,2,-1,0,-1,2,3,0,-1,59
13247,5,0,1,6,5,0,1,2,1,0,1,2,1,99
13248,7,0,-1,-2,-1,0,-1,-2,-1,0,-1,-2,-1,67
13249,5,-2,-3,-4,-3,2,1,0,1,-2,-3,0,1,83
13250,3,-2,-3,-4,1,2,1,0,-3,-2,1,0,-1,59
13251,5,-4,-5,-6,-1,4,3,2,-1,-4,-1,2,1,155
13252,3,-4,-3,0,1,2,1,-4,-3,2,1,-2,-1,75
13253,1,-2,-5,-2,-1,4,3,-2,-1,0,-1,0,1,67
13254,3,-6,-5,-2,3,4,3,-2,-5,0,3,0,-1,147
13255,5,-4,-7,-4,1,6,5,0,-3,-2,1,2,1,187
13256,3,-4,-1,0,1,2,-3,-4,1,2,-1,-2,-1,67
13257,1,-6,1,-2,-1,4,-1,-2,3,0,-3,0,1,83
13258,-1,-2,-3,-2,3,4,-1,-2,-1,0,1,0,-1,51
13259,1,-4,-1,-4,1,6,1,0,1,-2,-1,2,1,83
13260,3,-8,-3,2,3,4,-1,-6,-1,4,1,-2,-1,171
13261,1,-6,-1,0,1,6,1,-4,1,2,-1,0,1,99
13262,3,-6,-5,0,5,6,1,-4,-3,2,3,0,-1,171
13263,5,-4,-3,-2,3,8,3,-2,-1,0,1,2,1,147
13264,3,0,-1,-2,1,-2,-3,0,1,0,-1,-2,-1,35
13265,1,-2,-3,0,-1,0,-1,2,3,-2,-3,0,1,43
13266,-1,-2,1,-4,3,0,-1,2,-1,-2,1,0,-1,43
13267,1,-4,-1,-2,1,2,1,4,1,-4,-1,2,1,67
13268,-1,0,-3,0,3,0,-1,-2,-1,2,1,-2,-1,35
13269,-3,2,-5,2,1,2,1,0,1,0,-1,0,1,51
13270,-1,-2,-1,-2,5,2,1,0,-3,0,3,0,-1,59
13271,1,0,-3,0,3,4,3,2,-1,-2,1,2,1,59
13272,3,-4,-1,0,3,0,-5,-2,3,2,-1,-2,-1,83
13273,1,-6,1,2,1,2,-3,0,5,0,-3,0,1,91
13274,-1,-2,1,-2,5,2,-3,0,1,0,1,0,-1,51
13275,1,-4,3,0,3,4,-1,2,3,-2,-1,2,1,75
13276,3,-4,-3,2,5,2,-3,-4,1,4,1,-2,-1,115
13277,1,-2,-1,4,3,4,-1,-2,3,2,-1,0,1,67
13278,3,-2,-1,0,7,4,-1,-2,-1,2,3,0,-1,99
13279,5,0,1,2,5,6,1,0,1,0,1,2,1,99
13280,7,0,-1,-2,-5,-2,1,0,-1,0,-1,-2,-1,91
13281,5,-2,-3,-4,-3,0,3,2,1,-2,-3,0,1,91
13282,3,-2,-3,0,-3,0,3,2,-3,-2,1,0,-1,59
13283,5,-4,-5,-2,-1,2,5,4,-1,-4,-1,2,1,139
13284,3,-4,1,0,-3,0,3,-2,-3,2,1,-2,-1,67
13285,1,-2,-1,-2,-1,2,5,0,-1,0,-1,0,1,43
13286,3,-6,-1,2,-1,2,5,0,-5,0,3,0,-1,115
13287,5,-4,-3,0,1,4,7,2,-3,-2,1,2,1,139
13288,3,0,-1,0,-3,0,-1,-2,1,2,-1,-2,-1,35
13289,1,-2,1,-2,-1,2,1,0,3,0,-3,0,1,35
13290,-1,2,-3,2,-1,2,1,0,-1,0,1,0,-1,27
13291,1,0,-1,0,1,4,3,2,1,-2,-1,2,1,43
13292,3,-4,1,2,-1,2,1,-4,-1,4,1,-2,-1,75
13293,1,-2,3,0,1,4,3,-2,1,2,-1,0,1,51
13294,3,-2,-1,4,1,4,3,-2,-3,2,3,0,-1,83
13295,5,0,1,2,3,6,5,0,-1,0,1,2,1,107
13296,7,0,-1,-2,-3,-4,-1,2,1,0,-1,-2,-1,91
13297,5,-2,-3,0,-1,-2,1,4,3,-2,-3,0,1,83
13298,3,-2,1,0,-1,-2,1,4,-1,-2,1,0,-1,43
13299,5,-4,-1,2,1,0,3,6,1,-4,-1,2,1,115
13300,3,0,1,0,-1,-2,1,0,-1,2,1,-2,-1,27
13301,1,2,-1,2,1,0,3,2,1,0,-1,0,1,27
13302,3,-2,3,2,1,0,3,2,-3,0,3,0,-1,59
13303,5,0,1,4,3,2,5,4,-1,-2,1,2,1,107
13304,7,0,-1,0,-1,-2,-3,0,3,2,-1,-2,-1,83
13305,5,-2,1,2,1,0,-1,2,5,0,-3,0,1,75
13306,3,2,1,2,1,0,-1,2,1,0,1,0,-1,27
13307,5,0,3,4,3,2,1,4,3,-2,-1,2,1,99
13308,7,0,1,2,1,0,-1,-2,1,4,1,-2,-1,83
13309,5,2,3,4,3,2,1,0,3,2,-1,0,1,83
13310,7,2,3,4,3,2,1,0,-1,2,3,0,-1,107
13311,9,4,5,6,5,4,3,2,1,0,1,2,1,219
13312,7,8,7,4,3,2,1,0,-1,-2,-1,-2,-1,203
13313,5,6,5,2,1,0,-1,-2,-3,0,-3,0,1,115
13314,3,6,5,2,1,0,-1,-2,1,-4,1,0,-1,99
13315,5,4,3,0,-1,-2,-3,-4,-1,-2,-1,2,1,91
13316,3,4,5,2,1,0,-1,2,-3,0,1,-2,-1,75
13317,1,6,3,0,-1,-2,-3,0,-5,2,-1,0,1,91
13318,3,2,3,0,-1,-2,-3,0,-1,-2,3,0,-1,51
13319,5,4,1,-2,-3,-4,-5,-2,-3,0,1,2,1,115
13320,3,4,3,2,1,0,3,-2,1,0,-1,-2,-1,59
13321,1,2,5,0,-1,-2,1,-4,-1,2,-3,0,1,67
13322,-1,6,1,0,-1,-2,1,-4,3,-2,1,0,-1,75
13323,1,4,3,-2,-3,-4,-1,-6,1,0,-1,2,1,99
13324,3,0,1,0,-1,-2,1,0,-1,2,1,-2,-1,27
13325,1,2,3,-2,-3,-4,-1,-2,-3,4,-1,0,1,75
13326,3,2,-1,-2,-3,-4,-1,-2,1,0,3,0,-1,59
13327,5,4,1,-4,-5,-6,-3,-4,-1,2,1,2,1,155
13328,3,4,3,0,1,4,-1,2,1,-2,-1,-2,-1,67
13329,1,2,1,2,-1,2,-3,0,-1,0,-3,0,1,35
13330,-1,2,5,-2,-1,2,-3,0,3,-4,1,0,-1,75
13331,1,0,3,0,-3,0,-5,-2,1,-2,-1,2,1,59
13332,-1,4,1,-2,-1,2,-3,4,-1,0,1,-2,-1,59
13333,-3,6,-1,0,-3,0,-5,2,-3,2,-1,0,1,99
13334,-1,2,3,-4,-3,0,-5,2,1,-2,3,0,-1,83
13335,1,4,1,-2,-5,-2,-7,0,-1,0,1,2,1,107
13336,3,0,-1,-2,-1,2,1,0,3,0,-1,-2,-1,35
13337,1,-2,1,0,-3,0,-1,-2,1,2,-3,0,1,35
13338,-1,2,1,-4,-3,0,-1,-2,5,-2,1,0,-1,67
13339,1,0,3,-2,-5,-2,-3,-4,3,0,-1,2,1,83
13340,3,0,-3,-4,-3,0,-1,2,1,2,1,-2,-1,59
13341,1,2,-1,-2,-5,-2,-3,0,-1,4,-1,0,1,67
13342,3,2,-1,-6,-5,-2,-3,0,3,0,3,0,-1,107
13343,5,4,1,-4,-7,-4,-5,-2,1,2,1,2,1,163
13344,3,4,3,0,3,0,3,2,-1,-2,-1,-2,-1,67
13345,1,2,1,-2,5,-2,1,0,-3,0,-3,0,1,59
13346,-1,2,1,2,1,-2,1,0,1,-4,1,0,-1,35
13347,1,0,-1,0,3,-4,-1,-2,-1,-2,-1,2,1,43
13348,-1,0,5,-2,1,-2,1,4,-3,0,1,-2,-1,67
13349,-3,2,3,-4,3,-4,-1,2,-5,2,-1,0,1,99
13350,-1,-2,3,0,-1,-4,-1,2,-1,-2,3,0,-1,51
13351,1,0,1,-2,1,-6,-3,0,-3,0,1,2,1,67
13352,-1,4,-1,-2,1,-2,5,0,1,0,-1,-2,-1,59
13353,-3,2,1,-4,3,-4,3,-2,-1,2,-3,0,1,83
13354,-5,6,-3,0,-1,-4,3,-2,3,-2,1,0,-1,115
13355,-3,4,-1,-2,1,-6,1,-4,1,0,-1,2,1,91
13356,-1,0,1,-4,-1,-4,3,2,-1,2,1,-2,-1,59
13357,-3,2,3,-6,1,-6,1,0,-3,4,-1,0,1,123
13358,-1,2,-1,-2,-3,-6,1,0,1,0,3,0,-1,67
13359,1,4,1,-4,-1,-8,-1,-2,-1,2,1,2,1,115
13360,3,0,-1,-4,1,2,1,4,1,-2,-1,-2,-1,59
13361,1,-2,-3,-2,3,0,-1,2,-1,0,-3,0,1,43
13362,-1,-2,1,-2,-1,0,-1,2,3,-4,1,0,-1,43
13363,1,-4,-1,0,1,-2,-3,0,1,-2,-1,2,1,43
13364,-1,0,1,-6,-1,0,-1,6,-1,0,1,-2,-1,83
13365,-3,2,-1,-4,1,-2,-3,4,-3,2,-1,0,1,75
13366,-1,-2,3,-4,-3,-2,-3,4,1,-2,3,0,-1,83
13367,1,0,1,-2,-1,-4,-5,2,-1,0,1,2,1,59
13368,3,0,-5,-6,-1,0,3,2,3,0,-1,-2,-1,99
13369,1,-2,-3,-4,1,-2,1,0,1,2,-3,0,1,51
13370,-1,2,-3,-4,-3,-2,1,0,5,-2,1,0,-1,75
13371,1,0,-1,-2,-1,-4,-1,-2,3,0,-1,2,1,43
13372,3,0,-3,-8,-3,-2,1,4,1,2,1,-2,-1,123
13373,1,2,-1,-6,-1,-4,-1,2,-1,4,-1,0,1,83
13374,3,2,-1,-6,-5,-4,-1,2,3,0,3,0,-1,115
13375,5,4,1,-4,-3,-6,-3,0,1,2,1,2,1,123
13376,3,4,3,4,-1,2,3,0,-1,-2,-1,-2,-1,75
13377,1,2,1,2,-3,4,1,-2,-3,0,-3,0,1,59
13378,-1,2,1,2,1,0,1,-2,1,-4,1,0,-1,35
13379,1,0,-1,0,-1,2,-1,-4,-1,-2,-1,2,1,35
13380,-1,0,1,6,-3,0,1,2,-3,0,1,-2,-1,67
13381,-3,2,-1,4,-5,2,-1,0,-5,2,-1,0,1,91
13382,-1,-2,-1,4,-1,-2,-1,0,-1,-2,3,0,-1,43
13383,1,0,-3,2,-3,0,-3,-2,-3,0,1,2,1,51
13384,-1,0,3,2,-3,0,5,-2,1,0,-1,-2,-1,59
13385,-3,-2,5,0,-5,2,3,-4,-1,2,-3,0,1,107
13386,-5,2,1,0,-1,-2,3,-4,3,-2,1,0,-1,75
13387,-3,0,3,-2,-3,0,1,-6,1,0,-1,2,1,75
13388,-1,-4,1,4,-5,-2,3,0,-1,2,1,-2,-1,83
13389,-3,-2,3,2,-7,0,1,-2,-3,4,-1,0,1,107
13390,-1,-2,-1,2,-3,-4,1,-2,1,0,3,0,-1,51
13391,1,0,1,0,-5,-2,-1,-4,-1,2,1,2,1,59
13392,-1,4,-1,0,-3,4,1,2,1,-2,-1,-2,-1,59
13393,-3,2,-3,2,-5,6,-1,0,-1,0,-3,0,1,99
13394,-5,2,1,-2,-1,2,-1,0,3,-4,1,0,-1,67
13395,-3,0,-1,0,-3,4,-3,-2,1,-2,-1,2,1,59
13396,-5,4,-3,2,-5,2,-1,4,-1,0,1,-2,-1,107
13397,-7,6,-5,4,-7,4,-3,2,-3,2,-1,0,1,219
13398,-5,2,-1,0,-3,0,-3,2,1,-2,3,0,-1,67
13399,-3,4,-3,2,-5,2,-5,0,-1,0,1,2,1,99
13400,-1,0,-1,-2,-5,2,3,0,3,0,-1,-2,-1,59
13401,-3,-2,1,0,-7,4,1,-2,1,2,-3,0,1,99
13402,-5,2,1,-4,-3,0,1,-2,5,-2,1,0,-1,91
13403,-3,0,3,-2,-5,2,-1,-4,3,0,-1,2,1,83
13404,-1,0,-3,0,-7,0,1,2,1,2,1,-2,-1,75
13405,-3,2,-1,2,-9,2,-1,0,-1,4,-1,0,1,123
13406,-1,2,-1,-2,-5,-2,-1,0,3,0,3,0,-1,59
13407,1,4,1,0,-7,0,-3,-2,1,2,1,2,1,91
13408,3,0,-1,0,-1,0,5,2,-1,-2,-1,-2,-1,51
13409,1,-2,-3,-2,1,2,3,0,-3,0,-3,0,1,51
13410,-1,-2,-3,2,1,-2,3,0,1,-4,1,0,-1,51
13411,1,-4,-5,0,3,0,1,-2,-1,-2,-1,2,1,67
13412,-1,-4,1,2,-3,-2,3,4,-3,0,1,-2,-1,75
13413,-3,-2,-1,0,-1,0,1,2,-5,2,-1,0,1,51
13414,-1,-6,-1,4,-1,-4,1,2,-1,-2,3,0,-1,91
13415,1,-4,-3,2,1,-2,-1,0,-3,0,1,2,1,51
13416,-1,0,-1,-2,-3,-2,7,0,1,0,-1,-2,-1,75
13417,-3,-2,1,-4,-1,0,5,-2,-1,2,-3,0,1,75
13418,-5,2,-3,0,-1,-4,5,-2,3,-2,1,0,-1,99
13419,-3,0,-1,-2,1,-2,3,-4,1,0,-1,2,1,51
13420,-1,-4,1,0,-5,-4,5,2,-1,2,1,-2,-1,99
13421,-3,-2,3,-2,-3,-2,3,0,-3,4,-1,0,1,75
13422,-1,-2,-1,2,-3,-6,3,0,1,0,3,0,-1,75
13423,1,0,1,0,-1,-4,1,-2,-1,2,1,2,1,35
13424,3,0,-5,-4,-3,2,3,4,1,-2,-1,-2,-1,99
13425,1,-2,-7,-2,-1,4,1,2,-1,0,-3,0,1,91
13426,-1,-2,-3,-2,-1,0,1,2,3,-4,1,0,-1,51
13427,1,-4,-5,0,1,2,-1,0,1,-2,-1,2,1,59
13428,-1,0,-3,-2,-5,0,1,6,-1,0,1,-2,-1,83
13429,-3,2,-5,0,-3,2,-1,4,-3,2,-1,0,1,83
13430,-1,-2,-1,0,-3,-2,-1,4,1,-2,3,0,-1,51
13431,1,0,-3,2,-1,0,-3,2,-1,0,1,2,1,35
13432,3,0,-5,-6,-5,0,5,2,3,0,-1,-2,-1,139
13433,1,-2,-3,-4,-3,2,3,0,1,2,-3,0,1,67
13434,-1,2,-3,-4,-3,-2,3,0,5,-2,1,0,-1,83
13435,1,0,-1,-2,-1,0,1,-2,3,0,-1,2,1,27
13436,3,0,-3,-4,-7,-2,3,4,1,2,1,-2,-1,123
13437,1,2,-1,-2,-5,0,1,2,-1,4,-1,0,1,59
13438,3,2,-1,-2,-5,-4,1,2,3,0,3,0,-1,83
13439,5,4,1,0,-3,-2,-1,0,1,2,1,2,1,67
13440,3,4,7,0,3,2,-1,0,-1,-2,-1,-2,-1,99
13441,1,2,5,-2,1,0,1,-2,-3,0,-3,0,1,59
13442,-1,2,5,-2,1,4,-3,-2,1,-4,1,0,-1,83
13443,1,0,3,-4,-1,2,-1,-4,-1,-2,-1,2,1,59
13444,-1,0,5,-2,5,0,-3,2,-3,0,1,-2,-1,83
13445,-3,2,3,-4,3,-2,-1,0,-5,2,-1,0,1,83
13446,-1,-2,3,-4,3,2,-5,0,-1,-2,3,0,-1,83
13447,1,0,1,-6,1,0,-3,-2,-3,0,1,2,1,67
13448,-1,0,3,2,1,0,1,-2,1,0,-1,-2,-1,27
13449,-3,-2,5,0,-1,-2,3,-4,-1,2,-3,0,1,83
13450,-5,2,1,0,-1,2,-1,-4,3,-2,1,0,-1,67
13451,-3,0,3,-2,-3,0,1,-6,1,0,-1,2,1,75
13452,-1,-4,1,0,3,-2,-1,0,-1,2,1,-2,-1,43
13453,-3,-2,3,-2,1,-4,1,-2,-3,4,-1,0,1,75
13454,-1,-2,-1,-2,1,0,-3,-2,1,0,3,0,-1,35
13455,1,0,1,-4,-1,-2,-1,-4,-1,2,1,2,1,51
13456,-1,0,7,-4,1,4,-3,2,1,-2,-1,-2,-1,107
13457,-3,-2,5,-2,-1,2,-1,0,-1,0,-3,0,1,59
13458,-5,-2,9,-6,-1,6,-5,0,3,-4,1,0,-1,235
13459,-3,-4,7,-4,-3,4,-3,-2,1,-2,-1,2,1,139
13460,-5,0,5,-6,3,2,-5,4,-1,0,1,-2,-1,147
13461,-7,2,3,-4,1,0,-3,2,-3,2,-1,0,1,107
13462,-5,-2,7,-8,1,4,-7,2,1,-2,3,0,-1,227
13463,-3,0,5,-6,-1,2,-5,0,-1,0,1,2,1,107
13464,-1,-4,3,-2,-1,2,-1,0,3,0,-1,-2,-1,51
13465,-3,-6,5,0,-3,0,1,-2,1,2,-3,0,1,99
13466,-5,-2,5,-4,-3,4,-3,-2,5,-2,1,0,-1,139
13467,-3,-4,7,-2,-5,2,-1,-4,3,0,-1,2,1,139
13468,-1,-4,1,-4,1,0,-3,2,1,2,1,-2,-1,59
13469,-3,-2,3,-2,-1,-2,-1,0,-1,4,-1,0,1,51
13470,-1,-2,3,-6,-1,2,-5,0,3,0,3,0,-1,99
13471,1,0,5,-4,-3,0,-3,-2,1,2,1,2,1,75
13472,-1,4,3,-4,3,0,1,2,-1,-2,-1,-2,-1,67
13473,-3,2,1,-6,5,-2,3,0,-3,0,-3,0,1,107
13474,-5,2,1,-2,1,2,-1,0,1,-4,1,0,-1,59
13475,-3,0,-1,-4,3,0,1,-2,-1,-2,-1,2,1,51
13476,-5,0,5,-6,5,-2,-1,4,-3,0,1,-2,-1,147
13477,-7,2,3,-8,7,-4,1,2,-5,2,-1,0,1,227
13478,-5,-2,3,-4,3,0,-3,2,-1,-2,3,0,-1,91
13479,-3,0,1,-6,5,-2,-1,0,-3,0,1,2,1,91
13480,-5,4,-1,-2,1,-2,3,0,1,0,-1,-2,-1,67
13481,-7,2,1,-4,3,-4,5,-2,-1,2,-3,0,1,139
13482,-9,6,-3,0,-1,0,1,-2,3,-2,1,0,-1,147
13483,-7,4,-1,-2,1,-2,3,-4,1,0,-1,2,1,107
13484,-5,0,1,-4,3,-4,1,2,-1,2,1,-2,-1,83
13485,-7,2,3,-6,5,-6,3,0,-3,4,-1,0,1,195
13486,-5,2,-1,-2,1,-2,-1,0,1,0,3,0,-1,51
13487,-3,4,1,-4,3,-4,1,-2,-1,2,1,2,1,83
13488,-1,0,3,-8,1,2,-1,4,1,-2,-1,-2,-1,107
13489,-3,-2,1,-6,3,0,1,2,-1,0,-3,0,1,75
13490,-5,-2,5,-6,-1,4,-3,2,3,-4,1,0,-1,147
13491,-3,-4,3,-4,1,2,-1,0,1,-2,-1,2,1,67
13492,-5,0,5,-10,3,0,-3,6,-1,0,1,-2,-1,211
13493,-7,2,3,-8,5,-2,-1,4,-3,2,-1,0,1,187
13494,-5,-2,7,-8,1,2,-5,4,1,-2,3,0,-1,203
13495,-3,0,5,-6,3,0,-3,2,-1,0,1,2,1,99
13496,-1,0,-1,-6,-1,0,1,2,3,0,-1,-2,-1,59
13497,-3,-2,1,-4,1,-2,3,0,1,2,-3,0,1,59
13498,-5,2,1,-4,-3,2,-1,0,5,-2,1,0,-1,91
13499,-3,0,3,-2,-1,0,1,-2,3,0,-1,2,1,43
13500,-1,0,1,-8,1,-2,-1,4,1,2,1,-2,-1,99
13501,-3,2,3,-6,3,-4,1,2,-1,4,-1,0,1,107
13502,-1,2,3,-6,-1,0,-3,2,3,0,3,0,-1,83
13503,1,4,5,-4,1,-2,-1,0,1,2,1,2,1,75
13504,3,0,3,0,-1,2,1,0,-1,-2,-1,-2,-1,35
13505,1,-2,1,-2,-3,4,3,-2,-3,0,-3,0,1,67
13506,-1,-2,1,-2,1,4,-1,-2,1,-4,1,0,-1,51
13507,1,-4,-1,-4,-1,6,1,-4,-1,-2,-1,2,1,99
13508,-1,-4,1,2,1,0,-1,2,-3,0,1,-2,-1,43
13509,-3,-2,-1,0,-1,2,1,0,-5,2,-1,0,1,51
13510,-1,-6,-1,0,3,2,-3,0,-1,-2,3,0,-1,75
13511,1,-4,-3,-2,1,4,-1,-2,-3,0,1,2,1,67
13512,-1,-4,3,2,-3,0,3,-2,1,0,-1,-2,-1,59
13513,-3,-6,5,0,-5,2,5,-4,-1,2,-3,0,1,155
13514,-5,-2,1,0,-1,2,1,-4,3,-2,1,0,-1,67
13515,-3,-4,3,-2,-3,4,3,-6,1,0,-1,2,1,115
13516,-1,-8,1,4,-1,-2,1,0,-1,2,1,-2,-1,99
13517,-3,-6,3,2,-3,0,3,-2,-3,4,-1,0,1,107
13518,-1,-6,-1,2,1,0,-1,-2,1,0,3,0,-1,59
13519,1,-4,1,0,-1,2,1,-4,-1,2,1,2,1,51
13520,-1,0,3,-4,-3,4,-1,2,1,-2,-1,-2,-1,67
13521,-3,-2,1,-2,-5,6,1,0,-1,0,-3,0,1,91
13522,-5,-2,5,-6,-1,6,-3,0,3,-4,1,0,-1,163
13523,-3,-4,3,-4,-3,8,-1,-2,1,-2,-1,2,1,139
13524,-5,0,1,-2,-1,2,-3,4,-1,0,1,-2,-1,67
13525,-7,2,-1,0,-3,4,-1,2,-3,2,-1,0,1,99
13526,-5,-2,3,-4,1,4,-5,2,1,-2,3,0,-1,115
13527,-3,0,1,-2,-1,6,-3,0,-1,0,1,2,1,67
13528,-1,-4,3,-2,-5,2,1,0,3,0,-1,-2,-1,75
13529,-3,-6,5,0,-7,4,3,-2,1,2,-3,0,1,163
13530,-5,-2,5,-4,-3,4,-1,-2,5,-2,1,0,-1,131
13531,-3,-4,7,-2,-5,6,1,-4,3,0,-1,2,1,171
13532,-1,-4,1,0,-3,0,-1,2,1,2,1,-2,-1,43
13533,-3,-2,3,2,-5,2,1,0,-1,4,-1,0,1,75
13534,-1,-2,3,-2,-1,2,-3,0,3,0,3,0,-1,51
13535,1,0,5,0,-3,4,-1,-2,1,2,1,2,1,67
13536,3,0,-1,-4,-1,0,3,2,-1,-2,-1,-2,-1,51
13537,1,-2,-3,-6,1,2,5,0,-3,0,-3,0,1,99
13538,-1,-2,-3,-2,1,2,1,0,1,-4,1,0,-1,43
13539,1,-4,-5,-4,3,4,3,-2,-1,-2,-1,2,1,107
13540,-1,-4,1,-2,1,-2,1,4,-3,0,1,-2,-1,59
13541,-3,-2,-1,-4,3,0,3,2,-5,2,-1,0,1,83
13542,-1,-6,-1,0,3,0,-1,2,-1,-2,3,0,-1,67
13543,1,-4,-3,-2,5,2,1,0,-3,0,1,2,1,75
13544,-1,0,-1,-2,-3,-2,5,0,1,0,-1,-2,-1,51
13545,-3,-2,1,-4,-1,0,7,-2,-1,2,-3,0,1,99
13546,-5,2,-3,0,-1,0,3,-2,3,-2,1,0,-1,67
13547,-3,0,-1,-2,1,2,5,-4,1,0,-1,2,1,67
13548,-1,-4,1,0,-1,-4,3,2,-1,2,1,-2,-1,59
13549,-3,-2,3,-2,1,-2,5,0,-3,4,-1,0,1,83
13550,-1,-2,-1,2,1,-2,1,0,1,0,3,0,-1,27
13551,1,0,1,0,3,0,3,-2,-1,2,1,2,1,35
13552,3,0,-1,-8,-3,2,1,4,1,-2,-1,-2,-1,115
13553,1,-2,-3,-6,-1,4,3,2,-1,0,-3,0,1,91
13554,-1,-2,1,-6,-1,4,-1,2,3,-4,1,0,-1,91
13555,1,-4,-1,-4,1,6,1,0,1,-2,-1,2,1,83
13556,-1,0,1,-6,-1,0,-1,6,-1,0,1,-2,-1,83
13557,-3,2,-1,-4,1,2,1,4,-3,2,-1,0,1,67
13558,-1,-2,3,-4,1,2,-3,4,1,-2,3,0,-1,75
13559,1,0,1,-2,3,4,-1,2,-1,0,1,2,1,43
13560,3,0,-1,-6,-5,0,3,2,3,0,-1,-2,-1,99
13561,1,-2,1,-4,-3,2,5,0,1,2,-3,0,1,75
13562,-1,2,1,-4,-3,2,1,0,5,-2,1,0,-1,67
13563,1,0,3,-2,-1,4,3,-2,3,0,-1,2,1,59
13564,3,0,1,-4,-3,-2,1,4,1,2,1,-2,-1,67
13565,1,2,3,-2,-1,0,3,2,-1,4,-1,0,1,51
13566,3,2,3,-2,-1,0,-1,2,3,0,3,0,-1,51
13567,5,4,5,0,1,2,1,0,1,2,1,2,1,83
13568,3,8,3,4,3,0,-1,-2,-1,-2,-1,-2,-1,123
13569,1,6,1,2,1,-2,-3,0,-3,0,-3,0,1,75
13570,-1,6,1,2,1,-2,1,-4,1,-4,1,0,-1,83
13571,1,4,-1,0,-1,-4,-1,-2,-1,-2,-1,2,1,51
13572,-1,4,1,2,1,2,-3,0,-3,0,1,-2,-1,51
13573,-3,6,-1,0,-1,0,-5,2,-5,2,-1,0,1,107
13574,-1,2,-1,0,-1,0,-1,-2,-1,-2,3,0,-1,27
13575,1,4,-3,-2,-3,-2,-3,0,-3,0,1,2,1,67
13576,-1,4,-1,2,5,-2,1,-4,1,0,-1,-2,-1,75
13577,-3,2,1,0,3,-4,-1,-2,-1,2,-3,0,1,59
13578,-5,6,-3,0,3,-4,3,-6,3,-2,1,0,-1,155
13579,-3,4,-1,-2,1,-6,1,-4,1,0,-1,2,1,91
13580,-1,0,-3,0,3,0,-1,-2,-1,2,1,-2,-1,35
13581,-3,2,-1,-2,1,-2,-3,0,-3,4,-1,0,1,59
13582,-1,2,-5,-2,1,-2,1,-4,1,0,3,0,-1,67
13583,1,4,-3,-4,-1,-4,-1,-2,-1,2,1,2,1,75
13584,-1,4,-1,4,1,2,-3,0,1,-2,-1,-2,-1,59
13585,-3,2,-3,6,-1,0,-5,2,-1,0,-3,0,1,99
13586,-5,2,1,2,-1,0,-1,-2,3,-4,1,0,-1,67
13587,-3,0,-1,4,-3,-2,-3,0,1,-2,-1,2,1,59
13588,-5,4,-3,2,-1,4,-5,2,-1,0,1,-2,-1,107
13589,-7,6,-5,4,-3,2,-7,4,-3,2,-1,0,1,219
13590,-5,2,-1,0,-3,2,-3,0,1,-2,3,0,-1,67
13591,-3,4,-3,2,-5,0,-5,2,-1,0,1,2,1,99
13592,-1,0,-5,2,3,0,-1,-2,3,0,-1,-2,-1,59
13593,-3,-2,-3,4,1,-2,-3,0,1,2,-3,0,1,67
13594,-5,2,-3,0,1,-2,1,-4,5,-2,1,0,-1,91
13595,-3,0,-1,2,-1,-4,-1,-2,3,0,-1,2,1,51
13596,-1,0,-7,0,1,2,-3,0,1,2,1,-2,-1,75
13597,-3,2,-5,2,-1,0,-5,2,-1,4,-1,0,1,91
13598,-1,2,-5,-2,-1,0,-1,-2,3,0,3,0,-1,59
13599,1,4,-3,0,-3,-2,-3,0,1,2,1,2,1,59
13600,-1,4,3,0,3,-2,1,0,-1,-2,-1,-2,-1,51
13601,-3,2,1,-2,5,-4,-1,2,-3,0,-3,0,1,83
13602,-5,2,1,2,1,-4,3,-2,1,-4,1,0,-1,83
13603,-3,0,-1,0,3,-6,1,0,-1,-2,-1,2,1,67
13604,-5,0,5,-2,1,0,-1,2,-3,0,1,-2,-1,75
13605,-7,2,3,-4,3,-2,-3,4,-5,2,-1,0,1,147
13606,-5,-2,3,0,-1,-2,1,0,-1,-2,3,0,-1,59
13607,-3,0,1,-2,1,-4,-1,2,-3,0,1,2,1,51
13608,-5,4,-1,-2,5,-4,3,-2,1,0,-1,-2,-1,107
13609,-7,2,1,-4,7,-6,1,0,-1,2,-3,0,1,171
13610,-9,6,-3,0,3,-6,5,-4,3,-2,1,0,-1,227
13611,-7,4,-1,-2,5,-8,3,-2,1,0,-1,2,1,179
13612,-5,0,1,-4,3,-2,1,0,-1,2,1,-2,-1,67
13613,-7,2,3,-6,5,-4,-1,2,-3,4,-1,0,1,171
13614,-5,2,-1,-2,1,-4,3,-2,1,0,3,0,-1,75
13615,-3,4,1,-4,3,-6,1,0,-1,2,1,2,1,99
13616,-1,0,-1,0,1,0,-1,2,1,-2,-1,-2,-1,19
13617,-3,-2,-3,2,3,-2,-3,4,-1,0,-3,0,1,75
13618,-5,-2,1,2,-1,-2,1,0,3,-4,1,0,-1,67
13619,-3,-4,-1,4,1,-4,-1,2,1,-2,-1,2,1,75
13620,-5,0,1,-2,-1,2,-3,4,-1,0,1,-2,-1,67
13621,-7,2,-1,0,1,0,-5,6,-3,2,-1,0,1,131
13622,-5,-2,3,0,-3,0,-1,2,1,-2,3,0,-1,67
13623,-3,0,1,2,-1,-2,-3,4,-1,0,1,2,1,51
13624,-1,0,-5,-2,3,-2,1,0,3,0,-1,-2,-1,59
13625,-3,-2,-3,0,5,-4,-1,2,1,2,-3,0,1,83
13626,-5,2,-3,0,1,-4,3,-2,5,-2,1,0,-1,99
13627,-3,0,-1,2,3,-6,1,0,3,0,-1,2,1,75
13628,-1,0,-3,-4,1,0,-1,2,1,2,1,-2,-1,43
13629,-3,2,-1,-2,3,-2,-3,4,-1,4,-1,0,1,75
13630,-1,2,-1,-2,-1,-2,1,0,3,0,3,0,-1,35
13631,1,4,1,0,1,-4,-1,2,1,2,1,2,1,51
13632,-1,8,-1,4,-1,0,1,-2,-1,-2,-1,-2,-1,99
13633,-3,6,-3,2,-3,2,-1,0,-3,0,-3,0,1,91
13634,-5,6,-3,2,1,-2,3,-4,1,-4,1,0,-1,123
13635,-3,4,-5,0,-1,0,1,-2,-1,-2,-1,2,1,67
13636,-5,4,-3,6,-3,2,-1,0,-3,0,1,-2,-1,115
13637,-7,6,-5,4,-5,4,-3,2,-5,2,-1,0,1,211
13638,-5,2,-5,4,-1,0,1,-2,-1,-2,3,0,-1,91
13639,-3,4,-7,2,-3,2,-1,0,-3,0,1,2,1,107
13640,-5,4,-1,2,1,-2,3,-4,1,0,-1,-2,-1,83
13641,-7,2,1,0,-1,0,1,-2,-1,2,-3,0,1,75
13642,-9,6,-3,0,3,-4,5,-6,3,-2,1,0,-1,227
13643,-7,4,-1,-2,1,-2,3,-4,1,0,-1,2,1,107
13644,-5,0,-3,4,-1,0,1,-2,-1,2,1,-2,-1,67
13645,-7,2,-1,2,-3,2,-1,0,-3,4,-1,0,1,99
13646,-5,2,-5,2,1,-2,3,-4,1,0,3,0,-1,99
13647,-3,4,-3,0,-1,0,1,-2,-1,2,1,2,1,51
13648,-5,8,-5,4,-3,2,-1,0,1,-2,-1,-2,-1,155
13649,-7,6,-7,6,-5,4,-3,2,-1,0,-3,0,1,235
13650,-9,6,-3,2,-1,0,1,-2,3,-4,1,0,-1,163
13651,-7,4,-5,4,-3,2,-1,0,1,-2,-1,2,1,131
13652,-9,8,-7,6,-5,4,-3,2,-1,0,1,-2,-1,291
13653,-11,10,-9,8,-7,6,-5,4,-3,2,-1,0,1,507
13654,-9,6,-5,4,-3,2,-1,0,1,-2,3,0,-1,187
13655,-7,8,-7,6,-5,4,-3,2,-1,0,1,2,1,259
13656,-5,4,-5,2,-1,0,1,-2,3,0,-1,-2,-1,91
13657,-7,2,-3,4,-3,2,-1,0,1,2,-3,0,1,107
13658,-9,6,-3,0,1,-2,3,-4,5,-2,1,0,-1,187
13659,-7,4,-1,2,-1,0,1,-2,3,0,-1,2,1,91
13660,-5,4,-7,4,-3,2,-1,0,1,2,1,-2,-1,131
13661,-7,6,-5,6,-5,4,-3,2,-1,4,-1,0,1,219
13662,-5,6,-5,2,-1,0,1,-2,3,0,3,0,-1,115
13663,-3,8,-3,4,-3,2,-1,0,1,2,1,2,1,123
13664,-1,4,-1,0,-1,-2,3,0,-1,-2,-1,-2,-1,43
13665,-3,2,-3,-2,1,0,1,2,-3,0,-3,0,1,51
13666,-5,2,-3,2,1,-4,5,-2,1,-4,1,0,-1,107
13667,-3,0,-5,0,3,-2,3,0,-1,-2,-1,2,1,67
13668,-5,0,1,2,-3,0,1,2,-3,0,1,-2,-1,59
13669,-7,2,-1,0,-1,2,-1,4,-5,2,-1,0,1,107
13670,-5,-2,-1,4,-1,-2,3,0,-1,-2,3,0,-1,75
13671,-3,0,-3,2,1,0,1,2,-3,0,1,2,1,43
13672,-5,4,-1,-2,1,-4,5,-2,1,0,-1,-2,-1,99
13673,-7,2,1,-4,3,-2,3,0,-1,2,-3,0,1,107
13674,-9,6,-3,0,3,-6,7,-4,3,-2,1,0,-1,251
13675,-7,4,-1,-2,5,-4,5,-2,1,0,-1,2,1,147
13676,-5,0,1,0,-1,-2,3,0,-1,2,1,-2,-1,51
13677,-7,2,3,-2,1,0,1,2,-3,4,-1,0,1,99
13678,-5,2,-1,2,1,-4,5,-2,1,0,3,0,-1,91
13679,-3,4,1,0,3,-2,3,0,-1,2,1,2,1,59
13680,-1,4,-5,0,-3,0,1,2,1,-2,-1,-2,-1,67
13681,-3,2,-7,2,-1,2,-1,4,-1,0,-3,0,1,99
13682,-5,2,-3,2,-1,-2,3,0,3,-4,1,0,-1,83
13683,-3,0,-5,4,1,0,1,2,1,-2,-1,2,1,67
13684,-5,4,-3,2,-5,2,-1,4,-1,0,1,-2,-1,107
13685,-7,6,-5,4,-3,4,-3,6,-3,2,-1,0,1,211
13686,-5,2,-1,4,-3,0,1,2,1,-2,3,0,-1,75
13687,-3,4,-3,6,-1,2,-1,4,-1,0,1,2,1,99
13688,-1,4,-5,-2,-1,-2,3,0,3,0,-1,-2,-1,75
13689,-3,2,-3,0,1,0,1,2,1,2,-3,0,1,43
13690,-5,6,-3,0,1,-4,5,-2,5,-2,1,0,-1,147
13691,-3,4,-1,2,3,-2,3,0,3,0,-1,2,1,67
13692,-1,4,-3,0,-3,0,1,2,1,2,1,-2,-1,51
13693,-3,6,-1,2,-1,2,-1,4,-1,4,-1,0,1,91
13694,-1,6,-1,2,-1,-2,3,0,3,0,3,0,-1,75
13695,1,8,1,4,1,0,1,2,1,2,1,2,1,99
13696,3,4,3,0,3,0,-3,-2,-1,-2,-1,-2,-1,67
13697,1,2,1,-2,1,-2,-1,0,-3,0,-3,0,1,35
13698,-1,2,1,-2,1,2,-1,-4,1,-4,1,0,-1,51
13699,1,0,-1,-4,-1,0,1,-2,-1,-2,-1,2,1,35
13700,-1,0,1,-2,5,2,-5,0,-3,0,1,-2,-1,75
13701,-3,2,-1,-4,3,0,-3,2,-5,2,-1,0,1,83
13702,-1,-2,-1,-4,3,4,-3,-2,-1,-2,3,0,-1,75
13703,1,0,-3,-6,1,2,-1,0,-3,0,1,2,1,67
13704,-1,0,-1,2,5,-2,-1,-4,1,0,-1,-2,-1,59
13705,-3,-2,1,0,3,-4,1,-2,-1,2,-3,0,1,59
13706,-5,2,-3,0,3,0,1,-6,3,-2,1,0,-1,99
13707,-3,0,-1,-2,1,-2,3,-4,1,0,-1,2,1,51
13708,-1,-4,-3,0,7,0,-3,-2,-1,2,1,-2,-1,99
13709,-3,-2,-1,-2,5,-2,-1,0,-3,4,-1,0,1,75
13710,-1,-2,-5,-2,5,2,-1,-4,1,0,3,0,-1,91
13711,1,0,-3,-4,3,0,1,-2,-1,2,1,2,1,51
13712,-1,0,3,0,1,2,-5,0,1,-2,-1,-2,-1,51
13713,-3,-2,1,2,-1,0,-3,2,-1,0,-3,0,1,43
13714,-5,-2,5,-2,-1,4,-3,-2,3,-4,1,0,-1,115
13715,-3,-4,3,0,-3,2,-1,0,1,-2,-1,2,1,59
13716,-5,0,1,-2,3,4,-7,2,-1,0,1,-2,-1,115
13717,-7,2,-1,0,1,2,-5,4,-3,2,-1,0,1,115
13718,-5,-2,3,-4,1,6,-5,0,1,-2,3,0,-1,131
13719,-3,0,1,-2,-1,4,-3,2,-1,0,1,2,1,51
13720,-1,-4,-1,2,3,0,-3,-2,3,0,-1,-2,-1,59
13721,-3,-6,1,4,1,-2,-1,0,1,2,-3,0,1,83
13722,-5,-2,1,0,1,2,-1,-4,5,-2,1,0,-1,83
13723,-3,-4,3,2,-1,0,1,-2,3,0,-1,2,1,59
13724,-1,-4,-3,0,5,2,-5,0,1,2,1,-2,-1,91
13725,-3,-2,-1,2,3,0,-3,2,-1,4,-1,0,1,59
13726,-1,-2,-1,-2,3,4,-3,-2,3,0,3,0,-1,67
13727,1,0,1,0,1,2,-1,0,1,2,1,2,1,19
13728,-1,4,3,-4,3,-2,-1,0,-1,-2,-1,-2,-1,67
13729,-3,2,1,-6,5,-4,1,2,-3,0,-3,0,1,115
13730,-5,2,1,-2,1,0,1,-2,1,-4,1,0,-1,59
13731,-3,0,-1,-4,3,-2,3,0,-1,-2,-1,2,1,59
13732,-5,0,5,-6,5,0,-3,2,-3,0,1,-2,-1,139
13733,-7,2,3,-8,7,-2,-1,4,-5,2,-1,0,1,227
13734,-5,-2,3,-4,3,2,-1,0,-1,-2,3,0,-1,83
13735,-3,0,1,-6,5,0,1,2,-3,0,1,2,1,91
13736,-5,4,-1,-2,5,-4,1,-2,1,0,-1,-2,-1,99
13737,-7,2,1,-4,7,-6,3,0,-1,2,-3,0,1,179
13738,-9,6,-3,0,3,-2,3,-4,3,-2,1,0,-1,179
13739,-7,4,-1,-2,5,-4,5,-2,1,0,-1,2,1,147
13740,-5,0,1,-4,7,-2,-1,0,-1,2,1,-2,-1,107
13741,-7,2,3,-6,9,-4,1,2,-3,4,-1,0,1,227
13742,-5,2,-1,-2,5,0,1,-2,1,0,3,0,-1,75
13743,-3,4,1,-4,7,-2,3,0,-1,2,1,2,1,115
13744,-1,0,3,-4,1,0,-3,2,1,-2,-1,-2,-1,51
13745,-3,-2,1,-2,3,-2,-1,4,-1,0,-3,0,1,59
13746,-5,-2,5,-2,-1,2,-1,0,3,-4,1,0,-1,91
13747,-3,-4,3,0,1,0,1,2,1,-2,-1,2,1,51
13748,-5,0,5,-6,3,2,-5,4,-1,0,1,-2,-1,147
13749,-7,2,3,-4,5,0,-3,6,-3,2,-1,0,1,163
13750,-5,-2,7,-4,1,4,-3,2,1,-2,3,0,-1,139
13751,-3,0,5,-2,3,2,-1,4,-1,0,1,2,1,75
13752,-1,0,-1,-2,3,-2,-1,0,3,0,-1,-2,-1,35
13753,-3,-2,1,0,5,-4,1,2,1,2,-3,0,1,75
13754,-5,2,1,0,1,0,1,-2,5,-2,1,0,-1,67
13755,-3,0,3,2,3,-2,3,0,3,0,-1,2,1,59
13756,-1,0,1,-4,5,0,-3,2,1,2,1,-2,-1,67
13757,-3,2,3,-2,7,-2,-1,4,-1,4,-1,0,1,115
13758,-1,2,3,-2,3,2,-1,0,3,0,3,0,-1,51
13759,1,4,5,0,5,0,1,2,1,2,1,2,1,83
13760,3,4,-1,0,-1,0,-1,-2,-1,-2,-1,-2,-1,43
13761,1,2,-3,-2,-3,2,1,0,-3,0,-3,0,1,51
13762,-1,2,-3,-2,1,2,1,-4,1,-4,1,0,-1,59
13763,1,0,-5,-4,-1,4,3,-2,-1,-2,-1,2,1,83
13764,-1,0,-3,2,1,2,-3,0,-3,0,1,-2,-1,43
13765,-3,2,-5,0,-1,4,-1,2,-5,2,-1,0,1,91
13766,-1,-2,-5,0,3,4,-1,-2,-1,-2,3,0,-1,75
13767,1,0,-7,-2,1,6,1,0,-3,0,1,2,1,107
13768,-1,0,-1,2,1,-2,1,-4,1,0,-1,-2,-1,35
13769,-3,-2,1,0,-1,0,3,-2,-1,2,-3,0,1,43
13770,-5,2,-3,0,3,0,3,-6,3,-2,1,0,-1,107
13771,-3,0,-1,-2,1,2,5,-4,1,0,-1,2,1,67
13772,-1,-4,-3,4,3,0,-1,-2,-1,2,1,-2,-1,67
13773,-3,-2,-1,2,1,2,1,0,-3,4,-1,0,1,51
13774,-1,-2,-5,2,5,2,1,-4,1,0,3,0,-1,91
13775,1,0,-3,0,3,4,3,-2,-1,2,1,2,1,59
13776,-1,4,-1,0,-3,2,-3,0,1,-2,-1,-2,-1,51
13777,-3,2,-3,2,-5,4,-1,2,-1,0,-3,0,1,83
13778,-5,2,1,-2,-1,4,-1,-2,3,-4,1,0,-1,83
13779,-3,0,-1,0,-3,6,1,0,1,-2,-1,2,1,67
13780,-5,4,-3,2,-1,4,-5,2,-1,0,1,-2,-1,107
13781,-7,6,-5,4,-3,6,-3,4,-3,2,-1,0,1,211
13782,-5,2,-1,0,1,6,-3,0,1,-2,3,0,-1,91
13783,-3,4,-3,2,-1,8,-1,2,-1,0,1,2,1,115
13784,-1,0,-1,2,-1,0,-1,-2,3,0,-1,-2,-1,27
13785,-3,-2,1,4,-3,2,1,0,1,2,-3,0,1,59
13786,-5,2,1,0,1,2,1,-4,5,-2,1,0,-1,83
13787,-3,0,3,2,-1,4,3,-2,3,0,-1,2,1,67
13788,-1,0,-3,4,1,2,-3,0,1,2,1,-2,-1,51
13789,-3,2,-1,6,-1,4,-1,2,-1,4,-1,0,1,91
13790,-1,2,-1,2,3,4,-1,-2,3,0,3,0,-1,59
13791,1,4,1,4,1,6,1,0,1,2,1,2,1,83
13792,3,4,-1,-4,-1,-2,1,0,-1,-2,-1,-2,-1,59
13793,1,2,-3,-6,1,0,3,2,-3,0,-3,0,1,83
13794,-1,2,-3,-2,1,0,3,-2,1,-4,1,0,-1,51
13795,1,0,-5,-4,3,2,5,0,-1,-2,-1,2,1,91
13796,-1,0,1,-2,1,0,-1,2,-3,0,1,-2,-1,27
13797,-3,2,-1,-4,3,2,1,4,-5,2,-1,0,1,91
13798,-1,-2,-1,0,3,2,1,0,-1,-2,3,0,-1,35
13799,1,0,-3,-2,5,4,3,2,-3,0,1,2,1,83
13800,-1,4,-1,-2,1,-4,3,-2,1,0,-1,-2,-1,59
13801,-3,2,1,-4,3,-2,5,0,-1,2,-3,0,1,83
13802,-5,6,-3,0,3,-2,5,-4,3,-2,1,0,-1,139
13803,-3,4,-1,-2,5,0,7,-2,1,0,-1,2,1,115
13804,-1,0,1,0,3,-2,1,0,-1,2,1,-2,-1,27
13805,-3,2,3,-2,5,0,3,2,-3,4,-1,0,1,91
13806,-1,2,-1,2,5,0,3,-2,1,0,3,0,-1,59
13807,1,4,1,0,7,2,5,0,-1,2,1,2,1,107
13808,3,4,-1,-4,-3,0,-1,2,1,-2,-1,-2,-1,67
13809,1,2,-3,-2,-1,2,1,4,-1,0,-3,0,1,51
13810,-1,2,1,-2,-1,2,1,0,3,-4,1,0,-1,43
13811,1,0,-1,0,1,4,3,2,1,-2,-1,2,1,43
13812,-1,4,1,-2,-1,2,-3,4,-1,0,1,-2,-1,59
13813,-3,6,-1,0,1,4,-1,6,-3,2,-1,0,1,115
13814,-1,2,3,0,1,4,-1,2,1,-2,3,0,-1,51
13815,1,4,1,2,3,6,1,4,-1,0,1,2,1,91
13816,3,4,-1,-2,-1,-2,1,0,3,0,-1,-2,-1,51
13817,1,2,1,0,1,0,3,2,1,2,-3,0,1,35
13818,-1,6,1,0,1,0,3,-2,5,-2,1,0,-1,83
13819,1,4,3,2,3,2,5,0,3,0,-1,2,1,83
13820,3,4,1,0,1,0,-1,2,1,2,1,-2,-1,43
13821,1,6,3,2,3,2,1,4,-1,4,-1,0,1,99
13822,3,6,3,2,3,2,1,0,3,0,3,0,-1,91
13823,5,8,5,4,5,4,3,2,1,2,1,2,1,195
13824,7,4,7,4,1,0,-1,-2,-3,-2,-1,-2,-1,155
13825,5,2,5,2,-1,-2,-3,-4,-1,0,-3,0,1,99
13826,3,2,5,2,-1,-2,-3,0,-1,-4,1,0,-1,75
13827,5,0,3,0,-3,-4,-5,-2,1,-2,-1,2,1,99
13828,3,0,5,2,-1,-2,1,0,-5,0,1,-2,-1,75
13829,1,2,3,0,-3,-4,-1,-2,-3,2,-1,0,1,59
13830,3,-2,3,0,-3,-4,-1,2,-3,-2,3,0,-1,75
13831,5,0,1,-2,-5,-6,-3,0,-1,0,1,2,1,107
13832,3,0,3,2,-1,2,1,-4,-1,0,-1,-2,-1,51
13833,1,-2,5,0,-3,0,-1,-6,1,2,-3,0,1,91
13834,-1,2,1,0,-3,0,-1,-2,1,-2,1,0,-1,27
13835,1,0,3,-2,-5,-2,-3,-4,3,0,-1,2,1,83
13836,3,-4,1,0,-3,0,3,-2,-3,2,1,-2,-1,67
13837,1,-2,3,-2,-5,-2,1,-4,-1,4,-1,0,1,83
13838,3,-2,-1,-2,-5,-2,1,0,-1,0,3,0,-1,59
13839,5,0,1,-4,-7,-4,-1,-2,1,2,1,2,1,123
13840,3,0,3,0,3,2,-3,0,-1,-2,-1,-2,-1,51
13841,1,-2,1,2,1,0,-5,-2,1,0,-3,0,1,51
13842,-1,-2,5,-2,1,0,-5,2,1,-4,1,0,-1,83
13843,1,-4,3,0,-1,-2,-7,0,3,-2,-1,2,1,99
13844,-1,0,1,-2,1,0,-1,2,-3,0,1,-2,-1,27
13845,-3,2,-1,0,-1,-2,-3,0,-1,2,-1,0,1,35
13846,-1,-2,3,-4,-1,-2,-3,4,-1,-2,3,0,-1,75
13847,1,0,1,-2,-3,-4,-5,2,1,0,1,2,1,67
13848,3,-4,-1,-2,1,4,-1,-2,1,0,-1,-2,-1,59
13849,1,-6,1,0,-1,2,-3,-4,3,2,-3,0,1,91
13850,-1,-2,1,-4,-1,2,-3,0,3,-2,1,0,-1,51
13851,1,-4,3,-2,-3,0,-5,-2,5,0,-1,2,1,99
13852,3,-4,-3,-4,-1,2,1,0,-1,2,1,-2,-1,67
13853,1,-2,-1,-2,-3,0,-1,-2,1,4,-1,0,1,43
13854,3,-2,-1,-6,-3,0,-1,2,1,0,3,0,-1,75
13855,5,0,1,-4,-5,-2,-3,0,3,2,1,2,1,99
13856,3,0,3,4,1,-2,1,0,-3,-2,-1,-2,-1,59
13857,1,-2,1,2,3,-4,-1,-2,-1,0,-3,0,1,51
13858,-1,-2,1,6,-1,-4,-1,2,-1,-4,1,0,-1,83
13859,1,-4,-1,4,1,-6,-3,0,1,-2,-1,2,1,91
13860,-1,-4,5,2,-1,-4,3,2,-5,0,1,-2,-1,107
13861,-3,-2,3,0,1,-6,1,0,-3,2,-1,0,1,75
13862,-1,-6,3,4,-3,-6,1,4,-3,-2,3,0,-1,147
13863,1,-4,1,2,-1,-8,-1,2,-1,0,1,2,1,99
13864,-1,0,-1,2,-1,0,3,-2,-1,0,-1,-2,-1,27
13865,-3,-2,1,0,1,-2,1,-4,1,2,-3,0,1,51
13866,-5,2,-3,4,-3,-2,1,0,1,-2,1,0,-1,75
13867,-3,0,-1,2,-1,-4,-1,-2,3,0,-1,2,1,51
13868,-1,-4,1,0,-3,-2,5,0,-3,2,1,-2,-1,75
13869,-3,-2,3,-2,-1,-4,3,-2,-1,4,-1,0,1,75
13870,-1,-2,-1,2,-5,-4,3,2,-1,0,3,0,-1,75
13871,1,0,1,0,-3,-6,1,0,1,2,1,2,1,59
13872,3,-4,-1,0,3,0,-1,2,-1,-2,-1,-2,-1,51
13873,1,-6,-3,2,5,-2,-3,0,1,0,-3,0,1,99
13874,-1,-6,1,2,1,-2,-3,4,1,-4,1,0,-1,91
13875,1,-8,-1,4,3,-4,-5,2,3,-2,-1,2,1,155
13876,-1,-4,1,-2,1,-2,1,4,-3,0,1,-2,-1,59
13877,-3,-2,-1,0,3,-4,-1,2,-1,2,-1,0,1,51
13878,-1,-6,3,0,-1,-4,-1,6,-1,-2,3,0,-1,115
13879,1,-4,1,2,1,-6,-3,4,1,0,1,2,1,91
13880,3,-4,-5,-2,1,2,1,0,1,0,-1,-2,-1,67
13881,1,-6,-3,0,3,0,-1,-2,3,2,-3,0,1,83
13882,-1,-2,-3,0,-1,0,-1,2,3,-2,1,0,-1,35
13883,1,-4,-1,2,1,-2,-3,0,5,0,-1,2,1,67
13884,3,-4,-3,-4,-1,0,3,2,-1,2,1,-2,-1,75
13885,1,-2,-1,-2,1,-2,1,0,1,4,-1,0,1,35
13886,3,-2,-1,-2,-3,-2,1,4,1,0,3,0,-1,59
13887,5,0,1,0,-1,-4,-1,2,3,2,1,2,1,67
13888,3,0,7,4,-3,0,1,-2,-3,-2,-1,-2,-1,107
13889,1,-2,5,2,-5,2,-1,-4,-1,0,-3,0,1,91
13890,-1,-2,5,2,-1,-2,-1,0,-1,-4,1,0,-1,59
13891,1,-4,3,0,-3,0,-3,-2,1,-2,-1,2,1,59
13892,-1,-4,5,6,-5,-2,3,0,-5,0,1,-2,-1,147
13893,-3,-2,3,4,-7,0,1,-2,-3,2,-1,0,1,107
13894,-1,-6,3,4,-3,-4,1,2,-3,-2,3,0,-1,115
13895,1,-4,1,2,-5,-2,-1,0,-1,0,1,2,1,59
13896,-1,-4,7,2,-5,2,3,-4,-1,0,-1,-2,-1,131
13897,-3,-6,9,0,-7,4,1,-6,1,2,-3,0,1,243
13898,-5,-2,5,0,-3,0,1,-2,1,-2,1,0,-1,75
13899,-3,-4,7,-2,-5,2,-1,-4,3,0,-1,2,1,139
13900,-1,-8,5,4,-7,0,5,-2,-3,2,1,-2,-1,203
13901,-3,-6,7,2,-9,2,3,-4,-1,4,-1,0,1,227
13902,-1,-6,3,2,-5,-2,3,0,-1,0,3,0,-1,99
13903,1,-4,5,0,-7,0,1,-2,1,2,1,2,1,107
13904,-1,0,3,0,-1,2,-1,0,-1,-2,-1,-2,-1,27
13905,-3,-2,1,2,-3,4,-3,-2,1,0,-3,0,1,67
13906,-5,-2,5,-2,1,0,-3,2,1,-4,1,0,-1,91
13907,-3,-4,3,0,-1,2,-5,0,3,-2,-1,2,1,83
13908,-5,0,1,2,-3,0,1,2,-3,0,1,-2,-1,59
13909,-7,2,-1,4,-5,2,-1,0,-1,2,-1,0,1,107
13910,-5,-2,3,0,-1,-2,-1,4,-1,-2,3,0,-1,75
13911,-3,0,1,2,-3,0,-3,2,1,0,1,2,1,43
13912,-1,-4,3,-2,-3,4,1,-2,1,0,-1,-2,-1,67
13913,-3,-6,5,0,-5,6,-1,-4,3,2,-3,0,1,171
13914,-5,-2,5,-4,-1,2,-1,0,3,-2,1,0,-1,91
13915,-3,-4,7,-2,-3,4,-3,-2,5,0,-1,2,1,147
13916,-1,-4,1,0,-5,2,3,0,-1,2,1,-2,-1,67
13917,-3,-2,3,2,-7,4,1,-2,1,4,-1,0,1,115
13918,-1,-2,3,-2,-3,0,1,2,1,0,3,0,-1,43
13919,1,0,5,0,-5,2,-1,0,3,2,1,2,1,75
13920,3,-4,3,4,-3,-2,3,0,-3,-2,-1,-2,-1,91
13921,1,-6,1,2,-1,0,1,-2,-1,0,-3,0,1,59
13922,-1,-6,1,6,-1,-4,1,2,-1,-4,1,0,-1,115
13923,1,-8,-1,4,1,-2,-1,0,1,-2,-1,2,1,99
13924,-1,-8,5,6,-5,-4,5,2,-5,0,1,-2,-1,227
13925,-3,-6,3,4,-3,-2,3,0,-3,2,-1,0,1,107
13926,-1,-10,3,8,-3,-6,3,4,-3,-2,3,0,-1,267
13927,1,-8,1,6,-1,-4,1,2,-1,0,1,2,1,131
13928,-1,-4,3,2,-5,0,5,-2,-1,0,-1,-2,-1,91
13929,-3,-6,5,0,-3,2,3,-4,1,2,-3,0,1,123
13930,-5,-2,1,4,-3,-2,3,0,1,-2,1,0,-1,75
13931,-3,-4,3,2,-1,0,1,-2,3,0,-1,2,1,59
13932,-1,-8,5,4,-7,-2,7,0,-3,2,1,-2,-1,227
13933,-3,-6,7,2,-5,0,5,-2,-1,4,-1,0,1,171
13934,-1,-6,3,6,-5,-4,5,2,-1,0,3,0,-1,163
13935,1,-4,5,4,-3,-2,3,0,1,2,1,2,1,91
13936,3,-4,-1,0,-1,0,1,2,-1,-2,-1,-2,-1,43
13937,1,-6,-3,2,1,2,-1,0,1,0,-3,0,1,67
13938,-1,-6,1,2,1,-2,-1,4,1,-4,1,0,-1,83
13939,1,-8,-1,4,3,0,-3,2,3,-2,-1,2,1,123
13940,-1,-4,1,2,-3,-2,3,4,-3,0,1,-2,-1,75
13941,-3,-2,-1,4,-1,0,1,2,-1,2,-1,0,1,43
13942,-1,-6,3,4,-1,-4,1,6,-1,-2,3,0,-1,131
13943,1,-4,1,6,1,-2,-1,4,1,0,1,2,1,83
13944,3,-4,-1,-2,-3,2,3,0,1,0,-1,-2,-1,59
13945,1,-6,1,0,-1,4,1,-2,3,2,-3,0,1,83
13946,-1,-2,1,0,-1,0,1,2,3,-2,1,0,-1,27
13947,1,-4,3,2,1,2,-1,0,5,0,-1,2,1,67
13948,3,-4,1,0,-5,0,5,2,-1,2,1,-2,-1,91
13949,1,-2,3,2,-3,2,3,0,1,4,-1,0,1,59
13950,3,-2,3,2,-3,-2,3,4,1,0,3,0,-1,75
13951,5,0,5,4,-1,0,1,2,3,2,1,2,1,91
13952,3,4,7,0,1,0,-3,-2,-3,-2,-1,-2,-1,107
13953,1,2,5,-2,-1,-2,-1,-4,-1,0,-3,0,1,67
13954,-1,2,5,-2,-1,2,-5,0,-1,-4,1,0,-1,83
13955,1,0,3,-4,-3,0,-3,-2,1,-2,-1,2,1,59
13956,-1,0,5,-2,3,-2,-1,0,-5,0,1,-2,-1,75
13957,-3,2,3,-4,1,-4,1,-2,-3,2,-1,0,1,75
13958,-1,-2,3,-4,1,0,-3,2,-3,-2,3,0,-1,67
13959,1,0,1,-6,-1,-2,-1,0,-1,0,1,2,1,51
13960,-1,0,3,2,-1,2,-1,-4,-1,0,-1,-2,-1,43
13961,-3,-2,5,0,-3,0,1,-6,1,2,-3,0,1,99
13962,-5,2,1,0,-3,4,-3,-2,1,-2,1,0,-1,75
13963,-3,0,3,-2,-5,2,-1,-4,3,0,-1,2,1,83
13964,-1,-4,1,0,1,0,1,-2,-3,2,1,-2,-1,43
13965,-3,-2,3,-2,-1,-2,3,-4,-1,4,-1,0,1,75
13966,-1,-2,-1,-2,-1,2,-1,0,-1,0,3,0,-1,27
13967,1,0,1,-4,-3,0,1,-2,1,2,1,2,1,43
13968,-1,0,7,-4,3,2,-5,0,-1,-2,-1,-2,-1,115
13969,-3,-2,5,-2,1,0,-3,-2,1,0,-3,0,1,67
13970,-5,-2,9,-6,1,4,-7,2,1,-4,1,0,-1,235
13971,-3,-4,7,-4,-1,2,-5,0,3,-2,-1,2,1,139
13972,-5,0,5,-6,5,0,-3,2,-3,0,1,-2,-1,139
13973,-7,2,3,-4,3,-2,-1,0,-1,2,-1,0,1,99
13974,-5,-2,7,-8,3,2,-5,4,-1,-2,3,0,-1,211
13975,-3,0,5,-6,1,0,-3,2,1,0,1,2,1,91
13976,-1,-4,3,-2,1,4,-3,-2,1,0,-1,-2,-1,67
13977,-3,-6,5,0,-1,2,-1,-4,3,2,-3,0,1,115
13978,-5,-2,5,-4,-1,6,-5,0,3,-2,1,0,-1,147
13979,-3,-4,7,-2,-3,4,-3,-2,5,0,-1,2,1,147
13980,-1,-4,1,-4,3,2,-1,0,-1,2,1,-2,-1,59
13981,-3,-2,3,-2,1,0,1,-2,1,4,-1,0,1,51
13982,-1,-2,3,-6,1,4,-3,2,1,0,3,0,-1,91
13983,1,0,5,-4,-1,2,-1,0,3,2,1,2,1,67
13984,-1,4,3,0,1,-2,-1,0,-3,-2,-1,-2,-1,51
13985,-3,2,1,-2,3,-4,1,-2,-1,0,-3,0,1,59
13986,-5,2,1,2,-1,0,-3,2,-1,-4,1,0,-1,67
13987,-3,0,-1,0,1,-2,-1,0,1,-2,-1,2,1,27
13988,-5,0,5,-2,3,-4,1,2,-5,0,1,-2,-1,115
13989,-7,2,3,-4,5,-6,3,0,-3,2,-1,0,1,163
13990,-5,-2,3,0,1,-2,-1,4,-3,-2,3,0,-1,83
13991,-3,0,1,-2,3,-4,1,2,-1,0,1,2,1,51
13992,-5,4,-1,2,-1,0,1,-2,-1,0,-1,-2,-1,59
13993,-7,2,1,0,1,-2,3,-4,1,2,-3,0,1,99
13994,-9,6,-3,4,-3,2,-1,0,1,-2,1,0,-1,163
13995,-7,4,-1,2,-1,0,1,-2,3,0,-1,2,1,91
13996,-5,0,1,0,1,-2,3,0,-3,2,1,-2,-1,59
13997,-7,2,3,-2,3,-4,5,-2,-1,4,-1,0,1,139
13998,-5,2,-1,2,-1,0,1,2,-1,0,3,0,-1,51
13999,-3,4,1,0,1,-2,3,0,1,2,1,2,1,51
14000,-1,0,3,-4,3,0,-3,2,-1,-2,-1,-2,-1,59
14001,-3,-2,1,-2,5,-2,-1,0,1,0,-3,0,1,59
14002,-5,-2,5,-2,1,2,-5,4,1,-4,1,0,-1,123
14003,-3,-4,3,0,3,0,-3,2,3,-2,-1,2,1,75
14004,-5,0,5,-6,5,-2,-1,4,-3,0,1,-2,-1,147
14005,-7,2,3,-4,7,-4,1,2,-1,2,-1,0,1,155
14006,-5,-2,7,-4,3,0,-3,6,-1,-2,3,0,-1,163
14007,-3,0,5,-2,5,-2,-1,4,1,0,1,2,1,91
14008,-1,0,-1,-2,1,2,-1,0,1,0,-1,-2,-1,19
14009,-3,-2,1,0,3,0,1,-2,3,2,-3,0,1,51
14010,-5,2,1,0,-1,4,-3,2,3,-2,1,0,-1,75
14011,-3,0,3,2,1,2,-1,0,5,0,-1,2,1,59
14012,-1,0,1,-4,3,0,1,2,-1,2,1,-2,-1,43
14013,-3,2,3,-2,5,-2,3,0,1,4,-1,0,1,83
14014,-1,2,3,-2,1,2,-1,4,1,0,3,0,-1,51
14015,1,4,5,0,3,0,1,2,3,2,1,2,1,75
14016,3,0,7,0,-3,0,-1,-2,-3,-2,-1,-2,-1,91
14017,1,-2,5,-2,-5,2,1,-4,-1,0,-3,0,1,91
14018,-1,-2,5,-2,-1,2,-3,0,-1,-4,1,0,-1,67
14019,1,-4,3,-4,-3,4,-1,-2,1,-2,-1,2,1,83
14020,-1,-4,5,2,-1,-2,1,0,-5,0,1,-2,-1,83
14021,-3,-2,3,0,-3,0,3,-2,-3,2,-1,0,1,59
14022,-1,-6,3,0,1,0,-1,2,-3,-2,3,0,-1,75
14023,1,-4,1,-2,-1,2,1,0,-1,0,1,2,1,35
14024,-1,-4,7,2,-5,2,1,-4,-1,0,-1,-2,-1,123
14025,-3,-6,9,0,-7,4,3,-6,1,2,-3,0,1,251
14026,-5,-2,5,0,-3,4,-1,-2,1,-2,1,0,-1,91
14027,-3,-4,7,-2,-5,6,1,-4,3,0,-1,2,1,171
14028,-1,-8,5,4,-3,0,3,-2,-3,2,1,-2,-1,147
14029,-3,-6,7,2,-5,2,5,-4,-1,4,-1,0,1,187
14030,-1,-6,3,2,-1,2,1,0,-1,0,3,0,-1,67
14031,1,-4,5,0,-3,4,3,-2,1,2,1,2,1,91
14032,-1,0,7,-4,-1,2,-3,0,-1,-2,-1,-2,-1,91
14033,-3,-2,5,-2,-3,4,-1,-2,1,0,-3,0,1,83
14034,-5,-2,9,-6,1,4,-5,2,1,-4,1,0,-1,211
14035,-3,-4,7,-4,-1,6,-3,0,3,-2,-1,2,1,155
14036,-5,0,5,-2,1,0,-1,2,-3,0,1,-2,-1,75
14037,-7,2,3,0,-1,2,1,0,-1,2,-1,0,1,75
14038,-5,-2,7,-4,3,2,-3,4,-1,-2,3,0,-1,147
14039,-3,0,5,-2,1,4,-1,2,1,0,1,2,1,67
14040,-1,-4,7,-2,-3,4,-1,-2,1,0,-1,-2,-1,107
14041,-3,-6,9,0,-5,6,1,-4,3,2,-3,0,1,227
14042,-5,-2,9,-4,-1,6,-3,0,3,-2,1,0,-1,187
14043,-3,-4,11,-2,-3,8,-1,-2,5,0,-1,2,1,259
14044,-1,-4,5,0,-1,2,1,0,-1,2,1,-2,-1,59
14045,-3,-2,7,2,-3,4,3,-2,1,4,-1,0,1,123
14046,-1,-2,7,-2,1,4,-1,2,1,0,3,0,-1,91
14047,1,0,9,0,-1,6,1,0,3,2,1,2,1,139
14048,3,0,3,0,-3,-2,1,0,-3,-2,-1,-2,-1,51
14049,1,-2,1,-2,-1,0,3,-2,-1,0,-3,0,1,35
14050,-1,-2,1,2,-1,0,-1,2,-1,-4,1,0,-1,35
14051,1,-4,-1,0,1,2,1,0,1,-2,-1,2,1,35
14052,-1,-4,5,2,-1,-4,3,2,-5,0,1,-2,-1,107
14053,-3,-2,3,0,1,-2,5,0,-3,2,-1,0,1,67
14054,-1,-6,3,4,1,-2,1,4,-3,-2,3,0,-1,107
14055,1,-4,1,2,3,0,3,2,-1,0,1,2,1,51
14056,-1,0,3,2,-5,0,3,-2,-1,0,-1,-2,-1,59
14057,-3,-2,5,0,-3,2,5,-4,1,2,-3,0,1,107
14058,-5,2,1,4,-3,2,1,0,1,-2,1,0,-1,67
14059,-3,0,3,2,-1,4,3,-2,3,0,-1,2,1,67
14060,-1,-4,5,4,-3,-2,5,0,-3,2,1,-2,-1,115
14061,-3,-2,7,2,-1,0,7,-2,-1,4,-1,0,1,139
14062,-1,-2,3,6,-1,0,3,2,-1,0,3,0,-1,75
14063,1,0,5,4,1,2,5,0,1,2,1,2,1,83
14064,3,0,3,-4,-1,0,-1,2,-1,-2,-1,-2,-1,51
14065,1,-2,1,-2,1,2,1,0,1,0,-3,0,1,27
14066,-1,-2,5,-2,1,2,-3,4,1,-4,1,0,-1,83
14067,1,-4,3,0,3,4,-1,2,3,-2,-1,2,1,75
14068,-1,0,5,-2,1,-2,1,4,-3,0,1,-2,-1,67
14069,-3,2,3,0,3,0,3,2,-1,2,-1,0,1,51
14070,-1,-2,7,0,3,0,-1,6,-1,-2,3,0,-1,115
14071,1,0,5,2,5,2,1,4,1,0,1,2,1,83
14072,3,0,3,-2,-3,2,1,0,1,0,-1,-2,-1,43
14073,1,-2,5,0,-1,4,3,-2,3,2,-3,0,1,83
14074,-1,2,5,0,-1,4,-1,2,3,-2,1,0,-1,67
14075,1,0,7,2,1,6,1,0,5,0,-1,2,1,123
14076,3,0,5,0,-1,0,3,2,-1,2,1,-2,-1,59
14077,1,2,7,2,1,2,5,0,1,4,-1,0,1,107
14078,3,2,7,2,1,2,1,4,1,0,3,0,-1,99
14079,5,4,9,4,3,4,3,2,3,2,1,2,1,195
14080,7,4,3,4,1,-2,-3,-4,-3,-2,-1,-2,-1,139
14081,5,2,1,2,-1,-4,-5,-2,-1,0,-3,0,1,91
14082,3,2,1,2,-1,-4,-1,-2,-1,-4,1,0,-1,59
14083,5,0,-1,0,-3,-6,-3,0,1,-2,-1,2,1,91
14084,3,0,1,2,-1,0,-1,-2,-5,0,1,-2,-1,51
14085,1,2,-1,0,-3,-2,-3,0,-3,2,-1,0,1,43
14086,3,-2,-1,0,-3,-2,1,0,-3,-2,3,0,-1,51
14087,5,0,-3,-2,-5,-4,-1,2,-1,0,1,2,1,91
14088,3,0,-1,2,3,0,-1,-6,-1,0,-1,-2,-1,67
14089,1,-2,1,0,1,-2,-3,-4,1,2,-3,0,1,51
14090,-1,2,-3,0,1,-2,1,-4,1,-2,1,0,-1,43
14091,1,0,-1,-2,-1,-4,-1,-2,3,0,-1,2,1,43
14092,3,-4,-3,0,1,2,1,-4,-3,2,1,-2,-1,75
14093,1,-2,-1,-2,-1,0,-1,-2,-1,4,-1,0,1,35
14094,3,-2,-5,-2,-1,0,3,-2,-1,0,3,0,-1,67
14095,5,0,-3,-4,-3,-2,1,0,1,2,1,2,1,75
14096,3,0,-1,4,3,0,-5,-2,-1,-2,-1,-2,-1,75
14097,1,-2,-3,6,1,-2,-7,0,1,0,-3,0,1,115
14098,-1,-2,1,2,1,-2,-3,0,1,-4,1,0,-1,43
14099,1,-4,-1,4,-1,-4,-5,2,3,-2,-1,2,1,99
14100,-1,0,-3,2,1,2,-3,0,-3,0,1,-2,-1,43
14101,-3,2,-5,4,-1,0,-5,2,-1,2,-1,0,1,91
14102,-1,-2,-1,0,-1,0,-1,2,-1,-2,3,0,-1,27
14103,1,0,-3,2,-3,-2,-3,4,1,0,1,2,1,59
14104,3,-4,-5,2,5,2,-3,-4,1,0,-1,-2,-1,115
14105,1,-6,-3,4,3,0,-5,-2,3,2,-3,0,1,123
14106,-1,-2,-3,0,3,0,-1,-2,3,-2,1,0,-1,43
14107,1,-4,-1,2,1,-2,-3,0,5,0,-1,2,1,67
14108,3,-4,-7,0,3,4,-1,-2,-1,2,1,-2,-1,115
14109,1,-2,-5,2,1,2,-3,0,1,4,-1,0,1,67
14110,3,-2,-5,-2,1,2,1,0,1,0,3,0,-1,59
14111,5,0,-3,0,-1,0,-1,2,3,2,1,2,1,59
14112,3,0,3,4,1,-4,-1,-2,-3,-2,-1,-2,-1,75
14113,1,-2,1,2,3,-6,-3,0,-1,0,-3,0,1,75
14114,-1,-2,1,6,-1,-6,1,0,-1,-4,1,0,-1,99
14115,1,-4,-1,4,1,-8,-1,2,1,-2,-1,2,1,115
14116,-1,-4,5,2,-1,-2,1,0,-5,0,1,-2,-1,83
14117,-3,-2,3,0,1,-4,-1,2,-3,2,-1,0,1,59
14118,-1,-6,3,4,-3,-4,3,2,-3,-2,3,0,-1,123
14119,1,-4,1,2,-1,-6,1,4,-1,0,1,2,1,83
14120,-1,0,-1,2,3,-2,1,-4,-1,0,-1,-2,-1,43
14121,-3,-2,1,0,5,-4,-1,-2,1,2,-3,0,1,75
14122,-5,2,-3,4,1,-4,3,-2,1,-2,1,0,-1,91
14123,-3,0,-1,2,3,-6,1,0,3,0,-1,2,1,75
14124,-1,-4,1,0,1,0,3,-2,-3,2,1,-2,-1,51
14125,-3,-2,3,-2,3,-2,1,0,-1,4,-1,0,1,59
14126,-1,-2,-1,2,-1,-2,5,0,-1,0,3,0,-1,51
14127,1,0,1,0,1,-4,3,2,1,2,1,2,1,43
14128,3,-4,-1,4,3,-2,-3,0,-1,-2,-1,-2,-1,75
14129,1,-6,-3,6,5,-4,-5,2,1,0,-3,0,1,163
14130,-1,-6,1,6,1,-4,-1,2,1,-4,1,0,-1,115
14131,1,-8,-1,8,3,-6,-3,4,3,-2,-1,2,1,219
14132,-1,-4,1,2,1,0,-1,2,-3,0,1,-2,-1,43
14133,-3,-2,-1,4,3,-2,-3,4,-1,2,-1,0,1,75
14134,-1,-6,3,4,-1,-2,1,4,-1,-2,3,0,-1,99
14135,1,-4,1,6,1,-4,-1,6,1,0,1,2,1,115
14136,3,-4,-5,2,5,0,-1,-2,1,0,-1,-2,-1,91
14137,1,-6,-3,4,7,-2,-3,0,3,2,-3,0,1,147
14138,-1,-2,-3,4,3,-2,1,0,3,-2,1,0,-1,59
14139,1,-4,-1,6,5,-4,-1,2,5,0,-1,2,1,131
14140,3,-4,-3,0,3,2,1,0,-1,2,1,-2,-1,59
14141,1,-2,-1,2,5,0,-1,2,1,4,-1,0,1,59
14142,3,-2,-1,2,1,0,3,2,1,0,3,0,-1,43
14143,5,0,1,4,3,-2,1,4,3,2,1,2,1,91
14144,3,4,3,4,-3,-2,-1,-4,-3,-2,-1,-2,-1,99
14145,1,2,1,2,-5,0,-3,-2,-1,0,-3,0,1,59
14146,-1,2,1,2,-1,-4,1,-2,-1,-4,1,0,-1,51
14147,1,0,-1,0,-3,-2,-1,0,1,-2,-1,2,1,27
14148,-1,0,1,6,-5,0,1,-2,-5,0,1,-2,-1,99
14149,-3,2,-1,4,-7,2,-1,0,-3,2,-1,0,1,99
14150,-1,-2,-1,4,-3,-2,3,0,-3,-2,3,0,-1,67
14151,1,0,-3,2,-5,0,1,2,-1,0,1,2,1,51
14152,-1,0,3,2,-1,0,1,-6,-1,0,-1,-2,-1,59
14153,-3,-2,5,0,-3,2,-1,-4,1,2,-3,0,1,83
14154,-5,2,1,0,1,-2,3,-4,1,-2,1,0,-1,67
14155,-3,0,3,-2,-1,0,1,-2,3,0,-1,2,1,43
14156,-1,-4,1,4,-3,2,3,-4,-3,2,1,-2,-1,91
14157,-3,-2,3,2,-5,4,1,-2,-1,4,-1,0,1,91
14158,-1,-2,-1,2,-1,0,5,-2,-1,0,3,0,-1,51
14159,1,0,1,0,-3,2,3,0,1,2,1,2,1,35
14160,-1,4,-1,4,-1,0,-3,-2,-1,-2,-1,-2,-1,59
14161,-3,2,-3,6,-3,2,-5,0,1,0,-3,0,1,107
14162,-5,2,1,2,1,-2,-1,0,1,-4,1,0,-1,59
14163,-3,0,-1,4,-1,0,-3,2,3,-2,-1,2,1,59
14164,-5,4,-3,6,-3,2,-1,0,-3,0,1,-2,-1,115
14165,-7,6,-5,8,-5,4,-3,2,-1,2,-1,0,1,235
14166,-5,2,-1,4,-1,0,1,2,-1,-2,3,0,-1,67
14167,-3,4,-3,6,-3,2,-1,4,1,0,1,2,1,107
14168,-1,0,-1,2,1,2,-1,-4,1,0,-1,-2,-1,35
14169,-3,-2,1,4,-1,4,-3,-2,3,2,-3,0,1,83
14170,-5,2,1,0,3,0,1,-2,3,-2,1,0,-1,59
14171,-3,0,3,2,1,2,-1,0,5,0,-1,2,1,59
14172,-1,0,-3,4,-1,4,1,-2,-1,2,1,-2,-1,59
14173,-3,2,-1,6,-3,6,-1,0,1,4,-1,0,1,115
14174,-1,2,-1,2,1,2,3,0,1,0,3,0,-1,35
14175,1,4,1,4,-1,4,1,2,3,2,1,2,1,75
14176,3,0,3,4,-3,-4,1,-2,-3,-2,-1,-2,-1,83
14177,1,-2,1,2,-1,-2,-1,0,-1,0,-3,0,1,27
14178,-1,-2,1,6,-1,-6,3,0,-1,-4,1,0,-1,107
14179,1,-4,-1,4,1,-4,1,2,1,-2,-1,2,1,67
14180,-1,-4,5,6,-5,-2,3,0,-5,0,1,-2,-1,147
14181,-3,-2,3,4,-3,0,1,2,-3,2,-1,0,1,67
14182,-1,-6,3,8,-3,-4,5,2,-3,-2,3,0,-1,187
14183,1,-4,1,6,-1,-2,3,4,-1,0,1,2,1,91
14184,-1,0,3,2,-1,-2,3,-4,-1,0,-1,-2,-1,51
14185,-3,-2,5,0,1,0,1,-2,1,2,-3,0,1,59
14186,-5,2,1,4,1,-4,5,-2,1,-2,1,0,-1,99
14187,-3,0,3,2,3,-2,3,0,3,0,-1,2,1,59
14188,-1,-4,5,4,-3,0,5,-2,-3,2,1,-2,-1,115
14189,-3,-2,7,2,-1,2,3,0,-1,4,-1,0,1,99
14190,-1,-2,3,6,-1,-2,7,0,-1,0,3,0,-1,115
14191,1,0,5,4,1,0,5,2,1,2,1,2,1,83
14192,3,0,-1,4,-1,-2,-1,0,-1,-2,-1,-2,-1,43
14193,1,-2,-3,6,1,0,-3,2,1,0,-3,0,1,75
14194,-1,-2,1,6,1,-4,1,2,1,-4,1,0,-1,83
14195,1,-4,-1,8,3,-2,-1,4,3,-2,-1,2,1,131
14196,-1,0,1,6,-3,0,1,2,-3,0,1,-2,-1,67
14197,-3,2,-1,8,-1,2,-1,4,-1,2,-1,0,1,107
14198,-1,-2,3,8,-1,-2,3,4,-1,-2,3,0,-1,123
14199,1,0,1,10,1,0,1,6,1,0,1,2,1,147
14200,3,0,-1,2,1,0,1,-2,1,0,-1,-2,-1,27
14201,1,-2,1,4,3,2,-1,0,3,2,-3,0,1,59
14202,-1,2,1,4,3,-2,3,0,3,-2,1,0,-1,59
14203,1,0,3,6,5,0,1,2,5,0,-1,2,1,107
14204,3,0,1,4,-1,2,3,0,-1,2,1,-2,-1,51
14205,1,2,3,6,1,4,1,2,1,4,-1,0,1,91
14206,3,2,3,6,1,0,5,2,1,0,3,0,-1,99
14207,5,4,5,8,3,2,3,4,3,2,1,2,1,187
14208,7,4,3,0,1,-2,-5,-4,-3,-2,-1,-2,-1,139
14209,5,2,1,-2,-1,-4,-3,-2,-1,0,-3,0,1,75
14210,3,2,1,-2,-1,0,-3,-2,-1,-4,1,0,-1,51
14211,5,0,-1,-4,-3,-2,-1,0,1,-2,-1,2,1,67
14212,3,0,1,-2,3,0,-3,-2,-5,0,1,-2,-1,67
14213,1,2,-1,-4,1,-2,-1,0,-3,2,-1,0,1,43
14214,3,-2,-1,-4,1,2,-1,0,-3,-2,3,0,-1,59
14215,5,0,-3,-6,-1,0,1,2,-1,0,1,2,1,83
14216,3,0,-1,2,3,0,-3,-6,-1,0,-1,-2,-1,75
14217,1,-2,1,0,1,-2,-1,-4,1,2,-3,0,1,43
14218,-1,2,-3,0,1,2,-1,-4,1,-2,1,0,-1,43
14219,1,0,-1,-2,-1,0,1,-2,3,0,-1,2,1,27
14220,3,-4,-3,0,5,2,-1,-4,-3,2,1,-2,-1,99
14221,1,-2,-1,-2,3,0,1,-2,-1,4,-1,0,1,43
14222,3,-2,-5,-2,3,4,1,-2,-1,0,3,0,-1,83
14223,5,0,-3,-4,1,2,3,0,1,2,1,2,1,75
14224,3,0,3,0,3,0,-7,-2,-1,-2,-1,-2,-1,91
14225,1,-2,1,2,1,-2,-5,0,1,0,-3,0,1,51
14226,-1,-2,5,-2,1,2,-5,0,1,-4,1,0,-1,83
14227,1,-4,3,0,-1,0,-3,2,3,-2,-1,2,1,59
14228,-1,0,1,-2,5,2,-5,0,-3,0,1,-2,-1,75
14229,-3,2,-1,0,3,0,-3,2,-1,2,-1,0,1,43
14230,-1,-2,3,-4,3,4,-3,2,-1,-2,3,0,-1,83
14231,1,0,1,-2,1,2,-1,4,1,0,1,2,1,35
14232,3,-4,-1,2,5,2,-5,-4,1,0,-1,-2,-1,107
14233,1,-6,1,4,3,0,-3,-2,3,2,-3,0,1,99
14234,-1,-2,1,0,3,4,-3,-2,3,-2,1,0,-1,59
14235,1,-4,3,2,1,2,-1,0,5,0,-1,2,1,67
14236,3,-4,-3,0,7,4,-3,-2,-1,2,1,-2,-1,123
14237,1,-2,-1,2,5,2,-1,0,1,4,-1,0,1,59
14238,3,-2,-1,-2,5,6,-1,0,1,0,3,0,-1,91
14239,5,0,1,0,3,4,1,2,3,2,1,2,1,75
14240,3,4,3,0,1,-4,-3,-2,-3,-2,-1,-2,-1,83
14241,1,2,1,-2,3,-6,-1,0,-1,0,-3,0,1,67
14242,-1,2,1,2,-1,-2,-1,0,-1,-4,1,0,-1,35
14243,1,0,-1,0,1,-4,1,2,1,-2,-1,2,1,35
14244,-1,0,5,-2,3,-2,-1,0,-5,0,1,-2,-1,75
14245,-3,2,3,-4,5,-4,1,2,-3,2,-1,0,1,99
14246,-1,-2,3,0,1,0,1,2,-3,-2,3,0,-1,43
14247,1,0,1,-2,3,-2,3,4,-1,0,1,2,1,51
14248,-1,4,-1,2,3,-2,-1,-4,-1,0,-1,-2,-1,59
14249,-3,2,1,0,5,-4,1,-2,1,2,-3,0,1,75
14250,-5,6,-3,4,1,0,1,-2,1,-2,1,0,-1,99
14251,-3,4,-1,2,3,-2,3,0,3,0,-1,2,1,67
14252,-1,0,1,0,5,0,1,-2,-3,2,1,-2,-1,51
14253,-3,2,3,-2,7,-2,3,0,-1,4,-1,0,1,107
14254,-1,2,-1,2,3,2,3,0,-1,0,3,0,-1,43
14255,1,4,1,0,5,0,5,2,1,2,1,2,1,83
14256,3,0,3,0,3,-2,-5,0,-1,-2,-1,-2,-1,67
14257,1,-2,1,2,5,-4,-3,2,1,0,-3,0,1,75
14258,-1,-2,5,2,1,0,-3,2,1,-4,1,0,-1,67
14259,1,-4,3,4,3,-2,-1,4,3,-2,-1,2,1,91
14260,-1,0,5,-2,5,0,-3,2,-3,0,1,-2,-1,83
14261,-3,2,3,0,7,-2,-1,4,-1,2,-1,0,1,99
14262,-1,-2,7,0,3,2,-1,4,-1,-2,3,0,-1,99
14263,1,0,5,2,5,0,1,6,1,0,1,2,1,99
14264,3,0,-1,2,5,0,-3,-2,1,0,-1,-2,-1,59
14265,1,-2,1,4,7,-2,-1,0,3,2,-3,0,1,99
14266,-1,2,1,4,3,2,-1,0,3,-2,1,0,-1,51
14267,1,0,3,6,5,0,1,2,5,0,-1,2,1,107
14268,3,0,1,0,7,2,-1,0,-1,2,1,-2,-1,75
14269,1,2,3,2,9,0,1,2,1,4,-1,0,1,123
14270,3,2,3,2,5,4,1,2,1,0,3,0,-1,83
14271,5,4,5,4,7,2,3,4,3,2,1,2,1,179
14272,7,4,3,0,-3,-2,-3,-4,-3,-2,-1,-2,-1,131
14273,5,2,1,-2,-5,0,-1,-2,-1,0,-3,0,1,75
14274,3,2,1,-2,-1,0,-1,-2,-1,-4,1,0,-1,43
14275,5,0,-1,-4,-3,2,1,0,1,-2,-1,2,1,67
14276,3,0,1,2,-1,0,-1,-2,-5,0,1,-2,-1,51
14277,1,2,-1,0,-3,2,1,0,-3,2,-1,0,1,35
14278,3,-2,-1,0,1,2,1,0,-3,-2,3,0,-1,43
14279,5,0,-3,-2,-1,4,3,2,-1,0,1,2,1,75
14280,3,0,3,2,-1,0,-1,-6,-1,0,-1,-2,-1,67
14281,1,-2,5,0,-3,2,1,-4,1,2,-3,0,1,75
14282,-1,2,1,0,1,2,1,-4,1,-2,1,0,-1,35
14283,1,0,3,-2,-1,4,3,-2,3,0,-1,2,1,59
14284,3,-4,1,4,1,2,1,-4,-3,2,1,-2,-1,83
14285,1,-2,3,2,-1,4,3,-2,-1,4,-1,0,1,67
14286,3,-2,-1,2,3,4,3,-2,-1,0,3,0,-1,67
14287,5,0,1,0,1,6,5,0,1,2,1,2,1,99
14288,3,4,3,0,-1,0,-5,-2,-1,-2,-1,-2,-1,75
14289,1,2,1,2,-3,2,-3,0,1,0,-3,0,1,43
14290,-1,2,5,-2,1,2,-3,0,1,-4,1,0,-1,67
14291,1,0,3,0,-1,4,-1,2,3,-2,-1,2,1,51
14292,-1,4,1,2,1,2,-3,0,-3,0,1,-2,-1,51
14293,-3,6,-1,4,-1,4,-1,2,-1,2,-1,0,1,91
14294,-1,2,3,0,3,4,-1,2,-1,-2,3,0,-1,59
14295,1,4,1,2,1,6,1,4,1,0,1,2,1,83
14296,3,0,3,2,1,2,-3,-4,1,0,-1,-2,-1,59
14297,1,-2,5,4,-1,4,-1,-2,3,2,-3,0,1,91
14298,-1,2,5,0,3,4,-1,-2,3,-2,1,0,-1,75
14299,1,0,7,2,1,6,1,0,5,0,-1,2,1,123
14300,3,0,1,4,3,4,-1,-2,-1,2,1,-2,-1,67
14301,1,2,3,6,1,6,1,0,1,4,-1,0,1,107
14302,3,2,3,2,5,6,1,0,1,0,3,0,-1,99
14303,5,4,5,4,3,8,3,2,3,2,1,2,1,187
14304,7,4,3,0,-3,-4,-1,-2,-3,-2,-1,-2,-1,123
14305,5,2,1,-2,-1,-2,1,0,-1,0,-3,0,1,51
14306,3,2,1,2,-1,-2,1,0,-1,-4,1,0,-1,43
14307,5,0,-1,0,1,0,3,2,1,-2,-1,2,1,51
14308,3,0,5,2,-1,-2,1,0,-5,0,1,-2,-1,75
14309,1,2,3,0,1,0,3,2,-3,2,-1,0,1,43
14310,3,-2,3,4,1,0,3,2,-3,-2,3,0,-1,75
14311,5,0,1,2,3,2,5,4,-1,0,1,2,1,91
14312,3,4,3,2,-1,-2,1,-4,-1,0,-1,-2,-1,67
14313,1,2,5,0,1,0,3,-2,1,2,-3,0,1,59
14314,-1,6,1,4,1,0,3,-2,1,-2,1,0,-1,75
14315,1,4,3,2,3,2,5,0,3,0,-1,2,1,83
14316,3,0,5,4,1,0,3,-2,-3,2,1,-2,-1,83
14317,1,2,7,2,3,2,5,0,-1,4,-1,0,1,115
14318,3,2,3,6,3,2,5,0,-1,0,3,0,-1,107
14319,5,4,5,4,5,4,7,2,1,2,1,2,1,187
14320,7,4,3,0,-1,-2,-3,0,-1,-2,-1,-2,-1,99
14321,5,2,1,2,1,0,-1,2,1,0,-3,0,1,51
14322,3,2,5,2,1,0,-1,2,1,-4,1,0,-1,67
14323,5,0,3,4,3,2,1,4,3,-2,-1,2,1,99
14324,3,4,5,2,1,0,-1,2,-3,0,1,-2,-1,75
14325,1,6,3,4,3,2,1,4,-1,2,-1,0,1,99
14326,3,2,7,4,3,2,1,4,-1,-2,3,0,-1,123
14327,5,4,5,6,5,4,3,6,1,0,1,2,1,195
14328,7,4,3,2,1,0,-1,-2,1,0,-1,-2,-1,91
14329,5,2,5,4,3,2,1,0,3,2,-3,0,1,107
14330,3,6,5,4,3,2,1,0,3,-2,1,0,-1,115
14331,5,4,7,6,5,4,3,2,5,0,-1,2,1,211
14332,7,4,5,4,3,2,1,0,-1,2,1,-2,-1,131
14333,5,6,7,6,5,4,3,2,1,4,-1,0,1,219
14334,7,6,7,6,5,4,3,2,1,0,3,0,-1,235
14335,9,8,9,8,7,6,5,4,3,2,1,2,1,435
14336,11,8,5,4,3,2,1,0,-1,-2,-3,-2,-1,259
14337,9,6,3,2,1,0,-1,-2,-3,-4,-1,0,1,163
14338,7,6,3,2,1,0,-1,-2,-3,0,-1,0,-1,115
14339,9,4,1,0,-1,-2,-3,-4,-5,-2,1,2,1,163
14340,7,4,3,2,1,0,-1,-2,1,0,-1,-2,-1,91
14341,5,6,1,0,-1,-2,-3,-4,-1,-2,1,0,1,99
14342,7,2,1,0,-1,-2,-3,-4,-1,2,1,0,-1,91
14343,9,4,-1,-2,-3,-4,-5,-6,-3,0,3,2,1,211
14344,7,4,1,2,1,0,-1,2,1,0,-3,-2,-1,91
14345,5,2,3,0,-1,-2,-3,0,-1,-2,-1,0,1,59
14346,3,6,-1,0,-1,-2,-3,0,-1,2,-1,0,-1,67
14347,5,4,1,-2,-3,-4,-5,-2,-3,0,1,2,1,115
14348,7,0,-1,0,-1,-2,-3,0,3,2,-1,-2,-1,83
14349,5,2,1,-2,-3,-4,-5,-2,1,0,1,0,1,91
14350,7,2,-3,-2,-3,-4,-5,-2,1,4,1,0,-1,139
14351,9,4,-1,-4,-5,-6,-7,-4,-1,2,3,2,1,259
14352,7,4,1,0,1,0,3,2,1,-2,-3,-2,-1,99
14353,5,2,-1,2,-1,-2,1,0,-1,-4,-1,0,1,59
14354,3,2,3,-2,-1,-2,1,0,-1,0,-1,0,-1,35
14355,5,0,1,0,-3,-4,-1,-2,-3,-2,1,2,1,75
14356,3,4,-1,-2,-1,-2,1,0,3,0,-1,-2,-1,51
14357,1,6,-3,0,-3,-4,-1,-2,1,-2,1,0,1,83
14358,3,2,1,-4,-3,-4,-1,-2,1,2,1,0,-1,67
14359,5,4,-1,-2,-5,-6,-3,-4,-1,0,3,2,1,147
14360,7,0,-3,-2,-1,-2,1,4,3,0,-3,-2,-1,107
14361,5,-2,-1,0,-3,-4,-1,2,1,-2,-1,0,1,67
14362,3,2,-1,-4,-3,-4,-1,2,1,2,-1,0,-1,67
14363,5,0,1,-2,-5,-6,-3,0,-1,0,1,2,1,107
14364,7,0,-5,-4,-3,-4,-1,2,5,2,-1,-2,-1,155
14365,5,2,-3,-2,-5,-6,-3,0,3,0,1,0,1,123
14366,7,2,-3,-6,-5,-6,-3,0,3,4,1,0,-1,195
14367,9,4,-1,-4,-7,-8,-5,-2,1,2,3,2,1,275
14368,7,4,1,0,-1,4,3,2,-1,-2,-3,-2,-1,115
14369,5,2,-1,-2,1,2,1,0,-3,-4,-1,0,1,67
14370,3,2,-1,2,-3,2,1,0,-3,0,-1,0,-1,43
14371,5,0,-3,0,-1,0,-1,-2,-5,-2,1,2,1,75
14372,3,0,3,-2,-3,2,1,0,1,0,-1,-2,-1,43
14373,1,2,1,-4,-1,0,-1,-2,-1,-2,1,0,1,35
14374,3,-2,1,0,-5,0,-1,-2,-1,2,1,0,-1,51
14375,5,0,-1,-2,-3,-2,-3,-4,-3,0,3,2,1,91
14376,3,4,-3,-2,-3,2,1,4,1,0,-3,-2,-1,83
14377,1,2,-1,-4,-1,0,-1,2,-1,-2,-1,0,1,35
14378,-1,6,-5,0,-5,0,-1,2,-1,2,-1,0,-1,99
14379,1,4,-3,-2,-3,-2,-3,0,-3,0,1,2,1,67
14380,3,0,-1,-4,-5,0,-1,2,3,2,-1,-2,-1,75
14381,1,2,1,-6,-3,-2,-3,0,1,0,1,0,1,67
14382,3,2,-3,-2,-7,-2,-3,0,1,4,1,0,-1,107
14383,5,4,-1,-4,-5,-4,-5,-2,-1,2,3,2,1,147
14384,7,0,-3,-4,-3,2,5,4,1,-2,-3,-2,-1,147
14385,5,-2,-5,-2,-1,0,3,2,-1,-4,-1,0,1,91
14386,3,-2,-1,-2,-5,0,3,2,-1,0,-1,0,-1,59
14387,5,-4,-3,0,-3,-2,1,0,-3,-2,1,2,1,83
14388,3,0,-1,-6,-5,0,3,2,3,0,-1,-2,-1,99
14389,1,2,-3,-4,-3,-2,1,0,1,-2,1,0,1,51
14390,3,-2,1,-4,-7,-2,1,0,1,2,1,0,-1,91
14391,5,0,-1,-2,-5,-4,-1,-2,-1,0,3,2,1,91
14392,7,0,-7,-6,-5,0,3,6,3,0,-3,-2,-1,227
14393,5,-2,-5,-4,-3,-2,1,4,1,-2,-1,0,1,107
14394,3,2,-5,-4,-7,-2,1,4,1,2,-1,0,-1,131
14395,5,0,-3,-2,-5,-4,-1,2,-1,0,1,2,1,91
14396,7,0,-5,-8,-7,-2,1,4,5,2,-1,-2,-1,243
14397,5,2,-3,-6,-5,-4,-1,2,3,0,1,0,1,131
14398,7,2,-3,-6,-9,-4,-1,2,3,4,1,0,-1,227
14399,9,4,-1,-4,-7,-6,-3,0,1,2,3,2,1,227
14400,7,4,1,0,3,2,3,0,-1,-2,-3,-2,-1,107
14401,5,2,-1,-2,1,4,1,-2,-3,-4,-1,0,1,83
14402,3,2,-1,-2,5,0,1,-2,-3,0,-1,0,-1,59
14403,5,0,-3,-4,3,2,-1,-4,-5,-2,1,2,1,115
14404,3,0,-1,2,1,0,1,-2,1,0,-1,-2,-1,27
14405,1,2,-3,0,-1,2,-1,-4,-1,-2,1,0,1,43
14406,3,-2,-3,0,3,-2,-1,-4,-1,2,1,0,-1,59
14407,5,0,-5,-2,1,0,-3,-6,-3,0,3,2,1,123
14408,3,0,1,-2,1,0,1,2,1,0,-3,-2,-1,35
14409,1,-2,3,-4,-1,2,-1,0,-1,-2,-1,0,1,43
14410,-1,2,-1,-4,3,-2,-1,0,-1,2,-1,0,-1,43
14411,1,0,1,-6,1,0,-3,-2,-3,0,1,2,1,67
14412,3,-4,-1,0,-1,-2,-1,0,3,2,-1,-2,-1,51
14413,1,-2,1,-2,-3,0,-3,-2,1,0,1,0,1,35
14414,3,-2,-3,-2,1,-4,-3,-2,1,4,1,0,-1,75
14415,5,0,-1,-4,-1,-2,-5,-4,-1,2,3,2,1,107
14416,3,4,-3,-4,1,0,5,2,1,-2,-3,-2,-1,99
14417,1,2,-5,-2,-1,2,3,0,-1,-4,-1,0,1,67
14418,-1,2,-1,-6,3,-2,3,0,-1,0,-1,0,-1,67
14419,1,0,-3,-4,1,0,1,-2,-3,-2,1,2,1,51
14420,-1,4,-5,-2,-1,-2,3,0,3,0,-1,-2,-1,75
14421,-3,6,-7,0,-3,0,1,-2,1,-2,1,0,1,115
14422,-1,2,-3,-4,1,-4,1,-2,1,2,1,0,-1,59
14423,1,4,-5,-2,-1,-2,-1,-4,-1,0,3,2,1,83
14424,3,0,-3,-6,-1,-2,3,4,3,0,-3,-2,-1,107
14425,1,-2,-1,-4,-3,0,1,2,1,-2,-1,0,1,43
14426,-1,2,-1,-8,1,-4,1,2,1,2,-1,0,-1,99
14427,1,0,1,-6,-1,-2,-1,0,-1,0,1,2,1,51
14428,3,0,-5,-4,-3,-4,1,2,5,2,-1,-2,-1,115
14429,1,2,-3,-2,-5,-2,-1,0,3,0,1,0,1,59
14430,3,2,-3,-6,-1,-6,-1,0,3,4,1,0,-1,123
14431,5,4,-1,-4,-3,-4,-3,-2,1,2,3,2,1,115
14432,7,0,-3,-4,-1,4,5,2,-1,-2,-3,-2,-1,139
14433,5,-2,-5,-6,1,6,3,0,-3,-4,-1,0,1,163
14434,3,-2,-5,-2,1,2,3,0,-3,0,-1,0,-1,67
14435,5,-4,-7,-4,3,4,1,-2,-5,-2,1,2,1,171
14436,3,-4,-1,-2,-3,2,3,0,1,0,-1,-2,-1,59
14437,1,-2,-3,-4,-1,4,1,-2,-1,-2,1,0,1,59
14438,3,-6,-3,0,-1,0,1,-2,-1,2,1,0,-1,67
14439,5,-4,-5,-2,1,2,-1,-4,-3,0,3,2,1,115
14440,3,0,-3,-6,-3,2,3,4,1,0,-3,-2,-1,107
14441,1,-2,-1,-8,-1,4,1,2,-1,-2,-1,0,1,99
14442,-1,2,-5,-4,-1,0,1,2,-1,2,-1,0,-1,59
14443,1,0,-3,-6,1,2,-1,0,-3,0,1,2,1,67
14444,3,-4,-1,-4,-5,0,1,2,3,2,-1,-2,-1,91
14445,1,-2,1,-6,-3,2,-1,0,1,0,1,0,1,59
14446,3,-2,-3,-2,-3,-2,-1,0,1,4,1,0,-1,59
14447,5,0,-1,-4,-1,0,-3,-2,-1,2,3,2,1,75
14448,7,0,-7,-8,-3,2,7,4,1,-2,-3,-2,-1,259
14449,5,-2,-9,-6,-1,4,5,2,-1,-4,-1,0,1,211
14450,3,-2,-5,-6,-1,0,5,2,-1,0,-1,0,-1,107
14451,5,-4,-7,-4,1,2,3,0,-3,-2,1,2,1,139
14452,3,0,-5,-6,-5,0,5,2,3,0,-1,-2,-1,139
14453,1,2,-7,-4,-3,2,3,0,1,-2,1,0,1,99
14454,3,-2,-3,-4,-3,-2,3,0,1,2,1,0,-1,67
14455,5,0,-5,-2,-1,0,1,-2,-1,0,3,2,1,75
14456,7,0,-7,-10,-5,0,5,6,3,0,-3,-2,-1,307
14457,5,-2,-5,-8,-3,2,3,4,1,-2,-1,0,1,163
14458,3,2,-5,-8,-3,-2,3,4,1,2,-1,0,-1,147
14459,5,0,-3,-6,-1,0,1,2,-1,0,1,2,1,83
14460,7,0,-5,-8,-7,-2,3,4,5,2,-1,-2,-1,251
14461,5,2,-3,-6,-5,0,1,2,3,0,1,0,1,115
14462,7,2,-3,-6,-5,-4,1,2,3,4,1,0,-1,171
14463,9,4,-1,-4,-3,-2,-1,0,1,2,3,2,1,147
14464,7,4,1,4,3,2,-1,0,-1,-2,-3,-2,-1,115
14465,5,2,-1,2,1,0,1,-2,-3,-4,-1,0,1,67
14466,3,2,-1,2,1,4,-3,-2,-3,0,-1,0,-1,59
14467,5,0,-3,0,-1,2,-1,-4,-5,-2,1,2,1,91
14468,3,0,-1,2,5,0,-3,-2,1,0,-1,-2,-1,59
14469,1,2,-3,0,3,-2,-1,-4,-1,-2,1,0,1,51
14470,3,-2,-3,0,3,2,-5,-4,-1,2,1,0,-1,83
14471,5,0,-5,-2,1,0,-3,-6,-3,0,3,2,1,123
14472,3,0,-3,6,1,0,-3,2,1,0,-3,-2,-1,83
14473,1,-2,-1,4,-1,-2,-1,0,-1,-2,-1,0,1,35
14474,-1,2,-5,4,-1,2,-5,0,-1,2,-1,0,-1,83
14475,1,0,-3,2,-3,0,-3,-2,-3,0,1,2,1,51
14476,3,-4,-5,4,3,-2,-5,0,3,2,-1,-2,-1,123
14477,1,-2,-3,2,1,-4,-3,-2,1,0,1,0,1,51
14478,3,-2,-7,2,1,0,-7,-2,1,4,1,0,-1,139
14479,5,0,-5,0,-1,-2,-5,-4,-1,2,3,2,1,115
14480,3,0,1,0,1,0,1,2,1,-2,-3,-2,-1,35
14481,1,-2,-1,2,-1,-2,3,0,-1,-4,-1,0,1,43
14482,-1,-2,3,-2,-1,2,-1,0,-1,0,-1,0,-1,27
14483,1,-4,1,0,-3,0,1,-2,-3,-2,1,2,1,51
14484,-1,0,-1,-2,3,-2,-1,0,3,0,-1,-2,-1,35
14485,-3,2,-3,0,1,-4,1,-2,1,-2,1,0,1,51
14486,-1,-2,1,-4,1,0,-3,-2,1,2,1,0,-1,43
14487,1,0,-1,-2,-1,-2,-1,-4,-1,0,3,2,1,43
14488,3,-4,-3,2,-1,-2,-1,4,3,0,-3,-2,-1,83
14489,1,-6,-1,4,-3,-4,1,2,1,-2,-1,0,1,91
14490,-1,-2,-1,0,-3,0,-3,2,1,2,-1,0,-1,35
14491,1,-4,1,2,-5,-2,-1,0,-1,0,1,2,1,59
14492,3,-4,-5,0,1,-4,-3,2,5,2,-1,-2,-1,115
14493,1,-2,-3,2,-1,-6,-1,0,3,0,1,0,1,67
14494,3,-2,-3,-2,-1,-2,-5,0,3,4,1,0,-1,83
14495,5,0,-1,0,-3,-4,-3,-2,1,2,3,2,1,83
14496,3,4,-3,0,-1,4,1,2,-1,-2,-3,-2,-1,75
14497,1,2,-5,-2,1,2,3,0,-3,-4,-1,0,1,75
14498,-1,2,-5,2,-3,6,-1,0,-3,0,-1,0,-1,91
14499,1,0,-7,0,-1,4,1,-2,-5,-2,1,2,1,107
14500,-1,0,-1,-2,1,2,-1,0,1,0,-1,-2,-1,19
14501,-3,2,-3,-4,3,0,1,-2,-1,-2,1,0,1,59
14502,-1,-2,-3,0,-1,4,-3,-2,-1,2,1,0,-1,51
14503,1,0,-5,-2,1,2,-1,-4,-3,0,3,2,1,75
14504,-1,4,-7,2,-3,2,-1,4,1,0,-3,-2,-1,115
14505,-3,2,-5,0,-1,0,1,2,-1,-2,-1,0,1,51
14506,-5,6,-9,4,-5,4,-3,2,-1,2,-1,0,-1,219
14507,-3,4,-7,2,-3,2,-1,0,-3,0,1,2,1,107
14508,-1,0,-5,0,-1,0,-3,2,3,2,-1,-2,-1,59
14509,-3,2,-3,-2,1,-2,-1,0,1,0,1,0,1,35
14510,-1,2,-7,2,-3,2,-5,0,1,4,1,0,-1,115
14511,1,4,-5,0,-1,0,-3,-2,-1,2,3,2,1,75
14512,3,0,-3,-4,-3,2,3,4,1,-2,-3,-2,-1,91
14513,1,-2,-5,-2,-1,0,5,2,-1,-4,-1,0,1,83
14514,-1,-2,-1,-2,-5,4,1,2,-1,0,-1,0,-1,59
14515,1,-4,-3,0,-3,2,3,0,-3,-2,1,2,1,67
14516,-1,0,-1,-6,-1,0,1,2,3,0,-1,-2,-1,59
14517,-3,2,-3,-4,1,-2,3,0,1,-2,1,0,1,59
14518,-1,-2,1,-4,-3,2,-1,0,1,2,1,0,-1,43
14519,1,0,-1,-2,-1,0,1,-2,-1,0,3,2,1,27
14520,3,0,-7,-2,-5,0,1,6,3,0,-3,-2,-1,147
14521,1,-2,-5,0,-3,-2,3,4,1,-2,-1,0,1,75
14522,-1,2,-5,0,-7,2,-1,4,1,2,-1,0,-1,107
14523,1,0,-3,2,-5,0,1,2,-1,0,1,2,1,51
14524,3,0,-5,-4,-3,-2,-1,4,5,2,-1,-2,-1,115
14525,1,2,-3,-2,-1,-4,1,2,3,0,1,0,1,51
14526,3,2,-3,-2,-5,0,-3,2,3,4,1,0,-1,91
14527,5,4,-1,0,-3,-2,-1,0,1,2,3,2,1,75
14528,7,0,-3,0,3,2,1,0,-1,-2,-3,-2,-1,91
14529,5,-2,-5,-2,1,4,3,-2,-3,-4,-1,0,1,115
14530,3,-2,-5,-2,5,4,-1,-2,-3,0,-1,0,-1,99
14531,5,-4,-7,-4,3,6,1,-4,-5,-2,1,2,1,203
14532,3,-4,-5,2,5,0,-1,-2,1,0,-1,-2,-1,91
14533,1,-2,-7,0,3,2,1,-4,-1,-2,1,0,1,91
14534,3,-6,-7,0,7,2,-3,-4,-1,2,1,0,-1,179
14535,5,-4,-9,-2,5,4,-1,-6,-3,0,3,2,1,227
14536,3,-4,-3,2,1,0,-1,2,1,0,-3,-2,-1,59
14537,1,-6,-1,0,-1,2,1,0,-1,-2,-1,0,1,51
14538,-1,-2,-5,0,3,2,-3,0,-1,2,-1,0,-1,59
14539,1,-4,-3,-2,1,4,-1,-2,-3,0,1,2,1,67
14540,3,-8,-5,4,3,-2,-3,0,3,2,-1,-2,-1,155
14541,1,-6,-3,2,1,0,-1,-2,1,0,1,0,1,59
14542,3,-6,-7,2,5,0,-5,-2,1,4,1,0,-1,171
14543,5,-4,-5,0,3,2,-3,-4,-1,2,3,2,1,123
14544,3,0,-3,-4,1,0,3,2,1,-2,-3,-2,-1,67
14545,1,-2,-5,-2,-1,2,5,0,-1,-4,-1,0,1,83
14546,-1,-2,-1,-6,3,2,1,0,-1,0,-1,0,-1,59
14547,1,-4,-3,-4,1,4,3,-2,-3,-2,1,2,1,91
14548,-1,0,-5,-2,3,-2,1,0,3,0,-1,-2,-1,59
14549,-3,2,-7,0,1,0,3,-2,1,-2,1,0,1,83
14550,-1,-2,-3,-4,5,0,-1,-2,1,2,1,0,-1,67
14551,1,0,-5,-2,3,2,1,-4,-1,0,3,2,1,75
14552,3,-4,-3,-2,-1,-2,1,4,3,0,-3,-2,-1,83
14553,1,-6,-1,0,-3,0,3,2,1,-2,-1,0,1,67
14554,-1,-2,-1,-4,1,0,-1,2,1,2,-1,0,-1,35
14555,1,-4,1,-2,-1,2,1,0,-1,0,1,2,1,35
14556,3,-4,-5,0,1,-4,-1,2,5,2,-1,-2,-1,107
14557,1,-2,-3,2,-1,-2,1,0,3,0,1,0,1,35
14558,3,-2,-3,-2,3,-2,-3,0,3,4,1,0,-1,75
14559,5,0,-1,0,1,0,-1,-2,1,2,3,2,1,51
14560,7,0,-7,-4,-1,4,3,2,-1,-2,-3,-2,-1,163
14561,5,-2,-9,-6,1,6,5,0,-3,-4,-1,0,1,235
14562,3,-2,-9,-2,1,6,1,0,-3,0,-1,0,-1,147
14563,5,-4,-11,-4,3,8,3,-2,-5,-2,1,2,1,299
14564,3,-4,-5,-2,1,2,1,0,1,0,-1,-2,-1,67
14565,1,-2,-7,-4,3,4,3,-2,-1,-2,1,0,1,115
14566,3,-6,-7,0,3,4,-1,-2,-1,2,1,0,-1,131
14567,5,-4,-9,-2,5,6,1,-4,-3,0,3,2,1,227
14568,3,0,-7,-2,-3,2,1,4,1,0,-3,-2,-1,107
14569,1,-2,-5,-4,-1,4,3,2,-1,-2,-1,0,1,83
14570,-1,2,-9,0,-1,4,-1,2,-1,2,-1,0,-1,115
14571,1,0,-7,-2,1,6,1,0,-3,0,1,2,1,107
14572,3,-4,-5,0,-1,0,-1,2,3,2,-1,-2,-1,75
14573,1,-2,-3,-2,1,2,1,0,1,0,1,0,1,27
14574,3,-2,-7,2,1,2,-3,0,1,4,1,0,-1,99
14575,5,0,-5,0,3,4,-1,-2,-1,2,3,2,1,99
14576,7,0,-7,-8,-3,2,5,4,1,-2,-3,-2,-1,235
14577,5,-2,-9,-6,-1,4,7,2,-1,-4,-1,0,1,235
14578,3,-2,-5,-6,-1,4,3,2,-1,0,-1,0,-1,107
14579,5,-4,-7,-4,1,6,5,0,-3,-2,1,2,1,187
14580,3,0,-5,-6,-1,0,3,2,3,0,-1,-2,-1,99
14581,1,2,-7,-4,1,2,5,0,1,-2,1,0,1,107
14582,3,-2,-3,-4,1,2,1,0,1,2,1,0,-1,51
14583,5,0,-5,-2,3,4,3,-2,-1,0,3,2,1,107
14584,7,0,-7,-6,-5,0,3,6,3,0,-3,-2,-1,227
14585,5,-2,-5,-4,-3,2,5,4,1,-2,-1,0,1,131
14586,3,2,-5,-4,-3,2,1,4,1,2,-1,0,-1,91
14587,5,0,-3,-2,-1,4,3,2,-1,0,1,2,1,75
14588,7,0,-5,-4,-3,-2,1,4,5,2,-1,-2,-1,155
14589,5,2,-3,-2,-1,0,3,2,3,0,1,0,1,67
14590,7,2,-3,-2,-1,0,-1,2,3,4,1,0,-1,99
14591,9,4,-1,0,1,2,1,0,1,2,3,2,1,123
14592,7,4,5,4,3,0,-1,-2,-1,-2,-3,-2,-1,139
14593,5,2,3,2,1,-2,-3,0,-3,-4,-1,0,1,83
14594,3,2,3,2,1,-2,1,-4,-3,0,-1,0,-1,59
14595,5,0,1,0,-1,-4,-1,-2,-5,-2,1,2,1,83
14596,3,0,3,2,1,2,-3,-4,1,0,-1,-2,-1,59
14597,1,2,1,0,-1,0,-5,-2,-1,-2,1,0,1,43
14598,3,-2,1,0,-1,0,-1,-6,-1,2,1,0,-1,59
14599,5,0,-1,-2,-3,-2,-3,-4,-3,0,3,2,1,91
14600,3,0,1,2,5,-2,-3,0,1,0,-3,-2,-1,67
14601,1,-2,3,0,3,-4,-5,2,-1,-2,-1,0,1,75
14602,-1,2,-1,0,3,-4,-1,-2,-1,2,-1,0,-1,43
14603,1,0,1,-2,1,-6,-3,0,-3,0,1,2,1,67
14604,3,-4,-1,0,3,0,-5,-2,3,2,-1,-2,-1,83
14605,1,-2,1,-2,1,-2,-7,0,1,0,1,0,1,67
14606,3,-2,-3,-2,1,-2,-3,-4,1,4,1,0,-1,75
14607,5,0,-1,-4,-1,-4,-5,-2,-1,2,3,2,1,107
14608,3,0,1,4,1,-2,1,0,1,-2,-3,-2,-1,51
14609,1,-2,-1,6,-1,-4,-1,2,-1,-4,-1,0,1,83
14610,-1,-2,3,2,-1,-4,3,-2,-1,0,-1,0,-1,51
14611,1,-4,1,4,-3,-6,1,0,-3,-2,1,2,1,99
14612,-1,0,-1,2,-1,0,-1,-2,3,0,-1,-2,-1,27
14613,-3,2,-3,4,-3,-2,-3,0,1,-2,1,0,1,67
14614,-1,-2,1,0,-3,-2,1,-4,1,2,1,0,-1,43
14615,1,0,-1,2,-5,-4,-1,-2,-1,0,3,2,1,67
14616,3,-4,-3,2,3,-4,-1,2,3,0,-3,-2,-1,91
14617,1,-6,-1,4,1,-6,-3,4,1,-2,-1,0,1,123
14618,-1,-2,-1,0,1,-6,1,0,1,2,-1,0,-1,51
14619,1,-4,1,2,-1,-8,-1,2,-1,0,1,2,1,99
14620,3,-4,-5,0,1,-2,-3,0,5,2,-1,-2,-1,99
14621,1,-2,-3,2,-1,-4,-5,2,3,0,1,0,1,75
14622,3,-2,-3,-2,-1,-4,-1,-2,3,4,1,0,-1,75
14623,5,0,-1,0,-3,-6,-3,0,1,2,3,2,1,99
14624,3,0,5,0,-1,2,1,0,-1,-2,-3,-2,-1,59
14625,1,-2,3,-2,1,0,-1,2,-3,-4,-1,0,1,51
14626,-1,-2,3,2,-3,0,3,-2,-3,0,-1,0,-1,51
14627,1,-4,1,0,-1,-2,1,0,-5,-2,1,2,1,59
14628,-1,-4,7,-2,-3,4,-1,-2,1,0,-1,-2,-1,107
14629,-3,-2,5,-4,-1,2,-3,0,-1,-2,1,0,1,75
14630,-1,-6,5,0,-5,2,1,-4,-1,2,1,0,-1,115
14631,1,-4,3,-2,-3,0,-1,-2,-3,0,3,2,1,67
14632,-1,0,1,-2,1,0,-1,2,1,0,-3,-2,-1,27
14633,-3,-2,3,-4,3,-2,-3,4,-1,-2,-1,0,1,83
14634,-5,2,-1,0,-1,-2,1,0,-1,2,-1,0,-1,43
14635,-3,0,1,-2,1,-4,-1,2,-3,0,1,2,1,51
14636,-1,-4,3,-4,-1,2,-3,0,3,2,-1,-2,-1,75
14637,-3,-2,5,-6,1,0,-5,2,1,0,1,0,1,107
14638,-1,-2,1,-2,-3,0,-1,-2,1,4,1,0,-1,43
14639,1,0,3,-4,-1,-2,-3,0,-1,2,3,2,1,59
14640,3,-4,1,0,-3,0,3,2,1,-2,-3,-2,-1,67
14641,1,-6,-1,2,-1,-2,1,4,-1,-4,-1,0,1,83
14642,-1,-6,3,2,-5,-2,5,0,-1,0,-1,0,-1,107
14643,1,-8,1,4,-3,-4,3,2,-3,-2,1,2,1,139
14644,-1,-4,3,-2,-5,2,1,0,3,0,-1,-2,-1,75
14645,-3,-2,1,0,-3,0,-1,2,1,-2,1,0,1,35
14646,-1,-6,5,0,-7,0,3,-2,1,2,1,0,-1,131
14647,1,-4,3,2,-5,-2,1,0,-1,0,3,2,1,75
14648,3,-4,-3,-2,-1,-2,1,4,3,0,-3,-2,-1,83
14649,1,-6,-1,0,1,-4,-1,6,1,-2,-1,0,1,99
14650,-1,-2,-1,0,-3,-4,3,2,1,2,-1,0,-1,51
14651,1,-4,1,2,-1,-6,1,4,-1,0,1,2,1,83
14652,3,-4,-1,-4,-3,0,-1,2,5,2,-1,-2,-1,91
14653,1,-2,1,-2,-1,-2,-3,4,3,0,1,0,1,51
14654,3,-2,1,-2,-5,-2,1,0,3,4,1,0,-1,75
14655,5,0,3,0,-3,-4,-1,2,1,2,3,2,1,83
14656,3,4,1,0,3,0,1,-2,-1,-2,-3,-2,-1,59
14657,1,2,-1,-2,1,2,-1,0,-3,-4,-1,0,1,43
14658,-1,2,-1,-2,5,-2,3,-4,-3,0,-1,0,-1,75
14659,1,0,-3,-4,3,0,1,-2,-5,-2,1,2,1,75
14660,-1,0,-1,2,1,2,-1,-4,1,0,-1,-2,-1,35
14661,-3,2,-3,0,-1,4,-3,-2,-1,-2,1,0,1,59
14662,-1,-2,-3,0,3,0,1,-6,-1,2,1,0,-1,67
14663,1,0,-5,-2,1,2,-1,-4,-3,0,3,2,1,75
14664,-1,0,1,-2,5,-2,-1,0,1,0,-3,-2,-1,51
14665,-3,-2,3,-4,3,0,-3,2,-1,-2,-1,0,1,67
14666,-5,2,-1,-4,7,-4,1,-2,-1,2,-1,0,-1,123
14667,-3,0,1,-6,5,-2,-1,0,-3,0,1,2,1,91
14668,-1,-4,-1,0,3,0,-3,-2,3,2,-1,-2,-1,59
14669,-3,-2,1,-2,1,2,-5,0,1,0,1,0,1,51
14670,-1,-2,-3,-2,5,-2,-1,-4,1,4,1,0,-1,83
14671,1,0,-1,-4,3,0,-3,-2,-1,2,3,2,1,59
14672,-1,4,-3,0,1,-2,3,0,1,-2,-3,-2,-1,59
14673,-3,2,-5,2,-1,0,1,2,-1,-4,-1,0,1,67
14674,-5,2,-1,-2,3,-4,5,-2,-1,0,-1,0,-1,91
14675,-3,0,-3,0,1,-2,3,0,-3,-2,1,2,1,51
14676,-5,4,-5,2,-1,0,1,-2,3,0,-1,-2,-1,91
14677,-7,6,-7,4,-3,2,-1,0,1,-2,1,0,1,171
14678,-5,2,-3,0,1,-2,3,-4,1,2,1,0,-1,75
14679,-3,4,-5,2,-1,0,1,-2,-1,0,3,2,1,75
14680,-1,0,-3,-2,3,-4,1,2,3,0,-3,-2,-1,67
14681,-3,-2,-1,0,1,-2,-1,4,1,-2,-1,0,1,43
14682,-5,2,-1,-4,5,-6,3,0,1,2,-1,0,-1,123
14683,-3,0,1,-2,3,-4,1,2,-1,0,1,2,1,51
14684,-1,0,-5,0,1,-2,-1,0,5,2,-1,-2,-1,67
14685,-3,2,-3,2,-1,0,-3,2,3,0,1,0,1,51
14686,-1,2,-3,-2,3,-4,1,-2,3,4,1,0,-1,75
14687,1,4,-1,0,1,-2,-1,0,1,2,3,2,1,43
14688,3,0,1,-4,-1,2,3,0,-1,-2,-3,-2,-1,59
14689,1,-2,-1,-6,1,4,1,2,-3,-4,-1,0,1,91
14690,-1,-2,-1,-2,1,0,5,-2,-3,0,-1,0,-1,51
14691,1,-4,-3,-4,3,2,3,0,-5,-2,1,2,1,99
14692,-1,-4,3,-2,-3,4,1,-2,1,0,-1,-2,-1,67
14693,-3,-2,1,-4,-1,6,-1,0,-1,-2,1,0,1,75
14694,-1,-6,1,0,-1,2,3,-4,-1,2,1,0,-1,75
14695,1,-4,-1,-2,1,4,1,-2,-3,0,3,2,1,67
14696,-1,0,1,-6,1,0,1,2,1,0,-3,-2,-1,59
14697,-3,-2,3,-8,3,2,-1,4,-1,-2,-1,0,1,123
14698,-5,2,-1,-4,3,-2,3,0,-1,2,-1,0,-1,75
14699,-3,0,1,-6,5,0,1,2,-3,0,1,2,1,91
14700,-1,-4,3,-4,-1,2,-1,0,3,2,-1,-2,-1,67
14701,-3,-2,5,-6,1,4,-3,2,1,0,1,0,1,107
14702,-1,-2,1,-2,1,0,1,-2,1,4,1,0,-1,35
14703,1,0,3,-4,3,2,-1,0,-1,2,3,2,1,59
14704,3,0,-3,-4,-3,0,5,2,1,-2,-3,-2,-1,91
14705,1,-2,-5,-2,-1,2,3,4,-1,-4,-1,0,1,83
14706,-1,-2,-1,-2,-1,-2,7,0,-1,0,-1,0,-1,67
14707,1,-4,-3,0,1,0,5,2,-3,-2,1,2,1,75
14708,-1,0,-1,-2,-5,2,3,0,3,0,-1,-2,-1,59
14709,-3,2,-3,0,-3,4,1,2,1,-2,1,0,1,59
14710,-1,-2,1,0,-3,0,5,-2,1,2,1,0,-1,51
14711,1,0,-1,2,-1,2,3,0,-1,0,3,2,1,35
14712,3,0,-3,-6,-1,-2,3,4,3,0,-3,-2,-1,107
14713,1,-2,-1,-4,1,0,1,6,1,-2,-1,0,1,67
14714,-1,2,-1,-4,1,-4,5,2,1,2,-1,0,-1,75
14715,1,0,1,-2,3,-2,3,4,-1,0,1,2,1,51
14716,3,0,-1,-4,-3,0,1,2,5,2,-1,-2,-1,75
14717,1,2,1,-2,-1,2,-1,4,3,0,1,0,1,43
14718,3,2,1,-2,-1,-2,3,0,3,4,1,0,-1,59
14719,5,4,3,0,1,0,1,2,1,2,3,2,1,75
14720,7,0,1,4,3,0,-3,-2,-1,-2,-3,-2,-1,107
14721,5,-2,-1,2,1,-2,-1,0,-3,-4,-1,0,1,67
14722,3,-2,-1,2,1,2,-1,-4,-3,0,-1,0,-1,51
14723,5,-4,-3,0,-1,0,1,-2,-5,-2,1,2,1,91
14724,3,-4,-1,2,5,2,-5,-4,1,0,-1,-2,-1,107
14725,1,-2,-3,0,3,0,-3,-2,-1,-2,1,0,1,43
14726,3,-6,-3,0,3,4,-3,-6,-1,2,1,0,-1,131
14727,5,-4,-5,-2,1,2,-1,-4,-3,0,3,2,1,115
14728,3,-4,-3,6,5,-2,-5,0,1,0,-3,-2,-1,139
14729,1,-6,-1,4,3,-4,-3,2,-1,-2,-1,0,1,99
14730,-1,-2,-5,4,3,0,-3,-2,-1,2,-1,0,-1,75
14731,1,-4,-3,2,1,-2,-1,0,-3,0,1,2,1,51
14732,3,-8,-5,4,7,0,-7,-2,3,2,-1,-2,-1,235
14733,1,-6,-3,2,5,-2,-5,0,1,0,1,0,1,107
14734,3,-6,-7,2,5,2,-5,-4,1,4,1,0,-1,187
14735,5,-4,-5,0,3,0,-3,-2,-1,2,3,2,1,107
14736,3,-4,1,4,1,-2,-1,0,1,-2,-3,-2,-1,67
14737,1,-6,-1,6,-1,-4,1,2,-1,-4,-1,0,1,115
14738,-1,-6,3,2,-1,0,1,-2,-1,0,-1,0,-1,59
14739,1,-8,1,4,-3,-2,3,0,-3,-2,1,2,1,123
14740,-1,-4,-1,2,3,0,-3,-2,3,0,-1,-2,-1,59
14741,-3,-2,-3,4,1,-2,-1,0,1,-2,1,0,1,51
14742,-1,-6,1,0,1,2,-1,-4,1,2,1,0,-1,67
14743,1,-4,-1,2,-1,0,1,-2,-1,0,3,2,1,43
14744,3,-8,-3,6,3,-4,-3,2,3,0,-3,-2,-1,179
14745,1,-10,-1,8,1,-6,-1,4,1,-2,-1,0,1,227
14746,-1,-6,-1,4,1,-2,-1,0,1,2,-1,0,-1,67
14747,1,-8,1,6,-1,-4,1,2,-1,0,1,2,1,131
14748,3,-8,-5,4,5,-2,-5,0,5,2,-1,-2,-1,203
14749,1,-6,-3,6,3,-4,-3,2,3,0,1,0,1,131
14750,3,-6,-3,2,3,0,-3,-2,3,4,1,0,-1,107
14751,5,-4,-1,4,1,-2,-1,0,1,2,3,2,1,83
14752,3,0,1,0,-1,2,-1,0,-1,-2,-3,-2,-1,35
14753,1,-2,-1,-2,1,0,1,2,-3,-4,-1,0,1,43
14754,-1,-2,-1,2,-3,4,1,-2,-3,0,-1,0,-1,51
14755,1,-4,-3,0,-1,2,3,0,-5,-2,1,2,1,75
14756,-1,-4,3,-2,1,4,-3,-2,1,0,-1,-2,-1,67
14757,-3,-2,1,-4,3,2,-1,0,-1,-2,1,0,1,51
14758,-1,-6,1,0,-1,6,-1,-4,-1,2,1,0,-1,99
14759,1,-4,-1,-2,1,4,1,-2,-3,0,3,2,1,67
14760,-1,0,-3,2,1,0,-3,2,1,0,-3,-2,-1,43
14761,-3,-2,-1,0,3,-2,-1,4,-1,-2,-1,0,1,51
14762,-5,2,-5,4,-1,2,-1,0,-1,2,-1,0,-1,83
14763,-3,0,-3,2,1,0,1,2,-3,0,1,2,1,43
14764,-1,-4,-1,0,3,2,-5,0,3,2,-1,-2,-1,75
14765,-3,-2,1,-2,5,0,-3,2,1,0,1,0,1,59
14766,-1,-2,-3,2,1,4,-3,-2,1,4,1,0,-1,67
14767,1,0,-1,0,3,2,-1,0,-1,2,3,2,1,35
14768,3,-4,1,0,-3,0,1,2,1,-2,-3,-2,-1,59
14769,1,-6,-1,2,-1,-2,3,4,-1,-4,-1,0,1,91
14770,-1,-6,3,2,-5,2,3,0,-1,0,-1,0,-1,91
14771,1,-8,1,4,-3,0,5,2,-3,-2,1,2,1,139
14772,-1,-4,3,-2,-1,2,-1,0,3,0,-1,-2,-1,51
14773,-3,-2,1,0,1,0,1,2,1,-2,1,0,1,27
14774,-1,-6,5,0,-3,4,1,-2,1,2,1,0,-1,99
14775,1,-4,3,2,-1,2,3,0,-1,0,3,2,1,59
14776,3,-4,-3,2,-1,-2,-1,4,3,0,-3,-2,-1,83
14777,1,-6,-1,4,1,-4,1,6,1,-2,-1,0,1,115
14778,-1,-2,-1,4,-3,0,1,2,1,2,-1,0,-1,43
14779,1,-4,1,6,-1,-2,3,4,-1,0,1,2,1,91
14780,3,-4,-1,0,1,0,-3,2,5,2,-1,-2,-1,75
14781,1,-2,1,2,3,-2,-1,4,3,0,1,0,1,51
14782,3,-2,1,2,-1,2,-1,0,3,4,1,0,-1,51
14783,5,0,3,4,1,0,1,2,1,2,3,2,1,75
14784,7,0,-3,0,3,0,-1,-2,-1,-2,-3,-2,-1,91
14785,5,-2,-5,-2,1,2,1,0,-3,-4,-1,0,1,91
14786,3,-2,-5,-2,5,2,1,-4,-3,0,-1,0,-1,99
14787,5,-4,-7,-4,3,4,3,-2,-5,-2,1,2,1,179
14788,3,-4,-5,2,5,2,-3,-4,1,0,-1,-2,-1,115
14789,1,-2,-7,0,3,4,-1,-2,-1,-2,1,0,1,91
14790,3,-6,-7,0,7,4,-1,-6,-1,2,1,0,-1,203
14791,5,-4,-9,-2,5,6,1,-4,-3,0,3,2,1,227
14792,3,-4,-3,2,5,-2,-3,0,1,0,-3,-2,-1,91
14793,1,-6,-1,0,3,0,-1,2,-1,-2,-1,0,1,59
14794,-1,-2,-5,0,7,0,-1,-2,-1,2,-1,0,-1,91
14795,1,-4,-3,-2,5,2,1,0,-3,0,1,2,1,75
14796,3,-8,-5,4,7,0,-5,-2,3,2,-1,-2,-1,211
14797,1,-6,-3,2,5,2,-3,0,1,0,1,0,1,91
14798,3,-6,-7,2,9,2,-3,-4,1,4,1,0,-1,227
14799,5,-4,-5,0,7,4,-1,-2,-1,2,3,2,1,155
14800,3,0,-3,0,1,-2,1,0,1,-2,-3,-2,-1,43
14801,1,-2,-5,2,-1,0,3,2,-1,-4,-1,0,1,67
14802,-1,-2,-1,-2,3,0,3,-2,-1,0,-1,0,-1,35
14803,1,-4,-3,0,1,2,5,0,-3,-2,1,2,1,75
14804,-1,0,-5,2,3,0,-1,-2,3,0,-1,-2,-1,59
14805,-3,2,-7,4,1,2,1,0,1,-2,1,0,1,91
14806,-1,-2,-3,0,5,2,1,-4,1,2,1,0,-1,67
14807,1,0,-5,2,3,4,3,-2,-1,0,3,2,1,83
14808,3,-4,-3,2,3,-4,-1,2,3,0,-3,-2,-1,91
14809,1,-6,-1,4,1,-2,1,4,1,-2,-1,0,1,83
14810,-1,-2,-1,0,5,-2,1,0,1,2,-1,0,-1,43
14811,1,-4,1,2,3,0,3,2,-1,0,1,2,1,51
14812,3,-4,-5,4,5,-2,-3,0,5,2,-1,-2,-1,139
14813,1,-2,-3,6,3,0,-1,2,3,0,1,0,1,75
14814,3,-2,-3,2,7,0,-1,-2,3,4,1,0,-1,107
14815,5,0,-1,4,5,2,1,0,1,2,3,2,1,91
14816,7,0,-3,-4,-1,2,1,0,-1,-2,-3,-2,-1,99
14817,5,-2,-5,-6,1,4,3,2,-3,-4,-1,0,1,147
14818,3,-2,-5,-2,1,4,3,-2,-3,0,-1,0,-1,83
14819,5,-4,-7,-4,3,6,5,0,-5,-2,1,2,1,211
14820,3,-4,-1,-2,1,4,-1,-2,1,0,-1,-2,-1,59
14821,1,-2,-3,-4,3,6,1,0,-1,-2,1,0,1,83
14822,3,-6,-3,0,3,6,1,-4,-1,2,1,0,-1,123
14823,5,-4,-5,-2,5,8,3,-2,-3,0,3,2,1,195
14824,3,0,-3,-2,1,0,-1,2,1,0,-3,-2,-1,43
14825,1,-2,-1,-4,3,2,1,4,-1,-2,-1,0,1,59
14826,-1,2,-5,0,3,2,1,0,-1,2,-1,0,-1,51
14827,1,0,-3,-2,5,4,3,2,-3,0,1,2,1,83
14828,3,-4,-1,0,3,2,-3,0,3,2,-1,-2,-1,67
14829,1,-2,1,-2,5,4,-1,2,1,0,1,0,1,59
14830,3,-2,-3,2,5,4,-1,-2,1,4,1,0,-1,91
14831,5,0,-1,0,7,6,1,0,-1,2,3,2,1,131
14832,7,0,-3,-4,-3,0,3,2,1,-2,-3,-2,-1,115
14833,5,-2,-5,-2,-1,2,5,4,-1,-4,-1,0,1,123
14834,3,-2,-1,-2,-1,2,5,0,-1,0,-1,0,-1,51
14835,5,-4,-3,0,1,4,7,2,-3,-2,1,2,1,139
14836,3,0,-1,-2,-1,2,1,0,3,0,-1,-2,-1,35
14837,1,2,-3,0,1,4,3,2,1,-2,1,0,1,51
14838,3,-2,1,0,1,4,3,-2,1,2,1,0,-1,51
14839,5,0,-1,2,3,6,5,0,-1,0,3,2,1,115
14840,7,0,-3,-2,-1,-2,1,4,3,0,-3,-2,-1,107
14841,5,-2,-1,0,1,0,3,6,1,-2,-1,0,1,83
14842,3,2,-1,0,1,0,3,2,1,2,-1,0,-1,35
14843,5,0,1,2,3,2,5,4,-1,0,1,2,1,91
14844,7,0,-1,0,1,0,-1,2,5,2,-1,-2,-1,91
14845,5,2,1,2,3,2,1,4,3,0,1,0,1,75
14846,7,2,1,2,3,2,1,0,3,4,1,0,-1,99
14847,9,4,3,4,5,4,3,2,1,2,3,2,1,195
14848,7,8,5,4,1,0,-1,-2,-3,-2,-3,-2,-1,187
14849,5,6,3,2,-1,-2,-3,-4,-1,-4,-1,0,1,123
14850,3,6,3,2,-1,-2,-3,0,-5,0,-1,0,-1,99
14851,5,4,1,0,-3,-4,-5,-2,-3,-2,1,2,1,115
14852,3,4,3,2,-1,-2,1,-4,-1,0,-1,-2,-1,67
14853,1,6,1,0,-3,-4,-1,-6,1,-2,1,0,1,107
14854,3,2,1,0,-3,-4,-1,-2,-3,2,1,0,-1,59
14855,5,4,-1,-2,-5,-6,-3,-4,-1,0,3,2,1,147
14856,3,4,1,2,-1,2,-3,0,-1,0,-3,-2,-1,59
14857,1,2,3,0,-3,0,-5,-2,1,-2,-1,0,1,59
14858,-1,6,-1,0,-3,0,-5,2,-3,2,-1,0,-1,91
14859,1,4,1,-2,-5,-2,-7,0,-1,0,1,2,1,107
14860,3,0,-1,0,-3,0,-1,-2,1,2,-1,-2,-1,35
14861,1,2,1,-2,-5,-2,-3,-4,3,0,1,0,1,75
14862,3,2,-3,-2,-5,-2,-3,0,-1,4,1,0,-1,83
14863,5,4,-1,-4,-7,-4,-5,-2,1,2,3,2,1,171
14864,3,4,1,0,3,-2,1,0,-1,-2,-3,-2,-1,59
14865,1,2,-1,2,1,-4,-1,-2,1,-4,-1,0,1,51
14866,-1,2,3,-2,1,-4,-1,2,-3,0,-1,0,-1,51
14867,1,0,1,0,-1,-6,-3,0,-1,-2,1,2,1,59
14868,-1,4,-1,-2,1,-4,3,-2,1,0,-1,-2,-1,59
14869,-3,6,-3,0,-1,-6,1,-4,3,-2,1,0,1,123
14870,-1,2,1,-4,-1,-6,1,0,-1,2,1,0,-1,67
14871,1,4,-1,-2,-3,-8,-1,-2,1,0,3,2,1,115
14872,3,0,-3,-2,1,0,-1,2,1,0,-3,-2,-1,43
14873,1,-2,-1,0,-1,-2,-3,0,3,-2,-1,0,1,35
14874,-1,2,-1,-4,-1,-2,-3,4,-1,2,-1,0,-1,59
14875,1,0,1,-2,-3,-4,-5,2,1,0,1,2,1,67
14876,3,0,-5,-4,-1,-2,1,0,3,2,-1,-2,-1,75
14877,1,2,-3,-2,-3,-4,-1,-2,5,0,1,0,1,75
14878,3,2,-3,-6,-3,-4,-1,2,1,4,1,0,-1,107
14879,5,4,-1,-4,-5,-6,-3,0,3,2,3,2,1,155
14880,3,4,1,4,-3,2,1,0,-3,-2,-3,-2,-1,83
14881,1,2,-1,2,-1,0,-1,-2,-1,-4,-1,0,1,35
14882,-1,2,-1,6,-5,0,-1,2,-5,0,-1,0,-1,99
14883,1,0,-3,4,-3,-2,-3,0,-3,-2,1,2,1,67
14884,-1,0,3,2,-5,0,3,-2,-1,0,-1,-2,-1,59
14885,-3,2,1,0,-3,-2,1,-4,1,-2,1,0,1,51
14886,-1,-2,1,4,-7,-2,1,0,-3,2,1,0,-1,91
14887,1,0,-1,2,-5,-4,-1,-2,-1,0,3,2,1,67
14888,-1,4,-3,2,-5,4,-1,2,-1,0,-3,-2,-1,91
14889,-3,2,-1,0,-3,2,-3,0,1,-2,-1,0,1,43
14890,-5,6,-5,4,-7,2,-3,4,-3,2,-1,0,-1,195
14891,-3,4,-3,2,-5,0,-5,2,-1,0,1,2,1,99
14892,-1,0,-1,0,-7,2,1,0,1,2,-1,-2,-1,67
14893,-3,2,1,-2,-5,0,-1,-2,3,0,1,0,1,59
14894,-1,2,-3,2,-9,0,-1,2,-1,4,1,0,-1,123
14895,1,4,-1,0,-7,-2,-3,0,1,2,3,2,1,99
14896,3,0,-3,0,-1,0,3,2,-1,-2,-3,-2,-1,51
14897,1,-2,-5,2,1,-2,1,0,1,-4,-1,0,1,59
14898,-1,-2,-1,2,-3,-2,1,4,-3,0,-1,0,-1,51
14899,1,-4,-3,4,-1,-4,-1,2,-1,-2,1,2,1,75
14900,-1,0,-1,-2,-3,-2,5,0,1,0,-1,-2,-1,51
14901,-3,2,-3,0,-1,-4,3,-2,3,-2,1,0,1,67
14902,-1,-2,1,0,-5,-4,3,2,-1,2,1,0,-1,67
14903,1,0,-1,2,-3,-6,1,0,1,0,3,2,1,67
14904,3,0,-7,-2,-3,2,1,4,1,0,-3,-2,-1,107
14905,1,-2,-5,0,-1,0,-1,2,3,-2,-1,0,1,51
14906,-1,2,-5,0,-5,0,-1,6,-1,2,-1,0,-1,99
14907,1,0,-3,2,-3,-2,-3,4,1,0,1,2,1,59
14908,3,0,-5,-4,-5,0,3,2,3,2,-1,-2,-1,107
14909,1,2,-3,-2,-3,-2,1,0,5,0,1,0,1,59
14910,3,2,-3,-2,-7,-2,1,4,1,4,1,0,-1,115
14911,5,4,-1,0,-5,-4,-1,2,3,2,3,2,1,115
14912,3,4,5,0,1,0,1,-2,-3,-2,-3,-2,-1,83
14913,1,2,3,-2,-1,2,-1,-4,-1,-4,-1,0,1,59
14914,-1,2,3,-2,3,-2,-1,0,-5,0,-1,0,-1,59
14915,1,0,1,-4,1,0,-3,-2,-3,-2,1,2,1,51
14916,-1,0,3,2,-1,-2,3,-4,-1,0,-1,-2,-1,51
14917,-3,2,1,0,-3,0,1,-6,1,-2,1,0,1,67
14918,-1,-2,1,0,1,-4,1,-2,-3,2,1,0,-1,43
14919,1,0,-1,-2,-1,-2,-1,-4,-1,0,3,2,1,43
14920,-1,0,5,-2,-1,2,-1,0,-1,0,-3,-2,-1,51
14921,-3,-2,7,-4,-3,4,-3,-2,1,-2,-1,0,1,123
14922,-5,2,3,-4,1,0,-3,2,-3,2,-1,0,-1,83
14923,-3,0,5,-6,-1,2,-5,0,-1,0,1,2,1,107
14924,-1,-4,3,0,-3,0,1,-2,1,2,-1,-2,-1,51
14925,-3,-2,5,-2,-5,2,-1,-4,3,0,1,0,1,99
14926,-1,-2,1,-2,-1,-2,-1,0,-1,4,1,0,-1,35
14927,1,0,3,-4,-3,0,-3,-2,1,2,3,2,1,67
14928,-1,4,1,-4,3,-2,3,0,-1,-2,-3,-2,-1,75
14929,-3,2,-1,-2,1,0,1,-2,1,-4,-1,0,1,43
14930,-5,2,3,-6,5,-4,1,2,-3,0,-1,0,-1,131
14931,-3,0,1,-4,3,-2,-1,0,-1,-2,1,2,1,51
14932,-5,4,-1,-2,1,-4,5,-2,1,0,-1,-2,-1,99
14933,-7,6,-3,0,-1,-2,3,-4,3,-2,1,0,1,139
14934,-5,2,1,-4,3,-6,3,0,-1,2,1,0,-1,107
14935,-3,4,-1,-2,1,-4,1,-2,1,0,3,2,1,67
14936,-1,0,1,-6,1,0,1,2,1,0,-3,-2,-1,59
14937,-3,-2,3,-4,-1,2,-1,0,3,-2,-1,0,1,59
14938,-5,2,3,-8,3,-2,-1,4,-1,2,-1,0,-1,139
14939,-3,0,5,-6,1,0,-3,2,1,0,1,2,1,91
14940,-1,0,-1,-4,-1,-2,3,0,3,2,-1,-2,-1,51
14941,-3,2,1,-2,-3,0,1,-2,5,0,1,0,1,59
14942,-1,2,1,-6,1,-4,1,2,1,4,1,0,-1,83
14943,1,4,3,-4,-1,-2,-1,0,3,2,3,2,1,75
14944,3,0,1,0,-3,2,3,0,-3,-2,-3,-2,-1,59
14945,1,-2,-1,-2,-1,4,1,-2,-1,-4,-1,0,1,51
14946,-1,-2,-1,2,-1,0,1,2,-5,0,-1,0,-1,43
14947,1,-4,-3,0,1,2,-1,0,-3,-2,1,2,1,51
14948,-1,-4,3,2,-5,0,5,-2,-1,0,-1,-2,-1,91
14949,-3,-2,1,0,-3,2,3,-4,1,-2,1,0,1,59
14950,-1,-6,1,4,-3,-2,3,0,-3,2,1,0,-1,91
14951,1,-4,-1,2,-1,0,1,-2,-1,0,3,2,1,43
14952,-1,0,1,-2,-5,4,1,2,-1,0,-3,-2,-1,67
14953,-3,-2,3,-4,-3,6,-1,0,1,-2,-1,0,1,91
14954,-5,2,-1,0,-3,2,-1,4,-3,2,-1,0,-1,75
14955,-3,0,1,-2,-1,4,-3,2,-1,0,1,2,1,51
14956,-1,-4,3,0,-7,2,3,0,1,2,-1,-2,-1,99
14957,-3,-2,5,-2,-5,4,1,-2,3,0,1,0,1,99
14958,-1,-2,1,2,-5,0,1,2,-1,4,1,0,-1,59
14959,1,0,3,0,-3,2,-1,0,1,2,3,2,1,43
14960,3,0,-3,-4,-1,0,5,2,-1,-2,-3,-2,-1,83
14961,1,-2,-5,-2,1,2,3,0,1,-4,-1,0,1,67
14962,-1,-2,-1,-2,1,-2,3,4,-3,0,-1,0,-1,51
14963,1,-4,-3,0,3,0,1,2,-1,-2,1,2,1,51
14964,-1,0,-1,-2,-3,-2,7,0,1,0,-1,-2,-1,75
14965,-3,2,-3,0,-1,0,5,-2,3,-2,1,0,1,67
14966,-1,-2,1,0,-1,-4,5,2,-1,2,1,0,-1,59
14967,1,0,-1,2,1,-2,3,0,1,0,3,2,1,35
14968,3,0,-3,-6,-3,2,3,4,1,0,-3,-2,-1,107
14969,1,-2,-1,-4,-1,4,1,2,3,-2,-1,0,1,59
14970,-1,2,-1,-4,-1,0,1,6,-1,2,-1,0,-1,67
14971,1,0,1,-2,1,2,-1,4,1,0,1,2,1,35
14972,3,0,-1,-4,-5,0,5,2,3,2,-1,-2,-1,99
14973,1,2,1,-2,-3,2,3,0,5,0,1,0,1,59
14974,3,2,1,-2,-3,-2,3,4,1,4,1,0,-1,75
14975,5,4,3,0,-1,0,1,2,3,2,3,2,1,83
14976,3,8,1,4,1,0,-3,-2,-3,-2,-3,-2,-1,131
14977,1,6,-1,2,-1,-2,-1,-4,-1,-4,-1,0,1,83
14978,-1,6,-1,2,-1,2,-5,0,-5,0,-1,0,-1,99
14979,1,4,-3,0,-3,0,-3,-2,-3,-2,1,2,1,67
14980,-1,4,-1,2,3,-2,-1,-4,-1,0,-1,-2,-1,59
14981,-3,6,-3,0,1,-4,1,-6,1,-2,1,0,1,115
14982,-1,2,-3,0,1,0,-3,-2,-3,2,1,0,-1,43
14983,1,4,-5,-2,-1,-2,-1,-4,-1,0,3,2,1,83
14984,-1,4,-3,6,-1,2,-5,0,-1,0,-3,-2,-1,107
14985,-3,2,-1,4,-3,0,-3,-2,1,-2,-1,0,1,59
14986,-5,6,-5,4,-3,4,-7,2,-3,2,-1,0,-1,195
14987,-3,4,-3,2,-5,2,-5,0,-1,0,1,2,1,99
14988,-1,0,-5,4,1,0,-3,-2,1,2,-1,-2,-1,67
14989,-3,2,-3,2,-1,-2,-1,-4,3,0,1,0,1,59
14990,-1,2,-7,2,-1,2,-5,0,-1,4,1,0,-1,107
14991,1,4,-5,0,-3,0,-3,-2,1,2,3,2,1,83
14992,-1,4,1,0,3,-2,-1,0,-1,-2,-3,-2,-1,51
14993,-3,2,-1,2,1,-4,1,-2,1,-4,-1,0,1,59
14994,-5,2,3,-2,1,0,-3,2,-3,0,-1,0,-1,67
14995,-3,0,1,0,-1,-2,-1,0,-1,-2,1,2,1,27
14996,-5,4,-1,-2,5,-4,1,-2,1,0,-1,-2,-1,99
14997,-7,6,-3,0,3,-6,3,-4,3,-2,1,0,1,179
14998,-5,2,1,-4,3,-2,-1,0,-1,2,1,0,-1,67
14999,-3,4,-1,-2,1,-4,1,-2,1,0,3,2,1,67
15000,-1,0,-3,2,1,0,-3,2,1,0,-3,-2,-1,43
15001,-3,-2,-1,4,-1,-2,-1,0,3,-2,-1,0,1,51
15002,-5,2,-1,0,-1,2,-5,4,-1,2,-1,0,-1,83
15003,-3,0,1,2,-3,0,-3,2,1,0,1,2,1,43
15004,-1,0,-5,0,3,-2,-1,0,3,2,-1,-2,-1,59
15005,-3,2,-3,2,1,-4,1,-2,5,0,1,0,1,75
15006,-1,2,-3,-2,1,0,-3,2,1,4,1,0,-1,51
15007,1,4,-1,0,-1,-2,-1,0,3,2,3,2,1,51
15008,-1,8,-3,4,-3,2,-1,0,-3,-2,-3,-2,-1,131
15009,-3,6,-5,2,-1,0,1,-2,-1,-4,-1,0,1,99
15010,-5,6,-5,6,-5,4,-3,2,-5,0,-1,0,-1,203
15011,-3,4,-7,4,-3,2,-1,0,-3,-2,1,2,1,123
15012,-5,4,-1,2,-1,0,1,-2,-1,0,-1,-2,-1,59
15013,-7,6,-3,0,1,-2,3,-4,1,-2,1,0,1,131
15014,-5,2,-3,4,-3,2,-1,0,-3,2,1,0,-1,83
15015,-3,4,-5,2,-1,0,1,-2,-1,0,3,2,1,75
15016,-5,8,-7,6,-5,4,-3,2,-1,0,-3,-2,-1,243
15017,-7,6,-5,4,-3,2,-1,0,1,-2,-1,0,1,147
15018,-9,10,-9,8,-7,6,-5,4,-3,2,-1,0,-1,467
15019,-7,8,-7,6,-5,4,-3,2,-1,0,1,2,1,259
15020,-5,4,-5,4,-3,2,-1,0,1,2,-1,-2,-1,107
15021,-7,6,-3,2,-1,0,1,-2,3,0,1,0,1,115
15022,-5,6,-7,6,-5,4,-3,2,-1,4,1,0,-1,219
15023,-3,8,-5,4,-3,2,-1,0,1,2,3,2,1,147
15024,-1,4,-3,0,-1,0,1,2,-1,-2,-3,-2,-1,51
15025,-3,2,-5,2,1,-2,3,0,1,-4,-1,0,1,75
15026,-5,2,-1,2,-3,2,-1,4,-3,0,-1,0,-1,75
15027,-3,0,-3,4,-1,0,1,2,-1,-2,1,2,1,51
15028,-5,4,-1,-2,1,-2,3,0,1,0,-1,-2,-1,67
15029,-7,6,-3,0,3,-4,5,-2,3,-2,1,0,1,163
15030,-5,2,1,0,-1,0,1,2,-1,2,1,0,-1,43
15031,-3,4,-1,2,1,-2,3,0,1,0,3,2,1,59
15032,-1,4,-7,2,-3,2,-1,4,1,0,-3,-2,-1,115
15033,-3,2,-5,4,-1,0,1,2,3,-2,-1,0,1,75
15034,-5,6,-5,4,-5,4,-3,6,-1,2,-1,0,-1,195
15035,-3,4,-3,6,-3,2,-1,4,1,0,1,2,1,107
15036,-1,4,-5,0,-1,0,1,2,3,2,-1,-2,-1,67
15037,-3,6,-3,2,1,-2,3,0,5,0,1,0,1,99
15038,-1,6,-3,2,-3,2,-1,4,1,4,1,0,-1,99
15039,1,8,-1,4,-1,0,1,2,3,2,3,2,1,115
15040,3,4,1,0,1,0,-1,-2,-3,-2,-3,-2,-1,59
15041,1,2,-1,-2,-1,2,1,-4,-1,-4,-1,0,1,51
15042,-1,2,-1,-2,3,2,-3,0,-5,0,-1,0,-1,59
15043,1,0,-3,-4,1,4,-1,-2,-3,-2,1,2,1,67
15044,-1,0,-1,2,3,-2,1,-4,-1,0,-1,-2,-1,43
15045,-3,2,-3,0,1,0,3,-6,1,-2,1,0,1,75
15046,-1,-2,-3,0,5,0,-1,-2,-3,2,1,0,-1,59
15047,1,0,-5,-2,3,2,1,-4,-1,0,3,2,1,75
15048,-1,0,1,2,-1,2,-3,0,-1,0,-3,-2,-1,35
15049,-3,-2,3,0,-3,4,-1,-2,1,-2,-1,0,1,59
15050,-5,2,-1,0,1,4,-5,2,-3,2,-1,0,-1,91
15051,-3,0,1,-2,-1,6,-3,0,-1,0,1,2,1,67
15052,-1,-4,-1,4,1,0,-1,-2,1,2,-1,-2,-1,51
15053,-3,-2,1,2,-1,2,1,-4,3,0,1,0,1,51
15054,-1,-2,-3,2,3,2,-3,0,-1,4,1,0,-1,59
15055,1,0,-1,0,1,4,-1,-2,1,2,3,2,1,43
15056,-1,4,1,-4,3,-2,1,0,-1,-2,-3,-2,-1,67
15057,-3,2,-1,-2,1,0,3,-2,1,-4,-1,0,1,51
15058,-5,2,3,-6,5,0,-1,2,-3,0,-1,0,-1,115
15059,-3,0,1,-4,3,2,1,0,-1,-2,1,2,1,51
15060,-5,4,-1,-2,5,-4,3,-2,1,0,-1,-2,-1,107
15061,-7,6,-3,0,3,-2,5,-4,3,-2,1,0,1,163
15062,-5,2,1,-4,7,-2,1,0,-1,2,1,0,-1,107
15063,-3,4,-1,-2,5,0,3,-2,1,0,3,2,1,83
15064,-1,0,1,-2,1,0,-1,2,1,0,-3,-2,-1,27
15065,-3,-2,3,0,-1,2,1,0,3,-2,-1,0,1,43
15066,-5,2,3,-4,3,2,-3,4,-1,2,-1,0,-1,99
15067,-3,0,5,-2,1,4,-1,2,1,0,1,2,1,67
15068,-1,0,-1,0,3,-2,1,0,3,2,-1,-2,-1,35
15069,-3,2,1,2,1,0,3,-2,5,0,1,0,1,59
15070,-1,2,1,-2,5,0,-1,2,1,4,1,0,-1,59
15071,1,4,3,0,3,2,1,0,3,2,3,2,1,67
15072,3,4,-3,0,-3,2,1,0,-3,-2,-3,-2,-1,75
15073,1,2,-5,-2,-1,4,3,-2,-1,-4,-1,0,1,83
15074,-1,2,-5,2,-1,4,-1,2,-5,0,-1,0,-1,83
15075,1,0,-7,0,1,6,1,0,-3,-2,1,2,1,107
15076,-1,0,-1,2,-1,0,3,-2,-1,0,-1,-2,-1,27
15077,-3,2,-3,0,1,2,5,-4,1,-2,1,0,1,75
15078,-1,-2,-3,4,1,2,1,0,-3,2,1,0,-1,51
15079,1,0,-5,2,3,4,3,-2,-1,0,3,2,1,83
15080,-1,4,-3,2,-5,4,-1,2,-1,0,-3,-2,-1,91
15081,-3,2,-1,0,-3,6,1,0,1,-2,-1,0,1,67
15082,-5,6,-5,4,-3,6,-3,4,-3,2,-1,0,-1,187
15083,-3,4,-3,2,-1,8,-1,2,-1,0,1,2,1,115
15084,-1,0,-1,4,-3,2,1,0,1,2,-1,-2,-1,43
15085,-3,2,1,2,-1,4,3,-2,3,0,1,0,1,59
15086,-1,2,-3,6,-1,4,-1,2,-1,4,1,0,-1,91
15087,1,4,-1,4,1,6,1,0,1,2,3,2,1,91
15088,3,4,-3,-4,-1,0,3,2,-1,-2,-3,-2,-1,83
15089,1,2,-5,-2,1,2,5,0,1,-4,-1,0,1,83
15090,-1,2,-1,-2,1,2,1,4,-3,0,-1,0,-1,43
15091,1,0,-3,0,3,4,3,2,-1,-2,1,2,1,59
15092,-1,4,-1,-2,1,-2,5,0,1,0,-1,-2,-1,59
15093,-3,6,-3,0,3,0,7,-2,3,-2,1,0,1,131
15094,-1,2,1,0,3,0,3,2,-1,2,1,0,-1,35
15095,1,4,-1,2,5,2,5,0,1,0,3,2,1,91
15096,3,4,-3,-2,-3,2,1,4,1,0,-3,-2,-1,83
15097,1,2,-1,0,-1,4,3,2,3,-2,-1,0,1,51
15098,-1,6,-1,0,-1,4,-1,6,-1,2,-1,0,-1,99
15099,1,4,1,2,1,6,1,4,1,0,1,2,1,83
15100,3,4,-1,0,-1,0,3,2,3,2,-1,-2,-1,59
15101,1,6,1,2,1,2,5,0,5,0,1,0,1,99
15102,3,6,1,2,1,2,1,4,1,4,1,0,-1,91
15103,5,8,3,4,3,4,3,2,3,2,3,2,1,179
15104,7,4,5,4,1,-2,-3,-4,-3,-2,-3,-2,-1,163
15105,5,2,3,2,-1,-4,-5,-2,-1,-4,-1,0,1,107
15106,3,2,3,2,-1,-4,-1,-2,-5,0,-1,0,-1,75
15107,5,0,1,0,-3,-6,-3,0,-3,-2,1,2,1,99
15108,3,0,3,2,-1,0,-1,-6,-1,0,-1,-2,-1,67
15109,1,2,1,0,-3,-2,-3,-4,1,-2,1,0,1,51
15110,3,-2,1,0,-3,-2,1,-4,-3,2,1,0,-1,59
15111,5,0,-1,-2,-5,-4,-1,-2,-1,0,3,2,1,91
15112,3,0,1,2,3,0,-5,-2,-1,0,-3,-2,-1,67
15113,1,-2,3,0,1,-2,-7,0,1,-2,-1,0,1,75
15114,-1,2,-1,0,1,-2,-3,0,-3,2,-1,0,-1,35
15115,1,0,1,-2,-1,-4,-5,2,-1,0,1,2,1,59
15116,3,-4,-1,0,1,2,-3,-4,1,2,-1,-2,-1,67
15117,1,-2,1,-2,-1,0,-5,-2,3,0,1,0,1,51
15118,3,-2,-3,-2,-1,0,-1,-2,-1,4,1,0,-1,51
15119,5,0,-1,-4,-3,-2,-3,0,1,2,3,2,1,83
15120,3,0,1,4,3,-4,-1,-2,-1,-2,-3,-2,-1,75
15121,1,-2,-1,6,1,-6,-3,0,1,-4,-1,0,1,107
15122,-1,-2,3,2,1,-6,1,0,-3,0,-1,0,-1,67
15123,1,-4,1,4,-1,-8,-1,2,-1,-2,1,2,1,115
15124,-1,0,-1,2,1,-2,1,-4,1,0,-1,-2,-1,35
15125,-3,2,-3,4,-1,-4,-1,-2,3,-2,1,0,1,75
15126,-1,-2,1,0,-1,-4,3,-2,-1,2,1,0,-1,43
15127,1,0,-1,2,-3,-6,1,0,1,0,3,2,1,67
15128,3,-4,-3,2,5,-2,-3,0,1,0,-3,-2,-1,91
15129,1,-6,-1,4,3,-4,-5,2,3,-2,-1,0,1,123
15130,-1,-2,-1,0,3,-4,-1,2,-1,2,-1,0,-1,43
15131,1,-4,1,2,1,-6,-3,4,1,0,1,2,1,91
15132,3,-4,-5,0,3,0,-1,-2,3,2,-1,-2,-1,83
15133,1,-2,-3,2,1,-2,-3,0,5,0,1,0,1,59
15134,3,-2,-3,-2,1,-2,1,0,1,4,1,0,-1,51
15135,5,0,-1,0,-1,-4,-1,2,3,2,3,2,1,75
15136,3,0,5,4,-3,0,-1,-2,-3,-2,-3,-2,-1,91
15137,1,-2,3,2,-1,-2,-3,0,-1,-4,-1,0,1,51
15138,-1,-2,3,6,-5,-2,1,0,-5,0,-1,0,-1,107
15139,1,-4,1,4,-3,-4,-1,2,-3,-2,1,2,1,83
15140,-1,-4,7,2,-5,2,1,-4,-1,0,-1,-2,-1,123
15141,-3,-2,5,0,-3,0,-1,-2,1,-2,1,0,1,59
15142,-1,-6,5,4,-7,0,3,-2,-3,2,1,0,-1,155
15143,1,-4,3,2,-5,-2,1,0,-1,0,3,2,1,75
15144,-1,0,1,2,-1,2,-3,0,-1,0,-3,-2,-1,35
15145,-3,-2,3,0,1,0,-5,2,1,-2,-1,0,1,59
15146,-5,2,-1,4,-3,0,-1,2,-3,2,-1,0,-1,75
15147,-3,0,1,2,-1,-2,-3,4,-1,0,1,2,1,51
15148,-1,-4,3,0,-3,4,-1,-2,1,2,-1,-2,-1,67
15149,-3,-2,5,-2,-1,2,-3,0,3,0,1,0,1,67
15150,-1,-2,1,2,-5,2,1,0,-1,4,1,0,-1,59
15151,1,0,3,0,-3,0,-1,2,1,2,3,2,1,43
15152,3,-4,1,4,-1,-2,1,0,-1,-2,-3,-2,-1,67
15153,1,-6,-1,6,1,-4,-1,2,1,-4,-1,0,1,115
15154,-1,-6,3,6,-3,-4,3,2,-3,0,-1,0,-1,131
15155,1,-8,1,8,-1,-6,1,4,-1,-2,1,2,1,195
15156,-1,-4,3,2,-3,0,3,-2,1,0,-1,-2,-1,59
15157,-3,-2,1,4,-1,-2,1,0,3,-2,1,0,1,51
15158,-1,-6,5,4,-5,-2,5,0,-1,2,1,0,-1,139
15159,1,-4,3,6,-3,-4,3,2,1,0,3,2,1,115
15160,3,-4,-3,2,1,0,-1,2,1,0,-3,-2,-1,59
15161,1,-6,-1,4,3,-2,-3,4,3,-2,-1,0,1,107
15162,-1,-2,-1,4,-1,-2,1,4,-1,2,-1,0,-1,51
15163,1,-4,1,6,1,-4,-1,6,1,0,1,2,1,115
15164,3,-4,-1,0,-1,2,1,0,3,2,-1,-2,-1,51
15165,1,-2,1,2,1,0,-1,2,5,0,1,0,1,43
15166,3,-2,1,2,-3,0,3,2,1,4,1,0,-1,59
15167,5,0,3,4,-1,-2,1,4,3,2,3,2,1,99
15168,3,4,5,0,1,-2,-1,-4,-3,-2,-3,-2,-1,99
15169,1,2,3,-2,-1,0,-3,-2,-1,-4,-1,0,1,51
15170,-1,2,3,-2,3,-4,1,-2,-5,0,-1,0,-1,75
15171,1,0,1,-4,1,-2,-1,0,-3,-2,1,2,1,43
15172,-1,0,3,2,-1,0,1,-6,-1,0,-1,-2,-1,59
15173,-3,2,1,0,-3,2,-1,-4,1,-2,1,0,1,51
15174,-1,-2,1,0,1,-2,3,-4,-3,2,1,0,-1,51
15175,1,0,-1,-2,-1,0,1,-2,-1,0,3,2,1,27
15176,-1,0,5,-2,3,0,-3,-2,-1,0,-3,-2,-1,67
15177,-3,-2,7,-4,1,2,-5,0,1,-2,-1,0,1,115
15178,-5,2,3,-4,5,-2,-1,0,-3,2,-1,0,-1,99
15179,-3,0,5,-6,3,0,-3,2,-1,0,1,2,1,99
15180,-1,-4,3,0,1,2,-1,-4,1,2,-1,-2,-1,59
15181,-3,-2,5,-2,-1,4,-3,-2,3,0,1,0,1,83
15182,-1,-2,1,-2,3,0,1,-2,-1,4,1,0,-1,43
15183,1,0,3,-4,1,2,-1,0,1,2,3,2,1,51
15184,-1,4,1,0,3,-4,1,-2,-1,-2,-3,-2,-1,67
15185,-3,2,-1,2,1,-2,-1,0,1,-4,-1,0,1,43
15186,-5,2,3,-2,5,-6,3,0,-3,0,-1,0,-1,123
15187,-3,0,1,0,3,-4,1,2,-1,-2,1,2,1,51
15188,-5,4,-1,2,1,-2,3,-4,1,0,-1,-2,-1,83
15189,-7,6,-3,4,-1,0,1,-2,3,-2,1,0,1,131
15190,-5,2,1,0,3,-4,5,-2,-1,2,1,0,-1,91
15191,-3,4,-1,2,1,-2,3,0,1,0,3,2,1,59
15192,-1,0,1,-2,5,-2,-1,0,1,0,-3,-2,-1,51
15193,-3,-2,3,0,3,0,-3,2,3,-2,-1,0,1,59
15194,-5,2,3,-4,7,-4,1,2,-1,2,-1,0,-1,131
15195,-3,0,5,-2,5,-2,-1,4,1,0,1,2,1,91
15196,-1,0,-1,0,3,0,1,-2,3,2,-1,-2,-1,35
15197,-3,2,1,2,1,2,-1,0,5,0,1,0,1,51
15198,-1,2,1,-2,5,-2,3,0,1,4,1,0,-1,67
15199,1,4,3,0,3,0,1,2,3,2,3,2,1,67
15200,3,0,5,0,-3,0,1,-2,-3,-2,-3,-2,-1,75
15201,1,-2,3,-2,-1,2,-1,0,-1,-4,-1,0,1,43
15202,-1,-2,3,2,-1,-2,3,0,-5,0,-1,0,-1,59
15203,1,-4,1,0,1,0,1,2,-3,-2,1,2,1,43
15204,-1,-4,7,2,-5,2,3,-4,-1,0,-1,-2,-1,131
15205,-3,-2,5,0,-3,4,1,-2,1,-2,1,0,1,75
15206,-1,-6,5,4,-3,0,5,-2,-3,2,1,0,-1,131
15207,1,-4,3,2,-1,2,3,0,-1,0,3,2,1,59
15208,-1,0,5,-2,-1,2,-1,0,-1,0,-3,-2,-1,51
15209,-3,-2,7,-4,1,4,-3,2,1,-2,-1,0,1,115
15210,-5,2,3,0,1,0,1,2,-3,2,-1,0,-1,59
15211,-3,0,5,-2,3,2,-1,4,-1,0,1,2,1,75
15212,-1,-4,7,0,-3,4,1,-2,1,2,-1,-2,-1,107
15213,-3,-2,9,-2,-1,6,-1,0,3,0,1,0,1,147
15214,-1,-2,5,2,-1,2,3,0,-1,4,1,0,-1,67
15215,1,0,7,0,1,4,1,2,1,2,3,2,1,91
15216,3,0,1,0,-1,-2,3,0,-1,-2,-3,-2,-1,43
15217,1,-2,-1,2,1,0,1,2,1,-4,-1,0,1,35
15218,-1,-2,3,2,1,-4,5,2,-3,0,-1,0,-1,75
15219,1,-4,1,4,3,-2,3,4,-1,-2,1,2,1,83
15220,-1,0,3,2,-3,0,5,-2,1,0,-1,-2,-1,59
15221,-3,2,1,4,-1,2,3,0,3,-2,1,0,1,59
15222,-1,-2,5,4,-1,-2,7,0,-1,2,1,0,-1,107
15223,1,0,3,6,1,0,5,2,1,0,3,2,1,91
15224,3,0,1,-2,1,0,1,2,1,0,-3,-2,-1,35
15225,1,-2,3,0,3,2,-1,4,3,-2,-1,0,1,59
15226,-1,2,3,0,3,-2,3,4,-1,2,-1,0,-1,59
15227,1,0,5,2,5,0,1,6,1,0,1,2,1,99
15228,3,0,3,0,-1,2,3,0,3,2,-1,-2,-1,51
15229,1,2,5,2,1,4,1,2,5,0,1,0,1,83
15230,3,2,5,2,1,0,5,2,1,4,1,0,-1,91
15231,5,4,7,4,3,2,3,4,3,2,3,2,1,171
15232,7,4,1,4,1,-2,-5,-4,-3,-2,-3,-2,-1,155
15233,5,2,-1,2,-1,-4,-3,-2,-1,-4,-1,0,1,83
15234,3,2,-1,2,-1,0,-3,-2,-5,0,-1,0,-1,59
15235,5,0,-3,0,-3,-2,-1,0,-3,-2,1,2,1,67
15236,3,0,-1,2,3,0,-3,-6,-1,0,-1,-2,-1,75
15237,1,2,-3,0,1,-2,-1,-4,1,-2,1,0,1,43
15238,3,-2,-3,0,1,2,-1,-4,-3,2,1,0,-1,59
15239,5,0,-5,-2,-1,0,1,-2,-1,0,3,2,1,75
15240,3,0,-3,6,3,0,-7,-2,-1,0,-3,-2,-1,131
15241,1,-2,-1,4,1,-2,-5,0,1,-2,-1,0,1,59
15242,-1,2,-5,4,1,2,-5,0,-3,2,-1,0,-1,91
15243,1,0,-3,2,-1,0,-3,2,-1,0,1,2,1,35
15244,3,-4,-5,4,5,2,-5,-4,1,2,-1,-2,-1,147
15245,1,-2,-3,2,3,0,-3,-2,3,0,1,0,1,51
15246,3,-2,-7,2,3,4,-3,-2,-1,4,1,0,-1,123
15247,5,0,-5,0,1,2,-1,0,1,2,3,2,1,75
15248,3,0,1,4,3,-4,-3,-2,-1,-2,-3,-2,-1,83
15249,1,-2,-1,6,1,-6,-1,0,1,-4,-1,0,1,99
15250,-1,-2,3,2,1,-2,-1,0,-3,0,-1,0,-1,35
15251,1,-4,1,4,-1,-4,1,2,-1,-2,1,2,1,67
15252,-1,0,-1,2,5,-2,-1,-4,1,0,-1,-2,-1,59
15253,-3,2,-3,4,3,-4,1,-2,3,-2,1,0,1,83
15254,-1,-2,1,0,3,0,1,-2,-1,2,1,0,-1,27
15255,1,0,-1,2,1,-2,3,0,1,0,3,2,1,35
15256,3,-4,-3,6,5,-2,-5,0,1,0,-3,-2,-1,139
15257,1,-6,-1,8,3,-4,-3,2,3,-2,-1,0,1,155
15258,-1,-2,-1,4,3,0,-3,2,-1,2,-1,0,-1,51
15259,1,-4,1,6,1,-2,-1,4,1,0,1,2,1,83
15260,3,-4,-5,4,7,0,-3,-2,3,2,-1,-2,-1,147
15261,1,-2,-3,6,5,-2,-1,0,5,0,1,0,1,107
15262,3,-2,-3,2,5,2,-1,0,1,4,1,0,-1,75
15263,5,0,-1,4,3,0,1,2,3,2,3,2,1,83
15264,3,4,1,4,-3,0,-3,-2,-3,-2,-3,-2,-1,91
15265,1,2,-1,2,-1,-2,-1,0,-1,-4,-1,0,1,35
15266,-1,2,-1,6,-5,2,-1,0,-5,0,-1,0,-1,99
15267,1,0,-3,4,-3,0,1,2,-3,-2,1,2,1,59
15268,-1,0,3,2,-1,2,-1,-4,-1,0,-1,-2,-1,43
15269,-3,2,1,0,1,0,1,-2,1,-2,1,0,1,27
15270,-1,-2,1,4,-3,4,1,-2,-3,2,1,0,-1,67
15271,1,0,-1,2,-1,2,3,0,-1,0,3,2,1,35
15272,-1,4,-3,6,-1,2,-5,0,-1,0,-3,-2,-1,107
15273,-3,2,-1,4,1,0,-3,2,1,-2,-1,0,1,51
15274,-5,6,-5,8,-3,4,-3,2,-3,2,-1,0,-1,203
15275,-3,4,-3,6,-1,2,-1,4,-1,0,1,2,1,99
15276,-1,0,-1,4,1,4,-3,-2,1,2,-1,-2,-1,59
15277,-3,2,1,2,3,2,-1,0,3,0,1,0,1,43
15278,-1,2,-3,6,-1,6,-1,0,-1,4,1,0,-1,107
15279,1,4,-1,4,1,4,1,2,1,2,3,2,1,75
15280,3,0,1,4,-1,-2,-1,0,-1,-2,-3,-2,-1,51
15281,1,-2,-1,6,1,-4,1,2,1,-4,-1,0,1,83
15282,-1,-2,3,6,-3,0,1,2,-3,0,-1,0,-1,75
15283,1,-4,1,8,-1,-2,3,4,-1,-2,1,2,1,123
15284,-1,0,3,2,1,0,1,-2,1,0,-1,-2,-1,27
15285,-3,2,1,4,3,-2,3,0,3,-2,1,0,1,67
15286,-1,-2,5,4,-1,2,3,0,-1,2,1,0,-1,67
15287,1,0,3,6,1,0,5,2,1,0,3,2,1,91
15288,3,0,-3,6,1,0,-3,2,1,0,-3,-2,-1,83
15289,1,-2,-1,8,3,-2,-1,4,3,-2,-1,0,1,115
15290,-1,2,-1,8,-1,2,-1,4,-1,2,-1,0,-1,99
15291,1,0,1,10,1,0,1,6,1,0,1,2,1,147
15292,3,0,-1,4,3,2,-1,0,3,2,-1,-2,-1,59
15293,1,2,1,6,5,0,1,2,5,0,1,0,1,99
15294,3,2,1,6,1,4,1,2,1,4,1,0,-1,91
15295,5,4,3,8,3,2,3,4,3,2,3,2,1,179
15296,7,4,1,0,1,-2,-3,-4,-3,-2,-3,-2,-1,123
15297,5,2,-1,-2,-1,0,-1,-2,-1,-4,-1,0,1,59
15298,3,2,-1,-2,3,0,-1,-2,-5,0,-1,0,-1,59
15299,5,0,-3,-4,1,2,1,0,-3,-2,1,2,1,75
15300,3,0,-1,2,3,0,-1,-6,-1,0,-1,-2,-1,67
15301,1,2,-3,0,1,2,1,-4,1,-2,1,0,1,43
15302,3,-2,-3,0,5,2,1,-4,-3,2,1,0,-1,83
15303,5,0,-5,-2,3,4,3,-2,-1,0,3,2,1,107
15304,3,0,1,2,3,0,-5,-2,-1,0,-3,-2,-1,67
15305,1,-2,3,0,1,2,-3,0,1,-2,-1,0,1,35
15306,-1,2,-1,0,5,2,-3,0,-3,2,-1,0,-1,59
15307,1,0,1,-2,3,4,-1,2,-1,0,1,2,1,43
15308,3,-4,-1,4,5,2,-3,-4,1,2,-1,-2,-1,107
15309,1,-2,1,2,3,4,-1,-2,3,0,1,0,1,51
15310,3,-2,-3,2,7,4,-1,-2,-1,4,1,0,-1,115
15311,5,0,-1,0,5,6,1,0,1,2,3,2,1,107
15312,3,4,1,0,3,-4,-1,-2,-1,-2,-3,-2,-1,75
15313,1,2,-1,2,1,-2,1,0,1,-4,-1,0,1,35
15314,-1,2,3,-2,5,-2,1,0,-3,0,-1,0,-1,59
15315,1,0,1,0,3,0,3,2,-1,-2,1,2,1,35
15316,-1,4,-1,2,5,-2,1,-4,1,0,-1,-2,-1,75
15317,-3,6,-3,4,3,0,3,-2,3,-2,1,0,1,107
15318,-1,2,1,0,7,0,3,-2,-1,2,1,0,-1,75
15319,1,4,-1,2,5,2,5,0,1,0,3,2,1,91
15320,3,0,1,2,5,-2,-3,0,1,0,-3,-2,-1,67
15321,1,-2,3,4,3,0,-1,2,3,-2,-1,0,1,59
15322,-1,2,3,0,7,0,-1,2,-1,2,-1,0,-1,75
15323,1,0,5,2,5,2,1,4,1,0,1,2,1,83
15324,3,0,-1,4,7,0,-1,-2,3,2,-1,-2,-1,99
15325,1,2,1,6,5,2,1,0,5,0,1,0,1,99
15326,3,2,1,2,9,2,1,0,1,4,1,0,-1,123
15327,5,4,3,4,7,4,3,2,3,2,3,2,1,171
15328,7,4,1,0,-3,0,-1,-2,-3,-2,-3,-2,-1,107
15329,5,2,-1,-2,-1,2,1,0,-1,-4,-1,0,1,59
15330,3,2,-1,2,-1,2,1,0,-5,0,-1,0,-1,51
15331,5,0,-3,0,1,4,3,2,-3,-2,1,2,1,83
15332,3,0,3,2,-1,2,1,-4,-1,0,-1,-2,-1,51
15333,1,2,1,0,1,4,3,-2,1,-2,1,0,1,43
15334,3,-2,1,4,1,4,3,-2,-3,2,1,0,-1,75
15335,5,0,-1,2,3,6,5,0,-1,0,3,2,1,115
15336,3,4,1,2,-1,2,-3,0,-1,0,-3,-2,-1,59
15337,1,2,3,0,1,4,-1,2,1,-2,-1,0,1,43
15338,-1,6,-1,4,1,4,-1,2,-3,2,-1,0,-1,91
15339,1,4,1,2,3,6,1,4,-1,0,1,2,1,91
15340,3,0,3,4,1,4,-1,-2,1,2,-1,-2,-1,67
15341,1,2,5,2,3,6,1,0,3,0,1,0,1,91
15342,3,2,1,6,3,6,1,0,-1,4,1,0,-1,115
15343,5,4,3,4,5,8,3,2,1,2,3,2,1,187
15344,7,4,1,0,-1,-2,1,0,-1,-2,-3,-2,-1,91
15345,5,2,-1,2,1,0,3,2,1,-4,-1,0,1,67
15346,3,2,3,2,1,0,3,2,-3,0,-1,0,-1,51
15347,5,0,1,4,3,2,5,4,-1,-2,1,2,1,107
15348,3,4,3,2,1,0,3,-2,1,0,-1,-2,-1,59
15349,1,6,1,4,3,2,5,0,3,-2,1,0,1,107
15350,3,2,5,4,3,2,5,0,-1,2,1,0,-1,99
15351,5,4,3,6,5,4,7,2,1,0,3,2,1,195
15352,7,4,1,2,1,0,-1,2,1,0,-3,-2,-1,91
15353,5,2,3,4,3,2,1,4,3,-2,-1,0,1,99
15354,3,6,3,4,3,2,1,4,-1,2,-1,0,-1,107
15355,5,4,5,6,5,4,3,6,1,0,1,2,1,195
15356,7,4,3,4,3,2,1,0,3,2,-1,-2,-1,123
15357,5,6,5,6,5,4,3,2,5,0,1,0,1,203
15358,7,6,5,6,5,4,3,2,1,4,1,0,-1,219
15359,9,8,7,8,7,6,5,4,3,2,3,2,1,411
15360,11,8,5,2,1,0,-1,-2,-3,-4,-3,-2,-1,259
15361,9,6,3,0,-1,-2,-3,-4,-5,-2,-1,0,1,187
15362,7,6,3,0,-1,-2,-3,-4,-1,-2,-1,0,-1,131
15363,9,4,1,-2,-3,-4,-5,-6,-3,0,1,2,1,203
15364,7,4,3,0,-1,-2,-3,0,-1,-2,-1,-2,-1,99
15365,5,6,1,-2,-3,-4,-5,-2,-3,0,1,0,1,131
15366,7,2,1,-2,-3,-4,-5,-2,1,0,1,0,-1,115
15367,9,4,-1,-4,-5,-6,-7,-4,-1,2,3,2,1,259
15368,7,4,1,0,-1,-2,1,0,-1,-2,-3,-2,-1,91
15369,5,2,3,-2,-3,-4,-1,-2,-3,0,-1,0,1,83
15370,3,6,-1,-2,-3,-4,-1,-2,1,0,-1,0,-1,83
15371,5,4,1,-4,-5,-6,-3,-4,-1,2,1,2,1,155
15372,7,0,-1,-2,-3,-4,-1,2,1,0,-1,-2,-1,91
15373,5,2,1,-4,-5,-6,-3,0,-1,2,1,0,1,123
15374,7,2,-3,-4,-5,-6,-3,0,3,2,1,0,-1,163
15375,9,4,-1,-6,-7,-8,-5,-2,1,4,3,2,1,307
15376,7,4,1,-2,-1,2,1,0,-1,-4,-3,-2,-1,107
15377,5,2,-1,0,-3,0,-1,-2,-3,-2,-1,0,1,59
15378,3,2,3,-4,-3,0,-1,-2,1,-2,-1,0,-1,59
15379,5,0,1,-2,-5,-2,-3,-4,-1,0,1,2,1,91
15380,3,4,-1,-4,-3,0,-1,2,1,-2,-1,-2,-1,67
15381,1,6,-3,-2,-5,-2,-3,0,-1,0,1,0,1,91
15382,3,2,1,-6,-5,-2,-3,0,3,0,1,0,-1,99
15383,5,4,-1,-4,-7,-4,-5,-2,1,2,3,2,1,171
15384,7,0,-3,-4,-3,0,3,2,1,-2,-3,-2,-1,115
15385,5,-2,-1,-2,-5,-2,1,0,-1,0,-1,0,1,67
15386,3,2,-1,-6,-5,-2,1,0,3,0,-1,0,-1,91
15387,5,0,1,-4,-7,-4,-1,-2,1,2,1,2,1,123
15388,7,0,-5,-6,-5,-2,1,4,3,0,-1,-2,-1,171
15389,5,2,-3,-4,-7,-4,-1,2,1,2,1,0,1,131
15390,7,2,-3,-8,-7,-4,-1,2,5,2,1,0,-1,227
15391,9,4,-1,-6,-9,-6,-3,0,3,4,3,2,1,299
15392,7,4,1,-2,1,2,1,0,-3,-4,-3,-2,-1,115
15393,5,2,-1,-4,3,0,-1,-2,-5,-2,-1,0,1,91
15394,3,2,-1,0,-1,0,-1,-2,-1,-2,-1,0,-1,27
15395,5,0,-3,-2,1,-2,-3,-4,-3,0,1,2,1,83
15396,3,0,3,-4,-1,0,-1,2,-1,-2,-1,-2,-1,51
15397,1,2,1,-6,1,-2,-3,0,-3,0,1,0,1,67
15398,3,-2,1,-2,-3,-2,-3,0,1,0,1,0,-1,43
15399,5,0,-1,-4,-1,-4,-5,-2,-1,2,3,2,1,107
15400,3,4,-3,-4,-1,0,3,2,-1,-2,-3,-2,-1,83
15401,1,2,-1,-6,1,-2,1,0,-3,0,-1,0,1,59
15402,-1,6,-5,-2,-3,-2,1,0,1,0,-1,0,-1,83
15403,1,4,-3,-4,-1,-4,-1,-2,-1,2,1,2,1,75
15404,3,0,-1,-6,-3,-2,1,4,1,0,-1,-2,-1,83
15405,1,2,1,-8,-1,-4,-1,2,-1,2,1,0,1,99
15406,3,2,-3,-4,-5,-4,-1,2,3,2,1,0,-1,99
15407,5,4,-1,-6,-3,-6,-3,0,1,4,3,2,1,163
15408,7,0,-3,-6,-1,4,3,2,-1,-4,-3,-2,-1,155
15409,5,-2,-5,-4,1,2,1,0,-3,-2,-1,0,1,91
15410,3,-2,-1,-4,-3,2,1,0,1,-2,-1,0,-1,51
15411,5,-4,-3,-2,-1,0,-1,-2,-1,0,1,2,1,67
15412,3,0,-1,-8,-3,2,1,4,1,-2,-1,-2,-1,115
15413,1,2,-3,-6,-1,0,-1,2,-1,0,1,0,1,59
15414,3,-2,1,-6,-5,0,-1,2,3,0,1,0,-1,91
15415,5,0,-1,-4,-3,-2,-3,0,1,2,3,2,1,83
15416,7,0,-7,-8,-3,2,5,4,1,-2,-3,-2,-1,235
15417,5,-2,-5,-6,-1,0,3,2,-1,0,-1,0,1,107
15418,3,2,-5,-6,-5,0,3,2,3,0,-1,0,-1,123
15419,5,0,-3,-4,-3,-2,1,0,1,2,1,2,1,75
15420,7,0,-5,-10,-5,0,3,6,3,0,-1,-2,-1,259
15421,5,2,-3,-8,-3,-2,1,4,1,2,1,0,1,139
15422,7,2,-3,-8,-7,-2,1,4,5,2,1,0,-1,227
15423,9,4,-1,-6,-5,-4,-1,2,3,4,3,2,1,219
15424,7,4,1,2,1,0,1,-2,-3,-4,-3,-2,-1,115
15425,5,2,-1,0,-1,2,-1,-4,-5,-2,-1,0,1,83
15426,3,2,-1,0,3,-2,-1,-4,-1,-2,-1,0,-1,51
15427,5,0,-3,-2,1,0,-3,-6,-3,0,1,2,1,99
15428,3,0,-1,4,-1,-2,-1,0,-1,-2,-1,-2,-1,43
15429,1,2,-3,2,-3,0,-3,-2,-3,0,1,0,1,51
15430,3,-2,-3,2,1,-4,-3,-2,1,0,1,0,-1,59
15431,5,0,-5,0,-1,-2,-5,-4,-1,2,3,2,1,115
15432,3,0,1,0,-1,-2,3,0,-1,-2,-3,-2,-1,43
15433,1,-2,3,-2,-3,0,1,-2,-3,0,-1,0,1,43
15434,-1,2,-1,-2,1,-4,1,-2,1,0,-1,0,-1,35
15435,1,0,1,-4,-1,-2,-1,-4,-1,2,1,2,1,51
15436,3,-4,-1,2,-3,-4,1,2,1,0,-1,-2,-1,67
15437,1,-2,1,0,-5,-2,-1,0,-1,2,1,0,1,43
15438,3,-2,-3,0,-1,-6,-1,0,3,2,1,0,-1,75
15439,5,0,-1,-2,-3,-4,-3,-2,1,4,3,2,1,99
15440,3,4,-3,-2,-1,2,3,0,-1,-4,-3,-2,-1,83
15441,1,2,-5,0,-3,4,1,-2,-3,-2,-1,0,1,75
15442,-1,2,-1,-4,1,0,1,-2,1,-2,-1,0,-1,35
15443,1,0,-3,-2,-1,2,-1,-4,-1,0,1,2,1,43
15444,-1,4,-5,0,-3,0,1,2,1,-2,-1,-2,-1,67
15445,-3,6,-7,2,-5,2,-1,0,-1,0,1,0,1,131
15446,-1,2,-3,-2,-1,-2,-1,0,3,0,1,0,-1,35
15447,1,4,-5,0,-3,0,-3,-2,1,2,3,2,1,83
15448,3,0,-3,-4,-3,0,5,2,1,-2,-3,-2,-1,91
15449,1,-2,-1,-2,-5,2,3,0,-1,0,-1,0,1,51
15450,-1,2,-1,-6,-1,-2,3,0,3,0,-1,0,-1,67
15451,1,0,1,-4,-3,0,1,-2,1,2,1,2,1,43
15452,3,0,-5,-2,-5,-2,3,4,3,0,-1,-2,-1,107
15453,1,2,-3,0,-7,0,1,2,1,2,1,0,1,75
15454,3,2,-3,-4,-3,-4,1,2,5,2,1,0,-1,99
15455,5,4,-1,-2,-5,-2,-1,0,3,4,3,2,1,115
15456,7,0,-3,-2,1,2,3,0,-3,-4,-3,-2,-1,115
15457,5,-2,-5,-4,3,4,1,-2,-5,-2,-1,0,1,131
15458,3,-2,-5,0,3,0,1,-2,-1,-2,-1,0,-1,59
15459,5,-4,-7,-2,5,2,-1,-4,-3,0,1,2,1,155
15460,3,-4,-1,0,-1,0,1,2,-1,-2,-1,-2,-1,43
15461,1,-2,-3,-2,1,2,-1,0,-3,0,1,0,1,35
15462,3,-6,-3,2,1,-2,-1,0,1,0,1,0,-1,67
15463,5,-4,-5,0,3,0,-3,-2,-1,2,3,2,1,107
15464,3,0,-3,-4,-1,0,5,2,-1,-2,-3,-2,-1,83
15465,1,-2,-1,-6,1,2,3,0,-3,0,-1,0,1,67
15466,-1,2,-5,-2,1,-2,3,0,1,0,-1,0,-1,51
15467,1,0,-3,-4,3,0,1,-2,-1,2,1,2,1,51
15468,3,-4,-1,-2,-3,-2,3,4,1,0,-1,-2,-1,75
15469,1,-2,1,-4,-1,0,1,2,-1,2,1,0,1,35
15470,3,-2,-3,0,-1,-4,1,2,3,2,1,0,-1,59
15471,5,0,-1,-2,1,-2,-1,0,1,4,3,2,1,67
15472,7,0,-7,-6,-1,4,5,2,-1,-4,-3,-2,-1,211
15473,5,-2,-9,-4,1,6,3,0,-3,-2,-1,0,1,187
15474,3,-2,-5,-4,1,2,3,0,1,-2,-1,0,-1,75
15475,5,-4,-7,-2,3,4,1,-2,-1,0,1,2,1,131
15476,3,0,-5,-4,-3,2,3,4,1,-2,-1,-2,-1,99
15477,1,2,-7,-2,-1,4,1,2,-1,0,1,0,1,83
15478,3,-2,-3,-2,-1,0,1,2,3,0,1,0,-1,43
15479,5,0,-5,0,1,2,-1,0,1,2,3,2,1,75
15480,7,0,-7,-8,-3,2,7,4,1,-2,-3,-2,-1,259
15481,5,-2,-5,-6,-1,4,5,2,-1,0,-1,0,1,139
15482,3,2,-5,-6,-1,0,5,2,3,0,-1,0,-1,115
15483,5,0,-3,-4,1,2,3,0,1,2,1,2,1,75
15484,7,0,-5,-6,-5,0,5,6,3,0,-1,-2,-1,211
15485,5,2,-3,-4,-3,2,3,4,1,2,1,0,1,99
15486,7,2,-3,-4,-3,-2,3,4,5,2,1,0,-1,147
15487,9,4,-1,-2,-1,0,1,2,3,4,3,2,1,147
15488,7,4,5,2,1,0,-3,-2,-3,-4,-3,-2,-1,147
15489,5,2,3,0,-1,-2,-1,-4,-5,-2,-1,0,1,91
15490,3,2,3,0,-1,2,-5,-4,-1,-2,-1,0,-1,75
15491,5,0,1,-2,-3,0,-3,-6,-3,0,1,2,1,99
15492,3,0,3,0,3,-2,-5,0,-1,-2,-1,-2,-1,67
15493,1,2,1,-2,1,-4,-3,-2,-3,0,1,0,1,51
15494,3,-2,1,-2,1,0,-7,-2,1,0,1,0,-1,75
15495,5,0,-1,-4,-1,-2,-5,-4,-1,2,3,2,1,107
15496,3,0,1,4,-1,-2,-1,0,-1,-2,-3,-2,-1,51
15497,1,-2,3,2,-3,-4,1,-2,-3,0,-1,0,1,59
15498,-1,2,-1,2,-3,0,-3,-2,1,0,-1,0,-1,35
15499,1,0,1,0,-5,-2,-1,-4,-1,2,1,2,1,59
15500,3,-4,-1,2,1,-4,-3,2,1,0,-1,-2,-1,67
15501,1,-2,1,0,-1,-6,-1,0,-1,2,1,0,1,51
15502,3,-2,-3,0,-1,-2,-5,0,3,2,1,0,-1,67
15503,5,0,-1,-2,-3,-4,-3,-2,1,4,3,2,1,99
15504,3,0,5,-2,-1,2,-1,0,-1,-4,-3,-2,-1,75
15505,1,-2,3,0,-3,0,1,-2,-3,-2,-1,0,1,43
15506,-1,-2,7,-4,-3,4,-3,-2,1,-2,-1,0,-1,115
15507,1,-4,5,-2,-5,2,-1,-4,-1,0,1,2,1,99
15508,-1,0,3,-4,1,0,-3,2,1,-2,-1,-2,-1,51
15509,-3,2,1,-2,-1,-2,-1,0,-1,0,1,0,1,27
15510,-1,-2,5,-6,-1,2,-5,0,3,0,1,0,-1,107
15511,1,0,3,-4,-3,0,-3,-2,1,2,3,2,1,67
15512,3,-4,1,0,-3,0,1,2,1,-2,-3,-2,-1,59
15513,1,-6,3,2,-5,-2,3,0,-1,0,-1,0,1,91
15514,-1,-2,3,-2,-5,2,-1,0,3,0,-1,0,-1,59
15515,1,-4,5,0,-7,0,1,-2,1,2,1,2,1,107
15516,3,-4,-1,-2,-1,-2,-1,4,3,0,-1,-2,-1,67
15517,1,-2,1,0,-3,-4,1,2,1,2,1,0,1,43
15518,3,-2,1,-4,-3,0,-3,2,5,2,1,0,-1,83
15519,5,0,3,-2,-5,-2,-1,0,3,4,3,2,1,107
15520,3,4,1,-2,1,2,-1,0,-3,-4,-3,-2,-1,75
15521,1,2,-1,-4,3,0,1,-2,-5,-2,-1,0,1,67
15522,-1,2,-1,0,-1,4,-3,-2,-1,-2,-1,0,-1,43
15523,1,0,-3,-2,1,2,-1,-4,-3,0,1,2,1,51
15524,-1,0,3,-4,3,0,-3,2,-1,-2,-1,-2,-1,59
15525,-3,2,1,-6,5,-2,-1,0,-3,0,1,0,1,91
15526,-1,-2,1,-2,1,2,-5,0,1,0,1,0,-1,43
15527,1,0,-1,-4,3,0,-3,-2,-1,2,3,2,1,59
15528,-1,4,-3,0,-1,0,1,2,-1,-2,-3,-2,-1,51
15529,-3,2,-1,-2,1,-2,3,0,-3,0,-1,0,1,43
15530,-5,6,-5,2,-3,2,-1,0,1,0,-1,0,-1,107
15531,-3,4,-3,0,-1,0,1,-2,-1,2,1,2,1,51
15532,-1,0,-1,-2,1,-2,-1,4,1,0,-1,-2,-1,35
15533,-3,2,1,-4,3,-4,1,2,-1,2,1,0,1,67
15534,-1,2,-3,0,-1,0,-3,2,3,2,1,0,-1,43
15535,1,4,-1,-2,1,-2,-1,0,1,4,3,2,1,59
15536,3,0,1,-6,-1,4,1,2,-1,-4,-3,-2,-1,99
15537,1,-2,-1,-4,1,2,3,0,-3,-2,-1,0,1,51
15538,-1,-2,3,-4,-3,6,-1,0,1,-2,-1,0,-1,83
15539,1,-4,1,-2,-1,4,1,-2,-1,0,1,2,1,51
15540,-1,0,3,-8,1,2,-1,4,1,-2,-1,-2,-1,107
15541,-3,2,1,-6,3,0,1,2,-1,0,1,0,1,67
15542,-1,-2,5,-6,-1,4,-3,2,3,0,1,0,-1,107
15543,1,0,3,-4,1,2,-1,0,1,2,3,2,1,51
15544,3,0,-3,-4,-3,2,3,4,1,-2,-3,-2,-1,91
15545,1,-2,-1,-2,-1,0,5,2,-1,0,-1,0,1,43
15546,-1,2,-1,-2,-5,4,1,2,3,0,-1,0,-1,67
15547,1,0,1,0,-3,2,3,0,1,2,1,2,1,35
15548,3,0,-1,-6,-1,0,1,6,3,0,-1,-2,-1,99
15549,1,2,1,-4,1,-2,3,4,1,2,1,0,1,59
15550,3,2,1,-4,-3,2,-1,4,5,2,1,0,-1,91
15551,5,4,3,-2,-1,0,1,2,3,4,3,2,1,99
15552,7,0,1,2,1,0,-1,-2,-3,-4,-3,-2,-1,99
15553,5,-2,-1,0,-1,2,1,-4,-5,-2,-1,0,1,83
15554,3,-2,-1,0,3,2,-3,-4,-1,-2,-1,0,-1,59
15555,5,-4,-3,-2,1,4,-1,-6,-3,0,1,2,1,123
15556,3,-4,-1,4,3,-2,-3,0,-1,-2,-1,-2,-1,75
15557,1,-2,-3,2,1,0,-1,-2,-3,0,1,0,1,35
15558,3,-6,-3,2,5,0,-5,-2,1,0,1,0,-1,115
15559,5,-4,-5,0,3,2,-3,-4,-1,2,3,2,1,123
15560,3,-4,1,4,-1,-2,1,0,-1,-2,-3,-2,-1,67
15561,1,-6,3,2,-3,0,3,-2,-3,0,-1,0,1,83
15562,-1,-2,-1,2,1,0,-1,-2,1,0,-1,0,-1,19
15563,1,-4,1,0,-1,2,1,-4,-1,2,1,2,1,51
15564,3,-8,-1,6,1,-4,-1,2,1,0,-1,-2,-1,139
15565,1,-6,1,4,-1,-2,1,0,-1,2,1,0,1,67
15566,3,-6,-3,4,3,-2,-3,0,3,2,1,0,-1,107
15567,5,-4,-1,2,1,0,-1,-2,1,4,3,2,1,83
15568,3,0,1,-2,-1,2,1,0,-1,-4,-3,-2,-1,51
15569,1,-2,-1,0,-3,4,3,-2,-3,-2,-1,0,1,59
15570,-1,-2,3,-4,1,4,-1,-2,1,-2,-1,0,-1,59
15571,1,-4,1,-2,-1,6,1,-4,-1,0,1,2,1,83
15572,-1,0,-1,0,1,0,-1,2,1,-2,-1,-2,-1,19
15573,-3,2,-3,2,-1,2,1,0,-1,0,1,0,1,35
15574,-1,-2,1,-2,3,2,-3,0,3,0,1,0,-1,43
15575,1,0,-1,0,1,4,-1,-2,1,2,3,2,1,43
15576,3,-4,1,0,-3,0,3,2,1,-2,-3,-2,-1,67
15577,1,-6,3,2,-5,2,5,0,-1,0,-1,0,1,107
15578,-1,-2,3,-2,-1,2,1,0,3,0,-1,0,-1,35
15579,1,-4,5,0,-3,4,3,-2,1,2,1,2,1,91
15580,3,-4,-1,2,-1,-2,1,4,3,0,-1,-2,-1,67
15581,1,-2,1,4,-3,0,3,2,1,2,1,0,1,51
15582,3,-2,1,0,1,0,-1,2,5,2,1,0,-1,51
15583,5,0,3,2,-1,2,1,0,3,4,3,2,1,83
15584,7,0,-3,-2,1,2,1,0,-3,-4,-3,-2,-1,107
15585,5,-2,-5,-4,3,4,3,-2,-5,-2,-1,0,1,139
15586,3,-2,-5,0,3,4,-1,-2,-1,-2,-1,0,-1,75
15587,5,-4,-7,-2,5,6,1,-4,-3,0,1,2,1,187
15588,3,-4,-1,0,3,0,-1,2,-1,-2,-1,-2,-1,51
15589,1,-2,-3,-2,5,2,1,0,-3,0,1,0,1,59
15590,3,-6,-3,2,5,2,-3,0,1,0,1,0,-1,99
15591,5,-4,-5,0,7,4,-1,-2,-1,2,3,2,1,155
15592,3,0,-3,0,-1,0,3,2,-1,-2,-3,-2,-1,51
15593,1,-2,-1,-2,1,2,5,0,-3,0,-1,0,1,51
15594,-1,2,-5,2,1,2,1,0,1,0,-1,0,-1,43
15595,1,0,-3,0,3,4,3,-2,-1,2,1,2,1,59
15596,3,-4,-1,2,1,-2,1,4,1,0,-1,-2,-1,59
15597,1,-2,1,0,3,0,3,2,-1,2,1,0,1,35
15598,3,-2,-3,4,3,0,-1,2,3,2,1,0,-1,67
15599,5,0,-1,2,5,2,1,0,1,4,3,2,1,91
15600,7,0,-3,-6,-1,4,3,2,-1,-4,-3,-2,-1,155
15601,5,-2,-5,-4,1,6,5,0,-3,-2,-1,0,1,147
15602,3,-2,-1,-4,1,6,1,0,1,-2,-1,0,-1,75
15603,5,-4,-3,-2,3,8,3,-2,-1,0,1,2,1,147
15604,3,0,-1,-4,1,2,1,4,1,-2,-1,-2,-1,59
15605,1,2,-3,-2,3,4,3,2,-1,0,1,0,1,59
15606,3,-2,1,-2,3,4,-1,2,3,0,1,0,-1,59
15607,5,0,-1,0,5,6,1,0,1,2,3,2,1,107
15608,7,0,-3,-4,-3,2,5,4,1,-2,-3,-2,-1,147
15609,5,-2,-1,-2,-1,4,7,2,-1,0,-1,0,1,107
15610,3,2,-1,-2,-1,4,3,2,3,0,-1,0,-1,59
15611,5,0,1,0,1,6,5,0,1,2,1,2,1,99
15612,7,0,-1,-2,-1,0,3,6,3,0,-1,-2,-1,115
15613,5,2,1,0,1,2,5,4,1,2,1,0,1,83
15614,7,2,1,0,1,2,1,4,5,2,1,0,-1,107
15615,9,4,3,2,3,4,3,2,3,4,3,2,1,187
15616,7,8,5,2,1,-2,-3,-4,-3,-4,-3,-2,-1,211
15617,5,6,3,0,-1,-4,-5,-2,-5,-2,-1,0,1,147
15618,3,6,3,0,-1,-4,-1,-6,-1,-2,-1,0,-1,115
15619,5,4,1,-2,-3,-6,-3,-4,-3,0,1,2,1,131
15620,3,4,3,0,-1,0,-5,-2,-1,-2,-1,-2,-1,75
15621,1,6,1,-2,-3,-2,-7,0,-3,0,1,0,1,115
15622,3,2,1,-2,-3,-2,-3,-4,1,0,1,0,-1,59
15623,5,4,-1,-4,-5,-4,-5,-2,-1,2,3,2,1,147
15624,3,4,1,0,3,-4,-1,-2,-1,-2,-3,-2,-1,75
15625,1,2,3,-2,1,-6,-3,0,-3,0,-1,0,1,75
15626,-1,6,-1,-2,1,-6,1,-4,1,0,-1,0,-1,99
15627,1,4,1,-4,-1,-8,-1,-2,-1,2,1,2,1,115
15628,3,0,-1,-2,1,-2,-3,0,1,0,-1,-2,-1,35
15629,1,2,1,-4,-1,-4,-5,2,-1,2,1,0,1,75
15630,3,2,-3,-4,-1,-4,-1,-2,3,2,1,0,-1,75
15631,5,4,-1,-6,-3,-6,-3,0,1,4,3,2,1,163
15632,3,4,1,2,-1,0,-1,-2,-1,-4,-3,-2,-1,67
15633,1,2,-1,4,-3,-2,-3,0,-3,-2,-1,0,1,59
15634,-1,2,3,0,-3,-2,1,-4,1,-2,-1,0,-1,51
15635,1,0,1,2,-5,-4,-1,-2,-1,0,1,2,1,59
15636,-1,4,-1,0,-3,2,-3,0,1,-2,-1,-2,-1,51
15637,-3,6,-3,2,-5,0,-5,2,-1,0,1,0,1,115
15638,-1,2,1,-2,-5,0,-1,-2,3,0,1,0,-1,51
15639,1,4,-1,0,-7,-2,-3,0,1,2,3,2,1,99
15640,3,0,-3,0,1,-2,1,0,1,-2,-3,-2,-1,43
15641,1,-2,-1,2,-1,-4,-1,2,-1,0,-1,0,1,35
15642,-1,2,-1,-2,-1,-4,3,-2,3,0,-1,0,-1,51
15643,1,0,1,0,-3,-6,1,0,1,2,1,2,1,59
15644,3,0,-5,-2,-1,0,-1,2,3,0,-1,-2,-1,59
15645,1,2,-3,0,-3,-2,-3,4,1,2,1,0,1,59
15646,3,2,-3,-4,-3,-2,1,0,5,2,1,0,-1,83
15647,5,4,-1,-2,-5,-4,-1,2,3,4,3,2,1,131
15648,3,4,5,-2,1,0,-1,-2,-3,-4,-3,-2,-1,99
15649,1,2,3,-4,3,-2,-3,0,-5,-2,-1,0,1,83
15650,-1,2,3,0,-1,-2,1,-4,-1,-2,-1,0,-1,43
15651,1,0,1,-2,1,-4,-1,-2,-3,0,1,2,1,43
15652,-1,0,7,-4,-1,2,-3,0,-1,-2,-1,-2,-1,91
15653,-3,2,5,-6,1,0,-5,2,-3,0,1,0,1,115
15654,-1,-2,5,-2,-3,0,-1,-2,1,0,1,0,-1,51
15655,1,0,3,-4,-1,-2,-3,0,-1,2,3,2,1,59
15656,-1,4,1,-4,3,-2,1,0,-1,-2,-3,-2,-1,67
15657,-3,2,3,-6,5,-4,-1,2,-3,0,-1,0,1,115
15658,-5,6,-1,-2,1,-4,3,-2,1,0,-1,0,-1,99
15659,-3,4,1,-4,3,-6,1,0,-1,2,1,2,1,99
15660,-1,0,3,-6,1,0,-1,2,1,0,-1,-2,-1,59
15661,-3,2,5,-8,3,-2,-3,4,-1,2,1,0,1,147
15662,-1,2,1,-4,-1,-2,1,0,3,2,1,0,-1,43
15663,1,4,3,-6,1,-4,-1,2,1,4,3,2,1,115
15664,3,0,1,-2,-1,2,1,0,-1,-4,-3,-2,-1,51
15665,1,-2,-1,0,1,0,-1,2,-3,-2,-1,0,1,27
15666,-1,-2,3,0,-3,0,3,-2,1,-2,-1,0,-1,43
15667,1,-4,1,2,-1,-2,1,0,-1,0,1,2,1,35
15668,-1,0,3,-4,-3,4,-1,2,1,-2,-1,-2,-1,67
15669,-3,2,1,-2,-1,2,-3,4,-1,0,1,0,1,51
15670,-1,-2,5,-2,-5,2,1,0,3,0,1,0,-1,75
15671,1,0,3,0,-3,0,-1,2,1,2,3,2,1,43
15672,3,0,-3,-4,1,0,3,2,1,-2,-3,-2,-1,67
15673,1,-2,-1,-2,3,-2,1,4,-1,0,-1,0,1,43
15674,-1,2,-1,-2,-1,-2,5,0,3,0,-1,0,-1,51
15675,1,0,1,0,1,-4,3,2,1,2,1,2,1,43
15676,3,0,-1,-6,-1,2,1,4,3,0,-1,-2,-1,83
15677,1,2,1,-4,1,0,-1,6,1,2,1,0,1,67
15678,3,2,1,-4,-3,0,3,2,5,2,1,0,-1,83
15679,5,4,3,-2,-1,-2,1,4,3,4,3,2,1,115
15680,3,8,1,2,1,-2,-1,-4,-3,-4,-3,-2,-1,139
15681,1,6,-1,0,-1,0,-3,-2,-5,-2,-1,0,1,83
15682,-1,6,-1,0,3,-4,1,-6,-1,-2,-1,0,-1,107
15683,1,4,-3,-2,1,-2,-1,-4,-3,0,1,2,1,67
15684,-1,4,-1,4,-1,0,-3,-2,-1,-2,-1,-2,-1,59
15685,-3,6,-3,2,-3,2,-5,0,-3,0,1,0,1,107
15686,-1,2,-3,2,1,-2,-1,-4,1,0,1,0,-1,43
15687,1,4,-5,0,-1,0,-3,-2,-1,2,3,2,1,75
15688,-1,4,1,0,3,-4,1,-2,-1,-2,-3,-2,-1,67
15689,-3,2,3,-2,1,-2,-1,0,-3,0,-1,0,1,43
15690,-5,6,-1,-2,5,-6,3,-4,1,0,-1,0,-1,155
15691,-3,4,1,-4,3,-4,1,-2,-1,2,1,2,1,83
15692,-1,0,-1,2,1,-2,-1,0,1,0,-1,-2,-1,19
15693,-3,2,1,0,-1,0,-3,2,-1,2,1,0,1,35
15694,-1,2,-3,0,3,-4,1,-2,3,2,1,0,-1,59
15695,1,4,-1,-2,1,-2,-1,0,1,4,3,2,1,59
15696,-1,8,-3,2,-1,0,1,-2,-1,-4,-3,-2,-1,115
15697,-3,6,-5,4,-3,2,-1,0,-3,-2,-1,0,1,115
15698,-5,6,-1,0,1,-2,3,-4,1,-2,-1,0,-1,99
15699,-3,4,-3,2,-1,0,1,-2,-1,0,1,2,1,51
15700,-5,8,-5,4,-3,2,-1,0,1,-2,-1,-2,-1,155
15701,-7,10,-7,6,-5,4,-3,2,-1,0,1,0,1,291
15702,-5,6,-3,2,-1,0,1,-2,3,0,1,0,-1,91
15703,-3,8,-5,4,-3,2,-1,0,1,2,3,2,1,147
15704,-1,4,-3,0,1,-2,3,0,1,-2,-3,-2,-1,59
15705,-3,2,-1,2,-1,0,1,2,-1,0,-1,0,1,27
15706,-5,6,-1,-2,3,-4,5,-2,3,0,-1,0,-1,131
15707,-3,4,1,0,1,-2,3,0,1,2,1,2,1,51
15708,-1,4,-5,2,-1,0,1,2,3,0,-1,-2,-1,67
15709,-3,6,-3,4,-3,2,-1,4,1,2,1,0,1,107
15710,-1,6,-3,0,1,-2,3,0,5,2,1,0,-1,91
15711,1,8,-1,2,-1,0,1,2,3,4,3,2,1,115
15712,3,4,1,-2,1,0,1,-2,-3,-4,-3,-2,-1,75
15713,1,2,-1,-4,3,2,-1,0,-5,-2,-1,0,1,67
15714,-1,2,-1,0,3,-2,3,-4,-1,-2,-1,0,-1,51
15715,1,0,-3,-2,5,0,1,-2,-3,0,1,2,1,59
15716,-1,0,3,0,-1,2,-1,0,-1,-2,-1,-2,-1,27
15717,-3,2,1,-2,1,4,-3,2,-3,0,1,0,1,59
15718,-1,-2,1,2,1,0,1,-2,1,0,1,0,-1,19
15719,1,0,-1,0,3,2,-1,0,-1,2,3,2,1,35
15720,-1,4,1,-4,3,-2,3,0,-1,-2,-3,-2,-1,75
15721,-3,2,3,-6,5,0,1,2,-3,0,-1,0,1,99
15722,-5,6,-1,-2,5,-4,5,-2,1,0,-1,0,-1,139
15723,-3,4,1,-4,7,-2,3,0,-1,2,1,2,1,115
15724,-1,0,3,-2,1,0,1,2,1,0,-1,-2,-1,27
15725,-3,2,5,-4,3,2,-1,4,-1,2,1,0,1,91
15726,-1,2,1,0,3,-2,3,0,3,2,1,0,-1,43
15727,1,4,3,-2,5,0,1,2,1,4,3,2,1,91
15728,3,4,-3,-2,-1,2,3,0,-1,-4,-3,-2,-1,83
15729,1,2,-5,0,1,4,1,2,-3,-2,-1,0,1,67
15730,-1,2,-1,0,1,0,5,-2,1,-2,-1,0,-1,43
15731,1,0,-3,2,3,2,3,0,-1,0,1,2,1,43
15732,-1,4,-1,0,-3,4,1,2,1,-2,-1,-2,-1,59
15733,-3,6,-3,2,-1,6,-1,4,-1,0,1,0,1,115
15734,-1,2,1,2,-1,2,3,0,3,0,1,0,-1,35
15735,1,4,-1,4,1,4,1,2,1,2,3,2,1,75
15736,3,4,-3,-4,1,0,5,2,1,-2,-3,-2,-1,99
15737,1,2,-1,-2,3,2,3,4,-1,0,-1,0,1,51
15738,-1,6,-1,-2,3,-2,7,0,3,0,-1,0,-1,115
15739,1,4,1,0,5,0,5,2,1,2,1,2,1,83
15740,3,4,-1,-2,-1,2,3,4,3,0,-1,-2,-1,75
15741,1,6,1,0,1,4,1,6,1,2,1,0,1,99
15742,3,6,1,0,1,0,5,2,5,2,1,0,-1,107
15743,5,8,3,2,3,2,3,4,3,4,3,2,1,179
15744,7,4,5,2,1,-2,-5,-4,-3,-4,-3,-2,-1,179
15745,5,2,3,0,-1,-4,-3,-2,-5,-2,-1,0,1,99
15746,3,2,3,0,-1,0,-3,-6,-1,-2,-1,0,-1,75
15747,5,0,1,-2,-3,-2,-1,-4,-3,0,1,2,1,75
15748,3,0,3,0,3,0,-7,-2,-1,-2,-1,-2,-1,91
15749,1,2,1,-2,1,-2,-5,0,-3,0,1,0,1,51
15750,3,-2,1,-2,1,2,-5,-4,1,0,1,0,-1,67
15751,5,0,-1,-4,-1,0,-3,-2,-1,2,3,2,1,75
15752,3,0,1,4,3,-4,-3,-2,-1,-2,-3,-2,-1,83
15753,1,-2,3,2,1,-6,-1,0,-3,0,-1,0,1,67
15754,-1,2,-1,2,1,-2,-1,-4,1,0,-1,0,-1,35
15755,1,0,1,0,-1,-4,1,-2,-1,2,1,2,1,35
15756,3,-4,-1,2,5,-2,-5,0,1,0,-1,-2,-1,91
15757,1,-2,1,0,3,-4,-3,2,-1,2,1,0,1,51
15758,3,-2,-3,0,3,0,-3,-2,3,2,1,0,-1,59
15759,5,0,-1,-2,1,-2,-1,0,1,4,3,2,1,67
15760,3,0,5,2,-1,0,-3,-2,-1,-4,-3,-2,-1,83
15761,1,-2,3,4,-3,-2,-1,0,-3,-2,-1,0,1,59
15762,-1,-2,7,0,-3,2,-1,-4,1,-2,-1,0,-1,91
15763,1,-4,5,2,-5,0,1,-2,-1,0,1,2,1,83
15764,-1,0,3,0,1,2,-5,0,1,-2,-1,-2,-1,51
15765,-3,2,1,2,-1,0,-3,2,-1,0,1,0,1,35
15766,-1,-2,5,-2,-1,4,-3,-2,3,0,1,0,-1,75
15767,1,0,3,0,-3,2,-1,0,1,2,3,2,1,43
15768,3,-4,1,4,1,-2,-1,0,1,-2,-3,-2,-1,67
15769,1,-6,3,6,-1,-4,1,2,-1,0,-1,0,1,107
15770,-1,-2,3,2,-1,0,1,-2,3,0,-1,0,-1,35
15771,1,-4,5,4,-3,-2,3,0,1,2,1,2,1,91
15772,3,-4,-1,2,3,0,-3,2,3,0,-1,-2,-1,67
15773,1,-2,1,4,1,-2,-1,4,1,2,1,0,1,51
15774,3,-2,1,0,1,2,-1,0,5,2,1,0,-1,51
15775,5,0,3,2,-1,0,1,2,3,4,3,2,1,83
15776,3,4,5,-2,1,0,-3,-2,-3,-4,-3,-2,-1,107
15777,1,2,3,-4,3,-2,-1,0,-5,-2,-1,0,1,75
15778,-1,2,3,0,-1,2,-1,-4,-1,-2,-1,0,-1,43
15779,1,0,1,-2,1,0,1,-2,-3,0,1,2,1,27
15780,-1,0,7,-4,3,2,-5,0,-1,-2,-1,-2,-1,115
15781,-3,2,5,-6,5,0,-3,2,-3,0,1,0,1,123
15782,-1,-2,5,-2,1,4,-3,-2,1,0,1,0,-1,67
15783,1,0,3,-4,3,2,-1,0,-1,2,3,2,1,59
15784,-1,4,1,0,3,-2,-1,0,-1,-2,-3,-2,-1,51
15785,-3,2,3,-2,5,-4,1,2,-3,0,-1,0,1,83
15786,-5,6,-1,2,1,0,1,-2,1,0,-1,0,-1,75
15787,-3,4,1,0,3,-2,3,0,-1,2,1,2,1,59
15788,-1,0,3,-2,5,0,-3,2,1,0,-1,-2,-1,59
15789,-3,2,5,-4,7,-2,-1,4,-1,2,1,0,1,131
15790,-1,2,1,0,3,2,-1,0,3,2,1,0,-1,35
15791,1,4,3,-2,5,0,1,2,1,4,3,2,1,91
15792,3,0,5,-2,-1,2,-1,0,-1,-4,-3,-2,-1,75
15793,1,-2,3,0,1,0,1,2,-3,-2,-1,0,1,35
15794,-1,-2,7,0,-3,4,1,-2,1,-2,-1,0,-1,91
15795,1,-4,5,2,-1,2,3,0,-1,0,1,2,1,67
15796,-1,0,7,-4,1,4,-3,2,1,-2,-1,-2,-1,107
15797,-3,2,5,-2,3,2,-1,4,-1,0,1,0,1,75
15798,-1,-2,9,-2,-1,6,-1,0,3,0,1,0,-1,139
15799,1,0,7,0,1,4,1,2,1,2,3,2,1,91
15800,3,0,1,0,1,0,1,2,1,-2,-3,-2,-1,35
15801,1,-2,3,2,3,-2,3,4,-1,0,-1,0,1,59
15802,-1,2,3,2,-1,2,3,0,3,0,-1,0,-1,43
15803,1,0,5,4,1,0,5,2,1,2,1,2,1,83
15804,3,0,3,-2,3,2,-1,4,3,0,-1,-2,-1,67
15805,1,2,5,0,5,0,1,6,1,2,1,0,1,99
15806,3,2,5,0,1,4,1,2,5,2,1,0,-1,91
15807,5,4,7,2,3,2,3,4,3,4,3,2,1,171
15808,7,4,1,2,1,-2,-3,-4,-3,-4,-3,-2,-1,139
15809,5,2,-1,0,-1,0,-1,-2,-5,-2,-1,0,1,67
15810,3,2,-1,0,3,0,-1,-6,-1,-2,-1,0,-1,67
15811,5,0,-3,-2,1,2,1,-4,-3,0,1,2,1,75
15812,3,0,-1,4,3,0,-5,-2,-1,-2,-1,-2,-1,75
15813,1,2,-3,2,1,2,-3,0,-3,0,1,0,1,43
15814,3,-2,-3,2,5,2,-3,-4,1,0,1,0,-1,83
15815,5,0,-5,0,3,4,-1,-2,-1,2,3,2,1,99
15816,3,0,1,4,3,-4,-1,-2,-1,-2,-3,-2,-1,75
15817,1,-2,3,2,1,-2,1,0,-3,0,-1,0,1,35
15818,-1,2,-1,2,5,-2,1,-4,1,0,-1,0,-1,59
15819,1,0,1,0,3,0,3,-2,-1,2,1,2,1,35
15820,3,-4,-1,6,5,-2,-3,0,1,0,-1,-2,-1,107
15821,1,-2,1,4,3,0,-1,2,-1,2,1,0,1,43
15822,3,-2,-3,4,7,0,-1,-2,3,2,1,0,-1,107
15823,5,0,-1,2,5,2,1,0,1,4,3,2,1,91
15824,3,4,1,2,-1,0,-1,-2,-1,-4,-3,-2,-1,67
15825,1,2,-1,4,-3,2,1,0,-3,-2,-1,0,1,51
15826,-1,2,3,0,1,2,1,-4,1,-2,-1,0,-1,43
15827,1,0,1,2,-1,4,3,-2,-1,0,1,2,1,43
15828,-1,4,-1,4,1,2,-3,0,1,-2,-1,-2,-1,59
15829,-3,6,-3,6,-1,4,-1,2,-1,0,1,0,1,115
15830,-1,2,1,2,3,4,-1,-2,3,0,1,0,-1,51
15831,1,4,-1,4,1,6,1,0,1,2,3,2,1,91
15832,3,0,1,4,1,-2,1,0,1,-2,-3,-2,-1,51
15833,1,-2,3,6,-1,0,3,2,-1,0,-1,0,1,67
15834,-1,2,3,2,3,0,3,-2,3,0,-1,0,-1,51
15835,1,0,5,4,1,2,5,0,1,2,1,2,1,83
15836,3,0,-1,6,3,0,-1,2,3,0,-1,-2,-1,75
15837,1,2,1,8,1,2,1,4,1,2,1,0,1,99
15838,3,2,1,4,5,2,1,0,5,2,1,0,-1,91
15839,5,4,3,6,3,4,3,2,3,4,3,2,1,163
15840,7,4,1,-2,1,0,-1,-2,-3,-4,-3,-2,-1,115
15841,5,2,-1,-4,3,2,1,0,-5,-2,-1,0,1,91
15842,3,2,-1,0,3,2,1,-4,-1,-2,-1,0,-1,51
15843,5,0,-3,-2,5,4,3,-2,-3,0,1,2,1,107
15844,3,0,3,0,3,2,-3,0,-1,-2,-1,-2,-1,51
15845,1,2,1,-2,5,4,-1,2,-3,0,1,0,1,67
15846,3,-2,1,2,5,4,-1,-2,1,0,1,0,-1,67
15847,5,0,-1,0,7,6,1,0,-1,2,3,2,1,131
15848,3,4,1,0,3,-2,1,0,-1,-2,-3,-2,-1,59
15849,1,2,3,-2,5,0,3,2,-3,0,-1,0,1,67
15850,-1,6,-1,2,5,0,3,-2,1,0,-1,0,-1,83
15851,1,4,1,0,7,2,5,0,-1,2,1,2,1,107
15852,3,0,3,2,5,0,-1,2,1,0,-1,-2,-1,59
15853,1,2,5,0,7,2,1,4,-1,2,1,0,1,107
15854,3,2,1,4,7,2,1,0,3,2,1,0,-1,99
15855,5,4,3,2,9,4,3,2,1,4,3,2,1,195
15856,7,4,1,-2,-1,2,1,0,-1,-4,-3,-2,-1,107
15857,5,2,-1,0,1,4,3,2,-3,-2,-1,0,1,75
15858,3,2,3,0,1,4,3,-2,1,-2,-1,0,-1,59
15859,5,0,1,2,3,6,5,0,-1,0,1,2,1,107
15860,3,4,3,0,1,4,-1,2,1,-2,-1,-2,-1,67
15861,1,6,1,2,3,6,1,4,-1,0,1,0,1,107
15862,3,2,5,2,3,6,1,0,3,0,1,0,-1,99
15863,5,4,3,4,5,8,3,2,1,2,3,2,1,187
15864,7,4,1,0,1,0,3,2,1,-2,-3,-2,-1,99
15865,5,2,3,2,3,2,5,4,-1,0,-1,0,1,99
15866,3,6,3,2,3,2,5,0,3,0,-1,0,-1,107
15867,5,4,5,4,5,4,7,2,1,2,1,2,1,187
15868,7,4,3,2,3,2,1,4,3,0,-1,-2,-1,123
15869,5,6,5,4,5,4,3,6,1,2,1,0,1,195
15870,7,6,5,4,5,4,3,2,5,2,1,0,-1,211
15871,9,8,7,6,7,6,5,4,3,4,3,2,1,395
15872,11,8,5,2,-1,-2,-3,-4,-5,-4,-3,-2,-1,299
15873,9,6,3,0,-3,-4,-5,-6,-3,-2,-1,0,1,227
15874,7,6,3,0,-3,-4,-5,-2,-3,-2,-1,0,-1,163
15875,9,4,1,-2,-5,-6,-7,-4,-1,0,1,2,1,235
15876,7,4,3,0,-3,-4,-1,-2,-3,-2,-1,-2,-1,123
15877,5,6,1,-2,-5,-6,-3,-4,-1,0,1,0,1,155
15878,7,2,1,-2,-5,-6,-3,0,-1,0,1,0,-1,131
15879,9,4,-1,-4,-7,-8,-5,-2,1,2,3,2,1,275
15880,7,4,1,0,-3,0,-1,-2,-3,-2,-3,-2,-1,107
15881,5,2,3,-2,-5,-2,-3,-4,-1,0,-1,0,1,99
15882,3,6,-1,-2,-5,-2,-3,0,-1,0,-1,0,-1,91
15883,5,4,1,-4,-7,-4,-5,-2,1,2,1,2,1,163
15884,7,0,-1,-2,-5,-2,1,0,-1,0,-1,-2,-1,91
15885,5,2,1,-4,-7,-4,-1,-2,1,2,1,0,1,123
15886,7,2,-3,-4,-7,-4,-1,2,1,2,1,0,-1,155
15887,9,4,-1,-6,-9,-6,-3,0,3,4,3,2,1,299
15888,7,4,1,-2,1,0,-1,-2,-3,-4,-3,-2,-1,115
15889,5,2,-1,0,-1,-2,-3,-4,-1,-2,-1,0,1,67
15890,3,2,3,-4,-1,-2,-3,0,-1,-2,-1,0,-1,59
15891,5,0,1,-2,-3,-4,-5,-2,1,0,1,2,1,91
15892,3,4,-1,-4,-1,-2,1,0,-1,-2,-1,-2,-1,59
15893,1,6,-3,-2,-3,-4,-1,-2,1,0,1,0,1,83
15894,3,2,1,-6,-3,-4,-1,2,1,0,1,0,-1,83
15895,5,4,-1,-4,-5,-6,-3,0,3,2,3,2,1,155
15896,7,0,-3,-4,-1,2,1,0,-1,-2,-3,-2,-1,99
15897,5,-2,-1,-2,-3,0,-1,-2,1,0,-1,0,1,51
15898,3,2,-1,-6,-3,0,-1,2,1,0,-1,0,-1,67
15899,5,0,1,-4,-5,-2,-3,0,3,2,1,2,1,99
15900,7,0,-5,-6,-3,0,3,2,1,0,-1,-2,-1,139
15901,5,2,-3,-4,-5,-2,1,0,3,2,1,0,1,99
15902,7,2,-3,-8,-5,-2,1,4,3,2,1,0,-1,187
15903,9,4,-1,-6,-7,-4,-1,2,5,4,3,2,1,259
15904,7,4,1,2,-1,0,-1,-2,-5,-4,-3,-2,-1,131
15905,5,2,-1,0,1,-2,-3,-4,-3,-2,-1,0,1,75
15906,3,2,-1,4,-3,-2,-3,0,-3,-2,-1,0,-1,67
15907,5,0,-3,2,-1,-4,-5,-2,-1,0,1,2,1,91
15908,3,0,3,0,-3,-2,1,0,-3,-2,-1,-2,-1,51
15909,1,2,1,-2,-1,-4,-1,-2,-1,0,1,0,1,35
15910,3,-2,1,2,-5,-4,-1,2,-1,0,1,0,-1,67
15911,5,0,-1,0,-3,-6,-3,0,1,2,3,2,1,99
15912,3,4,-3,0,-3,2,1,0,-3,-2,-3,-2,-1,75
15913,1,2,-1,-2,-1,0,-1,-2,-1,0,-1,0,1,19
15914,-1,6,-5,2,-5,0,-1,2,-1,0,-1,0,-1,99
15915,1,4,-3,0,-3,-2,-3,0,1,2,1,2,1,59
15916,3,0,-1,-2,-5,0,3,2,-1,0,-1,-2,-1,59
15917,1,2,1,-4,-3,-2,1,0,1,2,1,0,1,43
15918,3,2,-3,0,-7,-2,1,4,1,2,1,0,-1,99
15919,5,4,-1,-2,-5,-4,-1,2,3,4,3,2,1,131
15920,7,0,-3,-2,1,2,1,0,-3,-4,-3,-2,-1,107
15921,5,-2,-5,0,3,0,-1,-2,-1,-2,-1,0,1,75
15922,3,-2,-1,0,-1,0,-1,2,-1,-2,-1,0,-1,27
15923,5,-4,-3,2,1,-2,-3,0,1,0,1,2,1,75
15924,3,0,-1,-4,-1,0,3,2,-1,-2,-1,-2,-1,51
15925,1,2,-3,-2,1,-2,1,0,1,0,1,0,1,27
15926,3,-2,1,-2,-3,-2,1,4,1,0,1,0,-1,51
15927,5,0,-1,0,-1,-4,-1,2,3,2,3,2,1,75
15928,7,0,-7,-4,-1,4,3,2,-1,-2,-3,-2,-1,163
15929,5,-2,-5,-2,1,2,1,0,1,0,-1,0,1,67
15930,3,2,-5,-2,-3,2,1,4,1,0,-1,0,-1,75
15931,5,0,-3,0,-1,0,-1,2,3,2,1,2,1,59
15932,7,0,-5,-6,-3,2,5,4,1,0,-1,-2,-1,171
15933,5,2,-3,-4,-1,0,3,2,3,2,1,0,1,83
15934,7,2,-3,-4,-5,0,3,6,3,2,1,0,-1,163
15935,9,4,-1,-2,-3,-2,1,4,5,4,3,2,1,187
15936,7,4,5,2,-1,-2,-1,-4,-5,-4,-3,-2,-1,171
15937,5,2,3,0,-3,0,-3,-6,-3,-2,-1,0,1,107
15938,3,2,3,0,1,-4,-3,-2,-3,-2,-1,0,-1,67
15939,5,0,1,-2,-1,-2,-5,-4,-1,0,1,2,1,83
15940,3,0,3,4,-3,-4,1,-2,-3,-2,-1,-2,-1,83
15941,1,2,1,2,-5,-2,-1,-4,-1,0,1,0,1,59
15942,3,-2,1,2,-1,-6,-1,0,-1,0,1,0,-1,59
15943,5,0,-1,0,-3,-4,-3,-2,1,2,3,2,1,83
15944,3,0,5,0,-3,0,1,-2,-3,-2,-3,-2,-1,75
15945,1,-2,7,-2,-5,2,-1,-4,-1,0,-1,0,1,107
15946,-1,2,3,-2,-1,-2,-1,0,-1,0,-1,0,-1,27
15947,1,0,5,-4,-3,0,-3,-2,1,2,1,2,1,75
15948,3,-4,3,2,-5,-2,3,0,-1,0,-1,-2,-1,83
15949,1,-2,5,0,-7,0,1,-2,1,2,1,0,1,91
15950,3,-2,1,0,-3,-4,1,2,1,2,1,0,-1,51
15951,5,0,3,-2,-5,-2,-1,0,3,4,3,2,1,107
15952,3,4,1,-2,1,0,1,-2,-3,-4,-3,-2,-1,75
15953,1,2,-1,0,-1,2,-1,-4,-1,-2,-1,0,1,35
15954,-1,2,3,-4,3,-2,-1,0,-1,-2,-1,0,-1,51
15955,1,0,1,-2,1,0,-3,-2,1,0,1,2,1,27
15956,-1,4,-1,0,-1,-2,3,0,-1,-2,-1,-2,-1,43
15957,-3,6,-3,2,-3,0,1,-2,1,0,1,0,1,75
15958,-1,2,1,-2,1,-4,1,2,1,0,1,0,-1,35
15959,1,4,-1,0,-1,-2,-1,0,3,2,3,2,1,51
15960,3,0,1,-4,-1,2,3,0,-1,-2,-3,-2,-1,59
15961,1,-2,3,-2,-3,4,1,-2,1,0,-1,0,1,51
15962,-1,2,3,-6,1,0,1,2,1,0,-1,0,-1,59
15963,1,0,5,-4,-1,2,-1,0,3,2,1,2,1,67
15964,3,0,-1,-2,-3,0,5,2,1,0,-1,-2,-1,59
15965,1,2,1,0,-5,2,3,0,3,2,1,0,1,59
15966,3,2,1,-4,-1,-2,3,4,3,2,1,0,-1,75
15967,5,4,3,-2,-3,0,1,2,5,4,3,2,1,123
15968,7,0,1,2,-1,0,1,-2,-5,-4,-3,-2,-1,115
15969,5,-2,-1,0,1,2,-1,-4,-3,-2,-1,0,1,67
15970,3,-2,-1,4,1,-2,-1,0,-3,-2,-1,0,-1,51
15971,5,-4,-3,2,3,0,-3,-2,-1,0,1,2,1,83
15972,3,-4,3,4,-3,-2,3,0,-3,-2,-1,-2,-1,91
15973,1,-2,1,2,-1,0,1,-2,-1,0,1,0,1,19
15974,3,-6,1,6,-1,-4,1,2,-1,0,1,0,-1,107
15975,5,-4,-1,4,1,-2,-1,0,1,2,3,2,1,83
15976,3,0,1,0,-3,2,3,0,-3,-2,-3,-2,-1,59
15977,1,-2,3,-2,-1,4,1,-2,-1,0,-1,0,1,43
15978,-1,2,-1,2,-1,0,1,2,-1,0,-1,0,-1,19
15979,1,0,1,0,1,2,-1,0,1,2,1,2,1,19
15980,3,-4,3,2,-5,0,5,2,-1,0,-1,-2,-1,99
15981,1,-2,5,0,-3,2,3,0,1,2,1,0,1,59
15982,3,-2,1,4,-3,-2,3,4,1,2,1,0,-1,75
15983,5,0,3,2,-1,0,1,2,3,4,3,2,1,83
15984,7,0,-3,-2,1,2,3,0,-3,-4,-3,-2,-1,115
15985,5,-2,-5,0,3,4,1,-2,-1,-2,-1,0,1,91
15986,3,-2,-1,0,3,0,1,2,-1,-2,-1,0,-1,35
15987,5,-4,-3,2,5,2,-1,0,1,0,1,2,1,91
15988,3,0,-1,0,-1,0,5,2,-1,-2,-1,-2,-1,51
15989,1,2,-3,2,1,2,3,0,1,0,1,0,1,35
15990,3,-2,1,2,1,-2,3,4,1,0,1,0,-1,51
15991,5,0,-1,4,3,0,1,2,3,2,3,2,1,83
15992,7,0,-3,-4,-1,4,5,2,-1,-2,-3,-2,-1,139
15993,5,-2,-1,-2,1,6,3,0,1,0,-1,0,1,83
15994,3,2,-1,-2,1,2,3,4,1,0,-1,0,-1,51
15995,5,0,1,0,3,4,1,2,3,2,1,2,1,75
15996,7,0,-1,-2,-3,2,7,4,1,0,-1,-2,-1,139
15997,5,2,1,0,-1,4,5,2,3,2,1,0,1,91
15998,7,2,1,0,-1,0,5,6,3,2,1,0,-1,131
15999,9,4,3,2,1,2,3,4,5,4,3,2,1,195
16000,7,8,5,2,-1,-2,-5,-4,-5,-4,-3,-2,-1,243
16001,5,6,3,0,-3,-4,-3,-6,-3,-2,-1,0,1,155
16002,3,6,3,0,-3,0,-7,-2,-3,-2,-1,0,-1,131
16003,5,4,1,-2,-5,-2,-5,-4,-1,0,1,2,1,123
16004,3,4,3,0,1,-4,-3,-2,-3,-2,-1,-2,-1,83
16005,1,6,1,-2,-1,-6,-1,-4,-1,0,1,0,1,99
16006,3,2,1,-2,-1,-2,-5,0,-1,0,1,0,-1,51
16007,5,4,-1,-4,-3,-4,-3,-2,1,2,3,2,1,115
16008,3,4,1,4,-3,0,-3,-2,-3,-2,-3,-2,-1,91
16009,1,2,3,2,-5,-2,-1,-4,-1,0,-1,0,1,67
16010,-1,6,-1,2,-5,2,-5,0,-1,0,-1,0,-1,99
16011,1,4,1,0,-7,0,-3,-2,1,2,1,2,1,91
16012,3,0,-1,2,-1,-2,-1,0,-1,0,-1,-2,-1,27
16013,1,2,1,0,-3,-4,1,-2,1,2,1,0,1,43
16014,3,2,-3,0,-3,0,-3,2,1,2,1,0,-1,51
16015,5,4,-1,-2,-5,-2,-1,0,3,4,3,2,1,115
16016,3,4,5,-2,1,0,-3,-2,-3,-4,-3,-2,-1,107
16017,1,2,3,0,-1,-2,-1,-4,-1,-2,-1,0,1,43
16018,-1,2,7,-4,-1,2,-5,0,-1,-2,-1,0,-1,107
16019,1,0,5,-2,-3,0,-3,-2,1,0,1,2,1,59
16020,-1,4,3,-4,3,-2,-1,0,-1,-2,-1,-2,-1,67
16021,-3,6,1,-2,1,-4,1,-2,1,0,1,0,1,75
16022,-1,2,5,-6,1,0,-3,2,1,0,1,0,-1,83
16023,1,4,3,-4,-1,-2,-1,0,3,2,3,2,1,75
16024,3,0,1,0,-1,2,-1,0,-1,-2,-3,-2,-1,35
16025,1,-2,3,2,-3,0,1,-2,1,0,-1,0,1,35
16026,-1,2,3,-2,-3,4,-3,2,1,0,-1,0,-1,59
16027,1,0,5,0,-5,2,-1,0,3,2,1,2,1,75
16028,3,0,-1,-2,1,0,1,2,1,0,-1,-2,-1,27
16029,1,2,1,0,-1,-2,3,0,3,2,1,0,1,35
16030,3,2,1,-4,-1,2,-1,4,3,2,1,0,-1,67
16031,5,4,3,-2,-3,0,1,2,5,4,3,2,1,123
16032,3,8,1,2,-1,0,-3,-2,-5,-4,-3,-2,-1,147
16033,1,6,-1,0,1,-2,-1,-4,-3,-2,-1,0,1,75
16034,-1,6,-1,4,-3,2,-5,0,-3,-2,-1,0,-1,107
16035,1,4,-3,2,-1,0,-3,-2,-1,0,1,2,1,51
16036,-1,4,3,0,1,-2,-1,0,-3,-2,-1,-2,-1,51
16037,-3,6,1,-2,3,-4,1,-2,-1,0,1,0,1,83
16038,-1,2,1,2,-1,0,-3,2,-1,0,1,0,-1,27
16039,1,4,-1,0,1,-2,-1,0,1,2,3,2,1,43
16040,-1,8,-3,4,-3,2,-1,0,-3,-2,-3,-2,-1,131
16041,-3,6,-1,2,-1,0,1,-2,-1,0,-1,0,1,59
16042,-5,10,-5,6,-5,4,-3,2,-1,0,-1,0,-1,243
16043,-3,8,-3,4,-3,2,-1,0,1,2,1,2,1,123
16044,-1,4,-1,2,-1,0,1,2,-1,0,-1,-2,-1,35
16045,-3,6,1,0,1,-2,3,0,1,2,1,0,1,67
16046,-1,6,-3,4,-3,2,-1,4,1,2,1,0,-1,99
16047,1,8,-1,2,-1,0,1,2,3,4,3,2,1,115
16048,3,4,1,-2,1,2,-1,0,-3,-4,-3,-2,-1,75
16049,1,2,-1,0,3,0,1,-2,-1,-2,-1,0,1,27
16050,-1,2,3,0,-1,4,-3,2,-1,-2,-1,0,-1,51
16051,1,0,1,2,1,2,-1,0,1,0,1,2,1,19
16052,-1,4,3,-4,3,0,1,2,-1,-2,-1,-2,-1,67
16053,-3,6,1,-2,5,-2,3,0,1,0,1,0,1,91
16054,-1,2,5,-2,1,2,-1,4,1,0,1,0,-1,59
16055,1,4,3,0,3,0,1,2,3,2,3,2,1,67
16056,3,4,-3,0,-1,4,1,2,-1,-2,-3,-2,-1,75
16057,1,2,-1,2,1,2,3,0,1,0,-1,0,1,27
16058,-1,6,-1,2,-3,6,-1,4,1,0,-1,0,-1,107
16059,1,4,1,4,-1,4,1,2,3,2,1,2,1,75
16060,3,4,-1,-2,1,2,3,4,1,0,-1,-2,-1,67
16061,1,6,1,0,3,0,5,2,3,2,1,0,1,91
16062,3,6,1,0,-1,4,1,6,3,2,1,0,-1,115
16063,5,8,3,2,1,2,3,4,5,4,3,2,1,187
16064,7,4,5,2,-1,-2,-3,-4,-5,-4,-3,-2,-1,179
16065,5,2,3,0,-3,0,-1,-6,-3,-2,-1,0,1,99
16066,3,2,3,0,1,0,-5,-2,-3,-2,-1,0,-1,67
16067,5,0,1,-2,-1,2,-3,-4,-1,0,1,2,1,67
16068,3,0,3,4,1,-4,-1,-2,-3,-2,-1,-2,-1,75
16069,1,2,1,2,-1,-2,1,-4,-1,0,1,0,1,35
16070,3,-2,1,2,3,-2,-3,0,-1,0,1,0,-1,43
16071,5,0,-1,0,1,0,-1,-2,1,2,3,2,1,51
16072,3,0,5,4,-3,0,-1,-2,-3,-2,-3,-2,-1,91
16073,1,-2,7,2,-5,2,1,-4,-1,0,-1,0,1,107
16074,-1,2,3,2,-1,2,-3,0,-1,0,-1,0,-1,35
16075,1,0,5,0,-3,4,-1,-2,1,2,1,2,1,67
16076,3,-4,3,6,-1,-2,1,0,-1,0,-1,-2,-1,83
16077,1,-2,5,4,-3,0,3,-2,1,2,1,0,1,75
16078,3,-2,1,4,1,0,-1,2,1,2,1,0,-1,43
16079,5,0,3,2,-1,2,1,0,3,4,3,2,1,83
16080,3,4,5,-2,1,0,-1,-2,-3,-4,-3,-2,-1,99
16081,1,2,3,0,-1,2,1,-4,-1,-2,-1,0,1,43
16082,-1,2,7,-4,3,2,-3,0,-1,-2,-1,0,-1,99
16083,1,0,5,-2,1,4,-1,-2,1,0,1,2,1,59
16084,-1,4,3,0,3,-2,1,0,-1,-2,-1,-2,-1,51
16085,-3,6,1,2,1,0,3,-2,1,0,1,0,1,67
16086,-1,2,5,-2,5,0,-1,2,1,0,1,0,-1,67
16087,1,4,3,0,3,2,1,0,3,2,3,2,1,67
16088,3,0,5,0,-1,2,1,0,-1,-2,-3,-2,-1,59
16089,1,-2,7,2,-3,4,3,-2,1,0,-1,0,1,99
16090,-1,2,7,-2,1,4,-1,2,1,0,-1,0,-1,83
16091,1,0,9,0,-1,6,1,0,3,2,1,2,1,139
16092,3,0,3,2,1,0,3,2,1,0,-1,-2,-1,43
16093,1,2,5,4,-1,2,5,0,3,2,1,0,1,91
16094,3,2,5,0,3,2,1,4,3,2,1,0,-1,83
16095,5,4,7,2,1,4,3,2,5,4,3,2,1,179
16096,7,4,1,2,-1,0,-1,-2,-5,-4,-3,-2,-1,131
16097,5,2,-1,0,1,2,1,-4,-3,-2,-1,0,1,67
16098,3,2,-1,4,1,2,-3,0,-3,-2,-1,0,-1,59
16099,5,0,-3,2,3,4,-1,-2,-1,0,1,2,1,75
16100,3,0,3,4,1,-2,1,0,-3,-2,-1,-2,-1,59
16101,1,2,1,2,3,0,3,-2,-1,0,1,0,1,35
16102,3,-2,1,6,3,0,-1,2,-1,0,1,0,-1,67
16103,5,0,-1,4,5,2,1,0,1,2,3,2,1,91
16104,3,4,1,4,-3,2,1,0,-3,-2,-3,-2,-1,83
16105,1,2,3,2,-1,4,3,-2,-1,0,-1,0,1,51
16106,-1,6,-1,6,-1,4,-1,2,-1,0,-1,0,-1,99
16107,1,4,1,4,1,6,1,0,1,2,1,2,1,83
16108,3,0,3,6,-1,0,3,2,-1,0,-1,-2,-1,75
16109,1,2,5,4,1,2,5,0,1,2,1,0,1,83
16110,3,2,1,8,1,2,1,4,1,2,1,0,-1,107
16111,5,4,3,6,3,4,3,2,3,4,3,2,1,163
16112,7,4,1,-2,1,2,1,0,-3,-4,-3,-2,-1,115
16113,5,2,-1,0,3,4,3,-2,-1,-2,-1,0,1,75
16114,3,2,3,0,3,4,-1,2,-1,-2,-1,0,-1,59
16115,5,0,1,2,5,6,1,0,1,0,1,2,1,99
16116,3,4,3,0,3,0,3,2,-1,-2,-1,-2,-1,67
16117,1,6,1,2,5,2,5,0,1,0,1,0,1,99
16118,3,2,5,2,5,2,1,4,1,0,1,0,-1,91
16119,5,4,3,4,7,4,3,2,3,2,3,2,1,171
16120,7,4,1,0,-1,4,3,2,-1,-2,-3,-2,-1,115
16121,5,2,3,2,1,6,5,0,1,0,-1,0,1,107
16122,3,6,3,2,1,6,1,4,1,0,-1,0,-1,115
16123,5,4,5,4,3,8,3,2,3,2,1,2,1,187
16124,7,4,3,2,1,2,5,4,1,0,-1,-2,-1,131
16125,5,6,5,4,3,4,7,2,3,2,1,0,1,195
16126,7,6,5,4,3,4,3,6,3,2,1,0,-1,211
16127,9,8,7,6,5,6,5,4,5,4,3,2,1,387
16128,11,8,5,2,-1,-4,-5,-6,-5,-4,-3,-2,-1,347
16129,9,6,3,0,-3,-6,-7,-4,-3,-2,-1,0,1,251
16130,7,6,3,0,-3,-6,-3,-4,-3,-2,-1,0,-1,179
16131,9,4,1,-2,-5,-8,-5,-2,-1,0,1,2,1,227
16132,7,4,3,0,-3,-2,-3,-4,-3,-2,-1,-2,-1,131
16133,5,6,1,-2,-5,-4,-5,-2,-1,0,1,0,1,139
16134,7,2,1,-2,-5,-4,-1,-2,-1,0,1,0,-1,107
16135,9,4,-1,-4,-7,-6,-3,0,1,2,3,2,1,227
16136,7,4,1,0,1,-2,-3,-4,-3,-2,-3,-2,-1,123
16137,5,2,3,-2,-1,-4,-5,-2,-1,0,-1,0,1,91
16138,3,6,-1,-2,-1,-4,-1,-2,-1,0,-1,0,-1,75
16139,5,4,1,-4,-3,-6,-3,0,1,2,1,2,1,123
16140,7,0,-1,-2,-1,0,-1,-2,-1,0,-1,-2,-1,67
16141,5,2,1,-4,-3,-2,-3,0,1,2,1,0,1,75
16142,7,2,-3,-4,-3,-2,1,0,1,2,1,0,-1,99
16143,9,4,-1,-6,-5,-4,-1,2,3,4,3,2,1,219
16144,7,4,1,2,1,-2,-3,-4,-3,-4,-3,-2,-1,139
16145,5,2,-1,4,-1,-4,-5,-2,-1,-2,-1,0,1,99
16146,3,2,3,0,-1,-4,-1,-2,-1,-2,-1,0,-1,51
16147,5,0,1,2,-3,-6,-3,0,1,0,1,2,1,91
16148,3,4,-1,0,-1,0,-1,-2,-1,-2,-1,-2,-1,43
16149,1,6,-3,2,-3,-2,-3,0,1,0,1,0,1,75
16150,3,2,1,-2,-3,-2,1,0,1,0,1,0,-1,35
16151,5,4,-1,0,-5,-4,-1,2,3,2,3,2,1,115
16152,7,0,-3,0,3,0,-1,-2,-1,-2,-3,-2,-1,91
16153,5,-2,-1,2,1,-2,-3,0,1,0,-1,0,1,51
16154,3,2,-1,-2,1,-2,1,0,1,0,-1,0,-1,27
16155,5,0,1,0,-1,-4,-1,2,3,2,1,2,1,67
16156,7,0,-5,-2,1,2,1,0,1,0,-1,-2,-1,91
16157,5,2,-3,0,-1,0,-1,2,3,2,1,0,1,59
16158,7,2,-3,-4,-1,0,3,2,3,2,1,0,-1,107
16159,9,4,-1,-2,-3,-2,1,4,5,4,3,2,1,187
16160,7,4,5,2,-1,-2,-3,-4,-5,-4,-3,-2,-1,179
16161,5,2,3,0,1,-4,-5,-2,-3,-2,-1,0,1,99
16162,3,2,3,4,-3,-4,-1,-2,-3,-2,-1,0,-1,83
16163,5,0,1,2,-1,-6,-3,0,-1,0,1,2,1,83
16164,3,0,7,0,-3,0,-1,-2,-3,-2,-1,-2,-1,91
16165,1,2,5,-2,-1,-2,-3,0,-1,0,1,0,1,51
16166,3,-2,5,2,-5,-2,1,0,-1,0,1,0,-1,75
16167,5,0,3,0,-3,-4,-1,2,1,2,3,2,1,83
16168,3,4,1,0,1,0,-1,-2,-3,-2,-3,-2,-1,59
16169,1,2,3,-2,3,-2,-3,0,-1,0,-1,0,1,43
16170,-1,6,-1,2,-1,-2,1,0,-1,0,-1,0,-1,51
16171,1,4,1,0,1,-4,-1,2,1,2,1,2,1,51
16172,3,0,3,-2,-1,2,1,0,-1,0,-1,-2,-1,35
16173,1,2,5,-4,1,0,-1,2,1,2,1,0,1,59
16174,3,2,1,0,-3,0,3,2,1,2,1,0,-1,43
16175,5,4,3,-2,-1,-2,1,4,3,4,3,2,1,115
16176,7,0,1,2,1,0,-1,-2,-3,-4,-3,-2,-1,99
16177,5,-2,-1,4,3,-2,-3,0,-1,-2,-1,0,1,75
16178,3,-2,3,4,-1,-2,1,0,-1,-2,-1,0,-1,51
16179,5,-4,1,6,1,-4,-1,2,1,0,1,2,1,107
16180,3,0,3,0,-1,2,1,0,-1,-2,-1,-2,-1,35
16181,1,2,1,2,1,0,-1,2,1,0,1,0,1,19
16182,3,-2,5,2,-3,0,3,2,1,0,1,0,-1,67
16183,5,0,3,4,-1,-2,1,4,3,2,3,2,1,99
16184,7,0,-3,0,3,2,1,0,-1,-2,-3,-2,-1,91
16185,5,-2,-1,2,5,0,-1,2,1,0,-1,0,1,67
16186,3,2,-1,2,1,0,3,2,1,0,-1,0,-1,35
16187,5,0,1,4,3,-2,1,4,3,2,1,2,1,91
16188,7,0,-1,-2,1,4,3,2,1,0,-1,-2,-1,91
16189,5,2,1,0,3,2,1,4,3,2,1,0,1,75
16190,7,2,1,0,-1,2,5,4,3,2,1,0,-1,115
16191,9,4,3,2,1,0,3,6,5,4,3,2,1,211
16192,7,8,5,2,-1,-4,-3,-6,-5,-4,-3,-2,-1,259
16193,5,6,3,0,-3,-2,-5,-4,-3,-2,-1,0,1,139
16194,3,6,3,0,1,-6,-1,-4,-3,-2,-1,0,-1,123
16195,5,4,1,-2,-1,-4,-3,-2,-1,0,1,2,1,83
16196,3,4,3,4,-3,-2,-1,-4,-3,-2,-1,-2,-1,99
16197,1,6,1,2,-5,0,-3,-2,-1,0,1,0,1,83
16198,3,2,1,2,-1,-4,1,-2,-1,0,1,0,-1,43
16199,5,4,-1,0,-3,-2,-1,0,1,2,3,2,1,75
16200,3,4,5,0,1,-2,-1,-4,-3,-2,-3,-2,-1,99
16201,1,2,7,-2,-1,0,-3,-2,-1,0,-1,0,1,75
16202,-1,6,3,-2,3,-4,1,-2,-1,0,-1,0,-1,83
16203,1,4,5,-4,1,-2,-1,0,1,2,1,2,1,75
16204,3,0,3,2,-1,0,1,-2,-1,0,-1,-2,-1,35
16205,1,2,5,0,-3,2,-1,0,1,2,1,0,1,51
16206,3,2,1,0,1,-2,3,0,1,2,1,0,-1,35
16207,5,4,3,-2,-1,0,1,2,3,4,3,2,1,99
16208,3,8,1,2,1,-2,-1,-4,-3,-4,-3,-2,-1,139
16209,1,6,-1,4,-1,0,-3,-2,-1,-2,-1,0,1,75
16210,-1,6,3,0,3,-4,1,-2,-1,-2,-1,0,-1,83
16211,1,4,1,2,1,-2,-1,0,1,0,1,2,1,35
16212,-1,8,-1,4,-1,0,1,-2,-1,-2,-1,-2,-1,99
16213,-3,10,-3,6,-3,2,-1,0,1,0,1,0,1,171
16214,-1,6,1,2,1,-2,3,0,1,0,1,0,-1,59
16215,1,8,-1,4,-1,0,1,2,3,2,3,2,1,115
16216,3,4,1,0,3,0,1,-2,-1,-2,-3,-2,-1,59
16217,1,2,3,2,1,2,-1,0,1,0,-1,0,1,27
16218,-1,6,3,-2,5,-2,3,0,1,0,-1,0,-1,91
16219,1,4,5,0,3,0,1,2,3,2,1,2,1,75
16220,3,4,-1,2,1,2,3,0,1,0,-1,-2,-1,51
16221,1,6,1,4,-1,4,1,2,3,2,1,0,1,91
16222,3,6,1,0,3,0,5,2,3,2,1,0,-1,99
16223,5,8,3,2,1,2,3,4,5,4,3,2,1,187
16224,7,4,5,2,-1,-2,-1,-4,-5,-4,-3,-2,-1,171
16225,5,2,3,0,1,0,-3,-2,-3,-2,-1,0,1,67
16226,3,2,3,4,1,-4,1,-2,-3,-2,-1,0,-1,75
16227,5,0,1,2,3,-2,-1,0,-1,0,1,2,1,51
16228,3,0,7,4,-3,0,1,-2,-3,-2,-1,-2,-1,107
16229,1,2,5,2,-1,2,-1,0,-1,0,1,0,1,43
16230,3,-2,5,6,-1,-2,3,0,-1,0,1,0,-1,91
16231,5,0,3,4,1,0,1,2,1,2,3,2,1,75
16232,3,4,5,0,1,0,1,-2,-3,-2,-3,-2,-1,83
16233,1,2,7,-2,3,2,-1,0,-1,0,-1,0,1,75
16234,-1,6,3,2,3,-2,3,0,-1,0,-1,0,-1,75
16235,1,4,5,0,5,0,1,2,1,2,1,2,1,83
16236,3,0,7,2,-1,2,3,0,-1,0,-1,-2,-1,83
16237,1,2,9,0,1,4,1,2,1,2,1,0,1,115
16238,3,2,5,4,1,0,5,2,1,2,1,0,-1,91
16239,5,4,7,2,3,2,3,4,3,4,3,2,1,171
16240,7,4,1,2,1,0,1,-2,-3,-4,-3,-2,-1,115
16241,5,2,-1,4,3,2,-1,0,-1,-2,-1,0,1,67
16242,3,2,3,4,3,-2,3,0,-1,-2,-1,0,-1,67
16243,5,0,1,6,5,0,1,2,1,0,1,2,1,99
16244,3,4,3,4,-1,2,3,0,-1,-2,-1,-2,-1,75
16245,1,6,1,6,1,4,1,2,1,0,1,0,1,99
16246,3,2,5,6,1,0,5,2,1,0,1,0,-1,107
16247,5,4,3,8,3,2,3,4,3,2,3,2,1,179
16248,7,4,1,0,3,2,3,0,-1,-2,-3,-2,-1,107
16249,5,2,3,2,5,4,1,2,1,0,-1,0,1,91
16250,3,6,3,2,5,0,5,2,1,0,-1,0,-1,115
16251,5,4,5,4,7,2,3,4,3,2,1,2,1,179
16252,7,4,3,2,1,4,5,2,1,0,-1,-2,-1,131
16253,5,6,5,4,3,6,3,4,3,2,1,0,1,187
16254,7,6,5,4,3,2,7,4,3,2,1,0,-1,219
16255,9,8,7,6,5,4,5,6,5,4,3,2,1,387
16256,11,8,5,2,-1,-4,-7,-6,-5,-4,-3,-2,-1,371
16257,9,6,3,0,-3,-6,-5,-4,-3,-2,-1,0,1,227
16258,7,6,3,0,-3,-2,-5,-4,-3,-2,-1,0,-1,163
16259,9,4,1,-2,-5,-4,-3,-2,-1,0,1,2,1,163
16260,7,4,3,0,1,-2,-5,-4,-3,-2,-1,-2,-1,139
16261,5,6,1,-2,-1,-4,-3,-2,-1,0,1,0,1,99
16262,7,2,1,-2,-1,0,-3,-2,-1,0,1,0,-1,75
16263,9,4,-1,-4,-3,-2,-1,0,1,2,3,2,1,147
16264,7,4,1,4,1,-2,-5,-4,-3,-2,-3,-2,-1,155
16265,5,2,3,2,-1,-4,-3,-2,-1,0,-1,0,1,75
16266,3,6,-1,2,-1,0,-3,-2,-1,0,-1,0,-1,67
16267,5,4,1,0,-3,-2,-1,0,1,2,1,2,1,67
16268,7,0,-1,2,3,0,-3,-2,-1,0,-1,-2,-1,83
16269,5,2,1,0,1,-2,-1,0,1,2,1,0,1,43
16270,7,2,-3,0,1,2,-1,0,1,2,1,0,-1,75
16271,9,4,-1,-2,-1,0,1,2,3,4,3,2,1,147
16272,7,4,5,2,1,-2,-5,-4,-3,-4,-3,-2,-1,179
16273,5,2,3,4,-1,-4,-3,-2,-1,-2,-1,0,1,91
16274,3,2,7,0,-1,0,-3,-2,-1,-2,-1,0,-1,83
16275,5,0,5,2,-3,-2,-1,0,1,0,1,2,1,75
16276,3,4,3,0,3,0,-3,-2,-1,-2,-1,-2,-1,67
16277,1,6,1,2,1,-2,-1,0,1,0,1,0,1,51
16278,3,2,5,-2,1,2,-1,0,1,0,1,0,-1,51
16279,5,4,3,0,-1,0,1,2,3,2,3,2,1,83
16280,7,0,1,4,3,0,-3,-2,-1,-2,-3,-2,-1,107
16281,5,-2,3,6,1,-2,-1,0,1,0,-1,0,1,83
16282,3,2,3,2,1,2,-1,0,1,0,-1,0,-1,35
16283,5,0,5,4,-1,0,1,2,3,2,1,2,1,91
16284,7,0,-1,2,5,2,-1,0,1,0,-1,-2,-1,91
16285,5,2,1,4,3,0,1,2,3,2,1,0,1,75
16286,7,2,1,0,3,4,1,2,3,2,1,0,-1,99
16287,9,4,3,2,1,2,3,4,5,4,3,2,1,195
16288,7,8,5,2,-1,-2,-5,-4,-5,-4,-3,-2,-1,243
16289,5,6,3,0,1,-4,-3,-2,-3,-2,-1,0,1,115
16290,3,6,3,4,-3,0,-3,-2,-3,-2,-1,0,-1,107
16291,5,4,1,2,-1,-2,-1,0,-1,0,1,2,1,59
16292,3,4,7,0,1,0,-3,-2,-3,-2,-1,-2,-1,107
16293,1,6,5,-2,3,-2,-1,0,-1,0,1,0,1,83
16294,3,2,5,2,-1,2,-1,0,-1,0,1,0,-1,51
16295,5,4,3,0,1,0,1,2,1,2,3,2,1,75
16296,3,8,1,4,1,0,-3,-2,-3,-2,-3,-2,-1,131
16297,1,6,3,2,3,-2,-1,0,-1,0,-1,0,1,67
16298,-1,10,-1,6,-1,2,-1,0,-1,0,-1,0,-1,147
16299,1,8,1,4,1,0,1,2,1,2,1,2,1,99
16300,3,4,3,2,3,2,-1,0,-1,0,-1,-2,-1,59
16301,1,6,5,0,5,0,1,2,1,2,1,0,1,99
16302,3,6,1,4,1,4,1,2,1,2,1,0,-1,91
16303,5,8,3,2,3,2,3,4,3,4,3,2,1,179
16304,7,4,5,2,1,0,-3,-2,-3,-4,-3,-2,-1,147
16305,5,2,3,4,3,-2,-1,0,-1,-2,-1,0,1,75
16306,3,2,7,4,-1,2,-1,0,-1,-2,-1,0,-1,91
16307,5,0,5,6,1,0,1,2,1,0,1,2,1,99
16308,3,4,7,0,3,2,-1,0,-1,-2,-1,-2,-1,99
16309,1,6,5,2,5,0,1,2,1,0,1,0,1,99
16310,3,2,9,2,1,4,1,2,1,0,1,0,-1,123
16311,5,4,7,4,3,2,3,4,3,2,3,2,1,171
16312,7,4,1,4,3,2,-1,0,-1,-2,-3,-2,-1,115
16313,5,2,3,6,5,0,1,2,1,0,-1,0,1,107
16314,3,6,3,6,1,4,1,2,1,0,-1,0,-1,115
16315,5,4,5,8,3,2,3,4,3,2,1,2,1,187
16316,7,4,3,2,5,4,1,2,1,0,-1,-2,-1,131
16317,5,6,5,4,7,2,3,4,3,2,1,0,1,195
16318,7,6,5,4,3,6,3,4,3,2,1,0,-1,211
16319,9,8,7,6,5,4,5,6,5,4,3,2,1,387
16320,11,8,5,2,-1,-4,-5,-6,-5,-4,-3,-2,-1,347
16321,9,6,3,0,-3,-2,-3,-4,-3,-2,-1,0,1,179
16322,7,6,3,0,1,-2,-3,-4,-3,-2,-1,0,-1,139
16323,9,4,1,-2,-1,0,-1,-2,-1,0,1,2,1,115
16324,7,4,3,4,1,-2,-3,-4,-3,-2,-1,-2,-1,139
16325,5,6,1,2,-1,0,-1,-2,-1,0,1,0,1,75
16326,7,2,1,2,3,0,-1,-2,-1,0,1,0,-1,75
16327,9,4,-1,0,1,2,1,0,1,2,3,2,1,123
16328,7,4,5,4,1,-2,-3,-4,-3,-2,-3,-2,-1,163
16329,5,2,7,2,-1,0,-1,-2,-1,0,-1,0,1,91
16330,3,6,3,2,3,0,-1,-2,-1,0,-1,0,-1,75
16331,5,4,5,0,1,2,1,0,1,2,1,2,1,83
16332,7,0,3,6,3,0,-1,-2,-1,0,-1,-2,-1,115
16333,5,2,5,4,1,2,1,0,1,2,1,0,1,83
16334,7,2,1,4,5,2,1,0,1,2,1,0,-1,107
16335,9,4,3,2,3,4,3,2,3,4,3,2,1,187
16336,7,8,5,2,1,-2,-3,-4,-3,-4,-3,-2,-1,211
16337,5,6,3,4,-1,0,-1,-2,-1,-2,-1,0,1,99
16338,3,6,7,0,3,0,-1,-2,-1,-2,-1,0,-1,115
16339,5,4,5,2,1,2,1,0,1,0,1,2,1,83
16340,3,8,3,4,3,0,-1,-2,-1,-2,-1,-2,-1,123
16341,1,10,1,6,1,2,1,0,1,0,1,0,1,147
16342,3,6,5,2,5,2,1,0,1,0,1,0,-1,107
16343,5,8,3,4,3,4,3,2,3,2,3,2,1,179
16344,7,4,5,4,3,0,-1,-2,-1,-2,-3,-2,-1,139
16345,5,2,7,6,1,2,1,0,1,0,-1,0,1,123
16346,3,6,7,2,5,2,1,0,1,0,-1,0,-1,131
16347,5,4,9,4,3,4,3,2,3,2,1,2,1,195
16348,7,4,3,6,5,2,1,0,1,0,-1,-2,-1,147
16349,5,6,5,8,3,4,3,2,3,2,1,0,1,203
16350,7,6,5,4,7,4,3,2,3,2,1,0,-1,219
16351,9,8,7,6,5,6,5,4,5,4,3,2,1,387
16352,11,8,5,2,-1,-2,-3,-4,-5,-4,-3,-2,-1,299
16353,9,6,3,0,1,0,-1,-2,-3,-2,-1,0,1,147
16354,7,6,3,4,1,0,-1,-2,-3,-2,-1,0,-1,131
16355,9,4,1,2,3,2,1,0,-1,0,1,2,1,123
16356,7,4,7,4,1,0,-1,-2,-3,-2,-1,-2,-1,155
16357,5,6,5,2,3,2,1,0,-1,0,1,0,1,107
16358,7,2,5,6,3,2,1,0,-1,0,1,0,-1,131
16359,9,4,3,4,5,4,3,2,1,2,3,2,1,195
16360,7,8,5,4,1,0,-1,-2,-3,-2,-3,-2,-1,187
16361,5,6,7,2,3,2,1,0,-1,0,-1,0,1,131
16362,3,10,3,6,3,2,1,0,-1,0,-1,0,-1,171
16363,5,8,5,4,5,4,3,2,1,2,1,2,1,195
16364,7,4,7,6,3,2,1,0,-1,0,-1,-2,-1,171
16365,5,6,9,4,5,4,3,2,1,2,1,0,1,219
16366,7,6,5,8,5,4,3,2,1,2,1,0,-1,235
16367,9,8,7,6,7,6,5,4,3,4,3,2,1,395
16368,11,8,5,2,1,0,-1,-2,-3,-4,-3,-2,-1,259
16369,9,6,3,4,3,2,1,0,-1,-2,-1,0,1,163
16370,7,6,7,4,3,2,1,0,-1,-2,-1,0,-1,171
16371,9,4,5,6,5,4,3,2,1,0,1,2,1,219
16372,7,8,7,4,3,2,1,0,-1,-2,-1,-2,-1,203
16373,5,10,5,6,5,4,3,2,1,0,1,0,1,243
16374,7,6,9,6,5,4,3,2,1,0,1,0,-1,259
16375,9,8,7,8,7,6,5,4,3,2,3,2,1,411
16376,11,8,5,4,3,2,1,0,-1,-2,-3,-2,-1,259
16377,9,6,7,6,5,4,3,2,1,0,-1,0,1,259
16378,7,10,7,6,5,4,3,2,1,0,-1,0,-1,291
16379,9,8,9,8,7,6,5,4,3,2,1,2,1,435
16380,11,8,7,6,5,4,3,2,1,0,-1,-2,-1,331
16381,9,10,9,8,7,6,5,4,3,2,1,0,1,467
16382,11,10,9,8,7,6,5,4,3,2,1,0,-1,507
16383,13,12,11,10,9,8,7,6,5,4,3,2,1,819
